ISO-10303-21;
HEADER;
/* Generated by software containing ST-Developer
 * from STEP Tools, Inc. (www.steptools.com) 
 */

FILE_DESCRIPTION(
/* description */ (''),
/* implementation_level */ '2;1');

FILE_NAME(
/* name */ 'FullStepperHolder.step',
/* time_stamp */ '2026-02-04T07:49:59+02:00',
/* author */ (''),
/* organization */ (''),
/* preprocessor_version */ 'ST-DEVELOPER v20.1',
/* originating_system */ 'Autodesk Translation Framework v14.21.0.0',
/* authorisation */ '');

FILE_SCHEMA (('AUTOMOTIVE_DESIGN { 1 0 10303 214 3 1 1 }'));
ENDSEC;

DATA;
#10=MECHANICAL_DESIGN_GEOMETRIC_PRESENTATION_REPRESENTATION('',(#13),#13839);
#11=SHAPE_REPRESENTATION_RELATIONSHIP('SRR','None',#13846,#12);
#12=ADVANCED_BREP_SHAPE_REPRESENTATION('',(#14),#13838);
#13=STYLED_ITEM('',(#13855),#14);
#14=MANIFOLD_SOLID_BREP('Body1',#8197);
#15=B_SPLINE_SURFACE_WITH_KNOTS('',3,1,((#11513,#11514),(#11515,#11516),
(#11517,#11518),(#11519,#11520),(#11521,#11522),(#11523,#11524),(#11525,
#11526),(#11527,#11528),(#11529,#11530),(#11531,#11532),(#11533,#11534),
(#11535,#11536),(#11537,#11538),(#11539,#11540),(#11541,#11542),(#11543,
#11544),(#11545,#11546),(#11547,#11548),(#11549,#11550),(#11551,#11552),
(#11553,#11554),(#11555,#11556),(#11557,#11558),(#11559,#11560),(#11561,
#11562),(#11563,#11564),(#11565,#11566),(#11567,#11568),(#11569,#11570),
(#11571,#11572),(#11573,#11574),(#11575,#11576),(#11577,#11578),(#11579,
#11580),(#11581,#11582),(#11583,#11584),(#11585,#11586),(#11587,#11588),
(#11589,#11590),(#11591,#11592),(#11593,#11594),(#11595,#11596),(#11597,
#11598),(#11599,#11600),(#11601,#11602),(#11603,#11604),(#11605,#11606),
(#11607,#11608),(#11609,#11610),(#11611,#11612),(#11613,#11614),(#11615,
#11616),(#11617,#11618),(#11619,#11620),(#11621,#11622),(#11623,#11624),
(#11625,#11626),(#11627,#11628),(#11629,#11630),(#11631,#11632),(#11633,
#11634),(#11635,#11636),(#11637,#11638),(#11639,#11640),(#11641,#11642),
(#11643,#11644),(#11645,#11646),(#11647,#11648),(#11649,#11650),(#11651,
#11652),(#11653,#11654),(#11655,#11656),(#11657,#11658),(#11659,#11660),
(#11661,#11662),(#11663,#11664)),.UNSPECIFIED.,.F.,.F.,.F.,(4,3,3,3,3,3,
3,3,3,3,3,3,3,3,3,3,3,3,3,3,3,3,3,3,3,4),(2,2),(-0.0999999999999886,0.,
0.204880534802118,0.409451302454921,0.614080117537684,0.818085761668129,
1.01998922508009,1.2115017503124,1.56521245017376,1.88316865487455,2.16527610120256,
2.41890455865224,2.64949573335656,2.84663991975848,2.88008707180328,3.13371465058017,
3.41581988681562,3.73377189623456,4.08747724280302,4.2789868288806,4.48088719131882,
4.68488976097341,4.88951558895091,5.09408347969156,5.29896126595037,5.39895974416557),
(0.,1.),.UNSPECIFIED.);
#16=B_SPLINE_SURFACE_WITH_KNOTS('',3,3,((#11826,#11827,#11828,#11829),(#11830,
#11831,#11832,#11833),(#11834,#11835,#11836,#11837),(#11838,#11839,#11840,
#11841)),.UNSPECIFIED.,.F.,.F.,.F.,(4,4),(4,4),(0.,1.),(0.,1.),
 .UNSPECIFIED.);
#17=B_SPLINE_SURFACE_WITH_KNOTS('',3,3,((#11889,#11890,#11891,#11892),(#11893,
#11894,#11895,#11896),(#11897,#11898,#11899,#11900),(#11901,#11902,#11903,
#11904)),.UNSPECIFIED.,.F.,.F.,.F.,(4,4),(4,4),(0.,1.),(0.,1.),
 .UNSPECIFIED.);
#18=B_SPLINE_SURFACE_WITH_KNOTS('',3,3,((#12208,#12209,#12210,#12211),(#12212,
#12213,#12214,#12215),(#12216,#12217,#12218,#12219),(#12220,#12221,#12222,
#12223)),.UNSPECIFIED.,.F.,.F.,.F.,(4,4),(4,4),(0.,1.),(0.,1.),
 .UNSPECIFIED.);
#19=B_SPLINE_SURFACE_WITH_KNOTS('',3,3,((#12871,#12872,#12873,#12874),(#12875,
#12876,#12877,#12878),(#12879,#12880,#12881,#12882),(#12883,#12884,#12885,
#12886)),.UNSPECIFIED.,.F.,.F.,.F.,(4,4),(4,4),(0.,1.),(0.,1.),
 .UNSPECIFIED.);
#20=B_SPLINE_SURFACE_WITH_KNOTS('',3,3,((#12934,#12935,#12936,#12937),(#12938,
#12939,#12940,#12941),(#12942,#12943,#12944,#12945),(#12946,#12947,#12948,
#12949)),.UNSPECIFIED.,.F.,.F.,.F.,(4,4),(4,4),(0.,1.),(0.,1.),
 .UNSPECIFIED.);
#21=B_SPLINE_SURFACE_WITH_KNOTS('',3,3,((#13255,#13256,#13257,#13258),(#13259,
#13260,#13261,#13262),(#13263,#13264,#13265,#13266),(#13267,#13268,#13269,
#13270)),.UNSPECIFIED.,.F.,.F.,.F.,(4,4),(4,4),(0.,1.),(0.,1.),
 .UNSPECIFIED.);
#22=B_SPLINE_CURVE_WITH_KNOTS('',3,(#11428,#11429,#11430,#11431,#11432,
#11433,#11434,#11435,#11436,#11437,#11438,#11439,#11440,#11441,#11442,#11443,
#11444,#11445,#11446,#11447,#11448,#11449,#11450,#11451,#11452,#11453,#11454,
#11455,#11456,#11457,#11458,#11459,#11460,#11461,#11462,#11463,#11464,#11465,
#11466,#11467,#11468,#11469,#11470,#11471,#11472,#11473,#11474,#11475,#11476,
#11477,#11478,#11479,#11480,#11481,#11482,#11483,#11484,#11485,#11486,#11487,
#11488,#11489,#11490,#11491,#11492,#11493,#11494,#11495,#11496,#11497,#11498,
#11499,#11500,#11501,#11502,#11503),.UNSPECIFIED.,.F.,.F.,(4,3,3,3,3,3,
3,3,3,3,3,3,3,3,3,3,3,3,3,3,3,3,3,3,3,4),(-0.0999999999999886,0.,0.204880534802118,
0.409451302454921,0.614080117537684,0.818085761668129,1.01998922508009,
1.2115017503124,1.56521245017376,1.88316865487455,2.16527610120256,2.41890455865224,
2.64949573335656,2.84663991975848,2.88008707180328,3.13371465058017,3.41581988681562,
3.73377189623456,4.08747724280302,4.2789868288806,4.48088719131882,4.68488976097341,
4.88951558895091,5.09408347969156,5.29896126595037,5.39895974416557),
 .UNSPECIFIED.);
#23=B_SPLINE_CURVE_WITH_KNOTS('',3,(#11665,#11666,#11667,#11668,#11669,
#11670,#11671,#11672,#11673,#11674,#11675,#11676,#11677,#11678,#11679,#11680,
#11681,#11682,#11683,#11684,#11685,#11686,#11687,#11688,#11689,#11690,#11691,
#11692,#11693,#11694,#11695,#11696,#11697,#11698,#11699,#11700,#11701,#11702,
#11703,#11704,#11705,#11706,#11707,#11708,#11709,#11710,#11711,#11712,#11713,
#11714,#11715,#11716,#11717,#11718,#11719,#11720,#11721,#11722,#11723,#11724,
#11725,#11726,#11727,#11728,#11729,#11730,#11731,#11732,#11733,#11734,#11735,
#11736,#11737,#11738,#11739,#11740),.UNSPECIFIED.,.F.,.F.,(4,3,3,3,3,3,
3,3,3,3,3,3,3,3,3,3,3,3,3,3,3,3,3,3,3,4),(-0.0999999999999886,0.,0.204880534802118,
0.409451302454921,0.614080117537684,0.818085761668129,1.01998922508009,
1.2115017503124,1.56521245017376,1.88316865487455,2.16527610120256,2.41890455865224,
2.64949573335656,2.84663991975848,2.88008707180328,3.13371465058017,3.41581988681562,
3.73377189623456,4.08747724280302,4.2789868288806,4.48088719131882,4.68488976097341,
4.88951558895091,5.09408347969156,5.29896126595037,5.39895974416557),
 .UNSPECIFIED.);
#24=B_SPLINE_CURVE_WITH_KNOTS('',3,(#11817,#11818,#11819,#11820,#11821,
#11822),.UNSPECIFIED.,.F.,.F.,(4,2,4),(-0.1194992684305,0.,0.00115081850966932),
 .UNSPECIFIED.);
#25=B_SPLINE_CURVE_WITH_KNOTS('',3,(#11843,#11844,#11845,#11846),
 .UNSPECIFIED.,.F.,.F.,(4,4),(0.11949926843118,0.613251130582998),
 .UNSPECIFIED.);
#26=B_SPLINE_CURVE_WITH_KNOTS('',3,(#11848,#11849,#11850,#11851,#11852,
#11853,#11854,#11855),.UNSPECIFIED.,.F.,.F.,(4,2,2,4),(0.,0.181951035423284,
0.2943009316616,0.393777037087222),.UNSPECIFIED.);
#27=B_SPLINE_CURVE_WITH_KNOTS('',3,(#11857,#11858,#11859,#11860,#11861,
#11862,#11863,#11864),.UNSPECIFIED.,.F.,.F.,(4,2,2,4),(0.0499048487179292,
0.149592128034145,0.362017558855458,0.452968004612363),.UNSPECIFIED.);
#28=B_SPLINE_CURVE_WITH_KNOTS('',3,(#11866,#11867,#11868,#11869),
 .UNSPECIFIED.,.F.,.F.,(4,4),(0.,0.0713029023036158),.UNSPECIFIED.);
#29=B_SPLINE_CURVE_WITH_KNOTS('',3,(#11871,#11872,#11873,#11874),
 .UNSPECIFIED.,.F.,.F.,(4,4),(-1.,0.),.UNSPECIFIED.);
#30=B_SPLINE_CURVE_WITH_KNOTS('',3,(#11878,#11879,#11880,#11881),
 .UNSPECIFIED.,.F.,.F.,(4,4),(0.,0.152167414796895),.UNSPECIFIED.);
#31=B_SPLINE_CURVE_WITH_KNOTS('',3,(#11907,#11908,#11909,#11910,#11911,
#11912,#11913,#11914),.UNSPECIFIED.,.F.,.F.,(4,2,2,4),(0.,0.236013103632603,
0.526220312284228,0.78942650692109),.UNSPECIFIED.);
#32=B_SPLINE_CURVE_WITH_KNOTS('',3,(#11916,#11917,#11918,#11919,#11920,
#11921),.UNSPECIFIED.,.F.,.F.,(4,2,4),(0.0924669509270944,0.253286627613179,
0.25447132014483),.UNSPECIFIED.);
#33=B_SPLINE_CURVE_WITH_KNOTS('',3,(#11928,#11929,#11930,#11931),
 .UNSPECIFIED.,.F.,.F.,(4,4),(0.,0.522843053933518),.UNSPECIFIED.);
#34=B_SPLINE_CURVE_WITH_KNOTS('',3,(#12226,#12227,#12228,#12229),
 .UNSPECIFIED.,.F.,.F.,(4,4),(0.,0.0712566787863129),.UNSPECIFIED.);
#35=B_SPLINE_CURVE_WITH_KNOTS('',3,(#12231,#12232,#12233,#12234),
 .UNSPECIFIED.,.F.,.F.,(4,4),(0.,1.),.UNSPECIFIED.);
#36=B_SPLINE_CURVE_WITH_KNOTS('',3,(#12238,#12239,#12240,#12241),
 .UNSPECIFIED.,.F.,.F.,(4,4),(-1.,-0.847832585203105),.UNSPECIFIED.);
#37=B_SPLINE_CURVE_WITH_KNOTS('',3,(#12245,#12246,#12247,#12248,#12249,
#12250),.UNSPECIFIED.,.F.,.F.,(4,2,4),(-0.00115468584514104,0.,0.615376635216933),
 .UNSPECIFIED.);
#38=B_SPLINE_CURVE_WITH_KNOTS('',3,(#12252,#12253,#12254,#12255,#12256,
#12257,#12258,#12259),.UNSPECIFIED.,.F.,.F.,(4,2,2,4),(0.,0.180998409798632,
0.293810711107883,0.393716879666973),.UNSPECIFIED.);
#39=B_SPLINE_CURVE_WITH_KNOTS('',3,(#12260,#12261,#12262,#12263,#12264,
#12265,#12266,#12267),.UNSPECIFIED.,.F.,.F.,(4,2,2,4),(0.0498953259158045,
0.14954428152558,0.3593759932917,0.452576077987401),.UNSPECIFIED.);
#40=B_SPLINE_CURVE_WITH_KNOTS('',3,(#12862,#12863,#12864,#12865,#12866,
#12867),.UNSPECIFIED.,.F.,.F.,(4,2,4),(-0.1194992684305,0.,0.00115081850966932),
 .UNSPECIFIED.);
#41=B_SPLINE_CURVE_WITH_KNOTS('',3,(#12890,#12891,#12892,#12893),
 .UNSPECIFIED.,.F.,.F.,(4,4),(0.,0.152167414796895),.UNSPECIFIED.);
#42=B_SPLINE_CURVE_WITH_KNOTS('',3,(#12897,#12898,#12899,#12900),
 .UNSPECIFIED.,.F.,.F.,(4,4),(-1.,0.),.UNSPECIFIED.);
#43=B_SPLINE_CURVE_WITH_KNOTS('',3,(#12902,#12903,#12904,#12905),
 .UNSPECIFIED.,.F.,.F.,(4,4),(0.,0.0713029023036158),.UNSPECIFIED.);
#44=B_SPLINE_CURVE_WITH_KNOTS('',3,(#12907,#12908,#12909,#12910,#12911,
#12912,#12913,#12914),.UNSPECIFIED.,.F.,.F.,(4,2,2,4),(0.0499048487179292,
0.149592128034145,0.362017558855458,0.452968004612363),.UNSPECIFIED.);
#45=B_SPLINE_CURVE_WITH_KNOTS('',3,(#12916,#12917,#12918,#12919,#12920,
#12921,#12922,#12923),.UNSPECIFIED.,.F.,.F.,(4,2,2,4),(0.,0.181951035423284,
0.2943009316616,0.393777037087222),.UNSPECIFIED.);
#46=B_SPLINE_CURVE_WITH_KNOTS('',3,(#12924,#12925,#12926,#12927),
 .UNSPECIFIED.,.F.,.F.,(4,4),(0.11949926843118,0.613251130582998),
 .UNSPECIFIED.);
#47=B_SPLINE_CURVE_WITH_KNOTS('',3,(#12952,#12953,#12954,#12955,#12956,
#12957,#12958,#12959),.UNSPECIFIED.,.F.,.F.,(4,2,2,4),(0.,0.236013103632603,
0.526220312284228,0.78942650692109),.UNSPECIFIED.);
#48=B_SPLINE_CURVE_WITH_KNOTS('',3,(#12961,#12962,#12963,#12964),
 .UNSPECIFIED.,.F.,.F.,(4,4),(0.,0.522843053933518),.UNSPECIFIED.);
#49=B_SPLINE_CURVE_WITH_KNOTS('',3,(#12971,#12972,#12973,#12974,#12975,
#12976),.UNSPECIFIED.,.F.,.F.,(4,2,4),(0.0924669509270944,0.253286627613179,
0.25447132014483),.UNSPECIFIED.);
#50=B_SPLINE_CURVE_WITH_KNOTS('',3,(#13273,#13274,#13275,#13276),
 .UNSPECIFIED.,.F.,.F.,(4,4),(0.,0.0712566787863129),.UNSPECIFIED.);
#51=B_SPLINE_CURVE_WITH_KNOTS('',3,(#13278,#13279,#13280,#13281,#13282,
#13283,#13284,#13285),.UNSPECIFIED.,.F.,.F.,(4,2,2,4),(0.0498953259158045,
0.14954428152558,0.3593759932917,0.452576077987401),.UNSPECIFIED.);
#52=B_SPLINE_CURVE_WITH_KNOTS('',3,(#13287,#13288,#13289,#13290,#13291,
#13292,#13293,#13294),.UNSPECIFIED.,.F.,.F.,(4,2,2,4),(0.,0.180998409798632,
0.293810711107883,0.393716879666973),.UNSPECIFIED.);
#53=B_SPLINE_CURVE_WITH_KNOTS('',3,(#13296,#13297,#13298,#13299,#13300,
#13301),.UNSPECIFIED.,.F.,.F.,(4,2,4),(-0.00115468584514104,0.,0.615376635216933),
 .UNSPECIFIED.);
#54=B_SPLINE_CURVE_WITH_KNOTS('',3,(#13305,#13306,#13307,#13308),
 .UNSPECIFIED.,.F.,.F.,(4,4),(-1.,-0.847832585203105),.UNSPECIFIED.);
#55=B_SPLINE_CURVE_WITH_KNOTS('',3,(#13311,#13312,#13313,#13314),
 .UNSPECIFIED.,.F.,.F.,(4,4),(0.,1.),.UNSPECIFIED.);
#56=CIRCLE('',#8242,2.5);
#57=CIRCLE('',#8243,2.5);
#58=CIRCLE('',#8247,2.5);
#59=CIRCLE('',#8248,2.5);
#60=CIRCLE('',#8273,5.00000000000003);
#61=CIRCLE('',#8274,5.);
#62=CIRCLE('',#8275,5.00000000000002);
#63=CIRCLE('',#8276,5.);
#64=CIRCLE('',#8277,4.99999999999999);
#65=CIRCLE('',#8278,5.);
#66=CIRCLE('',#8279,4.99999999999999);
#67=CIRCLE('',#8280,5.);
#68=CIRCLE('',#8281,4.99999999999999);
#69=CIRCLE('',#8282,5.);
#70=CIRCLE('',#8283,4.99999999999997);
#71=CIRCLE('',#8284,5.);
#72=CIRCLE('',#8285,5.00000000000003);
#73=CIRCLE('',#8286,5.);
#74=CIRCLE('',#8289,5.00000000000003);
#75=CIRCLE('',#8344,5.00000000000003);
#76=CIRCLE('',#8348,5.);
#77=CIRCLE('',#8349,5.);
#78=CIRCLE('',#8356,4.99999999999997);
#79=CIRCLE('',#8359,5.);
#80=CIRCLE('',#8360,5.);
#81=CIRCLE('',#8367,2.2);
#82=CIRCLE('',#8368,2.19999999999999);
#83=CIRCLE('',#8369,2.20000000000006);
#84=CIRCLE('',#8370,2.19999999999998);
#85=CIRCLE('',#8371,2.2);
#86=CIRCLE('',#8372,2.19999999999998);
#87=CIRCLE('',#8373,2.20000000000006);
#88=CIRCLE('',#8374,2.19999999999997);
#89=CIRCLE('',#8376,5.);
#90=CIRCLE('',#8379,4.99999999999999);
#91=CIRCLE('',#8382,5.);
#92=CIRCLE('',#8385,5.00000000000002);
#93=CIRCLE('',#8388,5.);
#94=CIRCLE('',#8391,5.00000000000003);
#95=CIRCLE('',#8394,2.19999999999997);
#96=CIRCLE('',#8397,2.20000000000006);
#97=CIRCLE('',#8400,2.19999999999998);
#98=CIRCLE('',#8403,2.2);
#99=CIRCLE('',#8406,2.19999999999998);
#100=CIRCLE('',#8409,2.20000000000006);
#101=CIRCLE('',#8412,2.19999999999999);
#102=CIRCLE('',#8415,2.2);
#103=CIRCLE('',#8420,2.20000000000006);
#104=CIRCLE('',#8421,2.19999999999999);
#105=CIRCLE('',#8422,2.2);
#106=CIRCLE('',#8423,5.);
#107=CIRCLE('',#8424,4.99999999999999);
#108=CIRCLE('',#8425,5.);
#109=CIRCLE('',#8426,4.99999999999997);
#110=CIRCLE('',#8427,2.19999999999997);
#111=CIRCLE('',#8428,2.20000000000006);
#112=CIRCLE('',#8429,2.19999999999998);
#113=CIRCLE('',#8430,2.2);
#114=CIRCLE('',#8431,2.19999999999998);
#115=CIRCLE('',#8433,2.2);
#116=CIRCLE('',#8434,2.19999999999999);
#117=CIRCLE('',#8435,2.20000000000006);
#118=CIRCLE('',#8436,2.19999999999998);
#119=CIRCLE('',#8437,2.2);
#120=CIRCLE('',#8438,2.19999999999998);
#121=CIRCLE('',#8439,2.20000000000006);
#122=CIRCLE('',#8440,2.19999999999997);
#123=CIRCLE('',#8467,2.20000000000006);
#124=CIRCLE('',#8468,2.19999999999999);
#125=CIRCLE('',#8469,2.2);
#126=CIRCLE('',#8470,5.);
#127=CIRCLE('',#8471,4.99999999999999);
#128=CIRCLE('',#8472,5.);
#129=CIRCLE('',#8473,5.00000000000003);
#130=CIRCLE('',#8474,5.);
#131=CIRCLE('',#8475,4.99999999999997);
#132=CIRCLE('',#8476,2.19999999999997);
#133=CIRCLE('',#8477,2.20000000000006);
#134=CIRCLE('',#8478,2.19999999999998);
#135=CIRCLE('',#8479,2.2);
#136=CIRCLE('',#8480,2.19999999999998);
#137=CIRCLE('',#8483,2.2);
#138=CIRCLE('',#8484,2.19999999999999);
#139=CIRCLE('',#8485,2.20000000000006);
#140=CIRCLE('',#8486,2.19999999999998);
#141=CIRCLE('',#8487,2.2);
#142=CIRCLE('',#8488,2.19999999999998);
#143=CIRCLE('',#8489,2.20000000000006);
#144=CIRCLE('',#8490,2.19999999999997);
#145=CIRCLE('',#8536,5.);
#146=CIRCLE('',#8537,5.00000000000003);
#147=CIRCLE('',#8538,5.);
#148=CIRCLE('',#8539,4.99999999999997);
#149=CIRCLE('',#8540,5.);
#150=CIRCLE('',#8541,4.99999999999999);
#151=CIRCLE('',#8542,5.);
#152=CIRCLE('',#8543,4.99999999999999);
#153=CIRCLE('',#8544,5.);
#154=CIRCLE('',#8545,4.99999999999999);
#155=CIRCLE('',#8546,5.);
#156=CIRCLE('',#8547,5.00000000000002);
#157=CIRCLE('',#8548,5.);
#158=CIRCLE('',#8549,5.00000000000003);
#159=CIRCLE('',#8552,5.00000000000003);
#160=CIRCLE('',#8608,5.00000000000003);
#161=CIRCLE('',#8612,5.);
#162=CIRCLE('',#8613,5.);
#163=CIRCLE('',#8620,4.99999999999997);
#164=CIRCLE('',#8623,5.);
#165=CIRCLE('',#8624,5.);
#166=CIRCLE('',#8631,2.19999999999997);
#167=CIRCLE('',#8632,2.20000000000006);
#168=CIRCLE('',#8633,2.19999999999998);
#169=CIRCLE('',#8634,2.2);
#170=CIRCLE('',#8635,2.19999999999998);
#171=CIRCLE('',#8636,2.20000000000006);
#172=CIRCLE('',#8637,2.19999999999999);
#173=CIRCLE('',#8638,2.2);
#174=CIRCLE('',#8640,5.);
#175=CIRCLE('',#8643,4.99999999999999);
#176=CIRCLE('',#8646,5.);
#177=CIRCLE('',#8649,5.00000000000002);
#178=CIRCLE('',#8652,5.);
#179=CIRCLE('',#8655,5.00000000000003);
#180=CIRCLE('',#8658,2.19999999999997);
#181=CIRCLE('',#8661,2.20000000000006);
#182=CIRCLE('',#8664,2.19999999999998);
#183=CIRCLE('',#8667,2.2);
#184=CIRCLE('',#8670,2.19999999999998);
#185=CIRCLE('',#8673,2.20000000000006);
#186=CIRCLE('',#8676,2.19999999999999);
#187=CIRCLE('',#8679,2.2);
#188=CIRCLE('',#8684,2.19999999999998);
#189=CIRCLE('',#8685,2.2);
#190=CIRCLE('',#8686,2.19999999999998);
#191=CIRCLE('',#8687,2.20000000000006);
#192=CIRCLE('',#8688,2.19999999999997);
#193=CIRCLE('',#8689,4.99999999999997);
#194=CIRCLE('',#8690,5.);
#195=CIRCLE('',#8691,4.99999999999999);
#196=CIRCLE('',#8692,5.);
#197=CIRCLE('',#8693,2.2);
#198=CIRCLE('',#8694,2.19999999999999);
#199=CIRCLE('',#8695,2.20000000000006);
#200=CIRCLE('',#8697,2.19999999999997);
#201=CIRCLE('',#8698,2.20000000000006);
#202=CIRCLE('',#8699,2.19999999999998);
#203=CIRCLE('',#8700,2.2);
#204=CIRCLE('',#8701,2.19999999999998);
#205=CIRCLE('',#8702,2.20000000000006);
#206=CIRCLE('',#8703,2.19999999999999);
#207=CIRCLE('',#8704,2.2);
#208=CIRCLE('',#8731,2.19999999999998);
#209=CIRCLE('',#8732,2.2);
#210=CIRCLE('',#8733,2.19999999999998);
#211=CIRCLE('',#8734,2.20000000000006);
#212=CIRCLE('',#8735,2.19999999999997);
#213=CIRCLE('',#8736,4.99999999999997);
#214=CIRCLE('',#8737,5.);
#215=CIRCLE('',#8738,5.00000000000003);
#216=CIRCLE('',#8739,5.);
#217=CIRCLE('',#8740,4.99999999999999);
#218=CIRCLE('',#8741,5.);
#219=CIRCLE('',#8742,2.2);
#220=CIRCLE('',#8743,2.19999999999999);
#221=CIRCLE('',#8744,2.20000000000006);
#222=CIRCLE('',#8747,2.19999999999997);
#223=CIRCLE('',#8748,2.20000000000006);
#224=CIRCLE('',#8749,2.19999999999998);
#225=CIRCLE('',#8750,2.2);
#226=CIRCLE('',#8751,2.19999999999998);
#227=CIRCLE('',#8752,2.20000000000006);
#228=CIRCLE('',#8753,2.19999999999999);
#229=CIRCLE('',#8754,2.2);
#230=CYLINDRICAL_SURFACE('',#8241,2.5);
#231=CYLINDRICAL_SURFACE('',#8246,2.5);
#232=CYLINDRICAL_SURFACE('',#8343,5.00000000000003);
#233=CYLINDRICAL_SURFACE('',#8347,5.);
#234=CYLINDRICAL_SURFACE('',#8355,4.99999999999997);
#235=CYLINDRICAL_SURFACE('',#8358,5.);
#236=CYLINDRICAL_SURFACE('',#8375,5.);
#237=CYLINDRICAL_SURFACE('',#8378,4.99999999999999);
#238=CYLINDRICAL_SURFACE('',#8381,5.);
#239=CYLINDRICAL_SURFACE('',#8384,5.00000000000002);
#240=CYLINDRICAL_SURFACE('',#8387,5.);
#241=CYLINDRICAL_SURFACE('',#8390,5.00000000000003);
#242=CYLINDRICAL_SURFACE('',#8393,2.19999999999997);
#243=CYLINDRICAL_SURFACE('',#8396,2.20000000000006);
#244=CYLINDRICAL_SURFACE('',#8399,2.19999999999998);
#245=CYLINDRICAL_SURFACE('',#8402,2.2);
#246=CYLINDRICAL_SURFACE('',#8405,2.19999999999998);
#247=CYLINDRICAL_SURFACE('',#8408,2.20000000000006);
#248=CYLINDRICAL_SURFACE('',#8411,2.19999999999999);
#249=CYLINDRICAL_SURFACE('',#8414,2.2);
#250=CYLINDRICAL_SURFACE('',#8441,5.);
#251=CYLINDRICAL_SURFACE('',#8443,4.99999999999999);
#252=CYLINDRICAL_SURFACE('',#8444,5.);
#253=CYLINDRICAL_SURFACE('',#8446,4.99999999999997);
#254=CYLINDRICAL_SURFACE('',#8449,2.19999999999997);
#255=CYLINDRICAL_SURFACE('',#8451,2.20000000000006);
#256=CYLINDRICAL_SURFACE('',#8453,2.19999999999998);
#257=CYLINDRICAL_SURFACE('',#8455,2.2);
#258=CYLINDRICAL_SURFACE('',#8457,2.19999999999998);
#259=CYLINDRICAL_SURFACE('',#8459,2.20000000000006);
#260=CYLINDRICAL_SURFACE('',#8460,2.19999999999999);
#261=CYLINDRICAL_SURFACE('',#8462,2.2);
#262=CYLINDRICAL_SURFACE('',#8491,5.);
#263=CYLINDRICAL_SURFACE('',#8493,4.99999999999999);
#264=CYLINDRICAL_SURFACE('',#8494,5.);
#265=CYLINDRICAL_SURFACE('',#8496,5.00000000000003);
#266=CYLINDRICAL_SURFACE('',#8498,5.);
#267=CYLINDRICAL_SURFACE('',#8500,4.99999999999997);
#268=CYLINDRICAL_SURFACE('',#8503,2.19999999999997);
#269=CYLINDRICAL_SURFACE('',#8505,2.20000000000006);
#270=CYLINDRICAL_SURFACE('',#8507,2.19999999999998);
#271=CYLINDRICAL_SURFACE('',#8509,2.2);
#272=CYLINDRICAL_SURFACE('',#8511,2.19999999999998);
#273=CYLINDRICAL_SURFACE('',#8513,2.20000000000006);
#274=CYLINDRICAL_SURFACE('',#8514,2.19999999999999);
#275=CYLINDRICAL_SURFACE('',#8516,2.2);
#276=CYLINDRICAL_SURFACE('',#8607,5.00000000000003);
#277=CYLINDRICAL_SURFACE('',#8611,5.);
#278=CYLINDRICAL_SURFACE('',#8619,4.99999999999997);
#279=CYLINDRICAL_SURFACE('',#8622,5.);
#280=CYLINDRICAL_SURFACE('',#8639,5.);
#281=CYLINDRICAL_SURFACE('',#8642,4.99999999999999);
#282=CYLINDRICAL_SURFACE('',#8645,5.);
#283=CYLINDRICAL_SURFACE('',#8648,5.00000000000002);
#284=CYLINDRICAL_SURFACE('',#8651,5.);
#285=CYLINDRICAL_SURFACE('',#8654,5.00000000000003);
#286=CYLINDRICAL_SURFACE('',#8657,2.19999999999997);
#287=CYLINDRICAL_SURFACE('',#8660,2.20000000000006);
#288=CYLINDRICAL_SURFACE('',#8663,2.19999999999998);
#289=CYLINDRICAL_SURFACE('',#8666,2.2);
#290=CYLINDRICAL_SURFACE('',#8669,2.19999999999998);
#291=CYLINDRICAL_SURFACE('',#8672,2.20000000000006);
#292=CYLINDRICAL_SURFACE('',#8675,2.19999999999999);
#293=CYLINDRICAL_SURFACE('',#8678,2.2);
#294=CYLINDRICAL_SURFACE('',#8705,5.);
#295=CYLINDRICAL_SURFACE('',#8707,4.99999999999999);
#296=CYLINDRICAL_SURFACE('',#8708,5.);
#297=CYLINDRICAL_SURFACE('',#8710,4.99999999999997);
#298=CYLINDRICAL_SURFACE('',#8713,2.19999999999997);
#299=CYLINDRICAL_SURFACE('',#8715,2.20000000000006);
#300=CYLINDRICAL_SURFACE('',#8717,2.19999999999998);
#301=CYLINDRICAL_SURFACE('',#8719,2.2);
#302=CYLINDRICAL_SURFACE('',#8721,2.19999999999998);
#303=CYLINDRICAL_SURFACE('',#8723,2.20000000000006);
#304=CYLINDRICAL_SURFACE('',#8724,2.19999999999999);
#305=CYLINDRICAL_SURFACE('',#8726,2.2);
#306=CYLINDRICAL_SURFACE('',#8755,5.);
#307=CYLINDRICAL_SURFACE('',#8757,4.99999999999999);
#308=CYLINDRICAL_SURFACE('',#8758,5.);
#309=CYLINDRICAL_SURFACE('',#8760,5.00000000000003);
#310=CYLINDRICAL_SURFACE('',#8762,5.);
#311=CYLINDRICAL_SURFACE('',#8764,4.99999999999997);
#312=CYLINDRICAL_SURFACE('',#8767,2.19999999999997);
#313=CYLINDRICAL_SURFACE('',#8769,2.20000000000006);
#314=CYLINDRICAL_SURFACE('',#8771,2.19999999999998);
#315=CYLINDRICAL_SURFACE('',#8773,2.2);
#316=CYLINDRICAL_SURFACE('',#8775,2.19999999999998);
#317=CYLINDRICAL_SURFACE('',#8777,2.20000000000006);
#318=CYLINDRICAL_SURFACE('',#8778,2.19999999999999);
#319=CYLINDRICAL_SURFACE('',#8780,2.2);
#320=FACE_BOUND('',#771,.T.);
#321=FACE_BOUND('',#772,.T.);
#322=FACE_BOUND('',#773,.T.);
#323=FACE_BOUND('',#774,.T.);
#324=FACE_BOUND('',#775,.T.);
#325=FACE_BOUND('',#776,.T.);
#326=FACE_BOUND('',#778,.T.);
#327=FACE_BOUND('',#779,.T.);
#328=FACE_BOUND('',#780,.T.);
#329=FACE_BOUND('',#781,.T.);
#330=FACE_BOUND('',#782,.T.);
#331=FACE_BOUND('',#783,.T.);
#332=FACE_BOUND('',#800,.T.);
#333=FACE_BOUND('',#801,.T.);
#334=FACE_BOUND('',#802,.T.);
#335=FACE_BOUND('',#990,.T.);
#336=FACE_BOUND('',#991,.T.);
#337=FACE_BOUND('',#992,.T.);
#338=FACE_OUTER_BOUND('',#744,.T.);
#339=FACE_OUTER_BOUND('',#745,.T.);
#340=FACE_OUTER_BOUND('',#746,.T.);
#341=FACE_OUTER_BOUND('',#747,.T.);
#342=FACE_OUTER_BOUND('',#748,.T.);
#343=FACE_OUTER_BOUND('',#749,.T.);
#344=FACE_OUTER_BOUND('',#750,.T.);
#345=FACE_OUTER_BOUND('',#751,.T.);
#346=FACE_OUTER_BOUND('',#752,.T.);
#347=FACE_OUTER_BOUND('',#753,.T.);
#348=FACE_OUTER_BOUND('',#754,.T.);
#349=FACE_OUTER_BOUND('',#755,.T.);
#350=FACE_OUTER_BOUND('',#756,.T.);
#351=FACE_OUTER_BOUND('',#757,.T.);
#352=FACE_OUTER_BOUND('',#758,.T.);
#353=FACE_OUTER_BOUND('',#759,.T.);
#354=FACE_OUTER_BOUND('',#760,.T.);
#355=FACE_OUTER_BOUND('',#761,.T.);
#356=FACE_OUTER_BOUND('',#762,.T.);
#357=FACE_OUTER_BOUND('',#763,.T.);
#358=FACE_OUTER_BOUND('',#764,.T.);
#359=FACE_OUTER_BOUND('',#765,.T.);
#360=FACE_OUTER_BOUND('',#766,.T.);
#361=FACE_OUTER_BOUND('',#767,.T.);
#362=FACE_OUTER_BOUND('',#768,.T.);
#363=FACE_OUTER_BOUND('',#769,.T.);
#364=FACE_OUTER_BOUND('',#770,.T.);
#365=FACE_OUTER_BOUND('',#777,.T.);
#366=FACE_OUTER_BOUND('',#784,.T.);
#367=FACE_OUTER_BOUND('',#785,.T.);
#368=FACE_OUTER_BOUND('',#786,.T.);
#369=FACE_OUTER_BOUND('',#787,.T.);
#370=FACE_OUTER_BOUND('',#788,.T.);
#371=FACE_OUTER_BOUND('',#789,.T.);
#372=FACE_OUTER_BOUND('',#790,.T.);
#373=FACE_OUTER_BOUND('',#791,.T.);
#374=FACE_OUTER_BOUND('',#792,.T.);
#375=FACE_OUTER_BOUND('',#793,.T.);
#376=FACE_OUTER_BOUND('',#794,.T.);
#377=FACE_OUTER_BOUND('',#795,.T.);
#378=FACE_OUTER_BOUND('',#796,.T.);
#379=FACE_OUTER_BOUND('',#797,.T.);
#380=FACE_OUTER_BOUND('',#798,.T.);
#381=FACE_OUTER_BOUND('',#799,.T.);
#382=FACE_OUTER_BOUND('',#803,.T.);
#383=FACE_OUTER_BOUND('',#804,.T.);
#384=FACE_OUTER_BOUND('',#805,.T.);
#385=FACE_OUTER_BOUND('',#806,.T.);
#386=FACE_OUTER_BOUND('',#807,.T.);
#387=FACE_OUTER_BOUND('',#808,.T.);
#388=FACE_OUTER_BOUND('',#809,.T.);
#389=FACE_OUTER_BOUND('',#810,.T.);
#390=FACE_OUTER_BOUND('',#811,.T.);
#391=FACE_OUTER_BOUND('',#812,.T.);
#392=FACE_OUTER_BOUND('',#813,.T.);
#393=FACE_OUTER_BOUND('',#814,.T.);
#394=FACE_OUTER_BOUND('',#815,.T.);
#395=FACE_OUTER_BOUND('',#816,.T.);
#396=FACE_OUTER_BOUND('',#817,.T.);
#397=FACE_OUTER_BOUND('',#818,.T.);
#398=FACE_OUTER_BOUND('',#819,.T.);
#399=FACE_OUTER_BOUND('',#820,.T.);
#400=FACE_OUTER_BOUND('',#821,.T.);
#401=FACE_OUTER_BOUND('',#822,.T.);
#402=FACE_OUTER_BOUND('',#823,.T.);
#403=FACE_OUTER_BOUND('',#824,.T.);
#404=FACE_OUTER_BOUND('',#825,.T.);
#405=FACE_OUTER_BOUND('',#826,.T.);
#406=FACE_OUTER_BOUND('',#827,.T.);
#407=FACE_OUTER_BOUND('',#828,.T.);
#408=FACE_OUTER_BOUND('',#829,.T.);
#409=FACE_OUTER_BOUND('',#830,.T.);
#410=FACE_OUTER_BOUND('',#831,.T.);
#411=FACE_OUTER_BOUND('',#832,.T.);
#412=FACE_OUTER_BOUND('',#833,.T.);
#413=FACE_OUTER_BOUND('',#834,.T.);
#414=FACE_OUTER_BOUND('',#835,.T.);
#415=FACE_OUTER_BOUND('',#836,.T.);
#416=FACE_OUTER_BOUND('',#837,.T.);
#417=FACE_OUTER_BOUND('',#838,.T.);
#418=FACE_OUTER_BOUND('',#839,.T.);
#419=FACE_OUTER_BOUND('',#840,.T.);
#420=FACE_OUTER_BOUND('',#841,.T.);
#421=FACE_OUTER_BOUND('',#842,.T.);
#422=FACE_OUTER_BOUND('',#843,.T.);
#423=FACE_OUTER_BOUND('',#844,.T.);
#424=FACE_OUTER_BOUND('',#845,.T.);
#425=FACE_OUTER_BOUND('',#846,.T.);
#426=FACE_OUTER_BOUND('',#847,.T.);
#427=FACE_OUTER_BOUND('',#848,.T.);
#428=FACE_OUTER_BOUND('',#849,.T.);
#429=FACE_OUTER_BOUND('',#850,.T.);
#430=FACE_OUTER_BOUND('',#851,.T.);
#431=FACE_OUTER_BOUND('',#852,.T.);
#432=FACE_OUTER_BOUND('',#853,.T.);
#433=FACE_OUTER_BOUND('',#854,.T.);
#434=FACE_OUTER_BOUND('',#855,.T.);
#435=FACE_OUTER_BOUND('',#856,.T.);
#436=FACE_OUTER_BOUND('',#857,.T.);
#437=FACE_OUTER_BOUND('',#858,.T.);
#438=FACE_OUTER_BOUND('',#859,.T.);
#439=FACE_OUTER_BOUND('',#860,.T.);
#440=FACE_OUTER_BOUND('',#861,.T.);
#441=FACE_OUTER_BOUND('',#862,.T.);
#442=FACE_OUTER_BOUND('',#863,.T.);
#443=FACE_OUTER_BOUND('',#864,.T.);
#444=FACE_OUTER_BOUND('',#865,.T.);
#445=FACE_OUTER_BOUND('',#866,.T.);
#446=FACE_OUTER_BOUND('',#867,.T.);
#447=FACE_OUTER_BOUND('',#868,.T.);
#448=FACE_OUTER_BOUND('',#869,.T.);
#449=FACE_OUTER_BOUND('',#870,.T.);
#450=FACE_OUTER_BOUND('',#871,.T.);
#451=FACE_OUTER_BOUND('',#872,.T.);
#452=FACE_OUTER_BOUND('',#873,.T.);
#453=FACE_OUTER_BOUND('',#874,.T.);
#454=FACE_OUTER_BOUND('',#875,.T.);
#455=FACE_OUTER_BOUND('',#876,.T.);
#456=FACE_OUTER_BOUND('',#877,.T.);
#457=FACE_OUTER_BOUND('',#878,.T.);
#458=FACE_OUTER_BOUND('',#879,.T.);
#459=FACE_OUTER_BOUND('',#880,.T.);
#460=FACE_OUTER_BOUND('',#881,.T.);
#461=FACE_OUTER_BOUND('',#882,.T.);
#462=FACE_OUTER_BOUND('',#883,.T.);
#463=FACE_OUTER_BOUND('',#884,.T.);
#464=FACE_OUTER_BOUND('',#885,.T.);
#465=FACE_OUTER_BOUND('',#886,.T.);
#466=FACE_OUTER_BOUND('',#887,.T.);
#467=FACE_OUTER_BOUND('',#888,.T.);
#468=FACE_OUTER_BOUND('',#889,.T.);
#469=FACE_OUTER_BOUND('',#890,.T.);
#470=FACE_OUTER_BOUND('',#891,.T.);
#471=FACE_OUTER_BOUND('',#892,.T.);
#472=FACE_OUTER_BOUND('',#893,.T.);
#473=FACE_OUTER_BOUND('',#894,.T.);
#474=FACE_OUTER_BOUND('',#895,.T.);
#475=FACE_OUTER_BOUND('',#896,.T.);
#476=FACE_OUTER_BOUND('',#897,.T.);
#477=FACE_OUTER_BOUND('',#898,.T.);
#478=FACE_OUTER_BOUND('',#899,.T.);
#479=FACE_OUTER_BOUND('',#900,.T.);
#480=FACE_OUTER_BOUND('',#901,.T.);
#481=FACE_OUTER_BOUND('',#902,.T.);
#482=FACE_OUTER_BOUND('',#903,.T.);
#483=FACE_OUTER_BOUND('',#904,.T.);
#484=FACE_OUTER_BOUND('',#905,.T.);
#485=FACE_OUTER_BOUND('',#906,.T.);
#486=FACE_OUTER_BOUND('',#907,.T.);
#487=FACE_OUTER_BOUND('',#908,.T.);
#488=FACE_OUTER_BOUND('',#909,.T.);
#489=FACE_OUTER_BOUND('',#910,.T.);
#490=FACE_OUTER_BOUND('',#911,.T.);
#491=FACE_OUTER_BOUND('',#912,.T.);
#492=FACE_OUTER_BOUND('',#913,.T.);
#493=FACE_OUTER_BOUND('',#914,.T.);
#494=FACE_OUTER_BOUND('',#915,.T.);
#495=FACE_OUTER_BOUND('',#916,.T.);
#496=FACE_OUTER_BOUND('',#917,.T.);
#497=FACE_OUTER_BOUND('',#918,.T.);
#498=FACE_OUTER_BOUND('',#919,.T.);
#499=FACE_OUTER_BOUND('',#920,.T.);
#500=FACE_OUTER_BOUND('',#921,.T.);
#501=FACE_OUTER_BOUND('',#922,.T.);
#502=FACE_OUTER_BOUND('',#923,.T.);
#503=FACE_OUTER_BOUND('',#924,.T.);
#504=FACE_OUTER_BOUND('',#925,.T.);
#505=FACE_OUTER_BOUND('',#926,.T.);
#506=FACE_OUTER_BOUND('',#927,.T.);
#507=FACE_OUTER_BOUND('',#928,.T.);
#508=FACE_OUTER_BOUND('',#929,.T.);
#509=FACE_OUTER_BOUND('',#930,.T.);
#510=FACE_OUTER_BOUND('',#931,.T.);
#511=FACE_OUTER_BOUND('',#932,.T.);
#512=FACE_OUTER_BOUND('',#933,.T.);
#513=FACE_OUTER_BOUND('',#934,.T.);
#514=FACE_OUTER_BOUND('',#935,.T.);
#515=FACE_OUTER_BOUND('',#936,.T.);
#516=FACE_OUTER_BOUND('',#937,.T.);
#517=FACE_OUTER_BOUND('',#938,.T.);
#518=FACE_OUTER_BOUND('',#939,.T.);
#519=FACE_OUTER_BOUND('',#940,.T.);
#520=FACE_OUTER_BOUND('',#941,.T.);
#521=FACE_OUTER_BOUND('',#942,.T.);
#522=FACE_OUTER_BOUND('',#943,.T.);
#523=FACE_OUTER_BOUND('',#944,.T.);
#524=FACE_OUTER_BOUND('',#945,.T.);
#525=FACE_OUTER_BOUND('',#946,.T.);
#526=FACE_OUTER_BOUND('',#947,.T.);
#527=FACE_OUTER_BOUND('',#948,.T.);
#528=FACE_OUTER_BOUND('',#949,.T.);
#529=FACE_OUTER_BOUND('',#950,.T.);
#530=FACE_OUTER_BOUND('',#951,.T.);
#531=FACE_OUTER_BOUND('',#952,.T.);
#532=FACE_OUTER_BOUND('',#953,.T.);
#533=FACE_OUTER_BOUND('',#954,.T.);
#534=FACE_OUTER_BOUND('',#955,.T.);
#535=FACE_OUTER_BOUND('',#956,.T.);
#536=FACE_OUTER_BOUND('',#957,.T.);
#537=FACE_OUTER_BOUND('',#958,.T.);
#538=FACE_OUTER_BOUND('',#959,.T.);
#539=FACE_OUTER_BOUND('',#960,.T.);
#540=FACE_OUTER_BOUND('',#961,.T.);
#541=FACE_OUTER_BOUND('',#962,.T.);
#542=FACE_OUTER_BOUND('',#963,.T.);
#543=FACE_OUTER_BOUND('',#964,.T.);
#544=FACE_OUTER_BOUND('',#965,.T.);
#545=FACE_OUTER_BOUND('',#966,.T.);
#546=FACE_OUTER_BOUND('',#967,.T.);
#547=FACE_OUTER_BOUND('',#968,.T.);
#548=FACE_OUTER_BOUND('',#969,.T.);
#549=FACE_OUTER_BOUND('',#970,.T.);
#550=FACE_OUTER_BOUND('',#971,.T.);
#551=FACE_OUTER_BOUND('',#972,.T.);
#552=FACE_OUTER_BOUND('',#973,.T.);
#553=FACE_OUTER_BOUND('',#974,.T.);
#554=FACE_OUTER_BOUND('',#975,.T.);
#555=FACE_OUTER_BOUND('',#976,.T.);
#556=FACE_OUTER_BOUND('',#977,.T.);
#557=FACE_OUTER_BOUND('',#978,.T.);
#558=FACE_OUTER_BOUND('',#979,.T.);
#559=FACE_OUTER_BOUND('',#980,.T.);
#560=FACE_OUTER_BOUND('',#981,.T.);
#561=FACE_OUTER_BOUND('',#982,.T.);
#562=FACE_OUTER_BOUND('',#983,.T.);
#563=FACE_OUTER_BOUND('',#984,.T.);
#564=FACE_OUTER_BOUND('',#985,.T.);
#565=FACE_OUTER_BOUND('',#986,.T.);
#566=FACE_OUTER_BOUND('',#987,.T.);
#567=FACE_OUTER_BOUND('',#988,.T.);
#568=FACE_OUTER_BOUND('',#989,.T.);
#569=FACE_OUTER_BOUND('',#993,.T.);
#570=FACE_OUTER_BOUND('',#994,.T.);
#571=FACE_OUTER_BOUND('',#995,.T.);
#572=FACE_OUTER_BOUND('',#996,.T.);
#573=FACE_OUTER_BOUND('',#997,.T.);
#574=FACE_OUTER_BOUND('',#998,.T.);
#575=FACE_OUTER_BOUND('',#999,.T.);
#576=FACE_OUTER_BOUND('',#1000,.T.);
#577=FACE_OUTER_BOUND('',#1001,.T.);
#578=FACE_OUTER_BOUND('',#1002,.T.);
#579=FACE_OUTER_BOUND('',#1003,.T.);
#580=FACE_OUTER_BOUND('',#1004,.T.);
#581=FACE_OUTER_BOUND('',#1005,.T.);
#582=FACE_OUTER_BOUND('',#1006,.T.);
#583=FACE_OUTER_BOUND('',#1007,.T.);
#584=FACE_OUTER_BOUND('',#1008,.T.);
#585=FACE_OUTER_BOUND('',#1009,.T.);
#586=FACE_OUTER_BOUND('',#1010,.T.);
#587=FACE_OUTER_BOUND('',#1011,.T.);
#588=FACE_OUTER_BOUND('',#1012,.T.);
#589=FACE_OUTER_BOUND('',#1013,.T.);
#590=FACE_OUTER_BOUND('',#1014,.T.);
#591=FACE_OUTER_BOUND('',#1015,.T.);
#592=FACE_OUTER_BOUND('',#1016,.T.);
#593=FACE_OUTER_BOUND('',#1017,.T.);
#594=FACE_OUTER_BOUND('',#1018,.T.);
#595=FACE_OUTER_BOUND('',#1019,.T.);
#596=FACE_OUTER_BOUND('',#1020,.T.);
#597=FACE_OUTER_BOUND('',#1021,.T.);
#598=FACE_OUTER_BOUND('',#1022,.T.);
#599=FACE_OUTER_BOUND('',#1023,.T.);
#600=FACE_OUTER_BOUND('',#1024,.T.);
#601=FACE_OUTER_BOUND('',#1025,.T.);
#602=FACE_OUTER_BOUND('',#1026,.T.);
#603=FACE_OUTER_BOUND('',#1027,.T.);
#604=FACE_OUTER_BOUND('',#1028,.T.);
#605=FACE_OUTER_BOUND('',#1029,.T.);
#606=FACE_OUTER_BOUND('',#1030,.T.);
#607=FACE_OUTER_BOUND('',#1031,.T.);
#608=FACE_OUTER_BOUND('',#1032,.T.);
#609=FACE_OUTER_BOUND('',#1033,.T.);
#610=FACE_OUTER_BOUND('',#1034,.T.);
#611=FACE_OUTER_BOUND('',#1035,.T.);
#612=FACE_OUTER_BOUND('',#1036,.T.);
#613=FACE_OUTER_BOUND('',#1037,.T.);
#614=FACE_OUTER_BOUND('',#1038,.T.);
#615=FACE_OUTER_BOUND('',#1039,.T.);
#616=FACE_OUTER_BOUND('',#1040,.T.);
#617=FACE_OUTER_BOUND('',#1041,.T.);
#618=FACE_OUTER_BOUND('',#1042,.T.);
#619=FACE_OUTER_BOUND('',#1043,.T.);
#620=FACE_OUTER_BOUND('',#1044,.T.);
#621=FACE_OUTER_BOUND('',#1045,.T.);
#622=FACE_OUTER_BOUND('',#1046,.T.);
#623=FACE_OUTER_BOUND('',#1047,.T.);
#624=FACE_OUTER_BOUND('',#1048,.T.);
#625=FACE_OUTER_BOUND('',#1049,.T.);
#626=FACE_OUTER_BOUND('',#1050,.T.);
#627=FACE_OUTER_BOUND('',#1051,.T.);
#628=FACE_OUTER_BOUND('',#1052,.T.);
#629=FACE_OUTER_BOUND('',#1053,.T.);
#630=FACE_OUTER_BOUND('',#1054,.T.);
#631=FACE_OUTER_BOUND('',#1055,.T.);
#632=FACE_OUTER_BOUND('',#1056,.T.);
#633=FACE_OUTER_BOUND('',#1057,.T.);
#634=FACE_OUTER_BOUND('',#1058,.T.);
#635=FACE_OUTER_BOUND('',#1059,.T.);
#636=FACE_OUTER_BOUND('',#1060,.T.);
#637=FACE_OUTER_BOUND('',#1061,.T.);
#638=FACE_OUTER_BOUND('',#1062,.T.);
#639=FACE_OUTER_BOUND('',#1063,.T.);
#640=FACE_OUTER_BOUND('',#1064,.T.);
#641=FACE_OUTER_BOUND('',#1065,.T.);
#642=FACE_OUTER_BOUND('',#1066,.T.);
#643=FACE_OUTER_BOUND('',#1067,.T.);
#644=FACE_OUTER_BOUND('',#1068,.T.);
#645=FACE_OUTER_BOUND('',#1069,.T.);
#646=FACE_OUTER_BOUND('',#1070,.T.);
#647=FACE_OUTER_BOUND('',#1071,.T.);
#648=FACE_OUTER_BOUND('',#1072,.T.);
#649=FACE_OUTER_BOUND('',#1073,.T.);
#650=FACE_OUTER_BOUND('',#1074,.T.);
#651=FACE_OUTER_BOUND('',#1075,.T.);
#652=FACE_OUTER_BOUND('',#1076,.T.);
#653=FACE_OUTER_BOUND('',#1077,.T.);
#654=FACE_OUTER_BOUND('',#1078,.T.);
#655=FACE_OUTER_BOUND('',#1079,.T.);
#656=FACE_OUTER_BOUND('',#1080,.T.);
#657=FACE_OUTER_BOUND('',#1081,.T.);
#658=FACE_OUTER_BOUND('',#1082,.T.);
#659=FACE_OUTER_BOUND('',#1083,.T.);
#660=FACE_OUTER_BOUND('',#1084,.T.);
#661=FACE_OUTER_BOUND('',#1085,.T.);
#662=FACE_OUTER_BOUND('',#1086,.T.);
#663=FACE_OUTER_BOUND('',#1087,.T.);
#664=FACE_OUTER_BOUND('',#1088,.T.);
#665=FACE_OUTER_BOUND('',#1089,.T.);
#666=FACE_OUTER_BOUND('',#1090,.T.);
#667=FACE_OUTER_BOUND('',#1091,.T.);
#668=FACE_OUTER_BOUND('',#1092,.T.);
#669=FACE_OUTER_BOUND('',#1093,.T.);
#670=FACE_OUTER_BOUND('',#1094,.T.);
#671=FACE_OUTER_BOUND('',#1095,.T.);
#672=FACE_OUTER_BOUND('',#1096,.T.);
#673=FACE_OUTER_BOUND('',#1097,.T.);
#674=FACE_OUTER_BOUND('',#1098,.T.);
#675=FACE_OUTER_BOUND('',#1099,.T.);
#676=FACE_OUTER_BOUND('',#1100,.T.);
#677=FACE_OUTER_BOUND('',#1101,.T.);
#678=FACE_OUTER_BOUND('',#1102,.T.);
#679=FACE_OUTER_BOUND('',#1103,.T.);
#680=FACE_OUTER_BOUND('',#1104,.T.);
#681=FACE_OUTER_BOUND('',#1105,.T.);
#682=FACE_OUTER_BOUND('',#1106,.T.);
#683=FACE_OUTER_BOUND('',#1107,.T.);
#684=FACE_OUTER_BOUND('',#1108,.T.);
#685=FACE_OUTER_BOUND('',#1109,.T.);
#686=FACE_OUTER_BOUND('',#1110,.T.);
#687=FACE_OUTER_BOUND('',#1111,.T.);
#688=FACE_OUTER_BOUND('',#1112,.T.);
#689=FACE_OUTER_BOUND('',#1113,.T.);
#690=FACE_OUTER_BOUND('',#1114,.T.);
#691=FACE_OUTER_BOUND('',#1115,.T.);
#692=FACE_OUTER_BOUND('',#1116,.T.);
#693=FACE_OUTER_BOUND('',#1117,.T.);
#694=FACE_OUTER_BOUND('',#1118,.T.);
#695=FACE_OUTER_BOUND('',#1119,.T.);
#696=FACE_OUTER_BOUND('',#1120,.T.);
#697=FACE_OUTER_BOUND('',#1121,.T.);
#698=FACE_OUTER_BOUND('',#1122,.T.);
#699=FACE_OUTER_BOUND('',#1123,.T.);
#700=FACE_OUTER_BOUND('',#1124,.T.);
#701=FACE_OUTER_BOUND('',#1125,.T.);
#702=FACE_OUTER_BOUND('',#1126,.T.);
#703=FACE_OUTER_BOUND('',#1127,.T.);
#704=FACE_OUTER_BOUND('',#1128,.T.);
#705=FACE_OUTER_BOUND('',#1129,.T.);
#706=FACE_OUTER_BOUND('',#1130,.T.);
#707=FACE_OUTER_BOUND('',#1131,.T.);
#708=FACE_OUTER_BOUND('',#1132,.T.);
#709=FACE_OUTER_BOUND('',#1133,.T.);
#710=FACE_OUTER_BOUND('',#1134,.T.);
#711=FACE_OUTER_BOUND('',#1135,.T.);
#712=FACE_OUTER_BOUND('',#1136,.T.);
#713=FACE_OUTER_BOUND('',#1137,.T.);
#714=FACE_OUTER_BOUND('',#1138,.T.);
#715=FACE_OUTER_BOUND('',#1139,.T.);
#716=FACE_OUTER_BOUND('',#1140,.T.);
#717=FACE_OUTER_BOUND('',#1141,.T.);
#718=FACE_OUTER_BOUND('',#1142,.T.);
#719=FACE_OUTER_BOUND('',#1143,.T.);
#720=FACE_OUTER_BOUND('',#1144,.T.);
#721=FACE_OUTER_BOUND('',#1145,.T.);
#722=FACE_OUTER_BOUND('',#1146,.T.);
#723=FACE_OUTER_BOUND('',#1147,.T.);
#724=FACE_OUTER_BOUND('',#1148,.T.);
#725=FACE_OUTER_BOUND('',#1149,.T.);
#726=FACE_OUTER_BOUND('',#1150,.T.);
#727=FACE_OUTER_BOUND('',#1151,.T.);
#728=FACE_OUTER_BOUND('',#1152,.T.);
#729=FACE_OUTER_BOUND('',#1153,.T.);
#730=FACE_OUTER_BOUND('',#1154,.T.);
#731=FACE_OUTER_BOUND('',#1155,.T.);
#732=FACE_OUTER_BOUND('',#1156,.T.);
#733=FACE_OUTER_BOUND('',#1157,.T.);
#734=FACE_OUTER_BOUND('',#1158,.T.);
#735=FACE_OUTER_BOUND('',#1159,.T.);
#736=FACE_OUTER_BOUND('',#1160,.T.);
#737=FACE_OUTER_BOUND('',#1161,.T.);
#738=FACE_OUTER_BOUND('',#1162,.T.);
#739=FACE_OUTER_BOUND('',#1163,.T.);
#740=FACE_OUTER_BOUND('',#1164,.T.);
#741=FACE_OUTER_BOUND('',#1165,.T.);
#742=FACE_OUTER_BOUND('',#1166,.T.);
#743=FACE_OUTER_BOUND('',#1167,.T.);
#744=EDGE_LOOP('',(#5106,#5107,#5108,#5109));
#745=EDGE_LOOP('',(#5110,#5111,#5112,#5113));
#746=EDGE_LOOP('',(#5114,#5115,#5116,#5117));
#747=EDGE_LOOP('',(#5118,#5119,#5120,#5121));
#748=EDGE_LOOP('',(#5122,#5123,#5124,#5125));
#749=EDGE_LOOP('',(#5126,#5127,#5128,#5129));
#750=EDGE_LOOP('',(#5130,#5131,#5132,#5133));
#751=EDGE_LOOP('',(#5134,#5135,#5136,#5137));
#752=EDGE_LOOP('',(#5138,#5139,#5140,#5141));
#753=EDGE_LOOP('',(#5142,#5143,#5144,#5145));
#754=EDGE_LOOP('',(#5146,#5147,#5148,#5149));
#755=EDGE_LOOP('',(#5150,#5151,#5152,#5153));
#756=EDGE_LOOP('',(#5154,#5155,#5156,#5157));
#757=EDGE_LOOP('',(#5158,#5159,#5160,#5161));
#758=EDGE_LOOP('',(#5162,#5163,#5164,#5165));
#759=EDGE_LOOP('',(#5166,#5167,#5168,#5169));
#760=EDGE_LOOP('',(#5170,#5171,#5172,#5173));
#761=EDGE_LOOP('',(#5174,#5175,#5176,#5177));
#762=EDGE_LOOP('',(#5178,#5179,#5180,#5181));
#763=EDGE_LOOP('',(#5182,#5183,#5184,#5185));
#764=EDGE_LOOP('',(#5186,#5187,#5188,#5189));
#765=EDGE_LOOP('',(#5190,#5191,#5192,#5193));
#766=EDGE_LOOP('',(#5194,#5195,#5196,#5197));
#767=EDGE_LOOP('',(#5198,#5199,#5200,#5201));
#768=EDGE_LOOP('',(#5202,#5203,#5204,#5205));
#769=EDGE_LOOP('',(#5206,#5207,#5208,#5209));
#770=EDGE_LOOP('',(#5210,#5211,#5212,#5213,#5214,#5215,#5216,#5217,#5218,
#5219,#5220,#5221,#5222,#5223,#5224,#5225,#5226,#5227,#5228,#5229,#5230,
#5231,#5232));
#771=EDGE_LOOP('',(#5233,#5234,#5235,#5236));
#772=EDGE_LOOP('',(#5237,#5238,#5239,#5240,#5241,#5242,#5243,#5244,#5245,
#5246,#5247,#5248,#5249,#5250,#5251,#5252));
#773=EDGE_LOOP('',(#5253,#5254,#5255,#5256,#5257,#5258,#5259,#5260,#5261,
#5262,#5263,#5264,#5265,#5266,#5267,#5268));
#774=EDGE_LOOP('',(#5269,#5270,#5271,#5272,#5273,#5274,#5275,#5276,#5277,
#5278,#5279,#5280,#5281,#5282,#5283,#5284));
#775=EDGE_LOOP('',(#5285,#5286,#5287,#5288));
#776=EDGE_LOOP('',(#5289,#5290,#5291,#5292));
#777=EDGE_LOOP('',(#5293,#5294,#5295,#5296,#5297,#5298,#5299,#5300,#5301,
#5302,#5303,#5304,#5305,#5306,#5307,#5308,#5309,#5310,#5311,#5312,#5313,
#5314,#5315));
#778=EDGE_LOOP('',(#5316,#5317,#5318,#5319,#5320,#5321,#5322,#5323,#5324,
#5325,#5326,#5327,#5328,#5329,#5330,#5331));
#779=EDGE_LOOP('',(#5332,#5333,#5334,#5335,#5336,#5337,#5338,#5339,#5340,
#5341,#5342,#5343,#5344,#5345,#5346,#5347));
#780=EDGE_LOOP('',(#5348,#5349,#5350,#5351,#5352,#5353,#5354,#5355,#5356,
#5357,#5358,#5359,#5360,#5361,#5362,#5363));
#781=EDGE_LOOP('',(#5364,#5365,#5366,#5367));
#782=EDGE_LOOP('',(#5368,#5369,#5370,#5371));
#783=EDGE_LOOP('',(#5372,#5373,#5374,#5375));
#784=EDGE_LOOP('',(#5376,#5377,#5378,#5379,#5380,#5381,#5382,#5383,#5384,
#5385));
#785=EDGE_LOOP('',(#5386,#5387,#5388,#5389,#5390,#5391,#5392,#5393,#5394,
#5395));
#786=EDGE_LOOP('',(#5396,#5397,#5398,#5399));
#787=EDGE_LOOP('',(#5400,#5401,#5402,#5403,#5404,#5405,#5406,#5407,#5408,
#5409));
#788=EDGE_LOOP('',(#5410,#5411,#5412,#5413));
#789=EDGE_LOOP('',(#5414,#5415,#5416,#5417));
#790=EDGE_LOOP('',(#5418,#5419,#5420,#5421));
#791=EDGE_LOOP('',(#5422,#5423,#5424,#5425));
#792=EDGE_LOOP('',(#5426,#5427,#5428,#5429));
#793=EDGE_LOOP('',(#5430,#5431,#5432,#5433,#5434,#5435,#5436,#5437,#5438,
#5439));
#794=EDGE_LOOP('',(#5440,#5441,#5442,#5443));
#795=EDGE_LOOP('',(#5444,#5445,#5446,#5447,#5448,#5449,#5450,#5451,#5452,
#5453));
#796=EDGE_LOOP('',(#5454,#5455,#5456,#5457));
#797=EDGE_LOOP('',(#5458,#5459,#5460,#5461,#5462,#5463));
#798=EDGE_LOOP('',(#5464,#5465,#5466,#5467));
#799=EDGE_LOOP('',(#5468,#5469,#5470,#5471,#5472,#5473,#5474,#5475,#5476,
#5477,#5478,#5479,#5480,#5481,#5482,#5483,#5484,#5485,#5486));
#800=EDGE_LOOP('',(#5487,#5488,#5489,#5490));
#801=EDGE_LOOP('',(#5491,#5492,#5493,#5494));
#802=EDGE_LOOP('',(#5495,#5496,#5497,#5498));
#803=EDGE_LOOP('',(#5499,#5500,#5501,#5502));
#804=EDGE_LOOP('',(#5503,#5504,#5505,#5506));
#805=EDGE_LOOP('',(#5507,#5508,#5509,#5510));
#806=EDGE_LOOP('',(#5511,#5512,#5513,#5514));
#807=EDGE_LOOP('',(#5515,#5516,#5517,#5518));
#808=EDGE_LOOP('',(#5519,#5520,#5521,#5522));
#809=EDGE_LOOP('',(#5523,#5524,#5525,#5526));
#810=EDGE_LOOP('',(#5527,#5528,#5529,#5530));
#811=EDGE_LOOP('',(#5531,#5532,#5533,#5534,#5535,#5536,#5537));
#812=EDGE_LOOP('',(#5538,#5539,#5540,#5541));
#813=EDGE_LOOP('',(#5542,#5543,#5544,#5545,#5546,#5547,#5548,#5549,#5550,
#5551,#5552,#5553));
#814=EDGE_LOOP('',(#5554,#5555,#5556));
#815=EDGE_LOOP('',(#5557,#5558,#5559,#5560,#5561,#5562,#5563,#5564,#5565));
#816=EDGE_LOOP('',(#5566,#5567,#5568,#5569,#5570));
#817=EDGE_LOOP('',(#5571,#5572,#5573,#5574,#5575,#5576));
#818=EDGE_LOOP('',(#5577,#5578,#5579,#5580));
#819=EDGE_LOOP('',(#5581,#5582,#5583,#5584,#5585,#5586,#5587,#5588,#5589,
#5590,#5591,#5592,#5593,#5594,#5595,#5596,#5597,#5598,#5599,#5600,#5601,
#5602,#5603,#5604,#5605,#5606,#5607,#5608,#5609,#5610,#5611,#5612,#5613));
#820=EDGE_LOOP('',(#5614,#5615,#5616,#5617));
#821=EDGE_LOOP('',(#5618,#5619,#5620,#5621,#5622,#5623,#5624));
#822=EDGE_LOOP('',(#5625,#5626,#5627,#5628));
#823=EDGE_LOOP('',(#5629,#5630,#5631,#5632,#5633,#5634,#5635,#5636,#5637,
#5638,#5639,#5640,#5641,#5642,#5643,#5644));
#824=EDGE_LOOP('',(#5645,#5646,#5647,#5648,#5649,#5650,#5651,#5652,#5653,
#5654,#5655,#5656,#5657,#5658,#5659,#5660));
#825=EDGE_LOOP('',(#5661,#5662,#5663,#5664,#5665,#5666,#5667,#5668,#5669,
#5670,#5671,#5672,#5673,#5674,#5675,#5676));
#826=EDGE_LOOP('',(#5677,#5678,#5679,#5680));
#827=EDGE_LOOP('',(#5681,#5682,#5683,#5684));
#828=EDGE_LOOP('',(#5685,#5686,#5687,#5688));
#829=EDGE_LOOP('',(#5689,#5690,#5691,#5692));
#830=EDGE_LOOP('',(#5693,#5694,#5695,#5696));
#831=EDGE_LOOP('',(#5697,#5698,#5699,#5700));
#832=EDGE_LOOP('',(#5701,#5702,#5703,#5704));
#833=EDGE_LOOP('',(#5705,#5706,#5707,#5708));
#834=EDGE_LOOP('',(#5709,#5710,#5711,#5712));
#835=EDGE_LOOP('',(#5713,#5714,#5715,#5716));
#836=EDGE_LOOP('',(#5717,#5718,#5719,#5720));
#837=EDGE_LOOP('',(#5721,#5722,#5723,#5724));
#838=EDGE_LOOP('',(#5725,#5726,#5727,#5728));
#839=EDGE_LOOP('',(#5729,#5730,#5731,#5732));
#840=EDGE_LOOP('',(#5733,#5734,#5735,#5736));
#841=EDGE_LOOP('',(#5737,#5738,#5739,#5740));
#842=EDGE_LOOP('',(#5741,#5742,#5743,#5744));
#843=EDGE_LOOP('',(#5745,#5746,#5747,#5748));
#844=EDGE_LOOP('',(#5749,#5750,#5751,#5752));
#845=EDGE_LOOP('',(#5753,#5754,#5755,#5756));
#846=EDGE_LOOP('',(#5757,#5758,#5759,#5760));
#847=EDGE_LOOP('',(#5761,#5762,#5763,#5764));
#848=EDGE_LOOP('',(#5765,#5766,#5767,#5768));
#849=EDGE_LOOP('',(#5769,#5770,#5771,#5772));
#850=EDGE_LOOP('',(#5773,#5774,#5775,#5776));
#851=EDGE_LOOP('',(#5777,#5778,#5779,#5780));
#852=EDGE_LOOP('',(#5781,#5782,#5783,#5784));
#853=EDGE_LOOP('',(#5785,#5786,#5787,#5788));
#854=EDGE_LOOP('',(#5789,#5790,#5791,#5792));
#855=EDGE_LOOP('',(#5793,#5794,#5795,#5796));
#856=EDGE_LOOP('',(#5797,#5798,#5799,#5800));
#857=EDGE_LOOP('',(#5801,#5802,#5803,#5804));
#858=EDGE_LOOP('',(#5805,#5806,#5807,#5808));
#859=EDGE_LOOP('',(#5809,#5810,#5811,#5812));
#860=EDGE_LOOP('',(#5813,#5814,#5815,#5816));
#861=EDGE_LOOP('',(#5817,#5818,#5819,#5820));
#862=EDGE_LOOP('',(#5821,#5822,#5823,#5824));
#863=EDGE_LOOP('',(#5825,#5826,#5827,#5828));
#864=EDGE_LOOP('',(#5829,#5830,#5831,#5832));
#865=EDGE_LOOP('',(#5833,#5834,#5835,#5836));
#866=EDGE_LOOP('',(#5837,#5838,#5839,#5840));
#867=EDGE_LOOP('',(#5841,#5842,#5843,#5844));
#868=EDGE_LOOP('',(#5845,#5846,#5847,#5848));
#869=EDGE_LOOP('',(#5849,#5850,#5851,#5852));
#870=EDGE_LOOP('',(#5853,#5854,#5855,#5856));
#871=EDGE_LOOP('',(#5857,#5858,#5859,#5860));
#872=EDGE_LOOP('',(#5861,#5862,#5863,#5864));
#873=EDGE_LOOP('',(#5865,#5866,#5867,#5868));
#874=EDGE_LOOP('',(#5869,#5870,#5871,#5872,#5873,#5874));
#875=EDGE_LOOP('',(#5875,#5876,#5877,#5878));
#876=EDGE_LOOP('',(#5879,#5880,#5881,#5882,#5883));
#877=EDGE_LOOP('',(#5884,#5885,#5886,#5887,#5888,#5889,#5890,#5891));
#878=EDGE_LOOP('',(#5892,#5893,#5894,#5895));
#879=EDGE_LOOP('',(#5896,#5897,#5898,#5899,#5900,#5901));
#880=EDGE_LOOP('',(#5902,#5903,#5904,#5905));
#881=EDGE_LOOP('',(#5906,#5907,#5908,#5909));
#882=EDGE_LOOP('',(#5910,#5911,#5912,#5913,#5914));
#883=EDGE_LOOP('',(#5915,#5916,#5917,#5918));
#884=EDGE_LOOP('',(#5919,#5920,#5921,#5922));
#885=EDGE_LOOP('',(#5923,#5924,#5925,#5926));
#886=EDGE_LOOP('',(#5927,#5928,#5929,#5930));
#887=EDGE_LOOP('',(#5931,#5932,#5933,#5934,#5935,#5936));
#888=EDGE_LOOP('',(#5937,#5938,#5939,#5940));
#889=EDGE_LOOP('',(#5941,#5942,#5943,#5944));
#890=EDGE_LOOP('',(#5945,#5946,#5947));
#891=EDGE_LOOP('',(#5948,#5949,#5950,#5951));
#892=EDGE_LOOP('',(#5952,#5953,#5954,#5955));
#893=EDGE_LOOP('',(#5956,#5957,#5958,#5959,#5960,#5961,#5962,#5963,#5964,
#5965,#5966,#5967,#5968,#5969,#5970,#5971,#5972,#5973,#5974,#5975,#5976));
#894=EDGE_LOOP('',(#5977,#5978,#5979,#5980,#5981));
#895=EDGE_LOOP('',(#5982,#5983,#5984,#5985));
#896=EDGE_LOOP('',(#5986,#5987,#5988,#5989));
#897=EDGE_LOOP('',(#5990,#5991,#5992,#5993));
#898=EDGE_LOOP('',(#5994,#5995,#5996,#5997));
#899=EDGE_LOOP('',(#5998,#5999,#6000,#6001));
#900=EDGE_LOOP('',(#6002,#6003,#6004,#6005));
#901=EDGE_LOOP('',(#6006,#6007,#6008,#6009));
#902=EDGE_LOOP('',(#6010,#6011,#6012,#6013));
#903=EDGE_LOOP('',(#6014,#6015,#6016,#6017));
#904=EDGE_LOOP('',(#6018,#6019,#6020,#6021,#6022));
#905=EDGE_LOOP('',(#6023,#6024,#6025,#6026));
#906=EDGE_LOOP('',(#6027,#6028,#6029,#6030));
#907=EDGE_LOOP('',(#6031,#6032,#6033,#6034));
#908=EDGE_LOOP('',(#6035,#6036,#6037,#6038));
#909=EDGE_LOOP('',(#6039,#6040,#6041,#6042));
#910=EDGE_LOOP('',(#6043,#6044,#6045,#6046));
#911=EDGE_LOOP('',(#6047,#6048,#6049,#6050));
#912=EDGE_LOOP('',(#6051,#6052,#6053,#6054));
#913=EDGE_LOOP('',(#6055,#6056,#6057,#6058));
#914=EDGE_LOOP('',(#6059,#6060,#6061,#6062));
#915=EDGE_LOOP('',(#6063,#6064,#6065,#6066));
#916=EDGE_LOOP('',(#6067,#6068,#6069,#6070));
#917=EDGE_LOOP('',(#6071,#6072,#6073,#6074));
#918=EDGE_LOOP('',(#6075,#6076,#6077,#6078));
#919=EDGE_LOOP('',(#6079,#6080,#6081,#6082));
#920=EDGE_LOOP('',(#6083,#6084,#6085,#6086));
#921=EDGE_LOOP('',(#6087,#6088,#6089,#6090));
#922=EDGE_LOOP('',(#6091,#6092,#6093,#6094));
#923=EDGE_LOOP('',(#6095,#6096,#6097,#6098,#6099,#6100,#6101,#6102,#6103,
#6104,#6105,#6106,#6107,#6108,#6109,#6110,#6111,#6112,#6113,#6114,#6115,
#6116,#6117,#6118,#6119,#6120,#6121,#6122,#6123,#6124,#6125,#6126,#6127,
#6128,#6129,#6130));
#924=EDGE_LOOP('',(#6131,#6132,#6133,#6134,#6135,#6136,#6137,#6138,#6139,
#6140,#6141,#6142,#6143,#6144,#6145,#6146,#6147,#6148,#6149,#6150,#6151,
#6152,#6153,#6154,#6155,#6156,#6157,#6158,#6159,#6160,#6161,#6162,#6163,
#6164,#6165,#6166));
#925=EDGE_LOOP('',(#6167,#6168,#6169,#6170,#6171,#6172,#6173,#6174,#6175,
#6176,#6177,#6178,#6179,#6180,#6181,#6182,#6183,#6184,#6185,#6186,#6187));
#926=EDGE_LOOP('',(#6188,#6189,#6190,#6191,#6192));
#927=EDGE_LOOP('',(#6193,#6194,#6195,#6196));
#928=EDGE_LOOP('',(#6197,#6198,#6199,#6200,#6201));
#929=EDGE_LOOP('',(#6202,#6203,#6204,#6205));
#930=EDGE_LOOP('',(#6206,#6207,#6208,#6209));
#931=EDGE_LOOP('',(#6210,#6211,#6212,#6213));
#932=EDGE_LOOP('',(#6214,#6215,#6216,#6217));
#933=EDGE_LOOP('',(#6218,#6219,#6220,#6221));
#934=EDGE_LOOP('',(#6222,#6223,#6224,#6225));
#935=EDGE_LOOP('',(#6226,#6227,#6228,#6229));
#936=EDGE_LOOP('',(#6230,#6231,#6232,#6233));
#937=EDGE_LOOP('',(#6234,#6235,#6236,#6237));
#938=EDGE_LOOP('',(#6238,#6239,#6240,#6241));
#939=EDGE_LOOP('',(#6242,#6243,#6244,#6245));
#940=EDGE_LOOP('',(#6246,#6247,#6248,#6249));
#941=EDGE_LOOP('',(#6250,#6251,#6252,#6253));
#942=EDGE_LOOP('',(#6254,#6255,#6256,#6257));
#943=EDGE_LOOP('',(#6258,#6259,#6260,#6261));
#944=EDGE_LOOP('',(#6262,#6263,#6264,#6265));
#945=EDGE_LOOP('',(#6266,#6267,#6268,#6269));
#946=EDGE_LOOP('',(#6270,#6271,#6272,#6273));
#947=EDGE_LOOP('',(#6274,#6275,#6276,#6277));
#948=EDGE_LOOP('',(#6278,#6279,#6280,#6281));
#949=EDGE_LOOP('',(#6282,#6283,#6284,#6285));
#950=EDGE_LOOP('',(#6286,#6287,#6288,#6289,#6290));
#951=EDGE_LOOP('',(#6291,#6292,#6293,#6294,#6295,#6296,#6297,#6298,#6299,
#6300,#6301,#6302,#6303,#6304,#6305,#6306,#6307,#6308,#6309,#6310,#6311,
#6312,#6313,#6314,#6315,#6316,#6317,#6318,#6319,#6320,#6321,#6322,#6323,
#6324,#6325,#6326,#6327));
#952=EDGE_LOOP('',(#6328,#6329,#6330,#6331));
#953=EDGE_LOOP('',(#6332,#6333,#6334,#6335,#6336,#6337,#6338,#6339,#6340,
#6341,#6342,#6343,#6344,#6345,#6346,#6347,#6348,#6349,#6350,#6351));
#954=EDGE_LOOP('',(#6352,#6353,#6354,#6355));
#955=EDGE_LOOP('',(#6356,#6357,#6358,#6359));
#956=EDGE_LOOP('',(#6360,#6361,#6362,#6363,#6364));
#957=EDGE_LOOP('',(#6365,#6366,#6367,#6368));
#958=EDGE_LOOP('',(#6369,#6370,#6371,#6372));
#959=EDGE_LOOP('',(#6373,#6374,#6375,#6376));
#960=EDGE_LOOP('',(#6377,#6378,#6379,#6380));
#961=EDGE_LOOP('',(#6381,#6382,#6383,#6384));
#962=EDGE_LOOP('',(#6385,#6386,#6387,#6388));
#963=EDGE_LOOP('',(#6389,#6390,#6391,#6392));
#964=EDGE_LOOP('',(#6393,#6394,#6395,#6396));
#965=EDGE_LOOP('',(#6397,#6398,#6399,#6400));
#966=EDGE_LOOP('',(#6401,#6402,#6403,#6404));
#967=EDGE_LOOP('',(#6405,#6406,#6407,#6408));
#968=EDGE_LOOP('',(#6409,#6410,#6411,#6412));
#969=EDGE_LOOP('',(#6413,#6414,#6415,#6416));
#970=EDGE_LOOP('',(#6417,#6418,#6419,#6420));
#971=EDGE_LOOP('',(#6421,#6422,#6423,#6424));
#972=EDGE_LOOP('',(#6425,#6426,#6427,#6428));
#973=EDGE_LOOP('',(#6429,#6430,#6431,#6432));
#974=EDGE_LOOP('',(#6433,#6434,#6435,#6436));
#975=EDGE_LOOP('',(#6437,#6438,#6439,#6440));
#976=EDGE_LOOP('',(#6441,#6442,#6443,#6444));
#977=EDGE_LOOP('',(#6445,#6446,#6447,#6448));
#978=EDGE_LOOP('',(#6449,#6450,#6451,#6452));
#979=EDGE_LOOP('',(#6453,#6454,#6455,#6456));
#980=EDGE_LOOP('',(#6457,#6458,#6459,#6460));
#981=EDGE_LOOP('',(#6461,#6462,#6463,#6464));
#982=EDGE_LOOP('',(#6465,#6466,#6467,#6468,#6469,#6470,#6471,#6472));
#983=EDGE_LOOP('',(#6473,#6474,#6475,#6476));
#984=EDGE_LOOP('',(#6477,#6478,#6479,#6480));
#985=EDGE_LOOP('',(#6481,#6482,#6483,#6484));
#986=EDGE_LOOP('',(#6485,#6486,#6487,#6488));
#987=EDGE_LOOP('',(#6489,#6490,#6491,#6492));
#988=EDGE_LOOP('',(#6493,#6494,#6495,#6496));
#989=EDGE_LOOP('',(#6497,#6498,#6499,#6500,#6501,#6502,#6503,#6504,#6505,
#6506,#6507,#6508,#6509,#6510,#6511,#6512,#6513,#6514,#6515));
#990=EDGE_LOOP('',(#6516,#6517,#6518,#6519));
#991=EDGE_LOOP('',(#6520,#6521,#6522,#6523));
#992=EDGE_LOOP('',(#6524,#6525,#6526,#6527));
#993=EDGE_LOOP('',(#6528,#6529,#6530,#6531));
#994=EDGE_LOOP('',(#6532,#6533,#6534,#6535));
#995=EDGE_LOOP('',(#6536,#6537,#6538,#6539,#6540,#6541,#6542));
#996=EDGE_LOOP('',(#6543,#6544,#6545,#6546));
#997=EDGE_LOOP('',(#6547,#6548,#6549,#6550,#6551,#6552,#6553,#6554,#6555,
#6556,#6557,#6558));
#998=EDGE_LOOP('',(#6559,#6560,#6561));
#999=EDGE_LOOP('',(#6562,#6563,#6564,#6565,#6566,#6567,#6568,#6569,#6570));
#1000=EDGE_LOOP('',(#6571,#6572,#6573,#6574,#6575));
#1001=EDGE_LOOP('',(#6576,#6577,#6578,#6579,#6580,#6581));
#1002=EDGE_LOOP('',(#6582,#6583,#6584,#6585));
#1003=EDGE_LOOP('',(#6586,#6587,#6588,#6589,#6590,#6591,#6592,#6593,#6594,
#6595,#6596,#6597,#6598,#6599,#6600,#6601,#6602,#6603,#6604,#6605,#6606,
#6607,#6608,#6609,#6610,#6611,#6612,#6613,#6614,#6615,#6616,#6617,#6618));
#1004=EDGE_LOOP('',(#6619,#6620,#6621,#6622));
#1005=EDGE_LOOP('',(#6623,#6624,#6625,#6626,#6627,#6628,#6629));
#1006=EDGE_LOOP('',(#6630,#6631,#6632,#6633));
#1007=EDGE_LOOP('',(#6634,#6635,#6636,#6637,#6638,#6639,#6640,#6641,#6642,
#6643,#6644,#6645,#6646,#6647,#6648,#6649));
#1008=EDGE_LOOP('',(#6650,#6651,#6652,#6653,#6654,#6655,#6656,#6657,#6658,
#6659,#6660,#6661,#6662,#6663,#6664,#6665));
#1009=EDGE_LOOP('',(#6666,#6667,#6668,#6669,#6670,#6671,#6672,#6673,#6674,
#6675,#6676,#6677,#6678,#6679,#6680,#6681));
#1010=EDGE_LOOP('',(#6682,#6683,#6684,#6685));
#1011=EDGE_LOOP('',(#6686,#6687,#6688,#6689));
#1012=EDGE_LOOP('',(#6690,#6691,#6692,#6693));
#1013=EDGE_LOOP('',(#6694,#6695,#6696,#6697));
#1014=EDGE_LOOP('',(#6698,#6699,#6700,#6701));
#1015=EDGE_LOOP('',(#6702,#6703,#6704,#6705));
#1016=EDGE_LOOP('',(#6706,#6707,#6708,#6709));
#1017=EDGE_LOOP('',(#6710,#6711,#6712,#6713));
#1018=EDGE_LOOP('',(#6714,#6715,#6716,#6717));
#1019=EDGE_LOOP('',(#6718,#6719,#6720,#6721));
#1020=EDGE_LOOP('',(#6722,#6723,#6724,#6725));
#1021=EDGE_LOOP('',(#6726,#6727,#6728,#6729));
#1022=EDGE_LOOP('',(#6730,#6731,#6732,#6733));
#1023=EDGE_LOOP('',(#6734,#6735,#6736,#6737));
#1024=EDGE_LOOP('',(#6738,#6739,#6740,#6741));
#1025=EDGE_LOOP('',(#6742,#6743,#6744,#6745));
#1026=EDGE_LOOP('',(#6746,#6747,#6748,#6749));
#1027=EDGE_LOOP('',(#6750,#6751,#6752,#6753));
#1028=EDGE_LOOP('',(#6754,#6755,#6756,#6757));
#1029=EDGE_LOOP('',(#6758,#6759,#6760,#6761));
#1030=EDGE_LOOP('',(#6762,#6763,#6764,#6765));
#1031=EDGE_LOOP('',(#6766,#6767,#6768,#6769));
#1032=EDGE_LOOP('',(#6770,#6771,#6772,#6773));
#1033=EDGE_LOOP('',(#6774,#6775,#6776,#6777));
#1034=EDGE_LOOP('',(#6778,#6779,#6780,#6781));
#1035=EDGE_LOOP('',(#6782,#6783,#6784,#6785));
#1036=EDGE_LOOP('',(#6786,#6787,#6788,#6789));
#1037=EDGE_LOOP('',(#6790,#6791,#6792,#6793));
#1038=EDGE_LOOP('',(#6794,#6795,#6796,#6797));
#1039=EDGE_LOOP('',(#6798,#6799,#6800,#6801));
#1040=EDGE_LOOP('',(#6802,#6803,#6804,#6805));
#1041=EDGE_LOOP('',(#6806,#6807,#6808,#6809));
#1042=EDGE_LOOP('',(#6810,#6811,#6812,#6813));
#1043=EDGE_LOOP('',(#6814,#6815,#6816,#6817));
#1044=EDGE_LOOP('',(#6818,#6819,#6820,#6821));
#1045=EDGE_LOOP('',(#6822,#6823,#6824,#6825));
#1046=EDGE_LOOP('',(#6826,#6827,#6828,#6829));
#1047=EDGE_LOOP('',(#6830,#6831,#6832,#6833));
#1048=EDGE_LOOP('',(#6834,#6835,#6836,#6837));
#1049=EDGE_LOOP('',(#6838,#6839,#6840,#6841));
#1050=EDGE_LOOP('',(#6842,#6843,#6844,#6845));
#1051=EDGE_LOOP('',(#6846,#6847,#6848,#6849));
#1052=EDGE_LOOP('',(#6850,#6851,#6852,#6853));
#1053=EDGE_LOOP('',(#6854,#6855,#6856,#6857));
#1054=EDGE_LOOP('',(#6858,#6859,#6860,#6861));
#1055=EDGE_LOOP('',(#6862,#6863,#6864,#6865));
#1056=EDGE_LOOP('',(#6866,#6867,#6868,#6869));
#1057=EDGE_LOOP('',(#6870,#6871,#6872,#6873));
#1058=EDGE_LOOP('',(#6874,#6875,#6876,#6877));
#1059=EDGE_LOOP('',(#6878,#6879,#6880,#6881,#6882,#6883));
#1060=EDGE_LOOP('',(#6884,#6885,#6886,#6887));
#1061=EDGE_LOOP('',(#6888,#6889,#6890,#6891,#6892));
#1062=EDGE_LOOP('',(#6893,#6894,#6895,#6896,#6897,#6898,#6899,#6900));
#1063=EDGE_LOOP('',(#6901,#6902,#6903,#6904));
#1064=EDGE_LOOP('',(#6905,#6906,#6907,#6908,#6909,#6910));
#1065=EDGE_LOOP('',(#6911,#6912,#6913,#6914));
#1066=EDGE_LOOP('',(#6915,#6916,#6917,#6918));
#1067=EDGE_LOOP('',(#6919,#6920,#6921,#6922,#6923));
#1068=EDGE_LOOP('',(#6924,#6925,#6926,#6927));
#1069=EDGE_LOOP('',(#6928,#6929,#6930,#6931));
#1070=EDGE_LOOP('',(#6932,#6933,#6934,#6935));
#1071=EDGE_LOOP('',(#6936,#6937,#6938,#6939));
#1072=EDGE_LOOP('',(#6940,#6941,#6942,#6943,#6944,#6945));
#1073=EDGE_LOOP('',(#6946,#6947,#6948,#6949));
#1074=EDGE_LOOP('',(#6950,#6951,#6952,#6953));
#1075=EDGE_LOOP('',(#6954,#6955,#6956));
#1076=EDGE_LOOP('',(#6957,#6958,#6959,#6960));
#1077=EDGE_LOOP('',(#6961,#6962,#6963,#6964));
#1078=EDGE_LOOP('',(#6965,#6966,#6967,#6968,#6969,#6970,#6971,#6972,#6973,
#6974,#6975,#6976,#6977,#6978,#6979,#6980,#6981,#6982,#6983,#6984,#6985));
#1079=EDGE_LOOP('',(#6986,#6987,#6988,#6989,#6990));
#1080=EDGE_LOOP('',(#6991,#6992,#6993,#6994));
#1081=EDGE_LOOP('',(#6995,#6996,#6997,#6998));
#1082=EDGE_LOOP('',(#6999,#7000,#7001,#7002));
#1083=EDGE_LOOP('',(#7003,#7004,#7005,#7006));
#1084=EDGE_LOOP('',(#7007,#7008,#7009,#7010));
#1085=EDGE_LOOP('',(#7011,#7012,#7013,#7014));
#1086=EDGE_LOOP('',(#7015,#7016,#7017,#7018));
#1087=EDGE_LOOP('',(#7019,#7020,#7021,#7022));
#1088=EDGE_LOOP('',(#7023,#7024,#7025,#7026));
#1089=EDGE_LOOP('',(#7027,#7028,#7029,#7030,#7031));
#1090=EDGE_LOOP('',(#7032,#7033,#7034,#7035));
#1091=EDGE_LOOP('',(#7036,#7037,#7038,#7039));
#1092=EDGE_LOOP('',(#7040,#7041,#7042,#7043));
#1093=EDGE_LOOP('',(#7044,#7045,#7046,#7047));
#1094=EDGE_LOOP('',(#7048,#7049,#7050,#7051));
#1095=EDGE_LOOP('',(#7052,#7053,#7054,#7055));
#1096=EDGE_LOOP('',(#7056,#7057,#7058,#7059));
#1097=EDGE_LOOP('',(#7060,#7061,#7062,#7063));
#1098=EDGE_LOOP('',(#7064,#7065,#7066,#7067));
#1099=EDGE_LOOP('',(#7068,#7069,#7070,#7071));
#1100=EDGE_LOOP('',(#7072,#7073,#7074,#7075));
#1101=EDGE_LOOP('',(#7076,#7077,#7078,#7079));
#1102=EDGE_LOOP('',(#7080,#7081,#7082,#7083));
#1103=EDGE_LOOP('',(#7084,#7085,#7086,#7087));
#1104=EDGE_LOOP('',(#7088,#7089,#7090,#7091));
#1105=EDGE_LOOP('',(#7092,#7093,#7094,#7095));
#1106=EDGE_LOOP('',(#7096,#7097,#7098,#7099));
#1107=EDGE_LOOP('',(#7100,#7101,#7102,#7103));
#1108=EDGE_LOOP('',(#7104,#7105,#7106,#7107,#7108,#7109,#7110,#7111,#7112,
#7113,#7114,#7115,#7116,#7117,#7118,#7119,#7120,#7121,#7122,#7123,#7124,
#7125,#7126,#7127,#7128,#7129,#7130,#7131,#7132,#7133,#7134,#7135,#7136,
#7137,#7138,#7139));
#1109=EDGE_LOOP('',(#7140,#7141,#7142,#7143,#7144,#7145,#7146,#7147,#7148,
#7149,#7150,#7151,#7152,#7153,#7154,#7155,#7156,#7157,#7158,#7159,#7160,
#7161,#7162,#7163,#7164,#7165,#7166,#7167,#7168,#7169,#7170,#7171,#7172,
#7173,#7174,#7175));
#1110=EDGE_LOOP('',(#7176,#7177,#7178,#7179,#7180,#7181,#7182,#7183,#7184,
#7185,#7186,#7187,#7188,#7189,#7190,#7191,#7192,#7193,#7194,#7195,#7196));
#1111=EDGE_LOOP('',(#7197,#7198,#7199,#7200,#7201));
#1112=EDGE_LOOP('',(#7202,#7203,#7204,#7205));
#1113=EDGE_LOOP('',(#7206,#7207,#7208,#7209,#7210));
#1114=EDGE_LOOP('',(#7211,#7212,#7213,#7214));
#1115=EDGE_LOOP('',(#7215,#7216,#7217,#7218));
#1116=EDGE_LOOP('',(#7219,#7220,#7221,#7222));
#1117=EDGE_LOOP('',(#7223,#7224,#7225,#7226));
#1118=EDGE_LOOP('',(#7227,#7228,#7229,#7230));
#1119=EDGE_LOOP('',(#7231,#7232,#7233,#7234));
#1120=EDGE_LOOP('',(#7235,#7236,#7237,#7238));
#1121=EDGE_LOOP('',(#7239,#7240,#7241,#7242));
#1122=EDGE_LOOP('',(#7243,#7244,#7245,#7246));
#1123=EDGE_LOOP('',(#7247,#7248,#7249,#7250));
#1124=EDGE_LOOP('',(#7251,#7252,#7253,#7254));
#1125=EDGE_LOOP('',(#7255,#7256,#7257,#7258));
#1126=EDGE_LOOP('',(#7259,#7260,#7261,#7262));
#1127=EDGE_LOOP('',(#7263,#7264,#7265,#7266));
#1128=EDGE_LOOP('',(#7267,#7268,#7269,#7270));
#1129=EDGE_LOOP('',(#7271,#7272,#7273,#7274));
#1130=EDGE_LOOP('',(#7275,#7276,#7277,#7278));
#1131=EDGE_LOOP('',(#7279,#7280,#7281,#7282));
#1132=EDGE_LOOP('',(#7283,#7284,#7285,#7286));
#1133=EDGE_LOOP('',(#7287,#7288,#7289,#7290));
#1134=EDGE_LOOP('',(#7291,#7292,#7293,#7294));
#1135=EDGE_LOOP('',(#7295,#7296,#7297,#7298,#7299));
#1136=EDGE_LOOP('',(#7300,#7301,#7302,#7303,#7304,#7305,#7306,#7307,#7308,
#7309,#7310,#7311,#7312,#7313,#7314,#7315,#7316,#7317,#7318,#7319,#7320,
#7321,#7322,#7323,#7324,#7325,#7326,#7327,#7328,#7329,#7330,#7331,#7332,
#7333,#7334,#7335,#7336));
#1137=EDGE_LOOP('',(#7337,#7338,#7339,#7340));
#1138=EDGE_LOOP('',(#7341,#7342,#7343,#7344,#7345,#7346,#7347,#7348,#7349,
#7350,#7351,#7352,#7353,#7354,#7355,#7356,#7357,#7358,#7359,#7360));
#1139=EDGE_LOOP('',(#7361,#7362,#7363,#7364));
#1140=EDGE_LOOP('',(#7365,#7366,#7367,#7368));
#1141=EDGE_LOOP('',(#7369,#7370,#7371,#7372,#7373));
#1142=EDGE_LOOP('',(#7374,#7375,#7376,#7377));
#1143=EDGE_LOOP('',(#7378,#7379,#7380,#7381));
#1144=EDGE_LOOP('',(#7382,#7383,#7384,#7385));
#1145=EDGE_LOOP('',(#7386,#7387,#7388,#7389));
#1146=EDGE_LOOP('',(#7390,#7391,#7392,#7393));
#1147=EDGE_LOOP('',(#7394,#7395,#7396,#7397));
#1148=EDGE_LOOP('',(#7398,#7399,#7400,#7401));
#1149=EDGE_LOOP('',(#7402,#7403,#7404,#7405));
#1150=EDGE_LOOP('',(#7406,#7407,#7408,#7409));
#1151=EDGE_LOOP('',(#7410,#7411,#7412,#7413));
#1152=EDGE_LOOP('',(#7414,#7415,#7416,#7417));
#1153=EDGE_LOOP('',(#7418,#7419,#7420,#7421));
#1154=EDGE_LOOP('',(#7422,#7423,#7424,#7425));
#1155=EDGE_LOOP('',(#7426,#7427,#7428,#7429));
#1156=EDGE_LOOP('',(#7430,#7431,#7432,#7433));
#1157=EDGE_LOOP('',(#7434,#7435,#7436,#7437));
#1158=EDGE_LOOP('',(#7438,#7439,#7440,#7441));
#1159=EDGE_LOOP('',(#7442,#7443,#7444,#7445));
#1160=EDGE_LOOP('',(#7446,#7447,#7448,#7449));
#1161=EDGE_LOOP('',(#7450,#7451,#7452,#7453));
#1162=EDGE_LOOP('',(#7454,#7455,#7456,#7457));
#1163=EDGE_LOOP('',(#7458,#7459,#7460,#7461));
#1164=EDGE_LOOP('',(#7462,#7463,#7464,#7465));
#1165=EDGE_LOOP('',(#7466,#7467,#7468,#7469));
#1166=EDGE_LOOP('',(#7470,#7471,#7472,#7473));
#1167=EDGE_LOOP('',(#7474,#7475,#7476,#7477,#7478,#7479,#7480,#7481));
#1168=LINE('',#10916,#2148);
#1169=LINE('',#10918,#2149);
#1170=LINE('',#10920,#2150);
#1171=LINE('',#10921,#2151);
#1172=LINE('',#10925,#2152);
#1173=LINE('',#10927,#2153);
#1174=LINE('',#10929,#2154);
#1175=LINE('',#10930,#2155);
#1176=LINE('',#10932,#2156);
#1177=LINE('',#10933,#2157);
#1178=LINE('',#10937,#2158);
#1179=LINE('',#10939,#2159);
#1180=LINE('',#10941,#2160);
#1181=LINE('',#10942,#2161);
#1182=LINE('',#10945,#2162);
#1183=LINE('',#10947,#2163);
#1184=LINE('',#10948,#2164);
#1185=LINE('',#10951,#2165);
#1186=LINE('',#10953,#2166);
#1187=LINE('',#10954,#2167);
#1188=LINE('',#10956,#2168);
#1189=LINE('',#10957,#2169);
#1190=LINE('',#10961,#2170);
#1191=LINE('',#10963,#2171);
#1192=LINE('',#10965,#2172);
#1193=LINE('',#10966,#2173);
#1194=LINE('',#10969,#2174);
#1195=LINE('',#10971,#2175);
#1196=LINE('',#10972,#2176);
#1197=LINE('',#10975,#2177);
#1198=LINE('',#10977,#2178);
#1199=LINE('',#10978,#2179);
#1200=LINE('',#10980,#2180);
#1201=LINE('',#10981,#2181);
#1202=LINE('',#10985,#2182);
#1203=LINE('',#10987,#2183);
#1204=LINE('',#10989,#2184);
#1205=LINE('',#10990,#2185);
#1206=LINE('',#10994,#2186);
#1207=LINE('',#10996,#2187);
#1208=LINE('',#10998,#2188);
#1209=LINE('',#10999,#2189);
#1210=LINE('',#11001,#2190);
#1211=LINE('',#11002,#2191);
#1212=LINE('',#11006,#2192);
#1213=LINE('',#11008,#2193);
#1214=LINE('',#11010,#2194);
#1215=LINE('',#11011,#2195);
#1216=LINE('',#11014,#2196);
#1217=LINE('',#11016,#2197);
#1218=LINE('',#11017,#2198);
#1219=LINE('',#11020,#2199);
#1220=LINE('',#11022,#2200);
#1221=LINE('',#11023,#2201);
#1222=LINE('',#11025,#2202);
#1223=LINE('',#11026,#2203);
#1224=LINE('',#11030,#2204);
#1225=LINE('',#11032,#2205);
#1226=LINE('',#11034,#2206);
#1227=LINE('',#11035,#2207);
#1228=LINE('',#11038,#2208);
#1229=LINE('',#11040,#2209);
#1230=LINE('',#11041,#2210);
#1231=LINE('',#11044,#2211);
#1232=LINE('',#11046,#2212);
#1233=LINE('',#11047,#2213);
#1234=LINE('',#11049,#2214);
#1235=LINE('',#11050,#2215);
#1236=LINE('',#11053,#2216);
#1237=LINE('',#11055,#2217);
#1238=LINE('',#11056,#2218);
#1239=LINE('',#11059,#2219);
#1240=LINE('',#11061,#2220);
#1241=LINE('',#11062,#2221);
#1242=LINE('',#11065,#2222);
#1243=LINE('',#11067,#2223);
#1244=LINE('',#11068,#2224);
#1245=LINE('',#11071,#2225);
#1246=LINE('',#11073,#2226);
#1247=LINE('',#11074,#2227);
#1248=LINE('',#11077,#2228);
#1249=LINE('',#11079,#2229);
#1250=LINE('',#11081,#2230);
#1251=LINE('',#11083,#2231);
#1252=LINE('',#11085,#2232);
#1253=LINE('',#11087,#2233);
#1254=LINE('',#11089,#2234);
#1255=LINE('',#11091,#2235);
#1256=LINE('',#11093,#2236);
#1257=LINE('',#11095,#2237);
#1258=LINE('',#11097,#2238);
#1259=LINE('',#11099,#2239);
#1260=LINE('',#11101,#2240);
#1261=LINE('',#11103,#2241);
#1262=LINE('',#11105,#2242);
#1263=LINE('',#11107,#2243);
#1264=LINE('',#11109,#2244);
#1265=LINE('',#11110,#2245);
#1266=LINE('',#11113,#2246);
#1267=LINE('',#11115,#2247);
#1268=LINE('',#11117,#2248);
#1269=LINE('',#11118,#2249);
#1270=LINE('',#11121,#2250);
#1271=LINE('',#11123,#2251);
#1272=LINE('',#11125,#2252);
#1273=LINE('',#11127,#2253);
#1274=LINE('',#11129,#2254);
#1275=LINE('',#11131,#2255);
#1276=LINE('',#11133,#2256);
#1277=LINE('',#11135,#2257);
#1278=LINE('',#11137,#2258);
#1279=LINE('',#11139,#2259);
#1280=LINE('',#11141,#2260);
#1281=LINE('',#11143,#2261);
#1282=LINE('',#11145,#2262);
#1283=LINE('',#11147,#2263);
#1284=LINE('',#11149,#2264);
#1285=LINE('',#11150,#2265);
#1286=LINE('',#11153,#2266);
#1287=LINE('',#11155,#2267);
#1288=LINE('',#11157,#2268);
#1289=LINE('',#11159,#2269);
#1290=LINE('',#11161,#2270);
#1291=LINE('',#11163,#2271);
#1292=LINE('',#11165,#2272);
#1293=LINE('',#11167,#2273);
#1294=LINE('',#11169,#2274);
#1295=LINE('',#11171,#2275);
#1296=LINE('',#11173,#2276);
#1297=LINE('',#11175,#2277);
#1298=LINE('',#11177,#2278);
#1299=LINE('',#11179,#2279);
#1300=LINE('',#11181,#2280);
#1301=LINE('',#11182,#2281);
#1302=LINE('',#11185,#2282);
#1303=LINE('',#11187,#2283);
#1304=LINE('',#11189,#2284);
#1305=LINE('',#11191,#2285);
#1306=LINE('',#11193,#2286);
#1307=LINE('',#11195,#2287);
#1308=LINE('',#11197,#2288);
#1309=LINE('',#11199,#2289);
#1310=LINE('',#11201,#2290);
#1311=LINE('',#11203,#2291);
#1312=LINE('',#11205,#2292);
#1313=LINE('',#11207,#2293);
#1314=LINE('',#11209,#2294);
#1315=LINE('',#11211,#2295);
#1316=LINE('',#11213,#2296);
#1317=LINE('',#11214,#2297);
#1318=LINE('',#11217,#2298);
#1319=LINE('',#11219,#2299);
#1320=LINE('',#11221,#2300);
#1321=LINE('',#11223,#2301);
#1322=LINE('',#11225,#2302);
#1323=LINE('',#11227,#2303);
#1324=LINE('',#11229,#2304);
#1325=LINE('',#11231,#2305);
#1326=LINE('',#11233,#2306);
#1327=LINE('',#11235,#2307);
#1328=LINE('',#11237,#2308);
#1329=LINE('',#11239,#2309);
#1330=LINE('',#11241,#2310);
#1331=LINE('',#11243,#2311);
#1332=LINE('',#11245,#2312);
#1333=LINE('',#11247,#2313);
#1334=LINE('',#11249,#2314);
#1335=LINE('',#11250,#2315);
#1336=LINE('',#11253,#2316);
#1337=LINE('',#11255,#2317);
#1338=LINE('',#11257,#2318);
#1339=LINE('',#11259,#2319);
#1340=LINE('',#11261,#2320);
#1341=LINE('',#11263,#2321);
#1342=LINE('',#11265,#2322);
#1343=LINE('',#11267,#2323);
#1344=LINE('',#11269,#2324);
#1345=LINE('',#11271,#2325);
#1346=LINE('',#11273,#2326);
#1347=LINE('',#11275,#2327);
#1348=LINE('',#11277,#2328);
#1349=LINE('',#11279,#2329);
#1350=LINE('',#11281,#2330);
#1351=LINE('',#11282,#2331);
#1352=LINE('',#11285,#2332);
#1353=LINE('',#11287,#2333);
#1354=LINE('',#11289,#2334);
#1355=LINE('',#11291,#2335);
#1356=LINE('',#11293,#2336);
#1357=LINE('',#11295,#2337);
#1358=LINE('',#11297,#2338);
#1359=LINE('',#11299,#2339);
#1360=LINE('',#11301,#2340);
#1361=LINE('',#11303,#2341);
#1362=LINE('',#11305,#2342);
#1363=LINE('',#11307,#2343);
#1364=LINE('',#11309,#2344);
#1365=LINE('',#11311,#2345);
#1366=LINE('',#11313,#2346);
#1367=LINE('',#11314,#2347);
#1368=LINE('',#11317,#2348);
#1369=LINE('',#11319,#2349);
#1370=LINE('',#11321,#2350);
#1371=LINE('',#11323,#2351);
#1372=LINE('',#11325,#2352);
#1373=LINE('',#11327,#2353);
#1374=LINE('',#11329,#2354);
#1375=LINE('',#11331,#2355);
#1376=LINE('',#11333,#2356);
#1377=LINE('',#11335,#2357);
#1378=LINE('',#11337,#2358);
#1379=LINE('',#11339,#2359);
#1380=LINE('',#11341,#2360);
#1381=LINE('',#11343,#2361);
#1382=LINE('',#11345,#2362);
#1383=LINE('',#11346,#2363);
#1384=LINE('',#11349,#2364);
#1385=LINE('',#11351,#2365);
#1386=LINE('',#11353,#2366);
#1387=LINE('',#11354,#2367);
#1388=LINE('',#11357,#2368);
#1389=LINE('',#11359,#2369);
#1390=LINE('',#11361,#2370);
#1391=LINE('',#11363,#2371);
#1392=LINE('',#11365,#2372);
#1393=LINE('',#11367,#2373);
#1394=LINE('',#11369,#2374);
#1395=LINE('',#11371,#2375);
#1396=LINE('',#11372,#2376);
#1397=LINE('',#11375,#2377);
#1398=LINE('',#11377,#2378);
#1399=LINE('',#11379,#2379);
#1400=LINE('',#11381,#2380);
#1401=LINE('',#11383,#2381);
#1402=LINE('',#11385,#2382);
#1403=LINE('',#11387,#2383);
#1404=LINE('',#11388,#2384);
#1405=LINE('',#11394,#2385);
#1406=LINE('',#11397,#2386);
#1407=LINE('',#11400,#2387);
#1408=LINE('',#11402,#2388);
#1409=LINE('',#11403,#2389);
#1410=LINE('',#11404,#2390);
#1411=LINE('',#11405,#2391);
#1412=LINE('',#11407,#2392);
#1413=LINE('',#11412,#2393);
#1414=LINE('',#11416,#2394);
#1415=LINE('',#11418,#2395);
#1416=LINE('',#11419,#2396);
#1417=LINE('',#11421,#2397);
#1418=LINE('',#11423,#2398);
#1419=LINE('',#11425,#2399);
#1420=LINE('',#11427,#2400);
#1421=LINE('',#11505,#2401);
#1422=LINE('',#11508,#2402);
#1423=LINE('',#11509,#2403);
#1424=LINE('',#11511,#2404);
#1425=LINE('',#11512,#2405);
#1426=LINE('',#11744,#2406);
#1427=LINE('',#11745,#2407);
#1428=LINE('',#11748,#2408);
#1429=LINE('',#11750,#2409);
#1430=LINE('',#11752,#2410);
#1431=LINE('',#11754,#2411);
#1432=LINE('',#11756,#2412);
#1433=LINE('',#11758,#2413);
#1434=LINE('',#11760,#2414);
#1435=LINE('',#11762,#2415);
#1436=LINE('',#11764,#2416);
#1437=LINE('',#11766,#2417);
#1438=LINE('',#11767,#2418);
#1439=LINE('',#11770,#2419);
#1440=LINE('',#11772,#2420);
#1441=LINE('',#11774,#2421);
#1442=LINE('',#11775,#2422);
#1443=LINE('',#11777,#2423);
#1444=LINE('',#11778,#2424);
#1445=LINE('',#11780,#2425);
#1446=LINE('',#11782,#2426);
#1447=LINE('',#11783,#2427);
#1448=LINE('',#11785,#2428);
#1449=LINE('',#11786,#2429);
#1450=LINE('',#11789,#2430);
#1451=LINE('',#11790,#2431);
#1452=LINE('',#11795,#2432);
#1453=LINE('',#11797,#2433);
#1454=LINE('',#11799,#2434);
#1455=LINE('',#11800,#2435);
#1456=LINE('',#11803,#2436);
#1457=LINE('',#11805,#2437);
#1458=LINE('',#11806,#2438);
#1459=LINE('',#11808,#2439);
#1460=LINE('',#11810,#2440);
#1461=LINE('',#11812,#2441);
#1462=LINE('',#11813,#2442);
#1463=LINE('',#11824,#2443);
#1464=LINE('',#11825,#2444);
#1465=LINE('',#11876,#2445);
#1466=LINE('',#11882,#2446);
#1467=LINE('',#11885,#2447);
#1468=LINE('',#11887,#2448);
#1469=LINE('',#11888,#2449);
#1470=LINE('',#11923,#2450);
#1471=LINE('',#11925,#2451);
#1472=LINE('',#11927,#2452);
#1473=LINE('',#11934,#2453);
#1474=LINE('',#11936,#2454);
#1475=LINE('',#11937,#2455);
#1476=LINE('',#11939,#2456);
#1477=LINE('',#11943,#2457);
#1478=LINE('',#11947,#2458);
#1479=LINE('',#11951,#2459);
#1480=LINE('',#11955,#2460);
#1481=LINE('',#11959,#2461);
#1482=LINE('',#11963,#2462);
#1483=LINE('',#11967,#2463);
#1484=LINE('',#11971,#2464);
#1485=LINE('',#11975,#2465);
#1486=LINE('',#11979,#2466);
#1487=LINE('',#11983,#2467);
#1488=LINE('',#11987,#2468);
#1489=LINE('',#11991,#2469);
#1490=LINE('',#11994,#2470);
#1491=LINE('',#11997,#2471);
#1492=LINE('',#12000,#2472);
#1493=LINE('',#12003,#2473);
#1494=LINE('',#12004,#2474);
#1495=LINE('',#12007,#2475);
#1496=LINE('',#12009,#2476);
#1497=LINE('',#12011,#2477);
#1498=LINE('',#12013,#2478);
#1499=LINE('',#12015,#2479);
#1500=LINE('',#12017,#2480);
#1501=LINE('',#12019,#2481);
#1502=LINE('',#12021,#2482);
#1503=LINE('',#12023,#2483);
#1504=LINE('',#12025,#2484);
#1505=LINE('',#12027,#2485);
#1506=LINE('',#12029,#2486);
#1507=LINE('',#12031,#2487);
#1508=LINE('',#12032,#2488);
#1509=LINE('',#12036,#2489);
#1510=LINE('',#12038,#2490);
#1511=LINE('',#12040,#2491);
#1512=LINE('',#12042,#2492);
#1513=LINE('',#12044,#2493);
#1514=LINE('',#12046,#2494);
#1515=LINE('',#12048,#2495);
#1516=LINE('',#12050,#2496);
#1517=LINE('',#12052,#2497);
#1518=LINE('',#12054,#2498);
#1519=LINE('',#12056,#2499);
#1520=LINE('',#12058,#2500);
#1521=LINE('',#12060,#2501);
#1522=LINE('',#12062,#2502);
#1523=LINE('',#12064,#2503);
#1524=LINE('',#12065,#2504);
#1525=LINE('',#12069,#2505);
#1526=LINE('',#12071,#2506);
#1527=LINE('',#12073,#2507);
#1528=LINE('',#12075,#2508);
#1529=LINE('',#12077,#2509);
#1530=LINE('',#12079,#2510);
#1531=LINE('',#12081,#2511);
#1532=LINE('',#12083,#2512);
#1533=LINE('',#12085,#2513);
#1534=LINE('',#12087,#2514);
#1535=LINE('',#12089,#2515);
#1536=LINE('',#12091,#2516);
#1537=LINE('',#12093,#2517);
#1538=LINE('',#12095,#2518);
#1539=LINE('',#12097,#2519);
#1540=LINE('',#12098,#2520);
#1541=LINE('',#12100,#2521);
#1542=LINE('',#12101,#2522);
#1543=LINE('',#12103,#2523);
#1544=LINE('',#12105,#2524);
#1545=LINE('',#12107,#2525);
#1546=LINE('',#12109,#2526);
#1547=LINE('',#12111,#2527);
#1548=LINE('',#12113,#2528);
#1549=LINE('',#12115,#2529);
#1550=LINE('',#12117,#2530);
#1551=LINE('',#12119,#2531);
#1552=LINE('',#12121,#2532);
#1553=LINE('',#12123,#2533);
#1554=LINE('',#12125,#2534);
#1555=LINE('',#12127,#2535);
#1556=LINE('',#12129,#2536);
#1557=LINE('',#12133,#2537);
#1558=LINE('',#12134,#2538);
#1559=LINE('',#12136,#2539);
#1560=LINE('',#12138,#2540);
#1561=LINE('',#12140,#2541);
#1562=LINE('',#12142,#2542);
#1563=LINE('',#12144,#2543);
#1564=LINE('',#12146,#2544);
#1565=LINE('',#12148,#2545);
#1566=LINE('',#12150,#2546);
#1567=LINE('',#12152,#2547);
#1568=LINE('',#12154,#2548);
#1569=LINE('',#12156,#2549);
#1570=LINE('',#12158,#2550);
#1571=LINE('',#12160,#2551);
#1572=LINE('',#12162,#2552);
#1573=LINE('',#12165,#2553);
#1574=LINE('',#12167,#2554);
#1575=LINE('',#12169,#2555);
#1576=LINE('',#12171,#2556);
#1577=LINE('',#12173,#2557);
#1578=LINE('',#12175,#2558);
#1579=LINE('',#12177,#2559);
#1580=LINE('',#12179,#2560);
#1581=LINE('',#12181,#2561);
#1582=LINE('',#12183,#2562);
#1583=LINE('',#12185,#2563);
#1584=LINE('',#12187,#2564);
#1585=LINE('',#12189,#2565);
#1586=LINE('',#12194,#2566);
#1587=LINE('',#12196,#2567);
#1588=LINE('',#12198,#2568);
#1589=LINE('',#12199,#2569);
#1590=LINE('',#12203,#2570);
#1591=LINE('',#12206,#2571);
#1592=LINE('',#12207,#2572);
#1593=LINE('',#12236,#2573);
#1594=LINE('',#12243,#2574);
#1595=LINE('',#12269,#2575);
#1596=LINE('',#12270,#2576);
#1597=LINE('',#12273,#2577);
#1598=LINE('',#12277,#2578);
#1599=LINE('',#12280,#2579);
#1600=LINE('',#12282,#2580);
#1601=LINE('',#12283,#2581);
#1602=LINE('',#12285,#2582);
#1603=LINE('',#12286,#2583);
#1604=LINE('',#12289,#2584);
#1605=LINE('',#12291,#2585);
#1606=LINE('',#12293,#2586);
#1607=LINE('',#12294,#2587);
#1608=LINE('',#12297,#2588);
#1609=LINE('',#12298,#2589);
#1610=LINE('',#12301,#2590);
#1611=LINE('',#12303,#2591);
#1612=LINE('',#12304,#2592);
#1613=LINE('',#12308,#2593);
#1614=LINE('',#12311,#2594);
#1615=LINE('',#12312,#2595);
#1616=LINE('',#12317,#2596);
#1617=LINE('',#12320,#2597);
#1618=LINE('',#12323,#2598);
#1619=LINE('',#12324,#2599);
#1620=LINE('',#12328,#2600);
#1621=LINE('',#12330,#2601);
#1622=LINE('',#12332,#2602);
#1623=LINE('',#12333,#2603);
#1624=LINE('',#12336,#2604);
#1625=LINE('',#12337,#2605);
#1626=LINE('',#12341,#2606);
#1627=LINE('',#12343,#2607);
#1628=LINE('',#12345,#2608);
#1629=LINE('',#12346,#2609);
#1630=LINE('',#12348,#2610);
#1631=LINE('',#12350,#2611);
#1632=LINE('',#12351,#2612);
#1633=LINE('',#12354,#2613);
#1634=LINE('',#12356,#2614);
#1635=LINE('',#12360,#2615);
#1636=LINE('',#12364,#2616);
#1637=LINE('',#12368,#2617);
#1638=LINE('',#12372,#2618);
#1639=LINE('',#12376,#2619);
#1640=LINE('',#12380,#2620);
#1641=LINE('',#12384,#2621);
#1642=LINE('',#12387,#2622);
#1643=LINE('',#12390,#2623);
#1644=LINE('',#12394,#2624);
#1645=LINE('',#12395,#2625);
#1646=LINE('',#12398,#2626);
#1647=LINE('',#12402,#2627);
#1648=LINE('',#12403,#2628);
#1649=LINE('',#12406,#2629);
#1650=LINE('',#12410,#2630);
#1651=LINE('',#12411,#2631);
#1652=LINE('',#12414,#2632);
#1653=LINE('',#12418,#2633);
#1654=LINE('',#12419,#2634);
#1655=LINE('',#12422,#2635);
#1656=LINE('',#12426,#2636);
#1657=LINE('',#12427,#2637);
#1658=LINE('',#12432,#2638);
#1659=LINE('',#12433,#2639);
#1660=LINE('',#12436,#2640);
#1661=LINE('',#12440,#2641);
#1662=LINE('',#12441,#2642);
#1663=LINE('',#12444,#2643);
#1664=LINE('',#12448,#2644);
#1665=LINE('',#12449,#2645);
#1666=LINE('',#12452,#2646);
#1667=LINE('',#12456,#2647);
#1668=LINE('',#12457,#2648);
#1669=LINE('',#12460,#2649);
#1670=LINE('',#12464,#2650);
#1671=LINE('',#12465,#2651);
#1672=LINE('',#12468,#2652);
#1673=LINE('',#12472,#2653);
#1674=LINE('',#12473,#2654);
#1675=LINE('',#12476,#2655);
#1676=LINE('',#12480,#2656);
#1677=LINE('',#12481,#2657);
#1678=LINE('',#12484,#2658);
#1679=LINE('',#12488,#2659);
#1680=LINE('',#12489,#2660);
#1681=LINE('',#12492,#2661);
#1682=LINE('',#12496,#2662);
#1683=LINE('',#12497,#2663);
#1684=LINE('',#12499,#2664);
#1685=LINE('',#12504,#2665);
#1686=LINE('',#12509,#2666);
#1687=LINE('',#12513,#2667);
#1688=LINE('',#12514,#2668);
#1689=LINE('',#12518,#2669);
#1690=LINE('',#12522,#2670);
#1691=LINE('',#12526,#2671);
#1692=LINE('',#12528,#2672);
#1693=LINE('',#12530,#2673);
#1694=LINE('',#12534,#2674);
#1695=LINE('',#12538,#2675);
#1696=LINE('',#12542,#2676);
#1697=LINE('',#12546,#2677);
#1698=LINE('',#12550,#2678);
#1699=LINE('',#12552,#2679);
#1700=LINE('',#12556,#2680);
#1701=LINE('',#12561,#2681);
#1702=LINE('',#12565,#2682);
#1703=LINE('',#12569,#2683);
#1704=LINE('',#12573,#2684);
#1705=LINE('',#12577,#2685);
#1706=LINE('',#12581,#2686);
#1707=LINE('',#12583,#2687);
#1708=LINE('',#12584,#2688);
#1709=LINE('',#12586,#2689);
#1710=LINE('',#12588,#2690);
#1711=LINE('',#12592,#2691);
#1712=LINE('',#12594,#2692);
#1713=LINE('',#12596,#2693);
#1714=LINE('',#12597,#2694);
#1715=LINE('',#12599,#2695);
#1716=LINE('',#12601,#2696);
#1717=LINE('',#12603,#2697);
#1718=LINE('',#12605,#2698);
#1719=LINE('',#12607,#2699);
#1720=LINE('',#12609,#2700);
#1721=LINE('',#12611,#2701);
#1722=LINE('',#12613,#2702);
#1723=LINE('',#12615,#2703);
#1724=LINE('',#12617,#2704);
#1725=LINE('',#12619,#2705);
#1726=LINE('',#12622,#2706);
#1727=LINE('',#12624,#2707);
#1728=LINE('',#12626,#2708);
#1729=LINE('',#12628,#2709);
#1730=LINE('',#12634,#2710);
#1731=LINE('',#12639,#2711);
#1732=LINE('',#12643,#2712);
#1733=LINE('',#12645,#2713);
#1734=LINE('',#12647,#2714);
#1735=LINE('',#12651,#2715);
#1736=LINE('',#12654,#2716);
#1737=LINE('',#12658,#2717);
#1738=LINE('',#12662,#2718);
#1739=LINE('',#12666,#2719);
#1740=LINE('',#12670,#2720);
#1741=LINE('',#12672,#2721);
#1742=LINE('',#12674,#2722);
#1743=LINE('',#12678,#2723);
#1744=LINE('',#12682,#2724);
#1745=LINE('',#12686,#2725);
#1746=LINE('',#12690,#2726);
#1747=LINE('',#12693,#2727);
#1748=LINE('',#12697,#2728);
#1749=LINE('',#12699,#2729);
#1750=LINE('',#12703,#2730);
#1751=LINE('',#12708,#2731);
#1752=LINE('',#12712,#2732);
#1753=LINE('',#12716,#2733);
#1754=LINE('',#12720,#2734);
#1755=LINE('',#12724,#2735);
#1756=LINE('',#12728,#2736);
#1757=LINE('',#12730,#2737);
#1758=LINE('',#12731,#2738);
#1759=LINE('',#12733,#2739);
#1760=LINE('',#12734,#2740);
#1761=LINE('',#12736,#2741);
#1762=LINE('',#12739,#2742);
#1763=LINE('',#12741,#2743);
#1764=LINE('',#12743,#2744);
#1765=LINE('',#12745,#2745);
#1766=LINE('',#12747,#2746);
#1767=LINE('',#12749,#2747);
#1768=LINE('',#12751,#2748);
#1769=LINE('',#12753,#2749);
#1770=LINE('',#12754,#2750);
#1771=LINE('',#12756,#2751);
#1772=LINE('',#12758,#2752);
#1773=LINE('',#12760,#2753);
#1774=LINE('',#12762,#2754);
#1775=LINE('',#12764,#2755);
#1776=LINE('',#12766,#2756);
#1777=LINE('',#12768,#2757);
#1778=LINE('',#12770,#2758);
#1779=LINE('',#12772,#2759);
#1780=LINE('',#12774,#2760);
#1781=LINE('',#12776,#2761);
#1782=LINE('',#12779,#2762);
#1783=LINE('',#12781,#2763);
#1784=LINE('',#12783,#2764);
#1785=LINE('',#12785,#2765);
#1786=LINE('',#12787,#2766);
#1787=LINE('',#12791,#2767);
#1788=LINE('',#12793,#2768);
#1789=LINE('',#12794,#2769);
#1790=LINE('',#12797,#2770);
#1791=LINE('',#12798,#2771);
#1792=LINE('',#12801,#2772);
#1793=LINE('',#12803,#2773);
#1794=LINE('',#12804,#2774);
#1795=LINE('',#12807,#2775);
#1796=LINE('',#12809,#2776);
#1797=LINE('',#12810,#2777);
#1798=LINE('',#12812,#2778);
#1799=LINE('',#12815,#2779);
#1800=LINE('',#12817,#2780);
#1801=LINE('',#12818,#2781);
#1802=LINE('',#12821,#2782);
#1803=LINE('',#12823,#2783);
#1804=LINE('',#12825,#2784);
#1805=LINE('',#12827,#2785);
#1806=LINE('',#12829,#2786);
#1807=LINE('',#12831,#2787);
#1808=LINE('',#12832,#2788);
#1809=LINE('',#12833,#2789);
#1810=LINE('',#12834,#2790);
#1811=LINE('',#12835,#2791);
#1812=LINE('',#12840,#2792);
#1813=LINE('',#12842,#2793);
#1814=LINE('',#12844,#2794);
#1815=LINE('',#12845,#2795);
#1816=LINE('',#12848,#2796);
#1817=LINE('',#12850,#2797);
#1818=LINE('',#12851,#2798);
#1819=LINE('',#12854,#2799);
#1820=LINE('',#12856,#2800);
#1821=LINE('',#12857,#2801);
#1822=LINE('',#12858,#2802);
#1823=LINE('',#12869,#2803);
#1824=LINE('',#12870,#2804);
#1825=LINE('',#12888,#2805);
#1826=LINE('',#12895,#2806);
#1827=LINE('',#12930,#2807);
#1828=LINE('',#12932,#2808);
#1829=LINE('',#12933,#2809);
#1830=LINE('',#12966,#2810);
#1831=LINE('',#12968,#2811);
#1832=LINE('',#12970,#2812);
#1833=LINE('',#12979,#2813);
#1834=LINE('',#12981,#2814);
#1835=LINE('',#12982,#2815);
#1836=LINE('',#12987,#2816);
#1837=LINE('',#12991,#2817);
#1838=LINE('',#12995,#2818);
#1839=LINE('',#12999,#2819);
#1840=LINE('',#13003,#2820);
#1841=LINE('',#13007,#2821);
#1842=LINE('',#13011,#2822);
#1843=LINE('',#13015,#2823);
#1844=LINE('',#13019,#2824);
#1845=LINE('',#13023,#2825);
#1846=LINE('',#13027,#2826);
#1847=LINE('',#13031,#2827);
#1848=LINE('',#13035,#2828);
#1849=LINE('',#13037,#2829);
#1850=LINE('',#13039,#2830);
#1851=LINE('',#13042,#2831);
#1852=LINE('',#13044,#2832);
#1853=LINE('',#13048,#2833);
#1854=LINE('',#13049,#2834);
#1855=LINE('',#13052,#2835);
#1856=LINE('',#13054,#2836);
#1857=LINE('',#13056,#2837);
#1858=LINE('',#13058,#2838);
#1859=LINE('',#13060,#2839);
#1860=LINE('',#13062,#2840);
#1861=LINE('',#13064,#2841);
#1862=LINE('',#13066,#2842);
#1863=LINE('',#13068,#2843);
#1864=LINE('',#13070,#2844);
#1865=LINE('',#13072,#2845);
#1866=LINE('',#13074,#2846);
#1867=LINE('',#13076,#2847);
#1868=LINE('',#13077,#2848);
#1869=LINE('',#13081,#2849);
#1870=LINE('',#13083,#2850);
#1871=LINE('',#13085,#2851);
#1872=LINE('',#13087,#2852);
#1873=LINE('',#13089,#2853);
#1874=LINE('',#13091,#2854);
#1875=LINE('',#13093,#2855);
#1876=LINE('',#13095,#2856);
#1877=LINE('',#13097,#2857);
#1878=LINE('',#13099,#2858);
#1879=LINE('',#13101,#2859);
#1880=LINE('',#13103,#2860);
#1881=LINE('',#13105,#2861);
#1882=LINE('',#13107,#2862);
#1883=LINE('',#13109,#2863);
#1884=LINE('',#13110,#2864);
#1885=LINE('',#13114,#2865);
#1886=LINE('',#13116,#2866);
#1887=LINE('',#13118,#2867);
#1888=LINE('',#13120,#2868);
#1889=LINE('',#13122,#2869);
#1890=LINE('',#13124,#2870);
#1891=LINE('',#13126,#2871);
#1892=LINE('',#13128,#2872);
#1893=LINE('',#13130,#2873);
#1894=LINE('',#13132,#2874);
#1895=LINE('',#13134,#2875);
#1896=LINE('',#13136,#2876);
#1897=LINE('',#13138,#2877);
#1898=LINE('',#13140,#2878);
#1899=LINE('',#13142,#2879);
#1900=LINE('',#13143,#2880);
#1901=LINE('',#13145,#2881);
#1902=LINE('',#13146,#2882);
#1903=LINE('',#13148,#2883);
#1904=LINE('',#13150,#2884);
#1905=LINE('',#13152,#2885);
#1906=LINE('',#13154,#2886);
#1907=LINE('',#13156,#2887);
#1908=LINE('',#13158,#2888);
#1909=LINE('',#13160,#2889);
#1910=LINE('',#13162,#2890);
#1911=LINE('',#13164,#2891);
#1912=LINE('',#13166,#2892);
#1913=LINE('',#13168,#2893);
#1914=LINE('',#13170,#2894);
#1915=LINE('',#13172,#2895);
#1916=LINE('',#13174,#2896);
#1917=LINE('',#13178,#2897);
#1918=LINE('',#13179,#2898);
#1919=LINE('',#13181,#2899);
#1920=LINE('',#13183,#2900);
#1921=LINE('',#13185,#2901);
#1922=LINE('',#13187,#2902);
#1923=LINE('',#13189,#2903);
#1924=LINE('',#13191,#2904);
#1925=LINE('',#13193,#2905);
#1926=LINE('',#13195,#2906);
#1927=LINE('',#13197,#2907);
#1928=LINE('',#13199,#2908);
#1929=LINE('',#13201,#2909);
#1930=LINE('',#13203,#2910);
#1931=LINE('',#13205,#2911);
#1932=LINE('',#13207,#2912);
#1933=LINE('',#13210,#2913);
#1934=LINE('',#13212,#2914);
#1935=LINE('',#13214,#2915);
#1936=LINE('',#13216,#2916);
#1937=LINE('',#13218,#2917);
#1938=LINE('',#13220,#2918);
#1939=LINE('',#13222,#2919);
#1940=LINE('',#13224,#2920);
#1941=LINE('',#13226,#2921);
#1942=LINE('',#13228,#2922);
#1943=LINE('',#13230,#2923);
#1944=LINE('',#13232,#2924);
#1945=LINE('',#13234,#2925);
#1946=LINE('',#13237,#2926);
#1947=LINE('',#13241,#2927);
#1948=LINE('',#13243,#2928);
#1949=LINE('',#13245,#2929);
#1950=LINE('',#13246,#2930);
#1951=LINE('',#13249,#2931);
#1952=LINE('',#13253,#2932);
#1953=LINE('',#13254,#2933);
#1954=LINE('',#13303,#2934);
#1955=LINE('',#13310,#2935);
#1956=LINE('',#13316,#2936);
#1957=LINE('',#13317,#2937);
#1958=LINE('',#13320,#2938);
#1959=LINE('',#13324,#2939);
#1960=LINE('',#13327,#2940);
#1961=LINE('',#13329,#2941);
#1962=LINE('',#13330,#2942);
#1963=LINE('',#13332,#2943);
#1964=LINE('',#13333,#2944);
#1965=LINE('',#13336,#2945);
#1966=LINE('',#13338,#2946);
#1967=LINE('',#13340,#2947);
#1968=LINE('',#13341,#2948);
#1969=LINE('',#13344,#2949);
#1970=LINE('',#13345,#2950);
#1971=LINE('',#13348,#2951);
#1972=LINE('',#13350,#2952);
#1973=LINE('',#13351,#2953);
#1974=LINE('',#13354,#2954);
#1975=LINE('',#13358,#2955);
#1976=LINE('',#13359,#2956);
#1977=LINE('',#13362,#2957);
#1978=LINE('',#13366,#2958);
#1979=LINE('',#13370,#2959);
#1980=LINE('',#13371,#2960);
#1981=LINE('',#13375,#2961);
#1982=LINE('',#13377,#2962);
#1983=LINE('',#13379,#2963);
#1984=LINE('',#13380,#2964);
#1985=LINE('',#13383,#2965);
#1986=LINE('',#13384,#2966);
#1987=LINE('',#13388,#2967);
#1988=LINE('',#13390,#2968);
#1989=LINE('',#13392,#2969);
#1990=LINE('',#13393,#2970);
#1991=LINE('',#13395,#2971);
#1992=LINE('',#13397,#2972);
#1993=LINE('',#13398,#2973);
#1994=LINE('',#13401,#2974);
#1995=LINE('',#13403,#2975);
#1996=LINE('',#13407,#2976);
#1997=LINE('',#13411,#2977);
#1998=LINE('',#13415,#2978);
#1999=LINE('',#13419,#2979);
#2000=LINE('',#13423,#2980);
#2001=LINE('',#13427,#2981);
#2002=LINE('',#13431,#2982);
#2003=LINE('',#13434,#2983);
#2004=LINE('',#13438,#2984);
#2005=LINE('',#13441,#2985);
#2006=LINE('',#13442,#2986);
#2007=LINE('',#13446,#2987);
#2008=LINE('',#13449,#2988);
#2009=LINE('',#13450,#2989);
#2010=LINE('',#13454,#2990);
#2011=LINE('',#13457,#2991);
#2012=LINE('',#13458,#2992);
#2013=LINE('',#13462,#2993);
#2014=LINE('',#13465,#2994);
#2015=LINE('',#13466,#2995);
#2016=LINE('',#13470,#2996);
#2017=LINE('',#13473,#2997);
#2018=LINE('',#13474,#2998);
#2019=LINE('',#13479,#2999);
#2020=LINE('',#13480,#3000);
#2021=LINE('',#13484,#3001);
#2022=LINE('',#13487,#3002);
#2023=LINE('',#13488,#3003);
#2024=LINE('',#13492,#3004);
#2025=LINE('',#13495,#3005);
#2026=LINE('',#13496,#3006);
#2027=LINE('',#13500,#3007);
#2028=LINE('',#13503,#3008);
#2029=LINE('',#13504,#3009);
#2030=LINE('',#13508,#3010);
#2031=LINE('',#13511,#3011);
#2032=LINE('',#13512,#3012);
#2033=LINE('',#13516,#3013);
#2034=LINE('',#13519,#3014);
#2035=LINE('',#13520,#3015);
#2036=LINE('',#13524,#3016);
#2037=LINE('',#13527,#3017);
#2038=LINE('',#13528,#3018);
#2039=LINE('',#13532,#3019);
#2040=LINE('',#13535,#3020);
#2041=LINE('',#13536,#3021);
#2042=LINE('',#13540,#3022);
#2043=LINE('',#13543,#3023);
#2044=LINE('',#13544,#3024);
#2045=LINE('',#13546,#3025);
#2046=LINE('',#13551,#3026);
#2047=LINE('',#13555,#3027);
#2048=LINE('',#13559,#3028);
#2049=LINE('',#13563,#3029);
#2050=LINE('',#13567,#3030);
#2051=LINE('',#13571,#3031);
#2052=LINE('',#13573,#3032);
#2053=LINE('',#13575,#3033);
#2054=LINE('',#13578,#3034);
#2055=LINE('',#13583,#3035);
#2056=LINE('',#13586,#3036);
#2057=LINE('',#13588,#3037);
#2058=LINE('',#13592,#3038);
#2059=LINE('',#13597,#3039);
#2060=LINE('',#13599,#3040);
#2061=LINE('',#13601,#3041);
#2062=LINE('',#13603,#3042);
#2063=LINE('',#13607,#3043);
#2064=LINE('',#13611,#3044);
#2065=LINE('',#13615,#3045);
#2066=LINE('',#13619,#3046);
#2067=LINE('',#13623,#3047);
#2068=LINE('',#13628,#3048);
#2069=LINE('',#13631,#3049);
#2070=LINE('',#13633,#3050);
#2071=LINE('',#13635,#3051);
#2072=LINE('',#13639,#3052);
#2073=LINE('',#13641,#3053);
#2074=LINE('',#13643,#3054);
#2075=LINE('',#13644,#3055);
#2076=LINE('',#13646,#3056);
#2077=LINE('',#13648,#3057);
#2078=LINE('',#13650,#3058);
#2079=LINE('',#13652,#3059);
#2080=LINE('',#13654,#3060);
#2081=LINE('',#13656,#3061);
#2082=LINE('',#13658,#3062);
#2083=LINE('',#13660,#3063);
#2084=LINE('',#13662,#3064);
#2085=LINE('',#13664,#3065);
#2086=LINE('',#13666,#3066);
#2087=LINE('',#13669,#3067);
#2088=LINE('',#13671,#3068);
#2089=LINE('',#13673,#3069);
#2090=LINE('',#13675,#3070);
#2091=LINE('',#13681,#3071);
#2092=LINE('',#13685,#3072);
#2093=LINE('',#13689,#3073);
#2094=LINE('',#13693,#3074);
#2095=LINE('',#13697,#3075);
#2096=LINE('',#13701,#3076);
#2097=LINE('',#13703,#3077);
#2098=LINE('',#13705,#3078);
#2099=LINE('',#13709,#3079);
#2100=LINE('',#13713,#3080);
#2101=LINE('',#13717,#3081);
#2102=LINE('',#13720,#3082);
#2103=LINE('',#13724,#3083);
#2104=LINE('',#13728,#3084);
#2105=LINE('',#13730,#3085);
#2106=LINE('',#13732,#3086);
#2107=LINE('',#13736,#3087);
#2108=LINE('',#13740,#3088);
#2109=LINE('',#13744,#3089);
#2110=LINE('',#13746,#3090);
#2111=LINE('',#13748,#3091);
#2112=LINE('',#13750,#3092);
#2113=LINE('',#13754,#3093);
#2114=LINE('',#13758,#3094);
#2115=LINE('',#13762,#3095);
#2116=LINE('',#13766,#3096);
#2117=LINE('',#13770,#3097);
#2118=LINE('',#13775,#3098);
#2119=LINE('',#13778,#3099);
#2120=LINE('',#13780,#3100);
#2121=LINE('',#13781,#3101);
#2122=LINE('',#13783,#3102);
#2123=LINE('',#13786,#3103);
#2124=LINE('',#13788,#3104);
#2125=LINE('',#13790,#3105);
#2126=LINE('',#13792,#3106);
#2127=LINE('',#13794,#3107);
#2128=LINE('',#13796,#3108);
#2129=LINE('',#13798,#3109);
#2130=LINE('',#13800,#3110);
#2131=LINE('',#13801,#3111);
#2132=LINE('',#13803,#3112);
#2133=LINE('',#13805,#3113);
#2134=LINE('',#13807,#3114);
#2135=LINE('',#13809,#3115);
#2136=LINE('',#13811,#3116);
#2137=LINE('',#13813,#3117);
#2138=LINE('',#13815,#3118);
#2139=LINE('',#13817,#3119);
#2140=LINE('',#13819,#3120);
#2141=LINE('',#13821,#3121);
#2142=LINE('',#13823,#3122);
#2143=LINE('',#13826,#3123);
#2144=LINE('',#13828,#3124);
#2145=LINE('',#13830,#3125);
#2146=LINE('',#13832,#3126);
#2147=LINE('',#13834,#3127);
#2148=VECTOR('',#8788,10.);
#2149=VECTOR('',#8789,10.);
#2150=VECTOR('',#8790,10.);
#2151=VECTOR('',#8791,10.);
#2152=VECTOR('',#8794,10.);
#2153=VECTOR('',#8795,10.);
#2154=VECTOR('',#8796,10.);
#2155=VECTOR('',#8797,10.);
#2156=VECTOR('',#8800,10.);
#2157=VECTOR('',#8801,10.);
#2158=VECTOR('',#8804,10.);
#2159=VECTOR('',#8805,10.);
#2160=VECTOR('',#8806,10.);
#2161=VECTOR('',#8807,10.);
#2162=VECTOR('',#8810,10.);
#2163=VECTOR('',#8811,10.);
#2164=VECTOR('',#8812,10.);
#2165=VECTOR('',#8815,10.);
#2166=VECTOR('',#8816,10.);
#2167=VECTOR('',#8817,10.);
#2168=VECTOR('',#8820,10.);
#2169=VECTOR('',#8821,10.);
#2170=VECTOR('',#8824,10.);
#2171=VECTOR('',#8825,10.);
#2172=VECTOR('',#8826,10.);
#2173=VECTOR('',#8827,10.);
#2174=VECTOR('',#8830,10.);
#2175=VECTOR('',#8831,10.);
#2176=VECTOR('',#8832,10.);
#2177=VECTOR('',#8835,10.);
#2178=VECTOR('',#8836,10.);
#2179=VECTOR('',#8837,10.);
#2180=VECTOR('',#8840,10.);
#2181=VECTOR('',#8841,10.);
#2182=VECTOR('',#8844,10.);
#2183=VECTOR('',#8845,10.);
#2184=VECTOR('',#8846,10.);
#2185=VECTOR('',#8847,10.);
#2186=VECTOR('',#8850,10.);
#2187=VECTOR('',#8851,10.);
#2188=VECTOR('',#8852,10.);
#2189=VECTOR('',#8853,10.);
#2190=VECTOR('',#8856,10.);
#2191=VECTOR('',#8857,10.);
#2192=VECTOR('',#8860,10.);
#2193=VECTOR('',#8861,10.);
#2194=VECTOR('',#8862,10.);
#2195=VECTOR('',#8863,10.);
#2196=VECTOR('',#8866,10.);
#2197=VECTOR('',#8867,10.);
#2198=VECTOR('',#8868,10.);
#2199=VECTOR('',#8871,10.);
#2200=VECTOR('',#8872,10.);
#2201=VECTOR('',#8873,10.);
#2202=VECTOR('',#8876,10.);
#2203=VECTOR('',#8877,10.);
#2204=VECTOR('',#8880,10.);
#2205=VECTOR('',#8881,10.);
#2206=VECTOR('',#8882,10.);
#2207=VECTOR('',#8883,10.);
#2208=VECTOR('',#8886,10.);
#2209=VECTOR('',#8887,10.);
#2210=VECTOR('',#8888,10.);
#2211=VECTOR('',#8891,10.);
#2212=VECTOR('',#8892,10.);
#2213=VECTOR('',#8893,10.);
#2214=VECTOR('',#8896,10.);
#2215=VECTOR('',#8897,10.);
#2216=VECTOR('',#8900,10.);
#2217=VECTOR('',#8901,10.);
#2218=VECTOR('',#8902,10.);
#2219=VECTOR('',#8905,10.);
#2220=VECTOR('',#8906,10.);
#2221=VECTOR('',#8907,10.);
#2222=VECTOR('',#8910,10.);
#2223=VECTOR('',#8911,10.);
#2224=VECTOR('',#8912,10.);
#2225=VECTOR('',#8915,10.);
#2226=VECTOR('',#8916,10.);
#2227=VECTOR('',#8917,10.);
#2228=VECTOR('',#8920,10.);
#2229=VECTOR('',#8921,10.);
#2230=VECTOR('',#8922,10.);
#2231=VECTOR('',#8923,10.);
#2232=VECTOR('',#8924,10.);
#2233=VECTOR('',#8925,10.);
#2234=VECTOR('',#8926,10.);
#2235=VECTOR('',#8927,10.);
#2236=VECTOR('',#8928,10.);
#2237=VECTOR('',#8929,10.);
#2238=VECTOR('',#8930,10.);
#2239=VECTOR('',#8931,10.);
#2240=VECTOR('',#8932,10.);
#2241=VECTOR('',#8933,10.);
#2242=VECTOR('',#8934,10.);
#2243=VECTOR('',#8935,10.);
#2244=VECTOR('',#8936,10.);
#2245=VECTOR('',#8937,10.);
#2246=VECTOR('',#8938,10.);
#2247=VECTOR('',#8939,10.);
#2248=VECTOR('',#8940,10.);
#2249=VECTOR('',#8941,10.);
#2250=VECTOR('',#8942,10.);
#2251=VECTOR('',#8943,10.);
#2252=VECTOR('',#8944,10.);
#2253=VECTOR('',#8945,10.);
#2254=VECTOR('',#8946,10.);
#2255=VECTOR('',#8947,10.);
#2256=VECTOR('',#8948,10.);
#2257=VECTOR('',#8949,10.);
#2258=VECTOR('',#8950,10.);
#2259=VECTOR('',#8951,10.);
#2260=VECTOR('',#8952,10.);
#2261=VECTOR('',#8953,10.);
#2262=VECTOR('',#8954,10.);
#2263=VECTOR('',#8955,10.);
#2264=VECTOR('',#8956,10.);
#2265=VECTOR('',#8957,10.);
#2266=VECTOR('',#8958,10.);
#2267=VECTOR('',#8959,10.);
#2268=VECTOR('',#8960,10.);
#2269=VECTOR('',#8961,10.);
#2270=VECTOR('',#8962,10.);
#2271=VECTOR('',#8963,10.);
#2272=VECTOR('',#8964,10.);
#2273=VECTOR('',#8965,10.);
#2274=VECTOR('',#8966,10.);
#2275=VECTOR('',#8967,10.);
#2276=VECTOR('',#8968,10.);
#2277=VECTOR('',#8969,10.);
#2278=VECTOR('',#8970,10.);
#2279=VECTOR('',#8971,10.);
#2280=VECTOR('',#8972,10.);
#2281=VECTOR('',#8973,10.);
#2282=VECTOR('',#8974,10.);
#2283=VECTOR('',#8975,10.);
#2284=VECTOR('',#8976,10.);
#2285=VECTOR('',#8977,10.);
#2286=VECTOR('',#8978,10.);
#2287=VECTOR('',#8979,10.);
#2288=VECTOR('',#8980,10.);
#2289=VECTOR('',#8981,10.);
#2290=VECTOR('',#8982,10.);
#2291=VECTOR('',#8983,10.);
#2292=VECTOR('',#8984,10.);
#2293=VECTOR('',#8985,10.);
#2294=VECTOR('',#8986,10.);
#2295=VECTOR('',#8987,10.);
#2296=VECTOR('',#8988,10.);
#2297=VECTOR('',#8989,10.);
#2298=VECTOR('',#8992,10.);
#2299=VECTOR('',#8993,10.);
#2300=VECTOR('',#8994,10.);
#2301=VECTOR('',#8995,10.);
#2302=VECTOR('',#8996,10.);
#2303=VECTOR('',#8997,10.);
#2304=VECTOR('',#8998,10.);
#2305=VECTOR('',#8999,10.);
#2306=VECTOR('',#9000,10.);
#2307=VECTOR('',#9001,10.);
#2308=VECTOR('',#9002,10.);
#2309=VECTOR('',#9003,10.);
#2310=VECTOR('',#9004,10.);
#2311=VECTOR('',#9005,10.);
#2312=VECTOR('',#9006,10.);
#2313=VECTOR('',#9007,10.);
#2314=VECTOR('',#9008,10.);
#2315=VECTOR('',#9009,10.);
#2316=VECTOR('',#9010,10.);
#2317=VECTOR('',#9011,10.);
#2318=VECTOR('',#9012,10.);
#2319=VECTOR('',#9013,10.);
#2320=VECTOR('',#9014,10.);
#2321=VECTOR('',#9015,10.);
#2322=VECTOR('',#9016,10.);
#2323=VECTOR('',#9017,10.);
#2324=VECTOR('',#9018,10.);
#2325=VECTOR('',#9019,10.);
#2326=VECTOR('',#9020,10.);
#2327=VECTOR('',#9021,10.);
#2328=VECTOR('',#9022,10.);
#2329=VECTOR('',#9023,10.);
#2330=VECTOR('',#9024,10.);
#2331=VECTOR('',#9025,10.);
#2332=VECTOR('',#9026,10.);
#2333=VECTOR('',#9027,10.);
#2334=VECTOR('',#9028,10.);
#2335=VECTOR('',#9029,10.);
#2336=VECTOR('',#9030,10.);
#2337=VECTOR('',#9031,10.);
#2338=VECTOR('',#9032,10.);
#2339=VECTOR('',#9033,10.);
#2340=VECTOR('',#9034,10.);
#2341=VECTOR('',#9035,10.);
#2342=VECTOR('',#9036,10.);
#2343=VECTOR('',#9037,10.);
#2344=VECTOR('',#9038,10.);
#2345=VECTOR('',#9039,10.);
#2346=VECTOR('',#9040,10.);
#2347=VECTOR('',#9041,10.);
#2348=VECTOR('',#9042,10.);
#2349=VECTOR('',#9043,10.);
#2350=VECTOR('',#9044,10.);
#2351=VECTOR('',#9045,10.);
#2352=VECTOR('',#9046,10.);
#2353=VECTOR('',#9047,10.);
#2354=VECTOR('',#9048,10.);
#2355=VECTOR('',#9049,10.);
#2356=VECTOR('',#9050,10.);
#2357=VECTOR('',#9051,10.);
#2358=VECTOR('',#9052,10.);
#2359=VECTOR('',#9053,10.);
#2360=VECTOR('',#9054,10.);
#2361=VECTOR('',#9055,10.);
#2362=VECTOR('',#9056,10.);
#2363=VECTOR('',#9057,10.);
#2364=VECTOR('',#9058,10.);
#2365=VECTOR('',#9059,10.);
#2366=VECTOR('',#9060,10.);
#2367=VECTOR('',#9061,10.);
#2368=VECTOR('',#9064,10.);
#2369=VECTOR('',#9065,10.);
#2370=VECTOR('',#9066,10.);
#2371=VECTOR('',#9067,10.);
#2372=VECTOR('',#9068,10.);
#2373=VECTOR('',#9069,10.);
#2374=VECTOR('',#9070,10.);
#2375=VECTOR('',#9071,10.);
#2376=VECTOR('',#9072,10.);
#2377=VECTOR('',#9075,10.);
#2378=VECTOR('',#9076,10.);
#2379=VECTOR('',#9077,10.);
#2380=VECTOR('',#9078,10.);
#2381=VECTOR('',#9079,10.);
#2382=VECTOR('',#9080,10.);
#2383=VECTOR('',#9081,10.);
#2384=VECTOR('',#9082,10.);
#2385=VECTOR('',#9087,10.);
#2386=VECTOR('',#9090,10.);
#2387=VECTOR('',#9093,10.);
#2388=VECTOR('',#9094,10.);
#2389=VECTOR('',#9095,10.);
#2390=VECTOR('',#9096,10.);
#2391=VECTOR('',#9097,10.);
#2392=VECTOR('',#9100,10.);
#2393=VECTOR('',#9105,10.);
#2394=VECTOR('',#9110,10.);
#2395=VECTOR('',#9111,10.);
#2396=VECTOR('',#9112,10.);
#2397=VECTOR('',#9115,10.);
#2398=VECTOR('',#9118,10.);
#2399=VECTOR('',#9121,10.);
#2400=VECTOR('',#9122,10.);
#2401=VECTOR('',#9125,10.);
#2402=VECTOR('',#9128,10.);
#2403=VECTOR('',#9129,10.);
#2404=VECTOR('',#9130,10.);
#2405=VECTOR('',#9131,10.);
#2406=VECTOR('',#9136,10.);
#2407=VECTOR('',#9137,10.);
#2408=VECTOR('',#9140,10.);
#2409=VECTOR('',#9141,10.);
#2410=VECTOR('',#9142,10.);
#2411=VECTOR('',#9143,10.);
#2412=VECTOR('',#9144,10.);
#2413=VECTOR('',#9145,10.);
#2414=VECTOR('',#9146,10.);
#2415=VECTOR('',#9147,10.);
#2416=VECTOR('',#9148,10.);
#2417=VECTOR('',#9149,10.);
#2418=VECTOR('',#9150,10.);
#2419=VECTOR('',#9151,10.);
#2420=VECTOR('',#9152,10.);
#2421=VECTOR('',#9153,10.);
#2422=VECTOR('',#9154,10.);
#2423=VECTOR('',#9157,10.);
#2424=VECTOR('',#9158,10.);
#2425=VECTOR('',#9161,10.);
#2426=VECTOR('',#9164,10.);
#2427=VECTOR('',#9165,10.);
#2428=VECTOR('',#9168,10.);
#2429=VECTOR('',#9169,10.);
#2430=VECTOR('',#9174,10.);
#2431=VECTOR('',#9175,10.);
#2432=VECTOR('',#9182,10.);
#2433=VECTOR('',#9183,10.);
#2434=VECTOR('',#9184,10.);
#2435=VECTOR('',#9185,10.);
#2436=VECTOR('',#9188,10.);
#2437=VECTOR('',#9189,10.);
#2438=VECTOR('',#9190,10.);
#2439=VECTOR('',#9193,10.);
#2440=VECTOR('',#9194,10.);
#2441=VECTOR('',#9195,10.);
#2442=VECTOR('',#9196,10.);
#2443=VECTOR('',#9199,10.);
#2444=VECTOR('',#9200,10.);
#2445=VECTOR('',#9201,10.);
#2446=VECTOR('',#9202,10.);
#2447=VECTOR('',#9205,10.);
#2448=VECTOR('',#9206,10.);
#2449=VECTOR('',#9207,10.);
#2450=VECTOR('',#9208,10.);
#2451=VECTOR('',#9209,46.3125328771711);
#2452=VECTOR('',#9210,10.);
#2453=VECTOR('',#9213,10.);
#2454=VECTOR('',#9214,10.);
#2455=VECTOR('',#9215,10.);
#2456=VECTOR('',#9218,10.);
#2457=VECTOR('',#9221,10.);
#2458=VECTOR('',#9224,10.);
#2459=VECTOR('',#9227,10.);
#2460=VECTOR('',#9230,10.);
#2461=VECTOR('',#9233,10.);
#2462=VECTOR('',#9236,10.);
#2463=VECTOR('',#9239,10.);
#2464=VECTOR('',#9242,10.);
#2465=VECTOR('',#9245,10.);
#2466=VECTOR('',#9248,10.);
#2467=VECTOR('',#9251,10.);
#2468=VECTOR('',#9254,10.);
#2469=VECTOR('',#9257,10.);
#2470=VECTOR('',#9262,10.);
#2471=VECTOR('',#9265,10.);
#2472=VECTOR('',#9268,10.);
#2473=VECTOR('',#9271,10.);
#2474=VECTOR('',#9272,10.);
#2475=VECTOR('',#9275,10.);
#2476=VECTOR('',#9276,10.);
#2477=VECTOR('',#9277,10.);
#2478=VECTOR('',#9278,10.);
#2479=VECTOR('',#9279,10.);
#2480=VECTOR('',#9280,10.);
#2481=VECTOR('',#9281,10.);
#2482=VECTOR('',#9282,10.);
#2483=VECTOR('',#9283,10.);
#2484=VECTOR('',#9284,10.);
#2485=VECTOR('',#9285,10.);
#2486=VECTOR('',#9286,10.);
#2487=VECTOR('',#9287,10.);
#2488=VECTOR('',#9288,10.);
#2489=VECTOR('',#9291,10.);
#2490=VECTOR('',#9292,10.);
#2491=VECTOR('',#9293,10.);
#2492=VECTOR('',#9294,10.);
#2493=VECTOR('',#9295,10.);
#2494=VECTOR('',#9296,10.);
#2495=VECTOR('',#9297,10.);
#2496=VECTOR('',#9298,10.);
#2497=VECTOR('',#9299,10.);
#2498=VECTOR('',#9300,10.);
#2499=VECTOR('',#9301,10.);
#2500=VECTOR('',#9302,10.);
#2501=VECTOR('',#9303,10.);
#2502=VECTOR('',#9304,10.);
#2503=VECTOR('',#9305,10.);
#2504=VECTOR('',#9306,10.);
#2505=VECTOR('',#9309,10.);
#2506=VECTOR('',#9310,10.);
#2507=VECTOR('',#9311,10.);
#2508=VECTOR('',#9312,10.);
#2509=VECTOR('',#9313,10.);
#2510=VECTOR('',#9314,10.);
#2511=VECTOR('',#9315,10.);
#2512=VECTOR('',#9316,10.);
#2513=VECTOR('',#9317,10.);
#2514=VECTOR('',#9318,10.);
#2515=VECTOR('',#9319,10.);
#2516=VECTOR('',#9320,10.);
#2517=VECTOR('',#9321,10.);
#2518=VECTOR('',#9322,10.);
#2519=VECTOR('',#9323,10.);
#2520=VECTOR('',#9324,10.);
#2521=VECTOR('',#9327,10.);
#2522=VECTOR('',#9328,10.);
#2523=VECTOR('',#9331,10.);
#2524=VECTOR('',#9334,10.);
#2525=VECTOR('',#9337,10.);
#2526=VECTOR('',#9340,10.);
#2527=VECTOR('',#9343,10.);
#2528=VECTOR('',#9346,10.);
#2529=VECTOR('',#9349,10.);
#2530=VECTOR('',#9352,10.);
#2531=VECTOR('',#9355,10.);
#2532=VECTOR('',#9358,10.);
#2533=VECTOR('',#9361,10.);
#2534=VECTOR('',#9364,10.);
#2535=VECTOR('',#9367,10.);
#2536=VECTOR('',#9370,10.);
#2537=VECTOR('',#9377,10.);
#2538=VECTOR('',#9378,10.);
#2539=VECTOR('',#9381,10.);
#2540=VECTOR('',#9384,10.);
#2541=VECTOR('',#9387,10.);
#2542=VECTOR('',#9390,10.);
#2543=VECTOR('',#9393,10.);
#2544=VECTOR('',#9396,10.);
#2545=VECTOR('',#9399,10.);
#2546=VECTOR('',#9402,10.);
#2547=VECTOR('',#9405,10.);
#2548=VECTOR('',#9408,10.);
#2549=VECTOR('',#9411,10.);
#2550=VECTOR('',#9414,10.);
#2551=VECTOR('',#9417,10.);
#2552=VECTOR('',#9420,10.);
#2553=VECTOR('',#9425,10.);
#2554=VECTOR('',#9428,10.);
#2555=VECTOR('',#9431,10.);
#2556=VECTOR('',#9434,10.);
#2557=VECTOR('',#9437,10.);
#2558=VECTOR('',#9440,10.);
#2559=VECTOR('',#9443,10.);
#2560=VECTOR('',#9446,10.);
#2561=VECTOR('',#9449,10.);
#2562=VECTOR('',#9452,10.);
#2563=VECTOR('',#9455,10.);
#2564=VECTOR('',#9458,10.);
#2565=VECTOR('',#9461,10.);
#2566=VECTOR('',#9468,10.);
#2567=VECTOR('',#9469,10.);
#2568=VECTOR('',#9470,10.);
#2569=VECTOR('',#9471,10.);
#2570=VECTOR('',#9476,10.);
#2571=VECTOR('',#9479,10.);
#2572=VECTOR('',#9480,10.);
#2573=VECTOR('',#9481,10.);
#2574=VECTOR('',#9482,10.);
#2575=VECTOR('',#9485,10.);
#2576=VECTOR('',#9486,10.);
#2577=VECTOR('',#9489,10.);
#2578=VECTOR('',#9494,10.);
#2579=VECTOR('',#9497,10.);
#2580=VECTOR('',#9498,10.);
#2581=VECTOR('',#9499,10.);
#2582=VECTOR('',#9502,10.);
#2583=VECTOR('',#9503,10.);
#2584=VECTOR('',#9506,10.);
#2585=VECTOR('',#9507,10.);
#2586=VECTOR('',#9508,10.);
#2587=VECTOR('',#9509,10.);
#2588=VECTOR('',#9512,10.);
#2589=VECTOR('',#9513,10.);
#2590=VECTOR('',#9516,10.);
#2591=VECTOR('',#9517,10.);
#2592=VECTOR('',#9518,10.);
#2593=VECTOR('',#9523,10.);
#2594=VECTOR('',#9526,10.);
#2595=VECTOR('',#9527,10.);
#2596=VECTOR('',#9532,10.);
#2597=VECTOR('',#9535,10.);
#2598=VECTOR('',#9538,10.);
#2599=VECTOR('',#9539,10.);
#2600=VECTOR('',#9542,10.);
#2601=VECTOR('',#9543,10.);
#2602=VECTOR('',#9544,10.);
#2603=VECTOR('',#9545,10.);
#2604=VECTOR('',#9548,10.);
#2605=VECTOR('',#9549,10.);
#2606=VECTOR('',#9552,10.);
#2607=VECTOR('',#9553,10.);
#2608=VECTOR('',#9554,10.);
#2609=VECTOR('',#9555,10.);
#2610=VECTOR('',#9558,10.);
#2611=VECTOR('',#9559,10.);
#2612=VECTOR('',#9560,10.);
#2613=VECTOR('',#9563,10.);
#2614=VECTOR('',#9564,10.);
#2615=VECTOR('',#9567,10.);
#2616=VECTOR('',#9570,10.);
#2617=VECTOR('',#9573,10.);
#2618=VECTOR('',#9576,10.);
#2619=VECTOR('',#9579,10.);
#2620=VECTOR('',#9582,10.);
#2621=VECTOR('',#9585,10.);
#2622=VECTOR('',#9588,10.);
#2623=VECTOR('',#9591,10.);
#2624=VECTOR('',#9596,10.);
#2625=VECTOR('',#9597,10.);
#2626=VECTOR('',#9600,10.);
#2627=VECTOR('',#9605,10.);
#2628=VECTOR('',#9606,10.);
#2629=VECTOR('',#9609,10.);
#2630=VECTOR('',#9614,10.);
#2631=VECTOR('',#9615,10.);
#2632=VECTOR('',#9618,10.);
#2633=VECTOR('',#9623,10.);
#2634=VECTOR('',#9624,10.);
#2635=VECTOR('',#9627,10.);
#2636=VECTOR('',#9632,10.);
#2637=VECTOR('',#9633,10.);
#2638=VECTOR('',#9640,10.);
#2639=VECTOR('',#9641,10.);
#2640=VECTOR('',#9644,10.);
#2641=VECTOR('',#9649,10.);
#2642=VECTOR('',#9650,10.);
#2643=VECTOR('',#9653,10.);
#2644=VECTOR('',#9658,10.);
#2645=VECTOR('',#9659,10.);
#2646=VECTOR('',#9662,10.);
#2647=VECTOR('',#9667,10.);
#2648=VECTOR('',#9668,10.);
#2649=VECTOR('',#9671,10.);
#2650=VECTOR('',#9676,10.);
#2651=VECTOR('',#9677,10.);
#2652=VECTOR('',#9680,10.);
#2653=VECTOR('',#9685,10.);
#2654=VECTOR('',#9686,10.);
#2655=VECTOR('',#9689,10.);
#2656=VECTOR('',#9694,10.);
#2657=VECTOR('',#9695,10.);
#2658=VECTOR('',#9698,10.);
#2659=VECTOR('',#9703,10.);
#2660=VECTOR('',#9704,10.);
#2661=VECTOR('',#9707,10.);
#2662=VECTOR('',#9712,10.);
#2663=VECTOR('',#9713,10.);
#2664=VECTOR('',#9716,10.);
#2665=VECTOR('',#9721,10.);
#2666=VECTOR('',#9726,10.);
#2667=VECTOR('',#9729,10.);
#2668=VECTOR('',#9730,10.);
#2669=VECTOR('',#9733,10.);
#2670=VECTOR('',#9738,10.);
#2671=VECTOR('',#9741,10.);
#2672=VECTOR('',#9742,10.);
#2673=VECTOR('',#9743,10.);
#2674=VECTOR('',#9746,10.);
#2675=VECTOR('',#9749,10.);
#2676=VECTOR('',#9752,10.);
#2677=VECTOR('',#9755,10.);
#2678=VECTOR('',#9760,10.);
#2679=VECTOR('',#9761,10.);
#2680=VECTOR('',#9764,10.);
#2681=VECTOR('',#9769,10.);
#2682=VECTOR('',#9772,10.);
#2683=VECTOR('',#9775,10.);
#2684=VECTOR('',#9778,10.);
#2685=VECTOR('',#9781,10.);
#2686=VECTOR('',#9784,10.);
#2687=VECTOR('',#9785,10.);
#2688=VECTOR('',#9786,10.);
#2689=VECTOR('',#9789,10.);
#2690=VECTOR('',#9792,10.);
#2691=VECTOR('',#9799,10.);
#2692=VECTOR('',#9802,10.);
#2693=VECTOR('',#9805,10.);
#2694=VECTOR('',#9806,10.);
#2695=VECTOR('',#9809,10.);
#2696=VECTOR('',#9812,10.);
#2697=VECTOR('',#9815,10.);
#2698=VECTOR('',#9818,10.);
#2699=VECTOR('',#9821,10.);
#2700=VECTOR('',#9824,10.);
#2701=VECTOR('',#9827,10.);
#2702=VECTOR('',#9830,10.);
#2703=VECTOR('',#9833,10.);
#2704=VECTOR('',#9836,10.);
#2705=VECTOR('',#9839,10.);
#2706=VECTOR('',#9844,10.);
#2707=VECTOR('',#9847,10.);
#2708=VECTOR('',#9850,10.);
#2709=VECTOR('',#9853,10.);
#2710=VECTOR('',#9860,10.);
#2711=VECTOR('',#9865,10.);
#2712=VECTOR('',#9868,10.);
#2713=VECTOR('',#9869,10.);
#2714=VECTOR('',#9870,10.);
#2715=VECTOR('',#9873,10.);
#2716=VECTOR('',#9876,10.);
#2717=VECTOR('',#9879,10.);
#2718=VECTOR('',#9882,10.);
#2719=VECTOR('',#9885,10.);
#2720=VECTOR('',#9888,10.);
#2721=VECTOR('',#9889,10.);
#2722=VECTOR('',#9890,10.);
#2723=VECTOR('',#9893,10.);
#2724=VECTOR('',#9896,10.);
#2725=VECTOR('',#9899,10.);
#2726=VECTOR('',#9902,10.);
#2727=VECTOR('',#9907,10.);
#2728=VECTOR('',#9910,10.);
#2729=VECTOR('',#9911,10.);
#2730=VECTOR('',#9914,10.);
#2731=VECTOR('',#9919,10.);
#2732=VECTOR('',#9922,10.);
#2733=VECTOR('',#9925,10.);
#2734=VECTOR('',#9928,10.);
#2735=VECTOR('',#9931,10.);
#2736=VECTOR('',#9934,10.);
#2737=VECTOR('',#9935,10.);
#2738=VECTOR('',#9936,10.);
#2739=VECTOR('',#9939,10.);
#2740=VECTOR('',#9940,10.);
#2741=VECTOR('',#9943,10.);
#2742=VECTOR('',#9948,10.);
#2743=VECTOR('',#9951,10.);
#2744=VECTOR('',#9954,10.);
#2745=VECTOR('',#9957,10.);
#2746=VECTOR('',#9960,10.);
#2747=VECTOR('',#9963,10.);
#2748=VECTOR('',#9966,10.);
#2749=VECTOR('',#9969,10.);
#2750=VECTOR('',#9970,10.);
#2751=VECTOR('',#9973,10.);
#2752=VECTOR('',#9976,10.);
#2753=VECTOR('',#9979,10.);
#2754=VECTOR('',#9982,10.);
#2755=VECTOR('',#9985,10.);
#2756=VECTOR('',#9988,10.);
#2757=VECTOR('',#9991,10.);
#2758=VECTOR('',#9994,10.);
#2759=VECTOR('',#9997,10.);
#2760=VECTOR('',#10000,10.);
#2761=VECTOR('',#10003,10.);
#2762=VECTOR('',#10008,10.);
#2763=VECTOR('',#10011,10.);
#2764=VECTOR('',#10014,10.);
#2765=VECTOR('',#10017,10.);
#2766=VECTOR('',#10020,10.);
#2767=VECTOR('',#10025,10.);
#2768=VECTOR('',#10026,10.);
#2769=VECTOR('',#10027,10.);
#2770=VECTOR('',#10030,10.);
#2771=VECTOR('',#10031,10.);
#2772=VECTOR('',#10034,10.);
#2773=VECTOR('',#10035,10.);
#2774=VECTOR('',#10036,10.);
#2775=VECTOR('',#10039,10.);
#2776=VECTOR('',#10040,10.);
#2777=VECTOR('',#10041,10.);
#2778=VECTOR('',#10044,10.);
#2779=VECTOR('',#10047,10.);
#2780=VECTOR('',#10048,10.);
#2781=VECTOR('',#10049,10.);
#2782=VECTOR('',#10052,10.);
#2783=VECTOR('',#10053,10.);
#2784=VECTOR('',#10054,10.);
#2785=VECTOR('',#10055,10.);
#2786=VECTOR('',#10056,10.);
#2787=VECTOR('',#10057,10.);
#2788=VECTOR('',#10058,10.);
#2789=VECTOR('',#10059,10.);
#2790=VECTOR('',#10060,10.);
#2791=VECTOR('',#10061,10.);
#2792=VECTOR('',#10068,10.);
#2793=VECTOR('',#10069,10.);
#2794=VECTOR('',#10070,10.);
#2795=VECTOR('',#10071,10.);
#2796=VECTOR('',#10074,10.);
#2797=VECTOR('',#10075,10.);
#2798=VECTOR('',#10076,10.);
#2799=VECTOR('',#10079,10.);
#2800=VECTOR('',#10080,10.);
#2801=VECTOR('',#10081,10.);
#2802=VECTOR('',#10082,10.);
#2803=VECTOR('',#10085,10.);
#2804=VECTOR('',#10086,10.);
#2805=VECTOR('',#10087,10.);
#2806=VECTOR('',#10088,10.);
#2807=VECTOR('',#10091,10.);
#2808=VECTOR('',#10092,10.);
#2809=VECTOR('',#10093,10.);
#2810=VECTOR('',#10094,10.);
#2811=VECTOR('',#10095,46.3125328771711);
#2812=VECTOR('',#10096,10.);
#2813=VECTOR('',#10099,10.);
#2814=VECTOR('',#10100,10.);
#2815=VECTOR('',#10101,10.);
#2816=VECTOR('',#10106,10.);
#2817=VECTOR('',#10109,10.);
#2818=VECTOR('',#10112,10.);
#2819=VECTOR('',#10115,10.);
#2820=VECTOR('',#10118,10.);
#2821=VECTOR('',#10121,10.);
#2822=VECTOR('',#10124,10.);
#2823=VECTOR('',#10127,10.);
#2824=VECTOR('',#10130,10.);
#2825=VECTOR('',#10133,10.);
#2826=VECTOR('',#10136,10.);
#2827=VECTOR('',#10139,10.);
#2828=VECTOR('',#10142,10.);
#2829=VECTOR('',#10145,10.);
#2830=VECTOR('',#10148,10.);
#2831=VECTOR('',#10151,10.);
#2832=VECTOR('',#10152,10.);
#2833=VECTOR('',#10157,10.);
#2834=VECTOR('',#10158,10.);
#2835=VECTOR('',#10161,10.);
#2836=VECTOR('',#10162,10.);
#2837=VECTOR('',#10163,10.);
#2838=VECTOR('',#10164,10.);
#2839=VECTOR('',#10165,10.);
#2840=VECTOR('',#10166,10.);
#2841=VECTOR('',#10167,10.);
#2842=VECTOR('',#10168,10.);
#2843=VECTOR('',#10169,10.);
#2844=VECTOR('',#10170,10.);
#2845=VECTOR('',#10171,10.);
#2846=VECTOR('',#10172,10.);
#2847=VECTOR('',#10173,10.);
#2848=VECTOR('',#10174,10.);
#2849=VECTOR('',#10177,10.);
#2850=VECTOR('',#10178,10.);
#2851=VECTOR('',#10179,10.);
#2852=VECTOR('',#10180,10.);
#2853=VECTOR('',#10181,10.);
#2854=VECTOR('',#10182,10.);
#2855=VECTOR('',#10183,10.);
#2856=VECTOR('',#10184,10.);
#2857=VECTOR('',#10185,10.);
#2858=VECTOR('',#10186,10.);
#2859=VECTOR('',#10187,10.);
#2860=VECTOR('',#10188,10.);
#2861=VECTOR('',#10189,10.);
#2862=VECTOR('',#10190,10.);
#2863=VECTOR('',#10191,10.);
#2864=VECTOR('',#10192,10.);
#2865=VECTOR('',#10195,10.);
#2866=VECTOR('',#10196,10.);
#2867=VECTOR('',#10197,10.);
#2868=VECTOR('',#10198,10.);
#2869=VECTOR('',#10199,10.);
#2870=VECTOR('',#10200,10.);
#2871=VECTOR('',#10201,10.);
#2872=VECTOR('',#10202,10.);
#2873=VECTOR('',#10203,10.);
#2874=VECTOR('',#10204,10.);
#2875=VECTOR('',#10205,10.);
#2876=VECTOR('',#10206,10.);
#2877=VECTOR('',#10207,10.);
#2878=VECTOR('',#10208,10.);
#2879=VECTOR('',#10209,10.);
#2880=VECTOR('',#10210,10.);
#2881=VECTOR('',#10213,10.);
#2882=VECTOR('',#10214,10.);
#2883=VECTOR('',#10217,10.);
#2884=VECTOR('',#10220,10.);
#2885=VECTOR('',#10223,10.);
#2886=VECTOR('',#10226,10.);
#2887=VECTOR('',#10229,10.);
#2888=VECTOR('',#10232,10.);
#2889=VECTOR('',#10235,10.);
#2890=VECTOR('',#10238,10.);
#2891=VECTOR('',#10241,10.);
#2892=VECTOR('',#10244,10.);
#2893=VECTOR('',#10247,10.);
#2894=VECTOR('',#10250,10.);
#2895=VECTOR('',#10253,10.);
#2896=VECTOR('',#10256,10.);
#2897=VECTOR('',#10263,10.);
#2898=VECTOR('',#10264,10.);
#2899=VECTOR('',#10267,10.);
#2900=VECTOR('',#10270,10.);
#2901=VECTOR('',#10273,10.);
#2902=VECTOR('',#10276,10.);
#2903=VECTOR('',#10279,10.);
#2904=VECTOR('',#10282,10.);
#2905=VECTOR('',#10285,10.);
#2906=VECTOR('',#10288,10.);
#2907=VECTOR('',#10291,10.);
#2908=VECTOR('',#10294,10.);
#2909=VECTOR('',#10297,10.);
#2910=VECTOR('',#10300,10.);
#2911=VECTOR('',#10303,10.);
#2912=VECTOR('',#10306,10.);
#2913=VECTOR('',#10311,10.);
#2914=VECTOR('',#10314,10.);
#2915=VECTOR('',#10317,10.);
#2916=VECTOR('',#10320,10.);
#2917=VECTOR('',#10323,10.);
#2918=VECTOR('',#10326,10.);
#2919=VECTOR('',#10329,10.);
#2920=VECTOR('',#10332,10.);
#2921=VECTOR('',#10335,10.);
#2922=VECTOR('',#10338,10.);
#2923=VECTOR('',#10341,10.);
#2924=VECTOR('',#10344,10.);
#2925=VECTOR('',#10347,10.);
#2926=VECTOR('',#10352,10.);
#2927=VECTOR('',#10357,10.);
#2928=VECTOR('',#10358,10.);
#2929=VECTOR('',#10359,10.);
#2930=VECTOR('',#10360,10.);
#2931=VECTOR('',#10363,10.);
#2932=VECTOR('',#10368,10.);
#2933=VECTOR('',#10369,10.);
#2934=VECTOR('',#10370,10.);
#2935=VECTOR('',#10371,10.);
#2936=VECTOR('',#10374,10.);
#2937=VECTOR('',#10375,10.);
#2938=VECTOR('',#10378,10.);
#2939=VECTOR('',#10383,10.);
#2940=VECTOR('',#10386,10.);
#2941=VECTOR('',#10387,10.);
#2942=VECTOR('',#10388,10.);
#2943=VECTOR('',#10391,10.);
#2944=VECTOR('',#10392,10.);
#2945=VECTOR('',#10395,10.);
#2946=VECTOR('',#10396,10.);
#2947=VECTOR('',#10397,10.);
#2948=VECTOR('',#10398,10.);
#2949=VECTOR('',#10401,10.);
#2950=VECTOR('',#10402,10.);
#2951=VECTOR('',#10405,10.);
#2952=VECTOR('',#10406,10.);
#2953=VECTOR('',#10407,10.);
#2954=VECTOR('',#10410,10.);
#2955=VECTOR('',#10415,10.);
#2956=VECTOR('',#10416,10.);
#2957=VECTOR('',#10419,10.);
#2958=VECTOR('',#10422,10.);
#2959=VECTOR('',#10427,10.);
#2960=VECTOR('',#10428,10.);
#2961=VECTOR('',#10431,10.);
#2962=VECTOR('',#10432,10.);
#2963=VECTOR('',#10433,10.);
#2964=VECTOR('',#10434,10.);
#2965=VECTOR('',#10437,10.);
#2966=VECTOR('',#10438,10.);
#2967=VECTOR('',#10441,10.);
#2968=VECTOR('',#10442,10.);
#2969=VECTOR('',#10443,10.);
#2970=VECTOR('',#10444,10.);
#2971=VECTOR('',#10447,10.);
#2972=VECTOR('',#10448,10.);
#2973=VECTOR('',#10449,10.);
#2974=VECTOR('',#10452,10.);
#2975=VECTOR('',#10453,10.);
#2976=VECTOR('',#10456,10.);
#2977=VECTOR('',#10459,10.);
#2978=VECTOR('',#10462,10.);
#2979=VECTOR('',#10465,10.);
#2980=VECTOR('',#10468,10.);
#2981=VECTOR('',#10471,10.);
#2982=VECTOR('',#10474,10.);
#2983=VECTOR('',#10477,10.);
#2984=VECTOR('',#10482,10.);
#2985=VECTOR('',#10485,10.);
#2986=VECTOR('',#10486,10.);
#2987=VECTOR('',#10491,10.);
#2988=VECTOR('',#10494,10.);
#2989=VECTOR('',#10495,10.);
#2990=VECTOR('',#10500,10.);
#2991=VECTOR('',#10503,10.);
#2992=VECTOR('',#10504,10.);
#2993=VECTOR('',#10509,10.);
#2994=VECTOR('',#10512,10.);
#2995=VECTOR('',#10513,10.);
#2996=VECTOR('',#10518,10.);
#2997=VECTOR('',#10521,10.);
#2998=VECTOR('',#10522,10.);
#2999=VECTOR('',#10529,10.);
#3000=VECTOR('',#10530,10.);
#3001=VECTOR('',#10535,10.);
#3002=VECTOR('',#10538,10.);
#3003=VECTOR('',#10539,10.);
#3004=VECTOR('',#10544,10.);
#3005=VECTOR('',#10547,10.);
#3006=VECTOR('',#10548,10.);
#3007=VECTOR('',#10553,10.);
#3008=VECTOR('',#10556,10.);
#3009=VECTOR('',#10557,10.);
#3010=VECTOR('',#10562,10.);
#3011=VECTOR('',#10565,10.);
#3012=VECTOR('',#10566,10.);
#3013=VECTOR('',#10571,10.);
#3014=VECTOR('',#10574,10.);
#3015=VECTOR('',#10575,10.);
#3016=VECTOR('',#10580,10.);
#3017=VECTOR('',#10583,10.);
#3018=VECTOR('',#10584,10.);
#3019=VECTOR('',#10589,10.);
#3020=VECTOR('',#10592,10.);
#3021=VECTOR('',#10593,10.);
#3022=VECTOR('',#10598,10.);
#3023=VECTOR('',#10601,10.);
#3024=VECTOR('',#10602,10.);
#3025=VECTOR('',#10605,10.);
#3026=VECTOR('',#10610,10.);
#3027=VECTOR('',#10613,10.);
#3028=VECTOR('',#10616,10.);
#3029=VECTOR('',#10619,10.);
#3030=VECTOR('',#10622,10.);
#3031=VECTOR('',#10625,10.);
#3032=VECTOR('',#10626,10.);
#3033=VECTOR('',#10627,10.);
#3034=VECTOR('',#10630,10.);
#3035=VECTOR('',#10635,10.);
#3036=VECTOR('',#10638,10.);
#3037=VECTOR('',#10639,10.);
#3038=VECTOR('',#10642,10.);
#3039=VECTOR('',#10649,10.);
#3040=VECTOR('',#10650,10.);
#3041=VECTOR('',#10651,10.);
#3042=VECTOR('',#10652,10.);
#3043=VECTOR('',#10655,10.);
#3044=VECTOR('',#10658,10.);
#3045=VECTOR('',#10661,10.);
#3046=VECTOR('',#10664,10.);
#3047=VECTOR('',#10667,10.);
#3048=VECTOR('',#10672,10.);
#3049=VECTOR('',#10675,10.);
#3050=VECTOR('',#10678,10.);
#3051=VECTOR('',#10681,10.);
#3052=VECTOR('',#10688,10.);
#3053=VECTOR('',#10691,10.);
#3054=VECTOR('',#10694,10.);
#3055=VECTOR('',#10695,10.);
#3056=VECTOR('',#10698,10.);
#3057=VECTOR('',#10701,10.);
#3058=VECTOR('',#10704,10.);
#3059=VECTOR('',#10707,10.);
#3060=VECTOR('',#10710,10.);
#3061=VECTOR('',#10713,10.);
#3062=VECTOR('',#10716,10.);
#3063=VECTOR('',#10719,10.);
#3064=VECTOR('',#10722,10.);
#3065=VECTOR('',#10725,10.);
#3066=VECTOR('',#10728,10.);
#3067=VECTOR('',#10733,10.);
#3068=VECTOR('',#10736,10.);
#3069=VECTOR('',#10739,10.);
#3070=VECTOR('',#10742,10.);
#3071=VECTOR('',#10749,10.);
#3072=VECTOR('',#10752,10.);
#3073=VECTOR('',#10755,10.);
#3074=VECTOR('',#10758,10.);
#3075=VECTOR('',#10761,10.);
#3076=VECTOR('',#10764,10.);
#3077=VECTOR('',#10765,10.);
#3078=VECTOR('',#10766,10.);
#3079=VECTOR('',#10769,10.);
#3080=VECTOR('',#10772,10.);
#3081=VECTOR('',#10775,10.);
#3082=VECTOR('',#10778,10.);
#3083=VECTOR('',#10781,10.);
#3084=VECTOR('',#10784,10.);
#3085=VECTOR('',#10785,10.);
#3086=VECTOR('',#10786,10.);
#3087=VECTOR('',#10789,10.);
#3088=VECTOR('',#10796,10.);
#3089=VECTOR('',#10799,10.);
#3090=VECTOR('',#10800,10.);
#3091=VECTOR('',#10801,10.);
#3092=VECTOR('',#10802,10.);
#3093=VECTOR('',#10805,10.);
#3094=VECTOR('',#10808,10.);
#3095=VECTOR('',#10811,10.);
#3096=VECTOR('',#10814,10.);
#3097=VECTOR('',#10817,10.);
#3098=VECTOR('',#10822,10.);
#3099=VECTOR('',#10825,10.);
#3100=VECTOR('',#10828,10.);
#3101=VECTOR('',#10829,10.);
#3102=VECTOR('',#10832,10.);
#3103=VECTOR('',#10837,10.);
#3104=VECTOR('',#10840,10.);
#3105=VECTOR('',#10843,10.);
#3106=VECTOR('',#10846,10.);
#3107=VECTOR('',#10849,10.);
#3108=VECTOR('',#10852,10.);
#3109=VECTOR('',#10855,10.);
#3110=VECTOR('',#10858,10.);
#3111=VECTOR('',#10859,10.);
#3112=VECTOR('',#10862,10.);
#3113=VECTOR('',#10865,10.);
#3114=VECTOR('',#10868,10.);
#3115=VECTOR('',#10871,10.);
#3116=VECTOR('',#10874,10.);
#3117=VECTOR('',#10877,10.);
#3118=VECTOR('',#10880,10.);
#3119=VECTOR('',#10883,10.);
#3120=VECTOR('',#10886,10.);
#3121=VECTOR('',#10889,10.);
#3122=VECTOR('',#10892,10.);
#3123=VECTOR('',#10897,10.);
#3124=VECTOR('',#10900,10.);
#3125=VECTOR('',#10903,10.);
#3126=VECTOR('',#10906,10.);
#3127=VECTOR('',#10909,10.);
#3128=VERTEX_POINT('',#10914);
#3129=VERTEX_POINT('',#10915);
#3130=VERTEX_POINT('',#10917);
#3131=VERTEX_POINT('',#10919);
#3132=VERTEX_POINT('',#10923);
#3133=VERTEX_POINT('',#10924);
#3134=VERTEX_POINT('',#10926);
#3135=VERTEX_POINT('',#10928);
#3136=VERTEX_POINT('',#10935);
#3137=VERTEX_POINT('',#10936);
#3138=VERTEX_POINT('',#10938);
#3139=VERTEX_POINT('',#10940);
#3140=VERTEX_POINT('',#10944);
#3141=VERTEX_POINT('',#10946);
#3142=VERTEX_POINT('',#10950);
#3143=VERTEX_POINT('',#10952);
#3144=VERTEX_POINT('',#10959);
#3145=VERTEX_POINT('',#10960);
#3146=VERTEX_POINT('',#10962);
#3147=VERTEX_POINT('',#10964);
#3148=VERTEX_POINT('',#10968);
#3149=VERTEX_POINT('',#10970);
#3150=VERTEX_POINT('',#10974);
#3151=VERTEX_POINT('',#10976);
#3152=VERTEX_POINT('',#10983);
#3153=VERTEX_POINT('',#10984);
#3154=VERTEX_POINT('',#10986);
#3155=VERTEX_POINT('',#10988);
#3156=VERTEX_POINT('',#10992);
#3157=VERTEX_POINT('',#10993);
#3158=VERTEX_POINT('',#10995);
#3159=VERTEX_POINT('',#10997);
#3160=VERTEX_POINT('',#11004);
#3161=VERTEX_POINT('',#11005);
#3162=VERTEX_POINT('',#11007);
#3163=VERTEX_POINT('',#11009);
#3164=VERTEX_POINT('',#11013);
#3165=VERTEX_POINT('',#11015);
#3166=VERTEX_POINT('',#11019);
#3167=VERTEX_POINT('',#11021);
#3168=VERTEX_POINT('',#11028);
#3169=VERTEX_POINT('',#11029);
#3170=VERTEX_POINT('',#11031);
#3171=VERTEX_POINT('',#11033);
#3172=VERTEX_POINT('',#11037);
#3173=VERTEX_POINT('',#11039);
#3174=VERTEX_POINT('',#11043);
#3175=VERTEX_POINT('',#11045);
#3176=VERTEX_POINT('',#11052);
#3177=VERTEX_POINT('',#11054);
#3178=VERTEX_POINT('',#11058);
#3179=VERTEX_POINT('',#11060);
#3180=VERTEX_POINT('',#11064);
#3181=VERTEX_POINT('',#11066);
#3182=VERTEX_POINT('',#11070);
#3183=VERTEX_POINT('',#11072);
#3184=VERTEX_POINT('',#11076);
#3185=VERTEX_POINT('',#11078);
#3186=VERTEX_POINT('',#11080);
#3187=VERTEX_POINT('',#11082);
#3188=VERTEX_POINT('',#11084);
#3189=VERTEX_POINT('',#11086);
#3190=VERTEX_POINT('',#11088);
#3191=VERTEX_POINT('',#11090);
#3192=VERTEX_POINT('',#11092);
#3193=VERTEX_POINT('',#11094);
#3194=VERTEX_POINT('',#11096);
#3195=VERTEX_POINT('',#11098);
#3196=VERTEX_POINT('',#11100);
#3197=VERTEX_POINT('',#11102);
#3198=VERTEX_POINT('',#11104);
#3199=VERTEX_POINT('',#11106);
#3200=VERTEX_POINT('',#11108);
#3201=VERTEX_POINT('',#11111);
#3202=VERTEX_POINT('',#11112);
#3203=VERTEX_POINT('',#11114);
#3204=VERTEX_POINT('',#11116);
#3205=VERTEX_POINT('',#11119);
#3206=VERTEX_POINT('',#11120);
#3207=VERTEX_POINT('',#11122);
#3208=VERTEX_POINT('',#11124);
#3209=VERTEX_POINT('',#11126);
#3210=VERTEX_POINT('',#11128);
#3211=VERTEX_POINT('',#11130);
#3212=VERTEX_POINT('',#11132);
#3213=VERTEX_POINT('',#11134);
#3214=VERTEX_POINT('',#11136);
#3215=VERTEX_POINT('',#11138);
#3216=VERTEX_POINT('',#11140);
#3217=VERTEX_POINT('',#11142);
#3218=VERTEX_POINT('',#11144);
#3219=VERTEX_POINT('',#11146);
#3220=VERTEX_POINT('',#11148);
#3221=VERTEX_POINT('',#11151);
#3222=VERTEX_POINT('',#11152);
#3223=VERTEX_POINT('',#11154);
#3224=VERTEX_POINT('',#11156);
#3225=VERTEX_POINT('',#11158);
#3226=VERTEX_POINT('',#11160);
#3227=VERTEX_POINT('',#11162);
#3228=VERTEX_POINT('',#11164);
#3229=VERTEX_POINT('',#11166);
#3230=VERTEX_POINT('',#11168);
#3231=VERTEX_POINT('',#11170);
#3232=VERTEX_POINT('',#11172);
#3233=VERTEX_POINT('',#11174);
#3234=VERTEX_POINT('',#11176);
#3235=VERTEX_POINT('',#11178);
#3236=VERTEX_POINT('',#11180);
#3237=VERTEX_POINT('',#11183);
#3238=VERTEX_POINT('',#11184);
#3239=VERTEX_POINT('',#11186);
#3240=VERTEX_POINT('',#11188);
#3241=VERTEX_POINT('',#11190);
#3242=VERTEX_POINT('',#11192);
#3243=VERTEX_POINT('',#11194);
#3244=VERTEX_POINT('',#11196);
#3245=VERTEX_POINT('',#11198);
#3246=VERTEX_POINT('',#11200);
#3247=VERTEX_POINT('',#11202);
#3248=VERTEX_POINT('',#11204);
#3249=VERTEX_POINT('',#11206);
#3250=VERTEX_POINT('',#11208);
#3251=VERTEX_POINT('',#11210);
#3252=VERTEX_POINT('',#11212);
#3253=VERTEX_POINT('',#11216);
#3254=VERTEX_POINT('',#11218);
#3255=VERTEX_POINT('',#11220);
#3256=VERTEX_POINT('',#11222);
#3257=VERTEX_POINT('',#11224);
#3258=VERTEX_POINT('',#11226);
#3259=VERTEX_POINT('',#11228);
#3260=VERTEX_POINT('',#11230);
#3261=VERTEX_POINT('',#11232);
#3262=VERTEX_POINT('',#11234);
#3263=VERTEX_POINT('',#11236);
#3264=VERTEX_POINT('',#11238);
#3265=VERTEX_POINT('',#11240);
#3266=VERTEX_POINT('',#11242);
#3267=VERTEX_POINT('',#11244);
#3268=VERTEX_POINT('',#11246);
#3269=VERTEX_POINT('',#11248);
#3270=VERTEX_POINT('',#11251);
#3271=VERTEX_POINT('',#11252);
#3272=VERTEX_POINT('',#11254);
#3273=VERTEX_POINT('',#11256);
#3274=VERTEX_POINT('',#11258);
#3275=VERTEX_POINT('',#11260);
#3276=VERTEX_POINT('',#11262);
#3277=VERTEX_POINT('',#11264);
#3278=VERTEX_POINT('',#11266);
#3279=VERTEX_POINT('',#11268);
#3280=VERTEX_POINT('',#11270);
#3281=VERTEX_POINT('',#11272);
#3282=VERTEX_POINT('',#11274);
#3283=VERTEX_POINT('',#11276);
#3284=VERTEX_POINT('',#11278);
#3285=VERTEX_POINT('',#11280);
#3286=VERTEX_POINT('',#11283);
#3287=VERTEX_POINT('',#11284);
#3288=VERTEX_POINT('',#11286);
#3289=VERTEX_POINT('',#11288);
#3290=VERTEX_POINT('',#11290);
#3291=VERTEX_POINT('',#11292);
#3292=VERTEX_POINT('',#11294);
#3293=VERTEX_POINT('',#11296);
#3294=VERTEX_POINT('',#11298);
#3295=VERTEX_POINT('',#11300);
#3296=VERTEX_POINT('',#11302);
#3297=VERTEX_POINT('',#11304);
#3298=VERTEX_POINT('',#11306);
#3299=VERTEX_POINT('',#11308);
#3300=VERTEX_POINT('',#11310);
#3301=VERTEX_POINT('',#11312);
#3302=VERTEX_POINT('',#11315);
#3303=VERTEX_POINT('',#11316);
#3304=VERTEX_POINT('',#11318);
#3305=VERTEX_POINT('',#11320);
#3306=VERTEX_POINT('',#11322);
#3307=VERTEX_POINT('',#11324);
#3308=VERTEX_POINT('',#11326);
#3309=VERTEX_POINT('',#11328);
#3310=VERTEX_POINT('',#11330);
#3311=VERTEX_POINT('',#11332);
#3312=VERTEX_POINT('',#11334);
#3313=VERTEX_POINT('',#11336);
#3314=VERTEX_POINT('',#11338);
#3315=VERTEX_POINT('',#11340);
#3316=VERTEX_POINT('',#11342);
#3317=VERTEX_POINT('',#11344);
#3318=VERTEX_POINT('',#11347);
#3319=VERTEX_POINT('',#11348);
#3320=VERTEX_POINT('',#11350);
#3321=VERTEX_POINT('',#11352);
#3322=VERTEX_POINT('',#11356);
#3323=VERTEX_POINT('',#11358);
#3324=VERTEX_POINT('',#11360);
#3325=VERTEX_POINT('',#11362);
#3326=VERTEX_POINT('',#11364);
#3327=VERTEX_POINT('',#11366);
#3328=VERTEX_POINT('',#11368);
#3329=VERTEX_POINT('',#11370);
#3330=VERTEX_POINT('',#11374);
#3331=VERTEX_POINT('',#11376);
#3332=VERTEX_POINT('',#11378);
#3333=VERTEX_POINT('',#11380);
#3334=VERTEX_POINT('',#11382);
#3335=VERTEX_POINT('',#11384);
#3336=VERTEX_POINT('',#11386);
#3337=VERTEX_POINT('',#11390);
#3338=VERTEX_POINT('',#11391);
#3339=VERTEX_POINT('',#11393);
#3340=VERTEX_POINT('',#11395);
#3341=VERTEX_POINT('',#11399);
#3342=VERTEX_POINT('',#11401);
#3343=VERTEX_POINT('',#11409);
#3344=VERTEX_POINT('',#11411);
#3345=VERTEX_POINT('',#11415);
#3346=VERTEX_POINT('',#11417);
#3347=VERTEX_POINT('',#11426);
#3348=VERTEX_POINT('',#11507);
#3349=VERTEX_POINT('',#11510);
#3350=VERTEX_POINT('',#11743);
#3351=VERTEX_POINT('',#11747);
#3352=VERTEX_POINT('',#11749);
#3353=VERTEX_POINT('',#11751);
#3354=VERTEX_POINT('',#11753);
#3355=VERTEX_POINT('',#11755);
#3356=VERTEX_POINT('',#11757);
#3357=VERTEX_POINT('',#11759);
#3358=VERTEX_POINT('',#11761);
#3359=VERTEX_POINT('',#11763);
#3360=VERTEX_POINT('',#11765);
#3361=VERTEX_POINT('',#11768);
#3362=VERTEX_POINT('',#11769);
#3363=VERTEX_POINT('',#11771);
#3364=VERTEX_POINT('',#11773);
#3365=VERTEX_POINT('',#11794);
#3366=VERTEX_POINT('',#11796);
#3367=VERTEX_POINT('',#11798);
#3368=VERTEX_POINT('',#11802);
#3369=VERTEX_POINT('',#11804);
#3370=VERTEX_POINT('',#11809);
#3371=VERTEX_POINT('',#11811);
#3372=VERTEX_POINT('',#11815);
#3373=VERTEX_POINT('',#11816);
#3374=VERTEX_POINT('',#11823);
#3375=VERTEX_POINT('',#11842);
#3376=VERTEX_POINT('',#11847);
#3377=VERTEX_POINT('',#11856);
#3378=VERTEX_POINT('',#11865);
#3379=VERTEX_POINT('',#11870);
#3380=VERTEX_POINT('',#11875);
#3381=VERTEX_POINT('',#11877);
#3382=VERTEX_POINT('',#11884);
#3383=VERTEX_POINT('',#11886);
#3384=VERTEX_POINT('',#11905);
#3385=VERTEX_POINT('',#11906);
#3386=VERTEX_POINT('',#11915);
#3387=VERTEX_POINT('',#11922);
#3388=VERTEX_POINT('',#11924);
#3389=VERTEX_POINT('',#11926);
#3390=VERTEX_POINT('',#11933);
#3391=VERTEX_POINT('',#11935);
#3392=VERTEX_POINT('',#11940);
#3393=VERTEX_POINT('',#11942);
#3394=VERTEX_POINT('',#11944);
#3395=VERTEX_POINT('',#11946);
#3396=VERTEX_POINT('',#11948);
#3397=VERTEX_POINT('',#11950);
#3398=VERTEX_POINT('',#11952);
#3399=VERTEX_POINT('',#11954);
#3400=VERTEX_POINT('',#11956);
#3401=VERTEX_POINT('',#11958);
#3402=VERTEX_POINT('',#11960);
#3403=VERTEX_POINT('',#11962);
#3404=VERTEX_POINT('',#11964);
#3405=VERTEX_POINT('',#11966);
#3406=VERTEX_POINT('',#11968);
#3407=VERTEX_POINT('',#11970);
#3408=VERTEX_POINT('',#11972);
#3409=VERTEX_POINT('',#11974);
#3410=VERTEX_POINT('',#11976);
#3411=VERTEX_POINT('',#11978);
#3412=VERTEX_POINT('',#11980);
#3413=VERTEX_POINT('',#11982);
#3414=VERTEX_POINT('',#11984);
#3415=VERTEX_POINT('',#11986);
#3416=VERTEX_POINT('',#11988);
#3417=VERTEX_POINT('',#11990);
#3418=VERTEX_POINT('',#11996);
#3419=VERTEX_POINT('',#11998);
#3420=VERTEX_POINT('',#12002);
#3421=VERTEX_POINT('',#12006);
#3422=VERTEX_POINT('',#12008);
#3423=VERTEX_POINT('',#12010);
#3424=VERTEX_POINT('',#12012);
#3425=VERTEX_POINT('',#12014);
#3426=VERTEX_POINT('',#12016);
#3427=VERTEX_POINT('',#12018);
#3428=VERTEX_POINT('',#12020);
#3429=VERTEX_POINT('',#12022);
#3430=VERTEX_POINT('',#12024);
#3431=VERTEX_POINT('',#12026);
#3432=VERTEX_POINT('',#12028);
#3433=VERTEX_POINT('',#12030);
#3434=VERTEX_POINT('',#12034);
#3435=VERTEX_POINT('',#12035);
#3436=VERTEX_POINT('',#12037);
#3437=VERTEX_POINT('',#12039);
#3438=VERTEX_POINT('',#12041);
#3439=VERTEX_POINT('',#12043);
#3440=VERTEX_POINT('',#12045);
#3441=VERTEX_POINT('',#12047);
#3442=VERTEX_POINT('',#12049);
#3443=VERTEX_POINT('',#12051);
#3444=VERTEX_POINT('',#12053);
#3445=VERTEX_POINT('',#12055);
#3446=VERTEX_POINT('',#12057);
#3447=VERTEX_POINT('',#12059);
#3448=VERTEX_POINT('',#12061);
#3449=VERTEX_POINT('',#12063);
#3450=VERTEX_POINT('',#12067);
#3451=VERTEX_POINT('',#12068);
#3452=VERTEX_POINT('',#12070);
#3453=VERTEX_POINT('',#12072);
#3454=VERTEX_POINT('',#12074);
#3455=VERTEX_POINT('',#12076);
#3456=VERTEX_POINT('',#12078);
#3457=VERTEX_POINT('',#12080);
#3458=VERTEX_POINT('',#12082);
#3459=VERTEX_POINT('',#12084);
#3460=VERTEX_POINT('',#12086);
#3461=VERTEX_POINT('',#12088);
#3462=VERTEX_POINT('',#12090);
#3463=VERTEX_POINT('',#12092);
#3464=VERTEX_POINT('',#12094);
#3465=VERTEX_POINT('',#12096);
#3466=VERTEX_POINT('',#12193);
#3467=VERTEX_POINT('',#12195);
#3468=VERTEX_POINT('',#12197);
#3469=VERTEX_POINT('',#12201);
#3470=VERTEX_POINT('',#12205);
#3471=VERTEX_POINT('',#12224);
#3472=VERTEX_POINT('',#12225);
#3473=VERTEX_POINT('',#12230);
#3474=VERTEX_POINT('',#12235);
#3475=VERTEX_POINT('',#12237);
#3476=VERTEX_POINT('',#12242);
#3477=VERTEX_POINT('',#12244);
#3478=VERTEX_POINT('',#12251);
#3479=VERTEX_POINT('',#12272);
#3480=VERTEX_POINT('',#12275);
#3481=VERTEX_POINT('',#12279);
#3482=VERTEX_POINT('',#12281);
#3483=VERTEX_POINT('',#12288);
#3484=VERTEX_POINT('',#12290);
#3485=VERTEX_POINT('',#12292);
#3486=VERTEX_POINT('',#12296);
#3487=VERTEX_POINT('',#12300);
#3488=VERTEX_POINT('',#12302);
#3489=VERTEX_POINT('',#12306);
#3490=VERTEX_POINT('',#12310);
#3491=VERTEX_POINT('',#12314);
#3492=VERTEX_POINT('',#12316);
#3493=VERTEX_POINT('',#12318);
#3494=VERTEX_POINT('',#12322);
#3495=VERTEX_POINT('',#12326);
#3496=VERTEX_POINT('',#12327);
#3497=VERTEX_POINT('',#12329);
#3498=VERTEX_POINT('',#12331);
#3499=VERTEX_POINT('',#12335);
#3500=VERTEX_POINT('',#12339);
#3501=VERTEX_POINT('',#12340);
#3502=VERTEX_POINT('',#12342);
#3503=VERTEX_POINT('',#12344);
#3504=VERTEX_POINT('',#12349);
#3505=VERTEX_POINT('',#12353);
#3506=VERTEX_POINT('',#12355);
#3507=VERTEX_POINT('',#12357);
#3508=VERTEX_POINT('',#12359);
#3509=VERTEX_POINT('',#12361);
#3510=VERTEX_POINT('',#12363);
#3511=VERTEX_POINT('',#12365);
#3512=VERTEX_POINT('',#12367);
#3513=VERTEX_POINT('',#12369);
#3514=VERTEX_POINT('',#12371);
#3515=VERTEX_POINT('',#12373);
#3516=VERTEX_POINT('',#12375);
#3517=VERTEX_POINT('',#12377);
#3518=VERTEX_POINT('',#12379);
#3519=VERTEX_POINT('',#12381);
#3520=VERTEX_POINT('',#12383);
#3521=VERTEX_POINT('',#12385);
#3522=VERTEX_POINT('',#12389);
#3523=VERTEX_POINT('',#12393);
#3524=VERTEX_POINT('',#12397);
#3525=VERTEX_POINT('',#12401);
#3526=VERTEX_POINT('',#12405);
#3527=VERTEX_POINT('',#12409);
#3528=VERTEX_POINT('',#12413);
#3529=VERTEX_POINT('',#12417);
#3530=VERTEX_POINT('',#12421);
#3531=VERTEX_POINT('',#12425);
#3532=VERTEX_POINT('',#12431);
#3533=VERTEX_POINT('',#12435);
#3534=VERTEX_POINT('',#12439);
#3535=VERTEX_POINT('',#12443);
#3536=VERTEX_POINT('',#12447);
#3537=VERTEX_POINT('',#12451);
#3538=VERTEX_POINT('',#12455);
#3539=VERTEX_POINT('',#12459);
#3540=VERTEX_POINT('',#12463);
#3541=VERTEX_POINT('',#12467);
#3542=VERTEX_POINT('',#12471);
#3543=VERTEX_POINT('',#12475);
#3544=VERTEX_POINT('',#12479);
#3545=VERTEX_POINT('',#12483);
#3546=VERTEX_POINT('',#12487);
#3547=VERTEX_POINT('',#12491);
#3548=VERTEX_POINT('',#12495);
#3549=VERTEX_POINT('',#12502);
#3550=VERTEX_POINT('',#12503);
#3551=VERTEX_POINT('',#12506);
#3552=VERTEX_POINT('',#12508);
#3553=VERTEX_POINT('',#12510);
#3554=VERTEX_POINT('',#12512);
#3555=VERTEX_POINT('',#12515);
#3556=VERTEX_POINT('',#12517);
#3557=VERTEX_POINT('',#12521);
#3558=VERTEX_POINT('',#12523);
#3559=VERTEX_POINT('',#12525);
#3560=VERTEX_POINT('',#12527);
#3561=VERTEX_POINT('',#12529);
#3562=VERTEX_POINT('',#12531);
#3563=VERTEX_POINT('',#12533);
#3564=VERTEX_POINT('',#12535);
#3565=VERTEX_POINT('',#12537);
#3566=VERTEX_POINT('',#12539);
#3567=VERTEX_POINT('',#12541);
#3568=VERTEX_POINT('',#12543);
#3569=VERTEX_POINT('',#12545);
#3570=VERTEX_POINT('',#12549);
#3571=VERTEX_POINT('',#12551);
#3572=VERTEX_POINT('',#12553);
#3573=VERTEX_POINT('',#12555);
#3574=VERTEX_POINT('',#12558);
#3575=VERTEX_POINT('',#12560);
#3576=VERTEX_POINT('',#12562);
#3577=VERTEX_POINT('',#12564);
#3578=VERTEX_POINT('',#12566);
#3579=VERTEX_POINT('',#12568);
#3580=VERTEX_POINT('',#12570);
#3581=VERTEX_POINT('',#12572);
#3582=VERTEX_POINT('',#12574);
#3583=VERTEX_POINT('',#12576);
#3584=VERTEX_POINT('',#12578);
#3585=VERTEX_POINT('',#12580);
#3586=VERTEX_POINT('',#12582);
#3587=VERTEX_POINT('',#12632);
#3588=VERTEX_POINT('',#12633);
#3589=VERTEX_POINT('',#12636);
#3590=VERTEX_POINT('',#12638);
#3591=VERTEX_POINT('',#12640);
#3592=VERTEX_POINT('',#12642);
#3593=VERTEX_POINT('',#12644);
#3594=VERTEX_POINT('',#12646);
#3595=VERTEX_POINT('',#12648);
#3596=VERTEX_POINT('',#12650);
#3597=VERTEX_POINT('',#12652);
#3598=VERTEX_POINT('',#12655);
#3599=VERTEX_POINT('',#12657);
#3600=VERTEX_POINT('',#12659);
#3601=VERTEX_POINT('',#12661);
#3602=VERTEX_POINT('',#12663);
#3603=VERTEX_POINT('',#12665);
#3604=VERTEX_POINT('',#12667);
#3605=VERTEX_POINT('',#12669);
#3606=VERTEX_POINT('',#12671);
#3607=VERTEX_POINT('',#12673);
#3608=VERTEX_POINT('',#12675);
#3609=VERTEX_POINT('',#12677);
#3610=VERTEX_POINT('',#12679);
#3611=VERTEX_POINT('',#12681);
#3612=VERTEX_POINT('',#12683);
#3613=VERTEX_POINT('',#12685);
#3614=VERTEX_POINT('',#12687);
#3615=VERTEX_POINT('',#12689);
#3616=VERTEX_POINT('',#12695);
#3617=VERTEX_POINT('',#12696);
#3618=VERTEX_POINT('',#12698);
#3619=VERTEX_POINT('',#12700);
#3620=VERTEX_POINT('',#12702);
#3621=VERTEX_POINT('',#12705);
#3622=VERTEX_POINT('',#12707);
#3623=VERTEX_POINT('',#12709);
#3624=VERTEX_POINT('',#12711);
#3625=VERTEX_POINT('',#12713);
#3626=VERTEX_POINT('',#12715);
#3627=VERTEX_POINT('',#12717);
#3628=VERTEX_POINT('',#12719);
#3629=VERTEX_POINT('',#12721);
#3630=VERTEX_POINT('',#12723);
#3631=VERTEX_POINT('',#12725);
#3632=VERTEX_POINT('',#12727);
#3633=VERTEX_POINT('',#12729);
#3634=VERTEX_POINT('',#12790);
#3635=VERTEX_POINT('',#12792);
#3636=VERTEX_POINT('',#12796);
#3637=VERTEX_POINT('',#12800);
#3638=VERTEX_POINT('',#12802);
#3639=VERTEX_POINT('',#12806);
#3640=VERTEX_POINT('',#12808);
#3641=VERTEX_POINT('',#12814);
#3642=VERTEX_POINT('',#12816);
#3643=VERTEX_POINT('',#12820);
#3644=VERTEX_POINT('',#12822);
#3645=VERTEX_POINT('',#12824);
#3646=VERTEX_POINT('',#12826);
#3647=VERTEX_POINT('',#12828);
#3648=VERTEX_POINT('',#12830);
#3649=VERTEX_POINT('',#12839);
#3650=VERTEX_POINT('',#12841);
#3651=VERTEX_POINT('',#12843);
#3652=VERTEX_POINT('',#12847);
#3653=VERTEX_POINT('',#12849);
#3654=VERTEX_POINT('',#12853);
#3655=VERTEX_POINT('',#12855);
#3656=VERTEX_POINT('',#12860);
#3657=VERTEX_POINT('',#12861);
#3658=VERTEX_POINT('',#12868);
#3659=VERTEX_POINT('',#12887);
#3660=VERTEX_POINT('',#12889);
#3661=VERTEX_POINT('',#12894);
#3662=VERTEX_POINT('',#12896);
#3663=VERTEX_POINT('',#12901);
#3664=VERTEX_POINT('',#12906);
#3665=VERTEX_POINT('',#12915);
#3666=VERTEX_POINT('',#12929);
#3667=VERTEX_POINT('',#12931);
#3668=VERTEX_POINT('',#12950);
#3669=VERTEX_POINT('',#12951);
#3670=VERTEX_POINT('',#12960);
#3671=VERTEX_POINT('',#12965);
#3672=VERTEX_POINT('',#12967);
#3673=VERTEX_POINT('',#12969);
#3674=VERTEX_POINT('',#12978);
#3675=VERTEX_POINT('',#12980);
#3676=VERTEX_POINT('',#12984);
#3677=VERTEX_POINT('',#12986);
#3678=VERTEX_POINT('',#12988);
#3679=VERTEX_POINT('',#12990);
#3680=VERTEX_POINT('',#12992);
#3681=VERTEX_POINT('',#12994);
#3682=VERTEX_POINT('',#12996);
#3683=VERTEX_POINT('',#12998);
#3684=VERTEX_POINT('',#13000);
#3685=VERTEX_POINT('',#13002);
#3686=VERTEX_POINT('',#13004);
#3687=VERTEX_POINT('',#13006);
#3688=VERTEX_POINT('',#13008);
#3689=VERTEX_POINT('',#13010);
#3690=VERTEX_POINT('',#13012);
#3691=VERTEX_POINT('',#13014);
#3692=VERTEX_POINT('',#13016);
#3693=VERTEX_POINT('',#13018);
#3694=VERTEX_POINT('',#13020);
#3695=VERTEX_POINT('',#13022);
#3696=VERTEX_POINT('',#13024);
#3697=VERTEX_POINT('',#13026);
#3698=VERTEX_POINT('',#13028);
#3699=VERTEX_POINT('',#13030);
#3700=VERTEX_POINT('',#13032);
#3701=VERTEX_POINT('',#13034);
#3702=VERTEX_POINT('',#13041);
#3703=VERTEX_POINT('',#13043);
#3704=VERTEX_POINT('',#13047);
#3705=VERTEX_POINT('',#13051);
#3706=VERTEX_POINT('',#13053);
#3707=VERTEX_POINT('',#13055);
#3708=VERTEX_POINT('',#13057);
#3709=VERTEX_POINT('',#13059);
#3710=VERTEX_POINT('',#13061);
#3711=VERTEX_POINT('',#13063);
#3712=VERTEX_POINT('',#13065);
#3713=VERTEX_POINT('',#13067);
#3714=VERTEX_POINT('',#13069);
#3715=VERTEX_POINT('',#13071);
#3716=VERTEX_POINT('',#13073);
#3717=VERTEX_POINT('',#13075);
#3718=VERTEX_POINT('',#13079);
#3719=VERTEX_POINT('',#13080);
#3720=VERTEX_POINT('',#13082);
#3721=VERTEX_POINT('',#13084);
#3722=VERTEX_POINT('',#13086);
#3723=VERTEX_POINT('',#13088);
#3724=VERTEX_POINT('',#13090);
#3725=VERTEX_POINT('',#13092);
#3726=VERTEX_POINT('',#13094);
#3727=VERTEX_POINT('',#13096);
#3728=VERTEX_POINT('',#13098);
#3729=VERTEX_POINT('',#13100);
#3730=VERTEX_POINT('',#13102);
#3731=VERTEX_POINT('',#13104);
#3732=VERTEX_POINT('',#13106);
#3733=VERTEX_POINT('',#13108);
#3734=VERTEX_POINT('',#13112);
#3735=VERTEX_POINT('',#13113);
#3736=VERTEX_POINT('',#13115);
#3737=VERTEX_POINT('',#13117);
#3738=VERTEX_POINT('',#13119);
#3739=VERTEX_POINT('',#13121);
#3740=VERTEX_POINT('',#13123);
#3741=VERTEX_POINT('',#13125);
#3742=VERTEX_POINT('',#13127);
#3743=VERTEX_POINT('',#13129);
#3744=VERTEX_POINT('',#13131);
#3745=VERTEX_POINT('',#13133);
#3746=VERTEX_POINT('',#13135);
#3747=VERTEX_POINT('',#13137);
#3748=VERTEX_POINT('',#13139);
#3749=VERTEX_POINT('',#13141);
#3750=VERTEX_POINT('',#13240);
#3751=VERTEX_POINT('',#13242);
#3752=VERTEX_POINT('',#13244);
#3753=VERTEX_POINT('',#13248);
#3754=VERTEX_POINT('',#13252);
#3755=VERTEX_POINT('',#13271);
#3756=VERTEX_POINT('',#13272);
#3757=VERTEX_POINT('',#13277);
#3758=VERTEX_POINT('',#13286);
#3759=VERTEX_POINT('',#13295);
#3760=VERTEX_POINT('',#13302);
#3761=VERTEX_POINT('',#13304);
#3762=VERTEX_POINT('',#13309);
#3763=VERTEX_POINT('',#13319);
#3764=VERTEX_POINT('',#13322);
#3765=VERTEX_POINT('',#13326);
#3766=VERTEX_POINT('',#13328);
#3767=VERTEX_POINT('',#13335);
#3768=VERTEX_POINT('',#13337);
#3769=VERTEX_POINT('',#13339);
#3770=VERTEX_POINT('',#13343);
#3771=VERTEX_POINT('',#13347);
#3772=VERTEX_POINT('',#13349);
#3773=VERTEX_POINT('',#13353);
#3774=VERTEX_POINT('',#13357);
#3775=VERTEX_POINT('',#13361);
#3776=VERTEX_POINT('',#13363);
#3777=VERTEX_POINT('',#13365);
#3778=VERTEX_POINT('',#13369);
#3779=VERTEX_POINT('',#13373);
#3780=VERTEX_POINT('',#13374);
#3781=VERTEX_POINT('',#13376);
#3782=VERTEX_POINT('',#13378);
#3783=VERTEX_POINT('',#13382);
#3784=VERTEX_POINT('',#13386);
#3785=VERTEX_POINT('',#13387);
#3786=VERTEX_POINT('',#13389);
#3787=VERTEX_POINT('',#13391);
#3788=VERTEX_POINT('',#13396);
#3789=VERTEX_POINT('',#13400);
#3790=VERTEX_POINT('',#13402);
#3791=VERTEX_POINT('',#13404);
#3792=VERTEX_POINT('',#13406);
#3793=VERTEX_POINT('',#13408);
#3794=VERTEX_POINT('',#13410);
#3795=VERTEX_POINT('',#13412);
#3796=VERTEX_POINT('',#13414);
#3797=VERTEX_POINT('',#13416);
#3798=VERTEX_POINT('',#13418);
#3799=VERTEX_POINT('',#13420);
#3800=VERTEX_POINT('',#13422);
#3801=VERTEX_POINT('',#13424);
#3802=VERTEX_POINT('',#13426);
#3803=VERTEX_POINT('',#13428);
#3804=VERTEX_POINT('',#13430);
#3805=VERTEX_POINT('',#13432);
#3806=VERTEX_POINT('',#13436);
#3807=VERTEX_POINT('',#13440);
#3808=VERTEX_POINT('',#13444);
#3809=VERTEX_POINT('',#13448);
#3810=VERTEX_POINT('',#13452);
#3811=VERTEX_POINT('',#13456);
#3812=VERTEX_POINT('',#13460);
#3813=VERTEX_POINT('',#13464);
#3814=VERTEX_POINT('',#13468);
#3815=VERTEX_POINT('',#13472);
#3816=VERTEX_POINT('',#13478);
#3817=VERTEX_POINT('',#13482);
#3818=VERTEX_POINT('',#13486);
#3819=VERTEX_POINT('',#13490);
#3820=VERTEX_POINT('',#13494);
#3821=VERTEX_POINT('',#13498);
#3822=VERTEX_POINT('',#13502);
#3823=VERTEX_POINT('',#13506);
#3824=VERTEX_POINT('',#13510);
#3825=VERTEX_POINT('',#13514);
#3826=VERTEX_POINT('',#13518);
#3827=VERTEX_POINT('',#13522);
#3828=VERTEX_POINT('',#13526);
#3829=VERTEX_POINT('',#13530);
#3830=VERTEX_POINT('',#13534);
#3831=VERTEX_POINT('',#13538);
#3832=VERTEX_POINT('',#13542);
#3833=VERTEX_POINT('',#13549);
#3834=VERTEX_POINT('',#13550);
#3835=VERTEX_POINT('',#13552);
#3836=VERTEX_POINT('',#13554);
#3837=VERTEX_POINT('',#13556);
#3838=VERTEX_POINT('',#13558);
#3839=VERTEX_POINT('',#13560);
#3840=VERTEX_POINT('',#13562);
#3841=VERTEX_POINT('',#13564);
#3842=VERTEX_POINT('',#13566);
#3843=VERTEX_POINT('',#13568);
#3844=VERTEX_POINT('',#13570);
#3845=VERTEX_POINT('',#13572);
#3846=VERTEX_POINT('',#13574);
#3847=VERTEX_POINT('',#13576);
#3848=VERTEX_POINT('',#13580);
#3849=VERTEX_POINT('',#13582);
#3850=VERTEX_POINT('',#13585);
#3851=VERTEX_POINT('',#13587);
#3852=VERTEX_POINT('',#13589);
#3853=VERTEX_POINT('',#13591);
#3854=VERTEX_POINT('',#13596);
#3855=VERTEX_POINT('',#13598);
#3856=VERTEX_POINT('',#13600);
#3857=VERTEX_POINT('',#13602);
#3858=VERTEX_POINT('',#13604);
#3859=VERTEX_POINT('',#13606);
#3860=VERTEX_POINT('',#13608);
#3861=VERTEX_POINT('',#13610);
#3862=VERTEX_POINT('',#13612);
#3863=VERTEX_POINT('',#13614);
#3864=VERTEX_POINT('',#13616);
#3865=VERTEX_POINT('',#13618);
#3866=VERTEX_POINT('',#13620);
#3867=VERTEX_POINT('',#13622);
#3868=VERTEX_POINT('',#13625);
#3869=VERTEX_POINT('',#13627);
#3870=VERTEX_POINT('',#13629);
#3871=VERTEX_POINT('',#13679);
#3872=VERTEX_POINT('',#13680);
#3873=VERTEX_POINT('',#13682);
#3874=VERTEX_POINT('',#13684);
#3875=VERTEX_POINT('',#13686);
#3876=VERTEX_POINT('',#13688);
#3877=VERTEX_POINT('',#13690);
#3878=VERTEX_POINT('',#13692);
#3879=VERTEX_POINT('',#13694);
#3880=VERTEX_POINT('',#13696);
#3881=VERTEX_POINT('',#13698);
#3882=VERTEX_POINT('',#13700);
#3883=VERTEX_POINT('',#13702);
#3884=VERTEX_POINT('',#13704);
#3885=VERTEX_POINT('',#13706);
#3886=VERTEX_POINT('',#13708);
#3887=VERTEX_POINT('',#13710);
#3888=VERTEX_POINT('',#13712);
#3889=VERTEX_POINT('',#13714);
#3890=VERTEX_POINT('',#13716);
#3891=VERTEX_POINT('',#13719);
#3892=VERTEX_POINT('',#13721);
#3893=VERTEX_POINT('',#13723);
#3894=VERTEX_POINT('',#13725);
#3895=VERTEX_POINT('',#13727);
#3896=VERTEX_POINT('',#13729);
#3897=VERTEX_POINT('',#13731);
#3898=VERTEX_POINT('',#13733);
#3899=VERTEX_POINT('',#13735);
#3900=VERTEX_POINT('',#13742);
#3901=VERTEX_POINT('',#13743);
#3902=VERTEX_POINT('',#13745);
#3903=VERTEX_POINT('',#13747);
#3904=VERTEX_POINT('',#13749);
#3905=VERTEX_POINT('',#13751);
#3906=VERTEX_POINT('',#13753);
#3907=VERTEX_POINT('',#13755);
#3908=VERTEX_POINT('',#13757);
#3909=VERTEX_POINT('',#13759);
#3910=VERTEX_POINT('',#13761);
#3911=VERTEX_POINT('',#13763);
#3912=VERTEX_POINT('',#13765);
#3913=VERTEX_POINT('',#13767);
#3914=VERTEX_POINT('',#13769);
#3915=VERTEX_POINT('',#13772);
#3916=VERTEX_POINT('',#13774);
#3917=VERTEX_POINT('',#13776);
#3918=EDGE_CURVE('',#3128,#3129,#1168,.T.);
#3919=EDGE_CURVE('',#3130,#3128,#1169,.T.);
#3920=EDGE_CURVE('',#3131,#3130,#1170,.T.);
#3921=EDGE_CURVE('',#3129,#3131,#1171,.T.);
#3922=EDGE_CURVE('',#3132,#3133,#1172,.T.);
#3923=EDGE_CURVE('',#3134,#3132,#1173,.T.);
#3924=EDGE_CURVE('',#3135,#3134,#1174,.T.);
#3925=EDGE_CURVE('',#3135,#3133,#1175,.T.);
#3926=EDGE_CURVE('',#3133,#3128,#1176,.T.);
#3927=EDGE_CURVE('',#3130,#3135,#1177,.T.);
#3928=EDGE_CURVE('',#3136,#3137,#1178,.T.);
#3929=EDGE_CURVE('',#3138,#3136,#1179,.T.);
#3930=EDGE_CURVE('',#3139,#3138,#1180,.T.);
#3931=EDGE_CURVE('',#3139,#3137,#1181,.T.);
#3932=EDGE_CURVE('',#3137,#3140,#1182,.T.);
#3933=EDGE_CURVE('',#3141,#3139,#1183,.T.);
#3934=EDGE_CURVE('',#3141,#3140,#1184,.T.);
#3935=EDGE_CURVE('',#3140,#3142,#1185,.T.);
#3936=EDGE_CURVE('',#3143,#3141,#1186,.T.);
#3937=EDGE_CURVE('',#3143,#3142,#1187,.T.);
#3938=EDGE_CURVE('',#3142,#3136,#1188,.T.);
#3939=EDGE_CURVE('',#3138,#3143,#1189,.T.);
#3940=EDGE_CURVE('',#3144,#3145,#1190,.T.);
#3941=EDGE_CURVE('',#3146,#3144,#1191,.T.);
#3942=EDGE_CURVE('',#3147,#3146,#1192,.T.);
#3943=EDGE_CURVE('',#3147,#3145,#1193,.T.);
#3944=EDGE_CURVE('',#3145,#3148,#1194,.T.);
#3945=EDGE_CURVE('',#3149,#3147,#1195,.T.);
#3946=EDGE_CURVE('',#3149,#3148,#1196,.T.);
#3947=EDGE_CURVE('',#3148,#3150,#1197,.T.);
#3948=EDGE_CURVE('',#3151,#3149,#1198,.T.);
#3949=EDGE_CURVE('',#3151,#3150,#1199,.T.);
#3950=EDGE_CURVE('',#3150,#3144,#1200,.T.);
#3951=EDGE_CURVE('',#3146,#3151,#1201,.T.);
#3952=EDGE_CURVE('',#3152,#3153,#1202,.T.);
#3953=EDGE_CURVE('',#3154,#3152,#1203,.T.);
#3954=EDGE_CURVE('',#3155,#3154,#1204,.T.);
#3955=EDGE_CURVE('',#3153,#3155,#1205,.T.);
#3956=EDGE_CURVE('',#3156,#3157,#1206,.T.);
#3957=EDGE_CURVE('',#3158,#3156,#1207,.T.);
#3958=EDGE_CURVE('',#3159,#3158,#1208,.T.);
#3959=EDGE_CURVE('',#3159,#3157,#1209,.T.);
#3960=EDGE_CURVE('',#3157,#3152,#1210,.T.);
#3961=EDGE_CURVE('',#3154,#3159,#1211,.T.);
#3962=EDGE_CURVE('',#3160,#3161,#1212,.T.);
#3963=EDGE_CURVE('',#3162,#3160,#1213,.T.);
#3964=EDGE_CURVE('',#3163,#3162,#1214,.T.);
#3965=EDGE_CURVE('',#3163,#3161,#1215,.T.);
#3966=EDGE_CURVE('',#3161,#3164,#1216,.T.);
#3967=EDGE_CURVE('',#3165,#3163,#1217,.T.);
#3968=EDGE_CURVE('',#3165,#3164,#1218,.T.);
#3969=EDGE_CURVE('',#3164,#3166,#1219,.T.);
#3970=EDGE_CURVE('',#3167,#3165,#1220,.T.);
#3971=EDGE_CURVE('',#3167,#3166,#1221,.T.);
#3972=EDGE_CURVE('',#3166,#3160,#1222,.T.);
#3973=EDGE_CURVE('',#3162,#3167,#1223,.T.);
#3974=EDGE_CURVE('',#3168,#3169,#1224,.T.);
#3975=EDGE_CURVE('',#3170,#3168,#1225,.T.);
#3976=EDGE_CURVE('',#3171,#3170,#1226,.T.);
#3977=EDGE_CURVE('',#3171,#3169,#1227,.T.);
#3978=EDGE_CURVE('',#3169,#3172,#1228,.T.);
#3979=EDGE_CURVE('',#3173,#3171,#1229,.T.);
#3980=EDGE_CURVE('',#3173,#3172,#1230,.T.);
#3981=EDGE_CURVE('',#3172,#3174,#1231,.T.);
#3982=EDGE_CURVE('',#3175,#3173,#1232,.T.);
#3983=EDGE_CURVE('',#3175,#3174,#1233,.T.);
#3984=EDGE_CURVE('',#3174,#3168,#1234,.T.);
#3985=EDGE_CURVE('',#3170,#3175,#1235,.T.);
#3986=EDGE_CURVE('',#3132,#3176,#1236,.T.);
#3987=EDGE_CURVE('',#3176,#3177,#1237,.T.);
#3988=EDGE_CURVE('',#3177,#3134,#1238,.T.);
#3989=EDGE_CURVE('',#3131,#3178,#1239,.T.);
#3990=EDGE_CURVE('',#3178,#3179,#1240,.T.);
#3991=EDGE_CURVE('',#3179,#3129,#1241,.T.);
#3992=EDGE_CURVE('',#3180,#3156,#1242,.T.);
#3993=EDGE_CURVE('',#3180,#3181,#1243,.T.);
#3994=EDGE_CURVE('',#3158,#3181,#1244,.T.);
#3995=EDGE_CURVE('',#3182,#3155,#1245,.T.);
#3996=EDGE_CURVE('',#3183,#3182,#1246,.T.);
#3997=EDGE_CURVE('',#3153,#3183,#1247,.T.);
#3998=EDGE_CURVE('',#3181,#3184,#1248,.T.);
#3999=EDGE_CURVE('',#3184,#3185,#1249,.T.);
#4000=EDGE_CURVE('',#3186,#3185,#1250,.T.);
#4001=EDGE_CURVE('',#3187,#3186,#1251,.T.);
#4002=EDGE_CURVE('',#3188,#3187,#1252,.T.);
#4003=EDGE_CURVE('',#3188,#3189,#1253,.T.);
#4004=EDGE_CURVE('',#3189,#3190,#1254,.T.);
#4005=EDGE_CURVE('',#3191,#3190,#1255,.T.);
#4006=EDGE_CURVE('',#3191,#3192,#1256,.T.);
#4007=EDGE_CURVE('',#3192,#3193,#1257,.T.);
#4008=EDGE_CURVE('',#3193,#3194,#1258,.T.);
#4009=EDGE_CURVE('',#3194,#3195,#1259,.T.);
#4010=EDGE_CURVE('',#3195,#3196,#1260,.T.);
#4011=EDGE_CURVE('',#3197,#3196,#1261,.T.);
#4012=EDGE_CURVE('',#3198,#3197,#1262,.T.);
#4013=EDGE_CURVE('',#3199,#3198,#1263,.T.);
#4014=EDGE_CURVE('',#3200,#3199,#1264,.T.);
#4015=EDGE_CURVE('',#3200,#3182,#1265,.T.);
#4016=EDGE_CURVE('',#3201,#3202,#1266,.T.);
#4017=EDGE_CURVE('',#3203,#3201,#1267,.T.);
#4018=EDGE_CURVE('',#3204,#3203,#1268,.T.);
#4019=EDGE_CURVE('',#3202,#3204,#1269,.T.);
#4020=EDGE_CURVE('',#3205,#3206,#1270,.T.);
#4021=EDGE_CURVE('',#3207,#3205,#1271,.T.);
#4022=EDGE_CURVE('',#3208,#3207,#1272,.T.);
#4023=EDGE_CURVE('',#3209,#3208,#1273,.T.);
#4024=EDGE_CURVE('',#3210,#3209,#1274,.T.);
#4025=EDGE_CURVE('',#3211,#3210,#1275,.T.);
#4026=EDGE_CURVE('',#3212,#3211,#1276,.T.);
#4027=EDGE_CURVE('',#3213,#3212,#1277,.T.);
#4028=EDGE_CURVE('',#3214,#3213,#1278,.T.);
#4029=EDGE_CURVE('',#3215,#3214,#1279,.T.);
#4030=EDGE_CURVE('',#3216,#3215,#1280,.T.);
#4031=EDGE_CURVE('',#3217,#3216,#1281,.T.);
#4032=EDGE_CURVE('',#3218,#3217,#1282,.T.);
#4033=EDGE_CURVE('',#3219,#3218,#1283,.T.);
#4034=EDGE_CURVE('',#3220,#3219,#1284,.T.);
#4035=EDGE_CURVE('',#3206,#3220,#1285,.T.);
#4036=EDGE_CURVE('',#3221,#3222,#1286,.T.);
#4037=EDGE_CURVE('',#3223,#3221,#1287,.T.);
#4038=EDGE_CURVE('',#3224,#3223,#1288,.T.);
#4039=EDGE_CURVE('',#3225,#3224,#1289,.T.);
#4040=EDGE_CURVE('',#3226,#3225,#1290,.T.);
#4041=EDGE_CURVE('',#3227,#3226,#1291,.T.);
#4042=EDGE_CURVE('',#3228,#3227,#1292,.T.);
#4043=EDGE_CURVE('',#3229,#3228,#1293,.T.);
#4044=EDGE_CURVE('',#3230,#3229,#1294,.T.);
#4045=EDGE_CURVE('',#3231,#3230,#1295,.T.);
#4046=EDGE_CURVE('',#3232,#3231,#1296,.T.);
#4047=EDGE_CURVE('',#3233,#3232,#1297,.T.);
#4048=EDGE_CURVE('',#3234,#3233,#1298,.T.);
#4049=EDGE_CURVE('',#3235,#3234,#1299,.T.);
#4050=EDGE_CURVE('',#3236,#3235,#1300,.T.);
#4051=EDGE_CURVE('',#3222,#3236,#1301,.T.);
#4052=EDGE_CURVE('',#3237,#3238,#1302,.T.);
#4053=EDGE_CURVE('',#3237,#3239,#1303,.T.);
#4054=EDGE_CURVE('',#3240,#3239,#1304,.T.);
#4055=EDGE_CURVE('',#3241,#3240,#1305,.T.);
#4056=EDGE_CURVE('',#3242,#3241,#1306,.T.);
#4057=EDGE_CURVE('',#3243,#3242,#1307,.T.);
#4058=EDGE_CURVE('',#3244,#3243,#1308,.T.);
#4059=EDGE_CURVE('',#3245,#3244,#1309,.T.);
#4060=EDGE_CURVE('',#3246,#3245,#1310,.T.);
#4061=EDGE_CURVE('',#3247,#3246,#1311,.T.);
#4062=EDGE_CURVE('',#3248,#3247,#1312,.T.);
#4063=EDGE_CURVE('',#3249,#3248,#1313,.T.);
#4064=EDGE_CURVE('',#3250,#3249,#1314,.T.);
#4065=EDGE_CURVE('',#3251,#3250,#1315,.T.);
#4066=EDGE_CURVE('',#3252,#3251,#1316,.T.);
#4067=EDGE_CURVE('',#3238,#3252,#1317,.T.);
#4068=EDGE_CURVE('',#3253,#3177,#1318,.T.);
#4069=EDGE_CURVE('',#3253,#3254,#1319,.T.);
#4070=EDGE_CURVE('',#3254,#3255,#1320,.T.);
#4071=EDGE_CURVE('',#3255,#3256,#1321,.T.);
#4072=EDGE_CURVE('',#3256,#3257,#1322,.T.);
#4073=EDGE_CURVE('',#3258,#3257,#1323,.T.);
#4074=EDGE_CURVE('',#3259,#3258,#1324,.T.);
#4075=EDGE_CURVE('',#3260,#3259,#1325,.T.);
#4076=EDGE_CURVE('',#3261,#3260,#1326,.T.);
#4077=EDGE_CURVE('',#3262,#3261,#1327,.T.);
#4078=EDGE_CURVE('',#3262,#3263,#1328,.T.);
#4079=EDGE_CURVE('',#3264,#3263,#1329,.T.);
#4080=EDGE_CURVE('',#3265,#3264,#1330,.T.);
#4081=EDGE_CURVE('',#3265,#3266,#1331,.T.);
#4082=EDGE_CURVE('',#3266,#3267,#1332,.T.);
#4083=EDGE_CURVE('',#3267,#3268,#1333,.T.);
#4084=EDGE_CURVE('',#3268,#3269,#1334,.T.);
#4085=EDGE_CURVE('',#3269,#3178,#1335,.T.);
#4086=EDGE_CURVE('',#3270,#3271,#1336,.T.);
#4087=EDGE_CURVE('',#3271,#3272,#1337,.T.);
#4088=EDGE_CURVE('',#3272,#3273,#1338,.T.);
#4089=EDGE_CURVE('',#3273,#3274,#1339,.T.);
#4090=EDGE_CURVE('',#3274,#3275,#1340,.T.);
#4091=EDGE_CURVE('',#3275,#3276,#1341,.T.);
#4092=EDGE_CURVE('',#3276,#3277,#1342,.T.);
#4093=EDGE_CURVE('',#3277,#3278,#1343,.T.);
#4094=EDGE_CURVE('',#3278,#3279,#1344,.T.);
#4095=EDGE_CURVE('',#3279,#3280,#1345,.T.);
#4096=EDGE_CURVE('',#3280,#3281,#1346,.T.);
#4097=EDGE_CURVE('',#3281,#3282,#1347,.T.);
#4098=EDGE_CURVE('',#3282,#3283,#1348,.T.);
#4099=EDGE_CURVE('',#3283,#3284,#1349,.T.);
#4100=EDGE_CURVE('',#3284,#3285,#1350,.T.);
#4101=EDGE_CURVE('',#3270,#3285,#1351,.T.);
#4102=EDGE_CURVE('',#3286,#3287,#1352,.T.);
#4103=EDGE_CURVE('',#3287,#3288,#1353,.T.);
#4104=EDGE_CURVE('',#3288,#3289,#1354,.T.);
#4105=EDGE_CURVE('',#3289,#3290,#1355,.T.);
#4106=EDGE_CURVE('',#3290,#3291,#1356,.T.);
#4107=EDGE_CURVE('',#3291,#3292,#1357,.T.);
#4108=EDGE_CURVE('',#3292,#3293,#1358,.T.);
#4109=EDGE_CURVE('',#3293,#3294,#1359,.T.);
#4110=EDGE_CURVE('',#3294,#3295,#1360,.T.);
#4111=EDGE_CURVE('',#3295,#3296,#1361,.T.);
#4112=EDGE_CURVE('',#3296,#3297,#1362,.T.);
#4113=EDGE_CURVE('',#3297,#3298,#1363,.T.);
#4114=EDGE_CURVE('',#3298,#3299,#1364,.T.);
#4115=EDGE_CURVE('',#3299,#3300,#1365,.T.);
#4116=EDGE_CURVE('',#3300,#3301,#1366,.T.);
#4117=EDGE_CURVE('',#3301,#3286,#1367,.T.);
#4118=EDGE_CURVE('',#3302,#3303,#1368,.T.);
#4119=EDGE_CURVE('',#3303,#3304,#1369,.T.);
#4120=EDGE_CURVE('',#3304,#3305,#1370,.T.);
#4121=EDGE_CURVE('',#3305,#3306,#1371,.T.);
#4122=EDGE_CURVE('',#3306,#3307,#1372,.T.);
#4123=EDGE_CURVE('',#3307,#3308,#1373,.T.);
#4124=EDGE_CURVE('',#3308,#3309,#1374,.T.);
#4125=EDGE_CURVE('',#3309,#3310,#1375,.T.);
#4126=EDGE_CURVE('',#3310,#3311,#1376,.T.);
#4127=EDGE_CURVE('',#3311,#3312,#1377,.T.);
#4128=EDGE_CURVE('',#3312,#3313,#1378,.T.);
#4129=EDGE_CURVE('',#3313,#3314,#1379,.T.);
#4130=EDGE_CURVE('',#3314,#3315,#1380,.T.);
#4131=EDGE_CURVE('',#3315,#3316,#1381,.T.);
#4132=EDGE_CURVE('',#3316,#3317,#1382,.T.);
#4133=EDGE_CURVE('',#3317,#3302,#1383,.T.);
#4134=EDGE_CURVE('',#3318,#3319,#1384,.T.);
#4135=EDGE_CURVE('',#3319,#3320,#1385,.T.);
#4136=EDGE_CURVE('',#3320,#3321,#1386,.T.);
#4137=EDGE_CURVE('',#3321,#3318,#1387,.T.);
#4138=EDGE_CURVE('',#3322,#3268,#1388,.T.);
#4139=EDGE_CURVE('',#3323,#3322,#1389,.T.);
#4140=EDGE_CURVE('',#3323,#3324,#1390,.T.);
#4141=EDGE_CURVE('',#3324,#3325,#1391,.T.);
#4142=EDGE_CURVE('',#3326,#3325,#1392,.T.);
#4143=EDGE_CURVE('',#3327,#3326,#1393,.T.);
#4144=EDGE_CURVE('',#3327,#3328,#1394,.T.);
#4145=EDGE_CURVE('',#3329,#3328,#1395,.T.);
#4146=EDGE_CURVE('',#3329,#3269,#1396,.T.);
#4147=EDGE_CURVE('',#3330,#3180,#1397,.T.);
#4148=EDGE_CURVE('',#3330,#3331,#1398,.T.);
#4149=EDGE_CURVE('',#3331,#3332,#1399,.T.);
#4150=EDGE_CURVE('',#3333,#3332,#1400,.T.);
#4151=EDGE_CURVE('',#3334,#3333,#1401,.T.);
#4152=EDGE_CURVE('',#3334,#3335,#1402,.T.);
#4153=EDGE_CURVE('',#3336,#3335,#1403,.T.);
#4154=EDGE_CURVE('',#3336,#3184,#1404,.T.);
#4155=EDGE_CURVE('',#3337,#3338,#56,.T.);
#4156=EDGE_CURVE('',#3338,#3339,#1405,.T.);
#4157=EDGE_CURVE('',#3339,#3340,#57,.F.);
#4158=EDGE_CURVE('',#3340,#3337,#1406,.T.);
#4159=EDGE_CURVE('',#3341,#3329,#1407,.T.);
#4160=EDGE_CURVE('',#3342,#3341,#1408,.T.);
#4161=EDGE_CURVE('',#3339,#3342,#1409,.T.);
#4162=EDGE_CURVE('',#3338,#3324,#1410,.T.);
#4163=EDGE_CURVE('',#3179,#3323,#1411,.T.);
#4164=EDGE_CURVE('',#3325,#3337,#1412,.T.);
#4165=EDGE_CURVE('',#3332,#3343,#58,.T.);
#4166=EDGE_CURVE('',#3343,#3344,#1413,.T.);
#4167=EDGE_CURVE('',#3333,#3344,#59,.T.);
#4168=EDGE_CURVE('',#3343,#3345,#1414,.T.);
#4169=EDGE_CURVE('',#3346,#3345,#1415,.T.);
#4170=EDGE_CURVE('',#3344,#3346,#1416,.T.);
#4171=EDGE_CURVE('',#3345,#3331,#1417,.T.);
#4172=EDGE_CURVE('',#3326,#3340,#1418,.T.);
#4173=EDGE_CURVE('',#3342,#3334,#1419,.T.);
#4174=EDGE_CURVE('',#3347,#3346,#1420,.T.);
#4175=EDGE_CURVE('',#3327,#3347,#22,.T.);
#4176=EDGE_CURVE('',#3335,#3341,#1421,.T.);
#4177=EDGE_CURVE('',#3348,#3336,#1422,.T.);
#4178=EDGE_CURVE('',#3347,#3348,#1423,.T.);
#4179=EDGE_CURVE('',#3349,#3330,#1424,.T.);
#4180=EDGE_CURVE('',#3185,#3349,#1425,.T.);
#4181=EDGE_CURVE('',#3328,#3348,#23,.T.);
#4182=EDGE_CURVE('',#3349,#3350,#1426,.T.);
#4183=EDGE_CURVE('',#3186,#3350,#1427,.T.);
#4184=EDGE_CURVE('',#3351,#3183,#1428,.T.);
#4185=EDGE_CURVE('',#3352,#3351,#1429,.T.);
#4186=EDGE_CURVE('',#3353,#3352,#1430,.T.);
#4187=EDGE_CURVE('',#3354,#3353,#1431,.T.);
#4188=EDGE_CURVE('',#3355,#3354,#1432,.T.);
#4189=EDGE_CURVE('',#3356,#3355,#1433,.T.);
#4190=EDGE_CURVE('',#3357,#3356,#1434,.T.);
#4191=EDGE_CURVE('',#3357,#3358,#1435,.T.);
#4192=EDGE_CURVE('',#3359,#3358,#1436,.T.);
#4193=EDGE_CURVE('',#3360,#3359,#1437,.T.);
#4194=EDGE_CURVE('',#3350,#3360,#1438,.T.);
#4195=EDGE_CURVE('',#3361,#3362,#1439,.T.);
#4196=EDGE_CURVE('',#3363,#3361,#1440,.T.);
#4197=EDGE_CURVE('',#3364,#3363,#1441,.T.);
#4198=EDGE_CURVE('',#3362,#3364,#1442,.T.);
#4199=EDGE_CURVE('',#3196,#3355,#1443,.T.);
#4200=EDGE_CURVE('',#3197,#3354,#1444,.T.);
#4201=EDGE_CURVE('',#3353,#3198,#1445,.T.);
#4202=EDGE_CURVE('',#3361,#3202,#1446,.T.);
#4203=EDGE_CURVE('',#3204,#3363,#1447,.T.);
#4204=EDGE_CURVE('',#3351,#3200,#1448,.T.);
#4205=EDGE_CURVE('',#3199,#3352,#1449,.T.);
#4206=EDGE_CURVE('',#3364,#3203,#1450,.T.);
#4207=EDGE_CURVE('',#3201,#3362,#1451,.T.);
#4208=EDGE_CURVE('',#3365,#3195,#1452,.T.);
#4209=EDGE_CURVE('',#3365,#3366,#1453,.T.);
#4210=EDGE_CURVE('',#3366,#3367,#1454,.T.);
#4211=EDGE_CURVE('',#3356,#3367,#1455,.T.);
#4212=EDGE_CURVE('',#3368,#3239,#1456,.T.);
#4213=EDGE_CURVE('',#3237,#3369,#1457,.T.);
#4214=EDGE_CURVE('',#3369,#3368,#1458,.T.);
#4215=EDGE_CURVE('',#3187,#3360,#1459,.T.);
#4216=EDGE_CURVE('',#3370,#3357,#1460,.T.);
#4217=EDGE_CURVE('',#3370,#3371,#1461,.T.);
#4218=EDGE_CURVE('',#3371,#3192,#1462,.T.);
#4219=EDGE_CURVE('',#3372,#3373,#24,.T.);
#4220=EDGE_CURVE('',#3374,#3373,#1463,.T.);
#4221=EDGE_CURVE('',#3374,#3372,#1464,.T.);
#4222=EDGE_CURVE('',#3372,#3375,#25,.T.);
#4223=EDGE_CURVE('',#3375,#3376,#26,.T.);
#4224=EDGE_CURVE('',#3376,#3377,#27,.T.);
#4225=EDGE_CURVE('',#3377,#3378,#28,.T.);
#4226=EDGE_CURVE('',#3378,#3379,#29,.T.);
#4227=EDGE_CURVE('',#3379,#3380,#1465,.T.);
#4228=EDGE_CURVE('',#3380,#3381,#30,.T.);
#4229=EDGE_CURVE('',#3373,#3381,#1466,.T.);
#4230=EDGE_CURVE('',#3193,#3382,#1467,.T.);
#4231=EDGE_CURVE('',#3383,#3382,#1468,.T.);
#4232=EDGE_CURVE('',#3195,#3383,#1469,.T.);
#4233=EDGE_CURVE('',#3384,#3385,#31,.T.);
#4234=EDGE_CURVE('',#3385,#3386,#32,.T.);
#4235=EDGE_CURVE('',#3387,#3386,#1470,.T.);
#4236=EDGE_CURVE('',#3388,#3387,#1471,.T.);
#4237=EDGE_CURVE('',#3389,#3388,#1472,.T.);
#4238=EDGE_CURVE('',#3389,#3384,#33,.T.);
#4239=EDGE_CURVE('',#3388,#3390,#1473,.T.);
#4240=EDGE_CURVE('',#3387,#3391,#1474,.T.);
#4241=EDGE_CURVE('',#3390,#3391,#1475,.T.);
#4242=EDGE_CURVE('',#3370,#3390,#1476,.T.);
#4243=EDGE_CURVE('',#3392,#3391,#60,.T.);
#4244=EDGE_CURVE('',#3393,#3392,#1477,.T.);
#4245=EDGE_CURVE('',#3394,#3393,#61,.T.);
#4246=EDGE_CURVE('',#3395,#3394,#1478,.T.);
#4247=EDGE_CURVE('',#3396,#3395,#62,.T.);
#4248=EDGE_CURVE('',#3397,#3396,#1479,.T.);
#4249=EDGE_CURVE('',#3398,#3397,#63,.T.);
#4250=EDGE_CURVE('',#3399,#3398,#1480,.T.);
#4251=EDGE_CURVE('',#3400,#3399,#64,.T.);
#4252=EDGE_CURVE('',#3401,#3400,#1481,.T.);
#4253=EDGE_CURVE('',#3402,#3401,#65,.T.);
#4254=EDGE_CURVE('',#3403,#3402,#1482,.T.);
#4255=EDGE_CURVE('',#3404,#3403,#66,.T.);
#4256=EDGE_CURVE('',#3405,#3404,#1483,.T.);
#4257=EDGE_CURVE('',#3406,#3405,#67,.T.);
#4258=EDGE_CURVE('',#3406,#3407,#1484,.T.);
#4259=EDGE_CURVE('',#3408,#3407,#68,.T.);
#4260=EDGE_CURVE('',#3409,#3408,#1485,.T.);
#4261=EDGE_CURVE('',#3410,#3409,#69,.T.);
#4262=EDGE_CURVE('',#3411,#3410,#1486,.T.);
#4263=EDGE_CURVE('',#3412,#3411,#70,.T.);
#4264=EDGE_CURVE('',#3413,#3412,#1487,.T.);
#4265=EDGE_CURVE('',#3414,#3413,#71,.T.);
#4266=EDGE_CURVE('',#3415,#3414,#1488,.T.);
#4267=EDGE_CURVE('',#3416,#3415,#72,.T.);
#4268=EDGE_CURVE('',#3417,#3416,#1489,.T.);
#4269=EDGE_CURVE('',#3382,#3417,#73,.T.);
#4270=EDGE_CURVE('',#3357,#3388,#1490,.T.);
#4271=EDGE_CURVE('',#3367,#3418,#1491,.T.);
#4272=EDGE_CURVE('',#3418,#3419,#74,.T.);
#4273=EDGE_CURVE('',#3419,#3389,#1492,.T.);
#4274=EDGE_CURVE('',#3420,#3369,#1493,.T.);
#4275=EDGE_CURVE('',#3238,#3420,#1494,.T.);
#4276=EDGE_CURVE('',#3368,#3421,#1495,.T.);
#4277=EDGE_CURVE('',#3422,#3420,#1496,.T.);
#4278=EDGE_CURVE('',#3423,#3422,#1497,.T.);
#4279=EDGE_CURVE('',#3424,#3423,#1498,.T.);
#4280=EDGE_CURVE('',#3425,#3424,#1499,.T.);
#4281=EDGE_CURVE('',#3426,#3425,#1500,.T.);
#4282=EDGE_CURVE('',#3427,#3426,#1501,.T.);
#4283=EDGE_CURVE('',#3428,#3427,#1502,.T.);
#4284=EDGE_CURVE('',#3429,#3428,#1503,.T.);
#4285=EDGE_CURVE('',#3430,#3429,#1504,.T.);
#4286=EDGE_CURVE('',#3431,#3430,#1505,.T.);
#4287=EDGE_CURVE('',#3432,#3431,#1506,.T.);
#4288=EDGE_CURVE('',#3433,#3432,#1507,.T.);
#4289=EDGE_CURVE('',#3421,#3433,#1508,.T.);
#4290=EDGE_CURVE('',#3434,#3435,#1509,.T.);
#4291=EDGE_CURVE('',#3436,#3434,#1510,.T.);
#4292=EDGE_CURVE('',#3437,#3436,#1511,.T.);
#4293=EDGE_CURVE('',#3438,#3437,#1512,.T.);
#4294=EDGE_CURVE('',#3439,#3438,#1513,.T.);
#4295=EDGE_CURVE('',#3440,#3439,#1514,.T.);
#4296=EDGE_CURVE('',#3441,#3440,#1515,.T.);
#4297=EDGE_CURVE('',#3442,#3441,#1516,.T.);
#4298=EDGE_CURVE('',#3443,#3442,#1517,.T.);
#4299=EDGE_CURVE('',#3444,#3443,#1518,.T.);
#4300=EDGE_CURVE('',#3445,#3444,#1519,.T.);
#4301=EDGE_CURVE('',#3446,#3445,#1520,.T.);
#4302=EDGE_CURVE('',#3447,#3446,#1521,.T.);
#4303=EDGE_CURVE('',#3448,#3447,#1522,.T.);
#4304=EDGE_CURVE('',#3449,#3448,#1523,.T.);
#4305=EDGE_CURVE('',#3435,#3449,#1524,.T.);
#4306=EDGE_CURVE('',#3450,#3451,#1525,.T.);
#4307=EDGE_CURVE('',#3452,#3450,#1526,.T.);
#4308=EDGE_CURVE('',#3453,#3452,#1527,.T.);
#4309=EDGE_CURVE('',#3454,#3453,#1528,.T.);
#4310=EDGE_CURVE('',#3455,#3454,#1529,.T.);
#4311=EDGE_CURVE('',#3456,#3455,#1530,.T.);
#4312=EDGE_CURVE('',#3457,#3456,#1531,.T.);
#4313=EDGE_CURVE('',#3458,#3457,#1532,.T.);
#4314=EDGE_CURVE('',#3459,#3458,#1533,.T.);
#4315=EDGE_CURVE('',#3460,#3459,#1534,.T.);
#4316=EDGE_CURVE('',#3461,#3460,#1535,.T.);
#4317=EDGE_CURVE('',#3462,#3461,#1536,.T.);
#4318=EDGE_CURVE('',#3463,#3462,#1537,.T.);
#4319=EDGE_CURVE('',#3464,#3463,#1538,.T.);
#4320=EDGE_CURVE('',#3465,#3464,#1539,.T.);
#4321=EDGE_CURVE('',#3451,#3465,#1540,.T.);
#4322=EDGE_CURVE('',#3451,#3222,#1541,.T.);
#4323=EDGE_CURVE('',#3236,#3450,#1542,.T.);
#4324=EDGE_CURVE('',#3235,#3452,#1543,.T.);
#4325=EDGE_CURVE('',#3234,#3453,#1544,.T.);
#4326=EDGE_CURVE('',#3233,#3454,#1545,.T.);
#4327=EDGE_CURVE('',#3232,#3455,#1546,.T.);
#4328=EDGE_CURVE('',#3231,#3456,#1547,.T.);
#4329=EDGE_CURVE('',#3230,#3457,#1548,.T.);
#4330=EDGE_CURVE('',#3229,#3458,#1549,.T.);
#4331=EDGE_CURVE('',#3228,#3459,#1550,.T.);
#4332=EDGE_CURVE('',#3227,#3460,#1551,.T.);
#4333=EDGE_CURVE('',#3226,#3461,#1552,.T.);
#4334=EDGE_CURVE('',#3225,#3462,#1553,.T.);
#4335=EDGE_CURVE('',#3224,#3463,#1554,.T.);
#4336=EDGE_CURVE('',#3223,#3464,#1555,.T.);
#4337=EDGE_CURVE('',#3221,#3465,#1556,.T.);
#4338=EDGE_CURVE('',#3435,#3206,#1557,.T.);
#4339=EDGE_CURVE('',#3220,#3434,#1558,.T.);
#4340=EDGE_CURVE('',#3219,#3436,#1559,.T.);
#4341=EDGE_CURVE('',#3218,#3437,#1560,.T.);
#4342=EDGE_CURVE('',#3217,#3438,#1561,.T.);
#4343=EDGE_CURVE('',#3216,#3439,#1562,.T.);
#4344=EDGE_CURVE('',#3215,#3440,#1563,.T.);
#4345=EDGE_CURVE('',#3214,#3441,#1564,.T.);
#4346=EDGE_CURVE('',#3213,#3442,#1565,.T.);
#4347=EDGE_CURVE('',#3212,#3443,#1566,.T.);
#4348=EDGE_CURVE('',#3211,#3444,#1567,.T.);
#4349=EDGE_CURVE('',#3210,#3445,#1568,.T.);
#4350=EDGE_CURVE('',#3209,#3446,#1569,.T.);
#4351=EDGE_CURVE('',#3208,#3447,#1570,.T.);
#4352=EDGE_CURVE('',#3207,#3448,#1571,.T.);
#4353=EDGE_CURVE('',#3205,#3449,#1572,.T.);
#4354=EDGE_CURVE('',#3252,#3422,#1573,.T.);
#4355=EDGE_CURVE('',#3251,#3423,#1574,.T.);
#4356=EDGE_CURVE('',#3250,#3424,#1575,.T.);
#4357=EDGE_CURVE('',#3249,#3425,#1576,.T.);
#4358=EDGE_CURVE('',#3248,#3426,#1577,.T.);
#4359=EDGE_CURVE('',#3247,#3427,#1578,.T.);
#4360=EDGE_CURVE('',#3246,#3428,#1579,.T.);
#4361=EDGE_CURVE('',#3245,#3429,#1580,.T.);
#4362=EDGE_CURVE('',#3244,#3430,#1581,.T.);
#4363=EDGE_CURVE('',#3243,#3431,#1582,.T.);
#4364=EDGE_CURVE('',#3242,#3432,#1583,.T.);
#4365=EDGE_CURVE('',#3241,#3433,#1584,.T.);
#4366=EDGE_CURVE('',#3240,#3421,#1585,.T.);
#4367=EDGE_CURVE('',#3466,#3366,#1586,.T.);
#4368=EDGE_CURVE('',#3467,#3466,#1587,.T.);
#4369=EDGE_CURVE('',#3467,#3468,#1588,.T.);
#4370=EDGE_CURVE('',#3468,#3418,#1589,.T.);
#4371=EDGE_CURVE('',#3468,#3469,#75,.T.);
#4372=EDGE_CURVE('',#3469,#3419,#1590,.T.);
#4373=EDGE_CURVE('',#3469,#3470,#1591,.T.);
#4374=EDGE_CURVE('',#3470,#3384,#1592,.T.);
#4375=EDGE_CURVE('',#3471,#3472,#34,.T.);
#4376=EDGE_CURVE('',#3472,#3473,#35,.T.);
#4377=EDGE_CURVE('',#3474,#3473,#1593,.T.);
#4378=EDGE_CURVE('',#3474,#3475,#36,.T.);
#4379=EDGE_CURVE('',#3476,#3475,#1594,.T.);
#4380=EDGE_CURVE('',#3476,#3477,#37,.T.);
#4381=EDGE_CURVE('',#3477,#3478,#38,.T.);
#4382=EDGE_CURVE('',#3478,#3471,#39,.T.);
#4383=EDGE_CURVE('',#3474,#3406,#1595,.T.);
#4384=EDGE_CURVE('',#3473,#3407,#1596,.T.);
#4385=EDGE_CURVE('',#3479,#3471,#1597,.T.);
#4386=EDGE_CURVE('',#3479,#3467,#76,.T.);
#4387=EDGE_CURVE('',#3466,#3480,#77,.T.);
#4388=EDGE_CURVE('',#3480,#3472,#1598,.T.);
#4389=EDGE_CURVE('',#3481,#3474,#1599,.T.);
#4390=EDGE_CURVE('',#3481,#3482,#1600,.T.);
#4391=EDGE_CURVE('',#3475,#3482,#1601,.T.);
#4392=EDGE_CURVE('',#3379,#3403,#1602,.T.);
#4393=EDGE_CURVE('',#3380,#3402,#1603,.T.);
#4394=EDGE_CURVE('',#3372,#3483,#1604,.T.);
#4395=EDGE_CURVE('',#3374,#3484,#1605,.T.);
#4396=EDGE_CURVE('',#3484,#3485,#1606,.T.);
#4397=EDGE_CURVE('',#3485,#3483,#1607,.T.);
#4398=EDGE_CURVE('',#3483,#3486,#1608,.T.);
#4399=EDGE_CURVE('',#3486,#3375,#1609,.T.);
#4400=EDGE_CURVE('',#3487,#3380,#1610,.T.);
#4401=EDGE_CURVE('',#3487,#3488,#1611,.T.);
#4402=EDGE_CURVE('',#3381,#3488,#1612,.T.);
#4403=EDGE_CURVE('',#3486,#3489,#78,.T.);
#4404=EDGE_CURVE('',#3489,#3376,#1613,.T.);
#4405=EDGE_CURVE('',#3489,#3490,#1614,.T.);
#4406=EDGE_CURVE('',#3490,#3377,#1615,.T.);
#4407=EDGE_CURVE('',#3490,#3491,#79,.T.);
#4408=EDGE_CURVE('',#3491,#3492,#1616,.T.);
#4409=EDGE_CURVE('',#3492,#3493,#80,.T.);
#4410=EDGE_CURVE('',#3493,#3378,#1617,.T.);
#4411=EDGE_CURVE('',#3493,#3494,#1618,.T.);
#4412=EDGE_CURVE('',#3494,#3379,#1619,.T.);
#4413=EDGE_CURVE('',#3495,#3496,#1620,.T.);
#4414=EDGE_CURVE('',#3497,#3496,#1621,.T.);
#4415=EDGE_CURVE('',#3498,#3497,#1622,.T.);
#4416=EDGE_CURVE('',#3498,#3495,#1623,.T.);
#4417=EDGE_CURVE('',#3499,#3385,#1624,.T.);
#4418=EDGE_CURVE('',#3386,#3499,#1625,.T.);
#4419=EDGE_CURVE('',#3500,#3501,#1626,.T.);
#4420=EDGE_CURVE('',#3502,#3500,#1627,.T.);
#4421=EDGE_CURVE('',#3502,#3503,#1628,.T.);
#4422=EDGE_CURVE('',#3503,#3501,#1629,.T.);
#4423=EDGE_CURVE('',#3492,#3387,#1630,.T.);
#4424=EDGE_CURVE('',#3491,#3504,#1631,.T.);
#4425=EDGE_CURVE('',#3504,#3387,#1632,.T.);
#4426=EDGE_CURVE('',#3381,#3505,#1633,.T.);
#4427=EDGE_CURVE('',#3505,#3506,#1634,.T.);
#4428=EDGE_CURVE('',#3506,#3507,#81,.T.);
#4429=EDGE_CURVE('',#3507,#3508,#1635,.T.);
#4430=EDGE_CURVE('',#3508,#3509,#82,.T.);
#4431=EDGE_CURVE('',#3509,#3510,#1636,.T.);
#4432=EDGE_CURVE('',#3510,#3511,#83,.T.);
#4433=EDGE_CURVE('',#3511,#3512,#1637,.T.);
#4434=EDGE_CURVE('',#3512,#3513,#84,.T.);
#4435=EDGE_CURVE('',#3513,#3514,#1638,.T.);
#4436=EDGE_CURVE('',#3514,#3515,#85,.T.);
#4437=EDGE_CURVE('',#3515,#3516,#1639,.T.);
#4438=EDGE_CURVE('',#3516,#3517,#86,.T.);
#4439=EDGE_CURVE('',#3517,#3518,#1640,.T.);
#4440=EDGE_CURVE('',#3518,#3519,#87,.T.);
#4441=EDGE_CURVE('',#3519,#3520,#1641,.T.);
#4442=EDGE_CURVE('',#3520,#3521,#88,.T.);
#4443=EDGE_CURVE('',#3521,#3484,#1642,.T.);
#4444=EDGE_CURVE('',#3522,#3401,#1643,.T.);
#4445=EDGE_CURVE('',#3522,#3487,#89,.T.);
#4446=EDGE_CURVE('',#3523,#3400,#1644,.T.);
#4447=EDGE_CURVE('',#3523,#3522,#1645,.T.);
#4448=EDGE_CURVE('',#3524,#3399,#1646,.T.);
#4449=EDGE_CURVE('',#3524,#3523,#90,.T.);
#4450=EDGE_CURVE('',#3525,#3398,#1647,.T.);
#4451=EDGE_CURVE('',#3525,#3524,#1648,.T.);
#4452=EDGE_CURVE('',#3526,#3397,#1649,.T.);
#4453=EDGE_CURVE('',#3526,#3525,#91,.T.);
#4454=EDGE_CURVE('',#3527,#3396,#1650,.T.);
#4455=EDGE_CURVE('',#3527,#3526,#1651,.T.);
#4456=EDGE_CURVE('',#3528,#3395,#1652,.T.);
#4457=EDGE_CURVE('',#3528,#3527,#92,.T.);
#4458=EDGE_CURVE('',#3529,#3394,#1653,.T.);
#4459=EDGE_CURVE('',#3529,#3528,#1654,.T.);
#4460=EDGE_CURVE('',#3530,#3393,#1655,.T.);
#4461=EDGE_CURVE('',#3530,#3529,#93,.T.);
#4462=EDGE_CURVE('',#3531,#3392,#1656,.T.);
#4463=EDGE_CURVE('',#3531,#3530,#1657,.T.);
#4464=EDGE_CURVE('',#3504,#3531,#94,.T.);
#4465=EDGE_CURVE('',#3521,#3532,#1658,.T.);
#4466=EDGE_CURVE('',#3532,#3485,#1659,.T.);
#4467=EDGE_CURVE('',#3520,#3533,#1660,.T.);
#4468=EDGE_CURVE('',#3533,#3532,#95,.T.);
#4469=EDGE_CURVE('',#3519,#3534,#1661,.T.);
#4470=EDGE_CURVE('',#3534,#3533,#1662,.T.);
#4471=EDGE_CURVE('',#3518,#3535,#1663,.T.);
#4472=EDGE_CURVE('',#3535,#3534,#96,.T.);
#4473=EDGE_CURVE('',#3517,#3536,#1664,.T.);
#4474=EDGE_CURVE('',#3536,#3535,#1665,.T.);
#4475=EDGE_CURVE('',#3516,#3537,#1666,.T.);
#4476=EDGE_CURVE('',#3537,#3536,#97,.T.);
#4477=EDGE_CURVE('',#3515,#3538,#1667,.T.);
#4478=EDGE_CURVE('',#3538,#3537,#1668,.T.);
#4479=EDGE_CURVE('',#3514,#3539,#1669,.T.);
#4480=EDGE_CURVE('',#3539,#3538,#98,.T.);
#4481=EDGE_CURVE('',#3513,#3540,#1670,.T.);
#4482=EDGE_CURVE('',#3540,#3539,#1671,.T.);
#4483=EDGE_CURVE('',#3512,#3541,#1672,.T.);
#4484=EDGE_CURVE('',#3541,#3540,#99,.T.);
#4485=EDGE_CURVE('',#3511,#3542,#1673,.T.);
#4486=EDGE_CURVE('',#3542,#3541,#1674,.T.);
#4487=EDGE_CURVE('',#3510,#3543,#1675,.T.);
#4488=EDGE_CURVE('',#3543,#3542,#100,.T.);
#4489=EDGE_CURVE('',#3509,#3544,#1676,.T.);
#4490=EDGE_CURVE('',#3544,#3543,#1677,.T.);
#4491=EDGE_CURVE('',#3508,#3545,#1678,.T.);
#4492=EDGE_CURVE('',#3545,#3544,#101,.T.);
#4493=EDGE_CURVE('',#3507,#3546,#1679,.T.);
#4494=EDGE_CURVE('',#3546,#3545,#1680,.T.);
#4495=EDGE_CURVE('',#3506,#3547,#1681,.T.);
#4496=EDGE_CURVE('',#3547,#3546,#102,.T.);
#4497=EDGE_CURVE('',#3505,#3548,#1682,.T.);
#4498=EDGE_CURVE('',#3548,#3547,#1683,.T.);
#4499=EDGE_CURVE('',#3488,#3548,#1684,.T.);
#4500=EDGE_CURVE('',#3549,#3550,#1685,.T.);
#4501=EDGE_CURVE('',#3501,#3549,#103,.T.);
#4502=EDGE_CURVE('',#3551,#3503,#104,.T.);
#4503=EDGE_CURVE('',#3552,#3551,#1686,.T.);
#4504=EDGE_CURVE('',#3553,#3552,#105,.T.);
#4505=EDGE_CURVE('',#3554,#3553,#1687,.T.);
#4506=EDGE_CURVE('',#3482,#3554,#1688,.T.);
#4507=EDGE_CURVE('',#3555,#3481,#106,.T.);
#4508=EDGE_CURVE('',#3556,#3555,#1689,.T.);
#4509=EDGE_CURVE('',#3494,#3556,#107,.T.);
#4510=EDGE_CURVE('',#3470,#3499,#108,.T.);
#4511=EDGE_CURVE('',#3557,#3479,#1690,.T.);
#4512=EDGE_CURVE('',#3558,#3557,#109,.T.);
#4513=EDGE_CURVE('',#3559,#3558,#1691,.T.);
#4514=EDGE_CURVE('',#3560,#3559,#1692,.T.);
#4515=EDGE_CURVE('',#3561,#3560,#1693,.T.);
#4516=EDGE_CURVE('',#3562,#3561,#110,.T.);
#4517=EDGE_CURVE('',#3563,#3562,#1694,.T.);
#4518=EDGE_CURVE('',#3564,#3563,#111,.T.);
#4519=EDGE_CURVE('',#3565,#3564,#1695,.T.);
#4520=EDGE_CURVE('',#3566,#3565,#112,.T.);
#4521=EDGE_CURVE('',#3567,#3566,#1696,.T.);
#4522=EDGE_CURVE('',#3568,#3567,#113,.T.);
#4523=EDGE_CURVE('',#3569,#3568,#1697,.T.);
#4524=EDGE_CURVE('',#3550,#3569,#114,.T.);
#4525=EDGE_CURVE('',#3475,#3570,#1698,.T.);
#4526=EDGE_CURVE('',#3570,#3571,#1699,.T.);
#4527=EDGE_CURVE('',#3571,#3572,#115,.T.);
#4528=EDGE_CURVE('',#3572,#3573,#1700,.T.);
#4529=EDGE_CURVE('',#3573,#3502,#116,.T.);
#4530=EDGE_CURVE('',#3500,#3574,#117,.T.);
#4531=EDGE_CURVE('',#3574,#3575,#1701,.T.);
#4532=EDGE_CURVE('',#3575,#3576,#118,.T.);
#4533=EDGE_CURVE('',#3576,#3577,#1702,.T.);
#4534=EDGE_CURVE('',#3577,#3578,#119,.T.);
#4535=EDGE_CURVE('',#3578,#3579,#1703,.T.);
#4536=EDGE_CURVE('',#3579,#3580,#120,.T.);
#4537=EDGE_CURVE('',#3580,#3581,#1704,.T.);
#4538=EDGE_CURVE('',#3581,#3582,#121,.T.);
#4539=EDGE_CURVE('',#3582,#3583,#1705,.T.);
#4540=EDGE_CURVE('',#3583,#3584,#122,.T.);
#4541=EDGE_CURVE('',#3584,#3585,#1706,.T.);
#4542=EDGE_CURVE('',#3586,#3585,#1707,.T.);
#4543=EDGE_CURVE('',#3586,#3476,#1708,.T.);
#4544=EDGE_CURVE('',#3555,#3405,#1709,.T.);
#4545=EDGE_CURVE('',#3556,#3404,#1710,.T.);
#4546=EDGE_CURVE('',#3557,#3478,#1711,.T.);
#4547=EDGE_CURVE('',#3558,#3477,#1712,.T.);
#4548=EDGE_CURVE('',#3585,#3560,#1713,.T.);
#4549=EDGE_CURVE('',#3586,#3559,#1714,.T.);
#4550=EDGE_CURVE('',#3584,#3561,#1715,.T.);
#4551=EDGE_CURVE('',#3583,#3562,#1716,.T.);
#4552=EDGE_CURVE('',#3582,#3563,#1717,.T.);
#4553=EDGE_CURVE('',#3581,#3564,#1718,.T.);
#4554=EDGE_CURVE('',#3580,#3565,#1719,.T.);
#4555=EDGE_CURVE('',#3579,#3566,#1720,.T.);
#4556=EDGE_CURVE('',#3578,#3567,#1721,.T.);
#4557=EDGE_CURVE('',#3577,#3568,#1722,.T.);
#4558=EDGE_CURVE('',#3576,#3569,#1723,.T.);
#4559=EDGE_CURVE('',#3575,#3550,#1724,.T.);
#4560=EDGE_CURVE('',#3574,#3549,#1725,.T.);
#4561=EDGE_CURVE('',#3573,#3551,#1726,.T.);
#4562=EDGE_CURVE('',#3572,#3552,#1727,.T.);
#4563=EDGE_CURVE('',#3571,#3553,#1728,.T.);
#4564=EDGE_CURVE('',#3570,#3554,#1729,.T.);
#4565=EDGE_CURVE('',#3587,#3588,#1730,.T.);
#4566=EDGE_CURVE('',#3496,#3587,#123,.T.);
#4567=EDGE_CURVE('',#3589,#3495,#124,.T.);
#4568=EDGE_CURVE('',#3590,#3589,#1731,.T.);
#4569=EDGE_CURVE('',#3591,#3590,#125,.T.);
#4570=EDGE_CURVE('',#3592,#3591,#1732,.T.);
#4571=EDGE_CURVE('',#3593,#3592,#1733,.T.);
#4572=EDGE_CURVE('',#3594,#3593,#1734,.T.);
#4573=EDGE_CURVE('',#3595,#3594,#126,.T.);
#4574=EDGE_CURVE('',#3596,#3595,#1735,.T.);
#4575=EDGE_CURVE('',#3597,#3596,#127,.T.);
#4576=EDGE_CURVE('',#3480,#3597,#1736,.T.);
#4577=EDGE_CURVE('',#3598,#3383,#128,.T.);
#4578=EDGE_CURVE('',#3599,#3598,#1737,.T.);
#4579=EDGE_CURVE('',#3600,#3599,#129,.T.);
#4580=EDGE_CURVE('',#3601,#3600,#1738,.T.);
#4581=EDGE_CURVE('',#3602,#3601,#130,.T.);
#4582=EDGE_CURVE('',#3603,#3602,#1739,.T.);
#4583=EDGE_CURVE('',#3604,#3603,#131,.T.);
#4584=EDGE_CURVE('',#3605,#3604,#1740,.T.);
#4585=EDGE_CURVE('',#3606,#3605,#1741,.T.);
#4586=EDGE_CURVE('',#3607,#3606,#1742,.T.);
#4587=EDGE_CURVE('',#3608,#3607,#132,.T.);
#4588=EDGE_CURVE('',#3609,#3608,#1743,.T.);
#4589=EDGE_CURVE('',#3610,#3609,#133,.T.);
#4590=EDGE_CURVE('',#3611,#3610,#1744,.T.);
#4591=EDGE_CURVE('',#3612,#3611,#134,.T.);
#4592=EDGE_CURVE('',#3613,#3612,#1745,.T.);
#4593=EDGE_CURVE('',#3614,#3613,#135,.T.);
#4594=EDGE_CURVE('',#3615,#3614,#1746,.T.);
#4595=EDGE_CURVE('',#3588,#3615,#136,.T.);
#4596=EDGE_CURVE('',#3597,#3473,#1747,.T.);
#4597=EDGE_CURVE('',#3616,#3617,#1748,.T.);
#4598=EDGE_CURVE('',#3617,#3618,#1749,.T.);
#4599=EDGE_CURVE('',#3618,#3619,#137,.T.);
#4600=EDGE_CURVE('',#3619,#3620,#1750,.T.);
#4601=EDGE_CURVE('',#3620,#3498,#138,.T.);
#4602=EDGE_CURVE('',#3497,#3621,#139,.T.);
#4603=EDGE_CURVE('',#3621,#3622,#1751,.T.);
#4604=EDGE_CURVE('',#3622,#3623,#140,.T.);
#4605=EDGE_CURVE('',#3623,#3624,#1752,.T.);
#4606=EDGE_CURVE('',#3624,#3625,#141,.T.);
#4607=EDGE_CURVE('',#3625,#3626,#1753,.T.);
#4608=EDGE_CURVE('',#3626,#3627,#142,.T.);
#4609=EDGE_CURVE('',#3627,#3628,#1754,.T.);
#4610=EDGE_CURVE('',#3628,#3629,#143,.T.);
#4611=EDGE_CURVE('',#3629,#3630,#1755,.T.);
#4612=EDGE_CURVE('',#3630,#3631,#144,.T.);
#4613=EDGE_CURVE('',#3631,#3632,#1756,.T.);
#4614=EDGE_CURVE('',#3633,#3632,#1757,.T.);
#4615=EDGE_CURVE('',#3633,#3616,#1758,.T.);
#4616=EDGE_CURVE('',#3594,#3410,#1759,.T.);
#4617=EDGE_CURVE('',#3595,#3409,#1760,.T.);
#4618=EDGE_CURVE('',#3596,#3408,#1761,.T.);
#4619=EDGE_CURVE('',#3598,#3417,#1762,.T.);
#4620=EDGE_CURVE('',#3599,#3416,#1763,.T.);
#4621=EDGE_CURVE('',#3600,#3415,#1764,.T.);
#4622=EDGE_CURVE('',#3601,#3414,#1765,.T.);
#4623=EDGE_CURVE('',#3602,#3413,#1766,.T.);
#4624=EDGE_CURVE('',#3603,#3412,#1767,.T.);
#4625=EDGE_CURVE('',#3604,#3411,#1768,.T.);
#4626=EDGE_CURVE('',#3632,#3606,#1769,.T.);
#4627=EDGE_CURVE('',#3633,#3605,#1770,.T.);
#4628=EDGE_CURVE('',#3631,#3607,#1771,.T.);
#4629=EDGE_CURVE('',#3630,#3608,#1772,.T.);
#4630=EDGE_CURVE('',#3629,#3609,#1773,.T.);
#4631=EDGE_CURVE('',#3628,#3610,#1774,.T.);
#4632=EDGE_CURVE('',#3627,#3611,#1775,.T.);
#4633=EDGE_CURVE('',#3626,#3612,#1776,.T.);
#4634=EDGE_CURVE('',#3625,#3613,#1777,.T.);
#4635=EDGE_CURVE('',#3624,#3614,#1778,.T.);
#4636=EDGE_CURVE('',#3623,#3615,#1779,.T.);
#4637=EDGE_CURVE('',#3622,#3588,#1780,.T.);
#4638=EDGE_CURVE('',#3621,#3587,#1781,.T.);
#4639=EDGE_CURVE('',#3620,#3589,#1782,.T.);
#4640=EDGE_CURVE('',#3619,#3590,#1783,.T.);
#4641=EDGE_CURVE('',#3618,#3591,#1784,.T.);
#4642=EDGE_CURVE('',#3617,#3592,#1785,.T.);
#4643=EDGE_CURVE('',#3616,#3593,#1786,.T.);
#4644=EDGE_CURVE('',#3257,#3634,#1787,.T.);
#4645=EDGE_CURVE('',#3256,#3635,#1788,.T.);
#4646=EDGE_CURVE('',#3634,#3635,#1789,.T.);
#4647=EDGE_CURVE('',#3636,#3255,#1790,.T.);
#4648=EDGE_CURVE('',#3635,#3636,#1791,.T.);
#4649=EDGE_CURVE('',#3637,#3319,#1792,.T.);
#4650=EDGE_CURVE('',#3638,#3637,#1793,.T.);
#4651=EDGE_CURVE('',#3320,#3638,#1794,.T.);
#4652=EDGE_CURVE('',#3639,#3253,#1795,.T.);
#4653=EDGE_CURVE('',#3640,#3639,#1796,.T.);
#4654=EDGE_CURVE('',#3254,#3640,#1797,.T.);
#4655=EDGE_CURVE('',#3639,#3176,#1798,.T.);
#4656=EDGE_CURVE('',#3641,#3321,#1799,.T.);
#4657=EDGE_CURVE('',#3642,#3641,#1800,.T.);
#4658=EDGE_CURVE('',#3318,#3642,#1801,.T.);
#4659=EDGE_CURVE('',#3322,#3643,#1802,.T.);
#4660=EDGE_CURVE('',#3643,#3644,#1803,.T.);
#4661=EDGE_CURVE('',#3644,#3645,#1804,.T.);
#4662=EDGE_CURVE('',#3645,#3646,#1805,.T.);
#4663=EDGE_CURVE('',#3647,#3646,#1806,.T.);
#4664=EDGE_CURVE('',#3647,#3648,#1807,.T.);
#4665=EDGE_CURVE('',#3648,#3634,#1808,.T.);
#4666=EDGE_CURVE('',#3636,#3640,#1809,.T.);
#4667=EDGE_CURVE('',#3637,#3642,#1810,.T.);
#4668=EDGE_CURVE('',#3641,#3638,#1811,.T.);
#4669=EDGE_CURVE('',#3648,#3649,#1812,.T.);
#4670=EDGE_CURVE('',#3650,#3649,#1813,.T.);
#4671=EDGE_CURVE('',#3651,#3650,#1814,.T.);
#4672=EDGE_CURVE('',#3651,#3258,#1815,.T.);
#4673=EDGE_CURVE('',#3652,#3285,#1816,.T.);
#4674=EDGE_CURVE('',#3653,#3652,#1817,.T.);
#4675=EDGE_CURVE('',#3270,#3653,#1818,.T.);
#4676=EDGE_CURVE('',#3654,#3261,#1819,.T.);
#4677=EDGE_CURVE('',#3655,#3654,#1820,.T.);
#4678=EDGE_CURVE('',#3655,#3647,#1821,.T.);
#4679=EDGE_CURVE('',#3266,#3644,#1822,.T.);
#4680=EDGE_CURVE('',#3656,#3657,#40,.T.);
#4681=EDGE_CURVE('',#3658,#3656,#1823,.T.);
#4682=EDGE_CURVE('',#3658,#3657,#1824,.T.);
#4683=EDGE_CURVE('',#3657,#3659,#1825,.T.);
#4684=EDGE_CURVE('',#3660,#3659,#41,.T.);
#4685=EDGE_CURVE('',#3661,#3660,#1826,.T.);
#4686=EDGE_CURVE('',#3662,#3661,#42,.T.);
#4687=EDGE_CURVE('',#3663,#3662,#43,.T.);
#4688=EDGE_CURVE('',#3664,#3663,#44,.T.);
#4689=EDGE_CURVE('',#3665,#3664,#45,.T.);
#4690=EDGE_CURVE('',#3656,#3665,#46,.T.);
#4691=EDGE_CURVE('',#3258,#3666,#1827,.T.);
#4692=EDGE_CURVE('',#3666,#3667,#1828,.T.);
#4693=EDGE_CURVE('',#3260,#3667,#1829,.T.);
#4694=EDGE_CURVE('',#3668,#3669,#47,.T.);
#4695=EDGE_CURVE('',#3670,#3668,#48,.T.);
#4696=EDGE_CURVE('',#3670,#3671,#1830,.T.);
#4697=EDGE_CURVE('',#3671,#3672,#1831,.T.);
#4698=EDGE_CURVE('',#3672,#3673,#1832,.T.);
#4699=EDGE_CURVE('',#3669,#3673,#49,.T.);
#4700=EDGE_CURVE('',#3671,#3674,#1833,.T.);
#4701=EDGE_CURVE('',#3674,#3675,#1834,.T.);
#4702=EDGE_CURVE('',#3672,#3675,#1835,.T.);
#4703=EDGE_CURVE('',#3667,#3676,#145,.T.);
#4704=EDGE_CURVE('',#3676,#3677,#1836,.T.);
#4705=EDGE_CURVE('',#3677,#3678,#146,.T.);
#4706=EDGE_CURVE('',#3678,#3679,#1837,.T.);
#4707=EDGE_CURVE('',#3679,#3680,#147,.T.);
#4708=EDGE_CURVE('',#3680,#3681,#1838,.T.);
#4709=EDGE_CURVE('',#3681,#3682,#148,.T.);
#4710=EDGE_CURVE('',#3682,#3683,#1839,.T.);
#4711=EDGE_CURVE('',#3683,#3684,#149,.T.);
#4712=EDGE_CURVE('',#3684,#3685,#1840,.T.);
#4713=EDGE_CURVE('',#3685,#3686,#150,.T.);
#4714=EDGE_CURVE('',#3687,#3686,#1841,.T.);
#4715=EDGE_CURVE('',#3687,#3688,#151,.T.);
#4716=EDGE_CURVE('',#3688,#3689,#1842,.T.);
#4717=EDGE_CURVE('',#3689,#3690,#152,.T.);
#4718=EDGE_CURVE('',#3690,#3691,#1843,.T.);
#4719=EDGE_CURVE('',#3691,#3692,#153,.T.);
#4720=EDGE_CURVE('',#3692,#3693,#1844,.T.);
#4721=EDGE_CURVE('',#3693,#3694,#154,.T.);
#4722=EDGE_CURVE('',#3694,#3695,#1845,.T.);
#4723=EDGE_CURVE('',#3695,#3696,#155,.T.);
#4724=EDGE_CURVE('',#3696,#3697,#1846,.T.);
#4725=EDGE_CURVE('',#3697,#3698,#156,.T.);
#4726=EDGE_CURVE('',#3698,#3699,#1847,.T.);
#4727=EDGE_CURVE('',#3699,#3700,#157,.T.);
#4728=EDGE_CURVE('',#3700,#3701,#1848,.T.);
#4729=EDGE_CURVE('',#3701,#3675,#158,.T.);
#4730=EDGE_CURVE('',#3655,#3674,#1849,.T.);
#4731=EDGE_CURVE('',#3647,#3671,#1850,.T.);
#4732=EDGE_CURVE('',#3649,#3702,#1851,.T.);
#4733=EDGE_CURVE('',#3703,#3670,#1852,.T.);
#4734=EDGE_CURVE('',#3702,#3703,#159,.T.);
#4735=EDGE_CURVE('',#3704,#3653,#1853,.T.);
#4736=EDGE_CURVE('',#3271,#3704,#1854,.T.);
#4737=EDGE_CURVE('',#3652,#3705,#1855,.T.);
#4738=EDGE_CURVE('',#3705,#3706,#1856,.T.);
#4739=EDGE_CURVE('',#3706,#3707,#1857,.T.);
#4740=EDGE_CURVE('',#3707,#3708,#1858,.T.);
#4741=EDGE_CURVE('',#3708,#3709,#1859,.T.);
#4742=EDGE_CURVE('',#3709,#3710,#1860,.T.);
#4743=EDGE_CURVE('',#3710,#3711,#1861,.T.);
#4744=EDGE_CURVE('',#3711,#3712,#1862,.T.);
#4745=EDGE_CURVE('',#3712,#3713,#1863,.T.);
#4746=EDGE_CURVE('',#3713,#3714,#1864,.T.);
#4747=EDGE_CURVE('',#3714,#3715,#1865,.T.);
#4748=EDGE_CURVE('',#3715,#3716,#1866,.T.);
#4749=EDGE_CURVE('',#3716,#3717,#1867,.T.);
#4750=EDGE_CURVE('',#3717,#3704,#1868,.T.);
#4751=EDGE_CURVE('',#3718,#3719,#1869,.T.);
#4752=EDGE_CURVE('',#3719,#3720,#1870,.T.);
#4753=EDGE_CURVE('',#3720,#3721,#1871,.T.);
#4754=EDGE_CURVE('',#3721,#3722,#1872,.T.);
#4755=EDGE_CURVE('',#3722,#3723,#1873,.T.);
#4756=EDGE_CURVE('',#3723,#3724,#1874,.T.);
#4757=EDGE_CURVE('',#3724,#3725,#1875,.T.);
#4758=EDGE_CURVE('',#3725,#3726,#1876,.T.);
#4759=EDGE_CURVE('',#3726,#3727,#1877,.T.);
#4760=EDGE_CURVE('',#3727,#3728,#1878,.T.);
#4761=EDGE_CURVE('',#3728,#3729,#1879,.T.);
#4762=EDGE_CURVE('',#3729,#3730,#1880,.T.);
#4763=EDGE_CURVE('',#3730,#3731,#1881,.T.);
#4764=EDGE_CURVE('',#3731,#3732,#1882,.T.);
#4765=EDGE_CURVE('',#3732,#3733,#1883,.T.);
#4766=EDGE_CURVE('',#3733,#3718,#1884,.T.);
#4767=EDGE_CURVE('',#3734,#3735,#1885,.T.);
#4768=EDGE_CURVE('',#3735,#3736,#1886,.T.);
#4769=EDGE_CURVE('',#3736,#3737,#1887,.T.);
#4770=EDGE_CURVE('',#3737,#3738,#1888,.T.);
#4771=EDGE_CURVE('',#3738,#3739,#1889,.T.);
#4772=EDGE_CURVE('',#3739,#3740,#1890,.T.);
#4773=EDGE_CURVE('',#3740,#3741,#1891,.T.);
#4774=EDGE_CURVE('',#3741,#3742,#1892,.T.);
#4775=EDGE_CURVE('',#3742,#3743,#1893,.T.);
#4776=EDGE_CURVE('',#3743,#3744,#1894,.T.);
#4777=EDGE_CURVE('',#3744,#3745,#1895,.T.);
#4778=EDGE_CURVE('',#3745,#3746,#1896,.T.);
#4779=EDGE_CURVE('',#3746,#3747,#1897,.T.);
#4780=EDGE_CURVE('',#3747,#3748,#1898,.T.);
#4781=EDGE_CURVE('',#3748,#3749,#1899,.T.);
#4782=EDGE_CURVE('',#3749,#3734,#1900,.T.);
#4783=EDGE_CURVE('',#3735,#3287,#1901,.T.);
#4784=EDGE_CURVE('',#3288,#3734,#1902,.T.);
#4785=EDGE_CURVE('',#3289,#3749,#1903,.T.);
#4786=EDGE_CURVE('',#3290,#3748,#1904,.T.);
#4787=EDGE_CURVE('',#3291,#3747,#1905,.T.);
#4788=EDGE_CURVE('',#3292,#3746,#1906,.T.);
#4789=EDGE_CURVE('',#3293,#3745,#1907,.T.);
#4790=EDGE_CURVE('',#3294,#3744,#1908,.T.);
#4791=EDGE_CURVE('',#3295,#3743,#1909,.T.);
#4792=EDGE_CURVE('',#3296,#3742,#1910,.T.);
#4793=EDGE_CURVE('',#3297,#3741,#1911,.T.);
#4794=EDGE_CURVE('',#3298,#3740,#1912,.T.);
#4795=EDGE_CURVE('',#3299,#3739,#1913,.T.);
#4796=EDGE_CURVE('',#3300,#3738,#1914,.T.);
#4797=EDGE_CURVE('',#3301,#3737,#1915,.T.);
#4798=EDGE_CURVE('',#3286,#3736,#1916,.T.);
#4799=EDGE_CURVE('',#3719,#3303,#1917,.T.);
#4800=EDGE_CURVE('',#3304,#3718,#1918,.T.);
#4801=EDGE_CURVE('',#3305,#3733,#1919,.T.);
#4802=EDGE_CURVE('',#3306,#3732,#1920,.T.);
#4803=EDGE_CURVE('',#3307,#3731,#1921,.T.);
#4804=EDGE_CURVE('',#3308,#3730,#1922,.T.);
#4805=EDGE_CURVE('',#3309,#3729,#1923,.T.);
#4806=EDGE_CURVE('',#3310,#3728,#1924,.T.);
#4807=EDGE_CURVE('',#3311,#3727,#1925,.T.);
#4808=EDGE_CURVE('',#3312,#3726,#1926,.T.);
#4809=EDGE_CURVE('',#3313,#3725,#1927,.T.);
#4810=EDGE_CURVE('',#3314,#3724,#1928,.T.);
#4811=EDGE_CURVE('',#3315,#3723,#1929,.T.);
#4812=EDGE_CURVE('',#3316,#3722,#1930,.T.);
#4813=EDGE_CURVE('',#3317,#3721,#1931,.T.);
#4814=EDGE_CURVE('',#3302,#3720,#1932,.T.);
#4815=EDGE_CURVE('',#3272,#3717,#1933,.T.);
#4816=EDGE_CURVE('',#3273,#3716,#1934,.T.);
#4817=EDGE_CURVE('',#3274,#3715,#1935,.T.);
#4818=EDGE_CURVE('',#3275,#3714,#1936,.T.);
#4819=EDGE_CURVE('',#3276,#3713,#1937,.T.);
#4820=EDGE_CURVE('',#3277,#3712,#1938,.T.);
#4821=EDGE_CURVE('',#3278,#3711,#1939,.T.);
#4822=EDGE_CURVE('',#3279,#3710,#1940,.T.);
#4823=EDGE_CURVE('',#3280,#3709,#1941,.T.);
#4824=EDGE_CURVE('',#3281,#3708,#1942,.T.);
#4825=EDGE_CURVE('',#3282,#3707,#1943,.T.);
#4826=EDGE_CURVE('',#3283,#3706,#1944,.T.);
#4827=EDGE_CURVE('',#3284,#3705,#1945,.T.);
#4828=EDGE_CURVE('',#3267,#3643,#1946,.T.);
#4829=EDGE_CURVE('',#3750,#3702,#1947,.T.);
#4830=EDGE_CURVE('',#3751,#3750,#1948,.T.);
#4831=EDGE_CURVE('',#3751,#3752,#1949,.T.);
#4832=EDGE_CURVE('',#3752,#3650,#1950,.T.);
#4833=EDGE_CURVE('',#3753,#3703,#1951,.T.);
#4834=EDGE_CURVE('',#3750,#3753,#160,.T.);
#4835=EDGE_CURVE('',#3754,#3668,#1952,.T.);
#4836=EDGE_CURVE('',#3753,#3754,#1953,.T.);
#4837=EDGE_CURVE('',#3755,#3756,#50,.T.);
#4838=EDGE_CURVE('',#3757,#3755,#51,.T.);
#4839=EDGE_CURVE('',#3758,#3757,#52,.T.);
#4840=EDGE_CURVE('',#3759,#3758,#53,.T.);
#4841=EDGE_CURVE('',#3759,#3760,#1954,.T.);
#4842=EDGE_CURVE('',#3761,#3760,#54,.T.);
#4843=EDGE_CURVE('',#3761,#3762,#1955,.T.);
#4844=EDGE_CURVE('',#3756,#3762,#55,.T.);
#4845=EDGE_CURVE('',#3761,#3687,#1956,.T.);
#4846=EDGE_CURVE('',#3762,#3686,#1957,.T.);
#4847=EDGE_CURVE('',#3763,#3756,#1958,.T.);
#4848=EDGE_CURVE('',#3752,#3763,#161,.T.);
#4849=EDGE_CURVE('',#3764,#3751,#162,.T.);
#4850=EDGE_CURVE('',#3764,#3755,#1959,.T.);
#4851=EDGE_CURVE('',#3760,#3765,#1960,.T.);
#4852=EDGE_CURVE('',#3766,#3765,#1961,.T.);
#4853=EDGE_CURVE('',#3766,#3761,#1962,.T.);
#4854=EDGE_CURVE('',#3661,#3690,#1963,.T.);
#4855=EDGE_CURVE('',#3660,#3691,#1964,.T.);
#4856=EDGE_CURVE('',#3656,#3767,#1965,.T.);
#4857=EDGE_CURVE('',#3768,#3767,#1966,.T.);
#4858=EDGE_CURVE('',#3769,#3768,#1967,.T.);
#4859=EDGE_CURVE('',#3658,#3769,#1968,.T.);
#4860=EDGE_CURVE('',#3770,#3665,#1969,.T.);
#4861=EDGE_CURVE('',#3767,#3770,#1970,.T.);
#4862=EDGE_CURVE('',#3659,#3771,#1971,.T.);
#4863=EDGE_CURVE('',#3772,#3771,#1972,.T.);
#4864=EDGE_CURVE('',#3772,#3660,#1973,.T.);
#4865=EDGE_CURVE('',#3773,#3664,#1974,.T.);
#4866=EDGE_CURVE('',#3770,#3773,#163,.T.);
#4867=EDGE_CURVE('',#3774,#3663,#1975,.T.);
#4868=EDGE_CURVE('',#3773,#3774,#1976,.T.);
#4869=EDGE_CURVE('',#3775,#3662,#1977,.T.);
#4870=EDGE_CURVE('',#3776,#3775,#164,.T.);
#4871=EDGE_CURVE('',#3777,#3776,#1978,.T.);
#4872=EDGE_CURVE('',#3774,#3777,#165,.T.);
#4873=EDGE_CURVE('',#3778,#3661,#1979,.T.);
#4874=EDGE_CURVE('',#3775,#3778,#1980,.T.);
#4875=EDGE_CURVE('',#3779,#3780,#1981,.T.);
#4876=EDGE_CURVE('',#3781,#3779,#1982,.T.);
#4877=EDGE_CURVE('',#3781,#3782,#1983,.T.);
#4878=EDGE_CURVE('',#3782,#3780,#1984,.T.);
#4879=EDGE_CURVE('',#3673,#3783,#1985,.T.);
#4880=EDGE_CURVE('',#3783,#3669,#1986,.T.);
#4881=EDGE_CURVE('',#3784,#3785,#1987,.T.);
#4882=EDGE_CURVE('',#3786,#3785,#1988,.T.);
#4883=EDGE_CURVE('',#3787,#3786,#1989,.T.);
#4884=EDGE_CURVE('',#3787,#3784,#1990,.T.);
#4885=EDGE_CURVE('',#3776,#3672,#1991,.T.);
#4886=EDGE_CURVE('',#3788,#3672,#1992,.T.);
#4887=EDGE_CURVE('',#3777,#3788,#1993,.T.);
#4888=EDGE_CURVE('',#3659,#3789,#1994,.T.);
#4889=EDGE_CURVE('',#3790,#3769,#1995,.T.);
#4890=EDGE_CURVE('',#3791,#3790,#166,.T.);
#4891=EDGE_CURVE('',#3792,#3791,#1996,.T.);
#4892=EDGE_CURVE('',#3793,#3792,#167,.T.);
#4893=EDGE_CURVE('',#3794,#3793,#1997,.T.);
#4894=EDGE_CURVE('',#3795,#3794,#168,.T.);
#4895=EDGE_CURVE('',#3796,#3795,#1998,.T.);
#4896=EDGE_CURVE('',#3797,#3796,#169,.T.);
#4897=EDGE_CURVE('',#3798,#3797,#1999,.T.);
#4898=EDGE_CURVE('',#3799,#3798,#170,.T.);
#4899=EDGE_CURVE('',#3800,#3799,#2000,.T.);
#4900=EDGE_CURVE('',#3801,#3800,#171,.T.);
#4901=EDGE_CURVE('',#3802,#3801,#2001,.T.);
#4902=EDGE_CURVE('',#3803,#3802,#172,.T.);
#4903=EDGE_CURVE('',#3804,#3803,#2002,.T.);
#4904=EDGE_CURVE('',#3805,#3804,#173,.T.);
#4905=EDGE_CURVE('',#3789,#3805,#2003,.T.);
#4906=EDGE_CURVE('',#3806,#3772,#174,.T.);
#4907=EDGE_CURVE('',#3806,#3692,#2004,.T.);
#4908=EDGE_CURVE('',#3807,#3806,#2005,.T.);
#4909=EDGE_CURVE('',#3807,#3693,#2006,.T.);
#4910=EDGE_CURVE('',#3808,#3807,#175,.T.);
#4911=EDGE_CURVE('',#3808,#3694,#2007,.T.);
#4912=EDGE_CURVE('',#3809,#3808,#2008,.T.);
#4913=EDGE_CURVE('',#3809,#3695,#2009,.T.);
#4914=EDGE_CURVE('',#3810,#3809,#176,.T.);
#4915=EDGE_CURVE('',#3810,#3696,#2010,.T.);
#4916=EDGE_CURVE('',#3811,#3810,#2011,.T.);
#4917=EDGE_CURVE('',#3811,#3697,#2012,.T.);
#4918=EDGE_CURVE('',#3812,#3811,#177,.T.);
#4919=EDGE_CURVE('',#3812,#3698,#2013,.T.);
#4920=EDGE_CURVE('',#3813,#3812,#2014,.T.);
#4921=EDGE_CURVE('',#3813,#3699,#2015,.T.);
#4922=EDGE_CURVE('',#3814,#3813,#178,.T.);
#4923=EDGE_CURVE('',#3814,#3700,#2016,.T.);
#4924=EDGE_CURVE('',#3815,#3814,#2017,.T.);
#4925=EDGE_CURVE('',#3815,#3701,#2018,.T.);
#4926=EDGE_CURVE('',#3788,#3815,#179,.T.);
#4927=EDGE_CURVE('',#3816,#3768,#2019,.T.);
#4928=EDGE_CURVE('',#3790,#3816,#2020,.T.);
#4929=EDGE_CURVE('',#3817,#3816,#180,.T.);
#4930=EDGE_CURVE('',#3791,#3817,#2021,.T.);
#4931=EDGE_CURVE('',#3818,#3817,#2022,.T.);
#4932=EDGE_CURVE('',#3792,#3818,#2023,.T.);
#4933=EDGE_CURVE('',#3819,#3818,#181,.T.);
#4934=EDGE_CURVE('',#3793,#3819,#2024,.T.);
#4935=EDGE_CURVE('',#3820,#3819,#2025,.T.);
#4936=EDGE_CURVE('',#3794,#3820,#2026,.T.);
#4937=EDGE_CURVE('',#3821,#3820,#182,.T.);
#4938=EDGE_CURVE('',#3795,#3821,#2027,.T.);
#4939=EDGE_CURVE('',#3822,#3821,#2028,.T.);
#4940=EDGE_CURVE('',#3796,#3822,#2029,.T.);
#4941=EDGE_CURVE('',#3823,#3822,#183,.T.);
#4942=EDGE_CURVE('',#3797,#3823,#2030,.T.);
#4943=EDGE_CURVE('',#3824,#3823,#2031,.T.);
#4944=EDGE_CURVE('',#3798,#3824,#2032,.T.);
#4945=EDGE_CURVE('',#3825,#3824,#184,.T.);
#4946=EDGE_CURVE('',#3799,#3825,#2033,.T.);
#4947=EDGE_CURVE('',#3826,#3825,#2034,.T.);
#4948=EDGE_CURVE('',#3800,#3826,#2035,.T.);
#4949=EDGE_CURVE('',#3827,#3826,#185,.T.);
#4950=EDGE_CURVE('',#3801,#3827,#2036,.T.);
#4951=EDGE_CURVE('',#3828,#3827,#2037,.T.);
#4952=EDGE_CURVE('',#3802,#3828,#2038,.T.);
#4953=EDGE_CURVE('',#3829,#3828,#186,.T.);
#4954=EDGE_CURVE('',#3803,#3829,#2039,.T.);
#4955=EDGE_CURVE('',#3830,#3829,#2040,.T.);
#4956=EDGE_CURVE('',#3804,#3830,#2041,.T.);
#4957=EDGE_CURVE('',#3831,#3830,#187,.T.);
#4958=EDGE_CURVE('',#3805,#3831,#2042,.T.);
#4959=EDGE_CURVE('',#3832,#3831,#2043,.T.);
#4960=EDGE_CURVE('',#3789,#3832,#2044,.T.);
#4961=EDGE_CURVE('',#3771,#3832,#2045,.T.);
#4962=EDGE_CURVE('',#3833,#3834,#2046,.T.);
#4963=EDGE_CURVE('',#3834,#3835,#188,.T.);
#4964=EDGE_CURVE('',#3835,#3836,#2047,.T.);
#4965=EDGE_CURVE('',#3836,#3837,#189,.T.);
#4966=EDGE_CURVE('',#3837,#3838,#2048,.T.);
#4967=EDGE_CURVE('',#3838,#3839,#190,.T.);
#4968=EDGE_CURVE('',#3839,#3840,#2049,.T.);
#4969=EDGE_CURVE('',#3840,#3841,#191,.T.);
#4970=EDGE_CURVE('',#3841,#3842,#2050,.T.);
#4971=EDGE_CURVE('',#3842,#3843,#192,.T.);
#4972=EDGE_CURVE('',#3843,#3844,#2051,.T.);
#4973=EDGE_CURVE('',#3844,#3845,#2052,.T.);
#4974=EDGE_CURVE('',#3845,#3846,#2053,.T.);
#4975=EDGE_CURVE('',#3846,#3847,#193,.T.);
#4976=EDGE_CURVE('',#3847,#3764,#2054,.T.);
#4977=EDGE_CURVE('',#3754,#3783,#194,.T.);
#4978=EDGE_CURVE('',#3778,#3848,#195,.T.);
#4979=EDGE_CURVE('',#3848,#3849,#2055,.T.);
#4980=EDGE_CURVE('',#3849,#3766,#196,.T.);
#4981=EDGE_CURVE('',#3765,#3850,#2056,.T.);
#4982=EDGE_CURVE('',#3850,#3851,#2057,.T.);
#4983=EDGE_CURVE('',#3851,#3852,#197,.T.);
#4984=EDGE_CURVE('',#3852,#3853,#2058,.T.);
#4985=EDGE_CURVE('',#3853,#3786,#198,.T.);
#4986=EDGE_CURVE('',#3785,#3833,#199,.T.);
#4987=EDGE_CURVE('',#3760,#3854,#2059,.T.);
#4988=EDGE_CURVE('',#3855,#3759,#2060,.T.);
#4989=EDGE_CURVE('',#3855,#3856,#2061,.T.);
#4990=EDGE_CURVE('',#3857,#3856,#2062,.T.);
#4991=EDGE_CURVE('',#3858,#3857,#200,.T.);
#4992=EDGE_CURVE('',#3859,#3858,#2063,.T.);
#4993=EDGE_CURVE('',#3860,#3859,#201,.T.);
#4994=EDGE_CURVE('',#3861,#3860,#2064,.T.);
#4995=EDGE_CURVE('',#3862,#3861,#202,.T.);
#4996=EDGE_CURVE('',#3863,#3862,#2065,.T.);
#4997=EDGE_CURVE('',#3864,#3863,#203,.T.);
#4998=EDGE_CURVE('',#3865,#3864,#2066,.T.);
#4999=EDGE_CURVE('',#3866,#3865,#204,.T.);
#5000=EDGE_CURVE('',#3867,#3866,#2067,.T.);
#5001=EDGE_CURVE('',#3784,#3867,#205,.T.);
#5002=EDGE_CURVE('',#3868,#3787,#206,.T.);
#5003=EDGE_CURVE('',#3869,#3868,#2068,.T.);
#5004=EDGE_CURVE('',#3870,#3869,#207,.T.);
#5005=EDGE_CURVE('',#3854,#3870,#2069,.T.);
#5006=EDGE_CURVE('',#3849,#3688,#2070,.T.);
#5007=EDGE_CURVE('',#3848,#3689,#2071,.T.);
#5008=EDGE_CURVE('',#3847,#3757,#2072,.T.);
#5009=EDGE_CURVE('',#3846,#3758,#2073,.T.);
#5010=EDGE_CURVE('',#3855,#3845,#2074,.T.);
#5011=EDGE_CURVE('',#3856,#3844,#2075,.T.);
#5012=EDGE_CURVE('',#3857,#3843,#2076,.T.);
#5013=EDGE_CURVE('',#3858,#3842,#2077,.T.);
#5014=EDGE_CURVE('',#3859,#3841,#2078,.T.);
#5015=EDGE_CURVE('',#3860,#3840,#2079,.T.);
#5016=EDGE_CURVE('',#3861,#3839,#2080,.T.);
#5017=EDGE_CURVE('',#3862,#3838,#2081,.T.);
#5018=EDGE_CURVE('',#3863,#3837,#2082,.T.);
#5019=EDGE_CURVE('',#3864,#3836,#2083,.T.);
#5020=EDGE_CURVE('',#3865,#3835,#2084,.T.);
#5021=EDGE_CURVE('',#3866,#3834,#2085,.T.);
#5022=EDGE_CURVE('',#3867,#3833,#2086,.T.);
#5023=EDGE_CURVE('',#3868,#3853,#2087,.T.);
#5024=EDGE_CURVE('',#3869,#3852,#2088,.T.);
#5025=EDGE_CURVE('',#3870,#3851,#2089,.T.);
#5026=EDGE_CURVE('',#3854,#3850,#2090,.T.);
#5027=EDGE_CURVE('',#3871,#3872,#2091,.T.);
#5028=EDGE_CURVE('',#3872,#3873,#208,.T.);
#5029=EDGE_CURVE('',#3873,#3874,#2092,.T.);
#5030=EDGE_CURVE('',#3874,#3875,#209,.T.);
#5031=EDGE_CURVE('',#3875,#3876,#2093,.T.);
#5032=EDGE_CURVE('',#3876,#3877,#210,.T.);
#5033=EDGE_CURVE('',#3877,#3878,#2094,.T.);
#5034=EDGE_CURVE('',#3878,#3879,#211,.T.);
#5035=EDGE_CURVE('',#3879,#3880,#2095,.T.);
#5036=EDGE_CURVE('',#3880,#3881,#212,.T.);
#5037=EDGE_CURVE('',#3881,#3882,#2096,.T.);
#5038=EDGE_CURVE('',#3882,#3883,#2097,.T.);
#5039=EDGE_CURVE('',#3883,#3884,#2098,.T.);
#5040=EDGE_CURVE('',#3884,#3885,#213,.T.);
#5041=EDGE_CURVE('',#3885,#3886,#2099,.T.);
#5042=EDGE_CURVE('',#3886,#3887,#214,.T.);
#5043=EDGE_CURVE('',#3887,#3888,#2100,.T.);
#5044=EDGE_CURVE('',#3888,#3889,#215,.T.);
#5045=EDGE_CURVE('',#3889,#3890,#2101,.T.);
#5046=EDGE_CURVE('',#3890,#3666,#216,.T.);
#5047=EDGE_CURVE('',#3763,#3891,#2102,.T.);
#5048=EDGE_CURVE('',#3891,#3892,#217,.T.);
#5049=EDGE_CURVE('',#3892,#3893,#2103,.T.);
#5050=EDGE_CURVE('',#3893,#3894,#218,.T.);
#5051=EDGE_CURVE('',#3894,#3895,#2104,.T.);
#5052=EDGE_CURVE('',#3895,#3896,#2105,.T.);
#5053=EDGE_CURVE('',#3896,#3897,#2106,.T.);
#5054=EDGE_CURVE('',#3897,#3898,#219,.T.);
#5055=EDGE_CURVE('',#3898,#3899,#2107,.T.);
#5056=EDGE_CURVE('',#3899,#3779,#220,.T.);
#5057=EDGE_CURVE('',#3780,#3871,#221,.T.);
#5058=EDGE_CURVE('',#3891,#3762,#2108,.T.);
#5059=EDGE_CURVE('',#3900,#3901,#2109,.T.);
#5060=EDGE_CURVE('',#3902,#3900,#2110,.T.);
#5061=EDGE_CURVE('',#3902,#3903,#2111,.T.);
#5062=EDGE_CURVE('',#3904,#3903,#2112,.T.);
#5063=EDGE_CURVE('',#3905,#3904,#222,.T.);
#5064=EDGE_CURVE('',#3906,#3905,#2113,.T.);
#5065=EDGE_CURVE('',#3907,#3906,#223,.T.);
#5066=EDGE_CURVE('',#3908,#3907,#2114,.T.);
#5067=EDGE_CURVE('',#3909,#3908,#224,.T.);
#5068=EDGE_CURVE('',#3910,#3909,#2115,.T.);
#5069=EDGE_CURVE('',#3911,#3910,#225,.T.);
#5070=EDGE_CURVE('',#3912,#3911,#2116,.T.);
#5071=EDGE_CURVE('',#3913,#3912,#226,.T.);
#5072=EDGE_CURVE('',#3914,#3913,#2117,.T.);
#5073=EDGE_CURVE('',#3782,#3914,#227,.T.);
#5074=EDGE_CURVE('',#3915,#3781,#228,.T.);
#5075=EDGE_CURVE('',#3916,#3915,#2118,.T.);
#5076=EDGE_CURVE('',#3917,#3916,#229,.T.);
#5077=EDGE_CURVE('',#3901,#3917,#2119,.T.);
#5078=EDGE_CURVE('',#3894,#3683,#2120,.T.);
#5079=EDGE_CURVE('',#3893,#3684,#2121,.T.);
#5080=EDGE_CURVE('',#3892,#3685,#2122,.T.);
#5081=EDGE_CURVE('',#3890,#3676,#2123,.T.);
#5082=EDGE_CURVE('',#3889,#3677,#2124,.T.);
#5083=EDGE_CURVE('',#3888,#3678,#2125,.T.);
#5084=EDGE_CURVE('',#3887,#3679,#2126,.T.);
#5085=EDGE_CURVE('',#3886,#3680,#2127,.T.);
#5086=EDGE_CURVE('',#3885,#3681,#2128,.T.);
#5087=EDGE_CURVE('',#3884,#3682,#2129,.T.);
#5088=EDGE_CURVE('',#3902,#3883,#2130,.T.);
#5089=EDGE_CURVE('',#3903,#3882,#2131,.T.);
#5090=EDGE_CURVE('',#3904,#3881,#2132,.T.);
#5091=EDGE_CURVE('',#3905,#3880,#2133,.T.);
#5092=EDGE_CURVE('',#3906,#3879,#2134,.T.);
#5093=EDGE_CURVE('',#3907,#3878,#2135,.T.);
#5094=EDGE_CURVE('',#3908,#3877,#2136,.T.);
#5095=EDGE_CURVE('',#3909,#3876,#2137,.T.);
#5096=EDGE_CURVE('',#3910,#3875,#2138,.T.);
#5097=EDGE_CURVE('',#3911,#3874,#2139,.T.);
#5098=EDGE_CURVE('',#3912,#3873,#2140,.T.);
#5099=EDGE_CURVE('',#3913,#3872,#2141,.T.);
#5100=EDGE_CURVE('',#3914,#3871,#2142,.T.);
#5101=EDGE_CURVE('',#3915,#3899,#2143,.T.);
#5102=EDGE_CURVE('',#3916,#3898,#2144,.T.);
#5103=EDGE_CURVE('',#3917,#3897,#2145,.T.);
#5104=EDGE_CURVE('',#3901,#3896,#2146,.T.);
#5105=EDGE_CURVE('',#3900,#3895,#2147,.T.);
#5106=ORIENTED_EDGE('',*,*,#3918,.F.);
#5107=ORIENTED_EDGE('',*,*,#3919,.F.);
#5108=ORIENTED_EDGE('',*,*,#3920,.F.);
#5109=ORIENTED_EDGE('',*,*,#3921,.F.);
#5110=ORIENTED_EDGE('',*,*,#3922,.F.);
#5111=ORIENTED_EDGE('',*,*,#3923,.F.);
#5112=ORIENTED_EDGE('',*,*,#3924,.F.);
#5113=ORIENTED_EDGE('',*,*,#3925,.T.);
#5114=ORIENTED_EDGE('',*,*,#3926,.F.);
#5115=ORIENTED_EDGE('',*,*,#3925,.F.);
#5116=ORIENTED_EDGE('',*,*,#3927,.F.);
#5117=ORIENTED_EDGE('',*,*,#3919,.T.);
#5118=ORIENTED_EDGE('',*,*,#3928,.F.);
#5119=ORIENTED_EDGE('',*,*,#3929,.F.);
#5120=ORIENTED_EDGE('',*,*,#3930,.F.);
#5121=ORIENTED_EDGE('',*,*,#3931,.T.);
#5122=ORIENTED_EDGE('',*,*,#3932,.F.);
#5123=ORIENTED_EDGE('',*,*,#3931,.F.);
#5124=ORIENTED_EDGE('',*,*,#3933,.F.);
#5125=ORIENTED_EDGE('',*,*,#3934,.T.);
#5126=ORIENTED_EDGE('',*,*,#3935,.F.);
#5127=ORIENTED_EDGE('',*,*,#3934,.F.);
#5128=ORIENTED_EDGE('',*,*,#3936,.F.);
#5129=ORIENTED_EDGE('',*,*,#3937,.T.);
#5130=ORIENTED_EDGE('',*,*,#3938,.F.);
#5131=ORIENTED_EDGE('',*,*,#3937,.F.);
#5132=ORIENTED_EDGE('',*,*,#3939,.F.);
#5133=ORIENTED_EDGE('',*,*,#3929,.T.);
#5134=ORIENTED_EDGE('',*,*,#3940,.F.);
#5135=ORIENTED_EDGE('',*,*,#3941,.F.);
#5136=ORIENTED_EDGE('',*,*,#3942,.F.);
#5137=ORIENTED_EDGE('',*,*,#3943,.T.);
#5138=ORIENTED_EDGE('',*,*,#3944,.F.);
#5139=ORIENTED_EDGE('',*,*,#3943,.F.);
#5140=ORIENTED_EDGE('',*,*,#3945,.F.);
#5141=ORIENTED_EDGE('',*,*,#3946,.T.);
#5142=ORIENTED_EDGE('',*,*,#3947,.F.);
#5143=ORIENTED_EDGE('',*,*,#3946,.F.);
#5144=ORIENTED_EDGE('',*,*,#3948,.F.);
#5145=ORIENTED_EDGE('',*,*,#3949,.T.);
#5146=ORIENTED_EDGE('',*,*,#3950,.F.);
#5147=ORIENTED_EDGE('',*,*,#3949,.F.);
#5148=ORIENTED_EDGE('',*,*,#3951,.F.);
#5149=ORIENTED_EDGE('',*,*,#3941,.T.);
#5150=ORIENTED_EDGE('',*,*,#3952,.F.);
#5151=ORIENTED_EDGE('',*,*,#3953,.F.);
#5152=ORIENTED_EDGE('',*,*,#3954,.F.);
#5153=ORIENTED_EDGE('',*,*,#3955,.F.);
#5154=ORIENTED_EDGE('',*,*,#3956,.F.);
#5155=ORIENTED_EDGE('',*,*,#3957,.F.);
#5156=ORIENTED_EDGE('',*,*,#3958,.F.);
#5157=ORIENTED_EDGE('',*,*,#3959,.T.);
#5158=ORIENTED_EDGE('',*,*,#3960,.F.);
#5159=ORIENTED_EDGE('',*,*,#3959,.F.);
#5160=ORIENTED_EDGE('',*,*,#3961,.F.);
#5161=ORIENTED_EDGE('',*,*,#3953,.T.);
#5162=ORIENTED_EDGE('',*,*,#3962,.F.);
#5163=ORIENTED_EDGE('',*,*,#3963,.F.);
#5164=ORIENTED_EDGE('',*,*,#3964,.F.);
#5165=ORIENTED_EDGE('',*,*,#3965,.T.);
#5166=ORIENTED_EDGE('',*,*,#3966,.F.);
#5167=ORIENTED_EDGE('',*,*,#3965,.F.);
#5168=ORIENTED_EDGE('',*,*,#3967,.F.);
#5169=ORIENTED_EDGE('',*,*,#3968,.T.);
#5170=ORIENTED_EDGE('',*,*,#3969,.F.);
#5171=ORIENTED_EDGE('',*,*,#3968,.F.);
#5172=ORIENTED_EDGE('',*,*,#3970,.F.);
#5173=ORIENTED_EDGE('',*,*,#3971,.T.);
#5174=ORIENTED_EDGE('',*,*,#3972,.F.);
#5175=ORIENTED_EDGE('',*,*,#3971,.F.);
#5176=ORIENTED_EDGE('',*,*,#3973,.F.);
#5177=ORIENTED_EDGE('',*,*,#3963,.T.);
#5178=ORIENTED_EDGE('',*,*,#3974,.F.);
#5179=ORIENTED_EDGE('',*,*,#3975,.F.);
#5180=ORIENTED_EDGE('',*,*,#3976,.F.);
#5181=ORIENTED_EDGE('',*,*,#3977,.T.);
#5182=ORIENTED_EDGE('',*,*,#3978,.F.);
#5183=ORIENTED_EDGE('',*,*,#3977,.F.);
#5184=ORIENTED_EDGE('',*,*,#3979,.F.);
#5185=ORIENTED_EDGE('',*,*,#3980,.T.);
#5186=ORIENTED_EDGE('',*,*,#3981,.F.);
#5187=ORIENTED_EDGE('',*,*,#3980,.F.);
#5188=ORIENTED_EDGE('',*,*,#3982,.F.);
#5189=ORIENTED_EDGE('',*,*,#3983,.T.);
#5190=ORIENTED_EDGE('',*,*,#3984,.F.);
#5191=ORIENTED_EDGE('',*,*,#3983,.F.);
#5192=ORIENTED_EDGE('',*,*,#3985,.F.);
#5193=ORIENTED_EDGE('',*,*,#3975,.T.);
#5194=ORIENTED_EDGE('',*,*,#3923,.T.);
#5195=ORIENTED_EDGE('',*,*,#3986,.T.);
#5196=ORIENTED_EDGE('',*,*,#3987,.T.);
#5197=ORIENTED_EDGE('',*,*,#3988,.T.);
#5198=ORIENTED_EDGE('',*,*,#3921,.T.);
#5199=ORIENTED_EDGE('',*,*,#3989,.T.);
#5200=ORIENTED_EDGE('',*,*,#3990,.T.);
#5201=ORIENTED_EDGE('',*,*,#3991,.T.);
#5202=ORIENTED_EDGE('',*,*,#3957,.T.);
#5203=ORIENTED_EDGE('',*,*,#3992,.F.);
#5204=ORIENTED_EDGE('',*,*,#3993,.T.);
#5205=ORIENTED_EDGE('',*,*,#3994,.F.);
#5206=ORIENTED_EDGE('',*,*,#3955,.T.);
#5207=ORIENTED_EDGE('',*,*,#3995,.F.);
#5208=ORIENTED_EDGE('',*,*,#3996,.F.);
#5209=ORIENTED_EDGE('',*,*,#3997,.F.);
#5210=ORIENTED_EDGE('',*,*,#3954,.T.);
#5211=ORIENTED_EDGE('',*,*,#3961,.T.);
#5212=ORIENTED_EDGE('',*,*,#3958,.T.);
#5213=ORIENTED_EDGE('',*,*,#3994,.T.);
#5214=ORIENTED_EDGE('',*,*,#3998,.T.);
#5215=ORIENTED_EDGE('',*,*,#3999,.T.);
#5216=ORIENTED_EDGE('',*,*,#4000,.F.);
#5217=ORIENTED_EDGE('',*,*,#4001,.F.);
#5218=ORIENTED_EDGE('',*,*,#4002,.F.);
#5219=ORIENTED_EDGE('',*,*,#4003,.T.);
#5220=ORIENTED_EDGE('',*,*,#4004,.T.);
#5221=ORIENTED_EDGE('',*,*,#4005,.F.);
#5222=ORIENTED_EDGE('',*,*,#4006,.T.);
#5223=ORIENTED_EDGE('',*,*,#4007,.T.);
#5224=ORIENTED_EDGE('',*,*,#4008,.T.);
#5225=ORIENTED_EDGE('',*,*,#4009,.T.);
#5226=ORIENTED_EDGE('',*,*,#4010,.T.);
#5227=ORIENTED_EDGE('',*,*,#4011,.F.);
#5228=ORIENTED_EDGE('',*,*,#4012,.F.);
#5229=ORIENTED_EDGE('',*,*,#4013,.F.);
#5230=ORIENTED_EDGE('',*,*,#4014,.F.);
#5231=ORIENTED_EDGE('',*,*,#4015,.T.);
#5232=ORIENTED_EDGE('',*,*,#3995,.T.);
#5233=ORIENTED_EDGE('',*,*,#4016,.F.);
#5234=ORIENTED_EDGE('',*,*,#4017,.F.);
#5235=ORIENTED_EDGE('',*,*,#4018,.F.);
#5236=ORIENTED_EDGE('',*,*,#4019,.F.);
#5237=ORIENTED_EDGE('',*,*,#4020,.F.);
#5238=ORIENTED_EDGE('',*,*,#4021,.F.);
#5239=ORIENTED_EDGE('',*,*,#4022,.F.);
#5240=ORIENTED_EDGE('',*,*,#4023,.F.);
#5241=ORIENTED_EDGE('',*,*,#4024,.F.);
#5242=ORIENTED_EDGE('',*,*,#4025,.F.);
#5243=ORIENTED_EDGE('',*,*,#4026,.F.);
#5244=ORIENTED_EDGE('',*,*,#4027,.F.);
#5245=ORIENTED_EDGE('',*,*,#4028,.F.);
#5246=ORIENTED_EDGE('',*,*,#4029,.F.);
#5247=ORIENTED_EDGE('',*,*,#4030,.F.);
#5248=ORIENTED_EDGE('',*,*,#4031,.F.);
#5249=ORIENTED_EDGE('',*,*,#4032,.F.);
#5250=ORIENTED_EDGE('',*,*,#4033,.F.);
#5251=ORIENTED_EDGE('',*,*,#4034,.F.);
#5252=ORIENTED_EDGE('',*,*,#4035,.F.);
#5253=ORIENTED_EDGE('',*,*,#4036,.F.);
#5254=ORIENTED_EDGE('',*,*,#4037,.F.);
#5255=ORIENTED_EDGE('',*,*,#4038,.F.);
#5256=ORIENTED_EDGE('',*,*,#4039,.F.);
#5257=ORIENTED_EDGE('',*,*,#4040,.F.);
#5258=ORIENTED_EDGE('',*,*,#4041,.F.);
#5259=ORIENTED_EDGE('',*,*,#4042,.F.);
#5260=ORIENTED_EDGE('',*,*,#4043,.F.);
#5261=ORIENTED_EDGE('',*,*,#4044,.F.);
#5262=ORIENTED_EDGE('',*,*,#4045,.F.);
#5263=ORIENTED_EDGE('',*,*,#4046,.F.);
#5264=ORIENTED_EDGE('',*,*,#4047,.F.);
#5265=ORIENTED_EDGE('',*,*,#4048,.F.);
#5266=ORIENTED_EDGE('',*,*,#4049,.F.);
#5267=ORIENTED_EDGE('',*,*,#4050,.F.);
#5268=ORIENTED_EDGE('',*,*,#4051,.F.);
#5269=ORIENTED_EDGE('',*,*,#4052,.F.);
#5270=ORIENTED_EDGE('',*,*,#4053,.T.);
#5271=ORIENTED_EDGE('',*,*,#4054,.F.);
#5272=ORIENTED_EDGE('',*,*,#4055,.F.);
#5273=ORIENTED_EDGE('',*,*,#4056,.F.);
#5274=ORIENTED_EDGE('',*,*,#4057,.F.);
#5275=ORIENTED_EDGE('',*,*,#4058,.F.);
#5276=ORIENTED_EDGE('',*,*,#4059,.F.);
#5277=ORIENTED_EDGE('',*,*,#4060,.F.);
#5278=ORIENTED_EDGE('',*,*,#4061,.F.);
#5279=ORIENTED_EDGE('',*,*,#4062,.F.);
#5280=ORIENTED_EDGE('',*,*,#4063,.F.);
#5281=ORIENTED_EDGE('',*,*,#4064,.F.);
#5282=ORIENTED_EDGE('',*,*,#4065,.F.);
#5283=ORIENTED_EDGE('',*,*,#4066,.F.);
#5284=ORIENTED_EDGE('',*,*,#4067,.F.);
#5285=ORIENTED_EDGE('',*,*,#3970,.T.);
#5286=ORIENTED_EDGE('',*,*,#3967,.T.);
#5287=ORIENTED_EDGE('',*,*,#3964,.T.);
#5288=ORIENTED_EDGE('',*,*,#3973,.T.);
#5289=ORIENTED_EDGE('',*,*,#3936,.T.);
#5290=ORIENTED_EDGE('',*,*,#3933,.T.);
#5291=ORIENTED_EDGE('',*,*,#3930,.T.);
#5292=ORIENTED_EDGE('',*,*,#3939,.T.);
#5293=ORIENTED_EDGE('',*,*,#3920,.T.);
#5294=ORIENTED_EDGE('',*,*,#3927,.T.);
#5295=ORIENTED_EDGE('',*,*,#3924,.T.);
#5296=ORIENTED_EDGE('',*,*,#3988,.F.);
#5297=ORIENTED_EDGE('',*,*,#4068,.F.);
#5298=ORIENTED_EDGE('',*,*,#4069,.T.);
#5299=ORIENTED_EDGE('',*,*,#4070,.T.);
#5300=ORIENTED_EDGE('',*,*,#4071,.T.);
#5301=ORIENTED_EDGE('',*,*,#4072,.T.);
#5302=ORIENTED_EDGE('',*,*,#4073,.F.);
#5303=ORIENTED_EDGE('',*,*,#4074,.F.);
#5304=ORIENTED_EDGE('',*,*,#4075,.F.);
#5305=ORIENTED_EDGE('',*,*,#4076,.F.);
#5306=ORIENTED_EDGE('',*,*,#4077,.F.);
#5307=ORIENTED_EDGE('',*,*,#4078,.T.);
#5308=ORIENTED_EDGE('',*,*,#4079,.F.);
#5309=ORIENTED_EDGE('',*,*,#4080,.F.);
#5310=ORIENTED_EDGE('',*,*,#4081,.T.);
#5311=ORIENTED_EDGE('',*,*,#4082,.T.);
#5312=ORIENTED_EDGE('',*,*,#4083,.T.);
#5313=ORIENTED_EDGE('',*,*,#4084,.T.);
#5314=ORIENTED_EDGE('',*,*,#4085,.T.);
#5315=ORIENTED_EDGE('',*,*,#3989,.F.);
#5316=ORIENTED_EDGE('',*,*,#4086,.T.);
#5317=ORIENTED_EDGE('',*,*,#4087,.T.);
#5318=ORIENTED_EDGE('',*,*,#4088,.T.);
#5319=ORIENTED_EDGE('',*,*,#4089,.T.);
#5320=ORIENTED_EDGE('',*,*,#4090,.T.);
#5321=ORIENTED_EDGE('',*,*,#4091,.T.);
#5322=ORIENTED_EDGE('',*,*,#4092,.T.);
#5323=ORIENTED_EDGE('',*,*,#4093,.T.);
#5324=ORIENTED_EDGE('',*,*,#4094,.T.);
#5325=ORIENTED_EDGE('',*,*,#4095,.T.);
#5326=ORIENTED_EDGE('',*,*,#4096,.T.);
#5327=ORIENTED_EDGE('',*,*,#4097,.T.);
#5328=ORIENTED_EDGE('',*,*,#4098,.T.);
#5329=ORIENTED_EDGE('',*,*,#4099,.T.);
#5330=ORIENTED_EDGE('',*,*,#4100,.T.);
#5331=ORIENTED_EDGE('',*,*,#4101,.F.);
#5332=ORIENTED_EDGE('',*,*,#4102,.T.);
#5333=ORIENTED_EDGE('',*,*,#4103,.T.);
#5334=ORIENTED_EDGE('',*,*,#4104,.T.);
#5335=ORIENTED_EDGE('',*,*,#4105,.T.);
#5336=ORIENTED_EDGE('',*,*,#4106,.T.);
#5337=ORIENTED_EDGE('',*,*,#4107,.T.);
#5338=ORIENTED_EDGE('',*,*,#4108,.T.);
#5339=ORIENTED_EDGE('',*,*,#4109,.T.);
#5340=ORIENTED_EDGE('',*,*,#4110,.T.);
#5341=ORIENTED_EDGE('',*,*,#4111,.T.);
#5342=ORIENTED_EDGE('',*,*,#4112,.T.);
#5343=ORIENTED_EDGE('',*,*,#4113,.T.);
#5344=ORIENTED_EDGE('',*,*,#4114,.T.);
#5345=ORIENTED_EDGE('',*,*,#4115,.T.);
#5346=ORIENTED_EDGE('',*,*,#4116,.T.);
#5347=ORIENTED_EDGE('',*,*,#4117,.T.);
#5348=ORIENTED_EDGE('',*,*,#4118,.T.);
#5349=ORIENTED_EDGE('',*,*,#4119,.T.);
#5350=ORIENTED_EDGE('',*,*,#4120,.T.);
#5351=ORIENTED_EDGE('',*,*,#4121,.T.);
#5352=ORIENTED_EDGE('',*,*,#4122,.T.);
#5353=ORIENTED_EDGE('',*,*,#4123,.T.);
#5354=ORIENTED_EDGE('',*,*,#4124,.T.);
#5355=ORIENTED_EDGE('',*,*,#4125,.T.);
#5356=ORIENTED_EDGE('',*,*,#4126,.T.);
#5357=ORIENTED_EDGE('',*,*,#4127,.T.);
#5358=ORIENTED_EDGE('',*,*,#4128,.T.);
#5359=ORIENTED_EDGE('',*,*,#4129,.T.);
#5360=ORIENTED_EDGE('',*,*,#4130,.T.);
#5361=ORIENTED_EDGE('',*,*,#4131,.T.);
#5362=ORIENTED_EDGE('',*,*,#4132,.T.);
#5363=ORIENTED_EDGE('',*,*,#4133,.T.);
#5364=ORIENTED_EDGE('',*,*,#4134,.T.);
#5365=ORIENTED_EDGE('',*,*,#4135,.T.);
#5366=ORIENTED_EDGE('',*,*,#4136,.T.);
#5367=ORIENTED_EDGE('',*,*,#4137,.T.);
#5368=ORIENTED_EDGE('',*,*,#3982,.T.);
#5369=ORIENTED_EDGE('',*,*,#3979,.T.);
#5370=ORIENTED_EDGE('',*,*,#3976,.T.);
#5371=ORIENTED_EDGE('',*,*,#3985,.T.);
#5372=ORIENTED_EDGE('',*,*,#3948,.T.);
#5373=ORIENTED_EDGE('',*,*,#3945,.T.);
#5374=ORIENTED_EDGE('',*,*,#3942,.T.);
#5375=ORIENTED_EDGE('',*,*,#3951,.T.);
#5376=ORIENTED_EDGE('',*,*,#4084,.F.);
#5377=ORIENTED_EDGE('',*,*,#4138,.F.);
#5378=ORIENTED_EDGE('',*,*,#4139,.F.);
#5379=ORIENTED_EDGE('',*,*,#4140,.T.);
#5380=ORIENTED_EDGE('',*,*,#4141,.T.);
#5381=ORIENTED_EDGE('',*,*,#4142,.F.);
#5382=ORIENTED_EDGE('',*,*,#4143,.F.);
#5383=ORIENTED_EDGE('',*,*,#4144,.T.);
#5384=ORIENTED_EDGE('',*,*,#4145,.F.);
#5385=ORIENTED_EDGE('',*,*,#4146,.T.);
#5386=ORIENTED_EDGE('',*,*,#3998,.F.);
#5387=ORIENTED_EDGE('',*,*,#3993,.F.);
#5388=ORIENTED_EDGE('',*,*,#4147,.F.);
#5389=ORIENTED_EDGE('',*,*,#4148,.T.);
#5390=ORIENTED_EDGE('',*,*,#4149,.T.);
#5391=ORIENTED_EDGE('',*,*,#4150,.F.);
#5392=ORIENTED_EDGE('',*,*,#4151,.F.);
#5393=ORIENTED_EDGE('',*,*,#4152,.T.);
#5394=ORIENTED_EDGE('',*,*,#4153,.F.);
#5395=ORIENTED_EDGE('',*,*,#4154,.T.);
#5396=ORIENTED_EDGE('',*,*,#4155,.T.);
#5397=ORIENTED_EDGE('',*,*,#4156,.T.);
#5398=ORIENTED_EDGE('',*,*,#4157,.T.);
#5399=ORIENTED_EDGE('',*,*,#4158,.T.);
#5400=ORIENTED_EDGE('',*,*,#4085,.F.);
#5401=ORIENTED_EDGE('',*,*,#4146,.F.);
#5402=ORIENTED_EDGE('',*,*,#4159,.F.);
#5403=ORIENTED_EDGE('',*,*,#4160,.F.);
#5404=ORIENTED_EDGE('',*,*,#4161,.F.);
#5405=ORIENTED_EDGE('',*,*,#4156,.F.);
#5406=ORIENTED_EDGE('',*,*,#4162,.T.);
#5407=ORIENTED_EDGE('',*,*,#4140,.F.);
#5408=ORIENTED_EDGE('',*,*,#4163,.F.);
#5409=ORIENTED_EDGE('',*,*,#3990,.F.);
#5410=ORIENTED_EDGE('',*,*,#4155,.F.);
#5411=ORIENTED_EDGE('',*,*,#4164,.F.);
#5412=ORIENTED_EDGE('',*,*,#4141,.F.);
#5413=ORIENTED_EDGE('',*,*,#4162,.F.);
#5414=ORIENTED_EDGE('',*,*,#4165,.T.);
#5415=ORIENTED_EDGE('',*,*,#4166,.T.);
#5416=ORIENTED_EDGE('',*,*,#4167,.F.);
#5417=ORIENTED_EDGE('',*,*,#4150,.T.);
#5418=ORIENTED_EDGE('',*,*,#4166,.F.);
#5419=ORIENTED_EDGE('',*,*,#4168,.T.);
#5420=ORIENTED_EDGE('',*,*,#4169,.F.);
#5421=ORIENTED_EDGE('',*,*,#4170,.F.);
#5422=ORIENTED_EDGE('',*,*,#4165,.F.);
#5423=ORIENTED_EDGE('',*,*,#4149,.F.);
#5424=ORIENTED_EDGE('',*,*,#4171,.F.);
#5425=ORIENTED_EDGE('',*,*,#4168,.F.);
#5426=ORIENTED_EDGE('',*,*,#4158,.F.);
#5427=ORIENTED_EDGE('',*,*,#4172,.F.);
#5428=ORIENTED_EDGE('',*,*,#4142,.T.);
#5429=ORIENTED_EDGE('',*,*,#4164,.T.);
#5430=ORIENTED_EDGE('',*,*,#4172,.T.);
#5431=ORIENTED_EDGE('',*,*,#4157,.F.);
#5432=ORIENTED_EDGE('',*,*,#4161,.T.);
#5433=ORIENTED_EDGE('',*,*,#4173,.T.);
#5434=ORIENTED_EDGE('',*,*,#4151,.T.);
#5435=ORIENTED_EDGE('',*,*,#4167,.T.);
#5436=ORIENTED_EDGE('',*,*,#4170,.T.);
#5437=ORIENTED_EDGE('',*,*,#4174,.F.);
#5438=ORIENTED_EDGE('',*,*,#4175,.F.);
#5439=ORIENTED_EDGE('',*,*,#4143,.T.);
#5440=ORIENTED_EDGE('',*,*,#4173,.F.);
#5441=ORIENTED_EDGE('',*,*,#4160,.T.);
#5442=ORIENTED_EDGE('',*,*,#4176,.F.);
#5443=ORIENTED_EDGE('',*,*,#4152,.F.);
#5444=ORIENTED_EDGE('',*,*,#3999,.F.);
#5445=ORIENTED_EDGE('',*,*,#4154,.F.);
#5446=ORIENTED_EDGE('',*,*,#4177,.F.);
#5447=ORIENTED_EDGE('',*,*,#4178,.F.);
#5448=ORIENTED_EDGE('',*,*,#4174,.T.);
#5449=ORIENTED_EDGE('',*,*,#4169,.T.);
#5450=ORIENTED_EDGE('',*,*,#4171,.T.);
#5451=ORIENTED_EDGE('',*,*,#4148,.F.);
#5452=ORIENTED_EDGE('',*,*,#4179,.F.);
#5453=ORIENTED_EDGE('',*,*,#4180,.F.);
#5454=ORIENTED_EDGE('',*,*,#4175,.T.);
#5455=ORIENTED_EDGE('',*,*,#4178,.T.);
#5456=ORIENTED_EDGE('',*,*,#4181,.F.);
#5457=ORIENTED_EDGE('',*,*,#4144,.F.);
#5458=ORIENTED_EDGE('',*,*,#4145,.T.);
#5459=ORIENTED_EDGE('',*,*,#4181,.T.);
#5460=ORIENTED_EDGE('',*,*,#4177,.T.);
#5461=ORIENTED_EDGE('',*,*,#4153,.T.);
#5462=ORIENTED_EDGE('',*,*,#4176,.T.);
#5463=ORIENTED_EDGE('',*,*,#4159,.T.);
#5464=ORIENTED_EDGE('',*,*,#4180,.T.);
#5465=ORIENTED_EDGE('',*,*,#4182,.T.);
#5466=ORIENTED_EDGE('',*,*,#4183,.F.);
#5467=ORIENTED_EDGE('',*,*,#4000,.T.);
#5468=ORIENTED_EDGE('',*,*,#3952,.T.);
#5469=ORIENTED_EDGE('',*,*,#3997,.T.);
#5470=ORIENTED_EDGE('',*,*,#4184,.F.);
#5471=ORIENTED_EDGE('',*,*,#4185,.F.);
#5472=ORIENTED_EDGE('',*,*,#4186,.F.);
#5473=ORIENTED_EDGE('',*,*,#4187,.F.);
#5474=ORIENTED_EDGE('',*,*,#4188,.F.);
#5475=ORIENTED_EDGE('',*,*,#4189,.F.);
#5476=ORIENTED_EDGE('',*,*,#4190,.F.);
#5477=ORIENTED_EDGE('',*,*,#4191,.T.);
#5478=ORIENTED_EDGE('',*,*,#4192,.F.);
#5479=ORIENTED_EDGE('',*,*,#4193,.F.);
#5480=ORIENTED_EDGE('',*,*,#4194,.F.);
#5481=ORIENTED_EDGE('',*,*,#4182,.F.);
#5482=ORIENTED_EDGE('',*,*,#4179,.T.);
#5483=ORIENTED_EDGE('',*,*,#4147,.T.);
#5484=ORIENTED_EDGE('',*,*,#3992,.T.);
#5485=ORIENTED_EDGE('',*,*,#3956,.T.);
#5486=ORIENTED_EDGE('',*,*,#3960,.T.);
#5487=ORIENTED_EDGE('',*,*,#3935,.T.);
#5488=ORIENTED_EDGE('',*,*,#3938,.T.);
#5489=ORIENTED_EDGE('',*,*,#3928,.T.);
#5490=ORIENTED_EDGE('',*,*,#3932,.T.);
#5491=ORIENTED_EDGE('',*,*,#3969,.T.);
#5492=ORIENTED_EDGE('',*,*,#3972,.T.);
#5493=ORIENTED_EDGE('',*,*,#3962,.T.);
#5494=ORIENTED_EDGE('',*,*,#3966,.T.);
#5495=ORIENTED_EDGE('',*,*,#4195,.F.);
#5496=ORIENTED_EDGE('',*,*,#4196,.F.);
#5497=ORIENTED_EDGE('',*,*,#4197,.F.);
#5498=ORIENTED_EDGE('',*,*,#4198,.F.);
#5499=ORIENTED_EDGE('',*,*,#4199,.T.);
#5500=ORIENTED_EDGE('',*,*,#4188,.T.);
#5501=ORIENTED_EDGE('',*,*,#4200,.F.);
#5502=ORIENTED_EDGE('',*,*,#4011,.T.);
#5503=ORIENTED_EDGE('',*,*,#4012,.T.);
#5504=ORIENTED_EDGE('',*,*,#4200,.T.);
#5505=ORIENTED_EDGE('',*,*,#4187,.T.);
#5506=ORIENTED_EDGE('',*,*,#4201,.T.);
#5507=ORIENTED_EDGE('',*,*,#4202,.T.);
#5508=ORIENTED_EDGE('',*,*,#4019,.T.);
#5509=ORIENTED_EDGE('',*,*,#4203,.T.);
#5510=ORIENTED_EDGE('',*,*,#4196,.T.);
#5511=ORIENTED_EDGE('',*,*,#4204,.T.);
#5512=ORIENTED_EDGE('',*,*,#4014,.T.);
#5513=ORIENTED_EDGE('',*,*,#4205,.T.);
#5514=ORIENTED_EDGE('',*,*,#4185,.T.);
#5515=ORIENTED_EDGE('',*,*,#4204,.F.);
#5516=ORIENTED_EDGE('',*,*,#4184,.T.);
#5517=ORIENTED_EDGE('',*,*,#3996,.T.);
#5518=ORIENTED_EDGE('',*,*,#4015,.F.);
#5519=ORIENTED_EDGE('',*,*,#4206,.T.);
#5520=ORIENTED_EDGE('',*,*,#4017,.T.);
#5521=ORIENTED_EDGE('',*,*,#4207,.T.);
#5522=ORIENTED_EDGE('',*,*,#4198,.T.);
#5523=ORIENTED_EDGE('',*,*,#4195,.T.);
#5524=ORIENTED_EDGE('',*,*,#4207,.F.);
#5525=ORIENTED_EDGE('',*,*,#4016,.T.);
#5526=ORIENTED_EDGE('',*,*,#4202,.F.);
#5527=ORIENTED_EDGE('',*,*,#4013,.T.);
#5528=ORIENTED_EDGE('',*,*,#4201,.F.);
#5529=ORIENTED_EDGE('',*,*,#4186,.T.);
#5530=ORIENTED_EDGE('',*,*,#4205,.F.);
#5531=ORIENTED_EDGE('',*,*,#4199,.F.);
#5532=ORIENTED_EDGE('',*,*,#4010,.F.);
#5533=ORIENTED_EDGE('',*,*,#4208,.F.);
#5534=ORIENTED_EDGE('',*,*,#4209,.T.);
#5535=ORIENTED_EDGE('',*,*,#4210,.T.);
#5536=ORIENTED_EDGE('',*,*,#4211,.F.);
#5537=ORIENTED_EDGE('',*,*,#4189,.T.);
#5538=ORIENTED_EDGE('',*,*,#4212,.T.);
#5539=ORIENTED_EDGE('',*,*,#4053,.F.);
#5540=ORIENTED_EDGE('',*,*,#4213,.T.);
#5541=ORIENTED_EDGE('',*,*,#4214,.T.);
#5542=ORIENTED_EDGE('',*,*,#4006,.F.);
#5543=ORIENTED_EDGE('',*,*,#4005,.T.);
#5544=ORIENTED_EDGE('',*,*,#4004,.F.);
#5545=ORIENTED_EDGE('',*,*,#4003,.F.);
#5546=ORIENTED_EDGE('',*,*,#4002,.T.);
#5547=ORIENTED_EDGE('',*,*,#4215,.T.);
#5548=ORIENTED_EDGE('',*,*,#4193,.T.);
#5549=ORIENTED_EDGE('',*,*,#4192,.T.);
#5550=ORIENTED_EDGE('',*,*,#4191,.F.);
#5551=ORIENTED_EDGE('',*,*,#4216,.F.);
#5552=ORIENTED_EDGE('',*,*,#4217,.T.);
#5553=ORIENTED_EDGE('',*,*,#4218,.T.);
#5554=ORIENTED_EDGE('',*,*,#4219,.T.);
#5555=ORIENTED_EDGE('',*,*,#4220,.F.);
#5556=ORIENTED_EDGE('',*,*,#4221,.T.);
#5557=ORIENTED_EDGE('',*,*,#4219,.F.);
#5558=ORIENTED_EDGE('',*,*,#4222,.T.);
#5559=ORIENTED_EDGE('',*,*,#4223,.T.);
#5560=ORIENTED_EDGE('',*,*,#4224,.T.);
#5561=ORIENTED_EDGE('',*,*,#4225,.T.);
#5562=ORIENTED_EDGE('',*,*,#4226,.T.);
#5563=ORIENTED_EDGE('',*,*,#4227,.T.);
#5564=ORIENTED_EDGE('',*,*,#4228,.T.);
#5565=ORIENTED_EDGE('',*,*,#4229,.F.);
#5566=ORIENTED_EDGE('',*,*,#4008,.F.);
#5567=ORIENTED_EDGE('',*,*,#4230,.T.);
#5568=ORIENTED_EDGE('',*,*,#4231,.F.);
#5569=ORIENTED_EDGE('',*,*,#4232,.F.);
#5570=ORIENTED_EDGE('',*,*,#4009,.F.);
#5571=ORIENTED_EDGE('',*,*,#4233,.T.);
#5572=ORIENTED_EDGE('',*,*,#4234,.T.);
#5573=ORIENTED_EDGE('',*,*,#4235,.F.);
#5574=ORIENTED_EDGE('',*,*,#4236,.F.);
#5575=ORIENTED_EDGE('',*,*,#4237,.F.);
#5576=ORIENTED_EDGE('',*,*,#4238,.T.);
#5577=ORIENTED_EDGE('',*,*,#4239,.F.);
#5578=ORIENTED_EDGE('',*,*,#4236,.T.);
#5579=ORIENTED_EDGE('',*,*,#4240,.T.);
#5580=ORIENTED_EDGE('',*,*,#4241,.F.);
#5581=ORIENTED_EDGE('',*,*,#4230,.F.);
#5582=ORIENTED_EDGE('',*,*,#4007,.F.);
#5583=ORIENTED_EDGE('',*,*,#4218,.F.);
#5584=ORIENTED_EDGE('',*,*,#4217,.F.);
#5585=ORIENTED_EDGE('',*,*,#4242,.T.);
#5586=ORIENTED_EDGE('',*,*,#4241,.T.);
#5587=ORIENTED_EDGE('',*,*,#4243,.F.);
#5588=ORIENTED_EDGE('',*,*,#4244,.F.);
#5589=ORIENTED_EDGE('',*,*,#4245,.F.);
#5590=ORIENTED_EDGE('',*,*,#4246,.F.);
#5591=ORIENTED_EDGE('',*,*,#4247,.F.);
#5592=ORIENTED_EDGE('',*,*,#4248,.F.);
#5593=ORIENTED_EDGE('',*,*,#4249,.F.);
#5594=ORIENTED_EDGE('',*,*,#4250,.F.);
#5595=ORIENTED_EDGE('',*,*,#4251,.F.);
#5596=ORIENTED_EDGE('',*,*,#4252,.F.);
#5597=ORIENTED_EDGE('',*,*,#4253,.F.);
#5598=ORIENTED_EDGE('',*,*,#4254,.F.);
#5599=ORIENTED_EDGE('',*,*,#4255,.F.);
#5600=ORIENTED_EDGE('',*,*,#4256,.F.);
#5601=ORIENTED_EDGE('',*,*,#4257,.F.);
#5602=ORIENTED_EDGE('',*,*,#4258,.T.);
#5603=ORIENTED_EDGE('',*,*,#4259,.F.);
#5604=ORIENTED_EDGE('',*,*,#4260,.F.);
#5605=ORIENTED_EDGE('',*,*,#4261,.F.);
#5606=ORIENTED_EDGE('',*,*,#4262,.F.);
#5607=ORIENTED_EDGE('',*,*,#4263,.F.);
#5608=ORIENTED_EDGE('',*,*,#4264,.F.);
#5609=ORIENTED_EDGE('',*,*,#4265,.F.);
#5610=ORIENTED_EDGE('',*,*,#4266,.F.);
#5611=ORIENTED_EDGE('',*,*,#4267,.F.);
#5612=ORIENTED_EDGE('',*,*,#4268,.F.);
#5613=ORIENTED_EDGE('',*,*,#4269,.F.);
#5614=ORIENTED_EDGE('',*,*,#4216,.T.);
#5615=ORIENTED_EDGE('',*,*,#4270,.T.);
#5616=ORIENTED_EDGE('',*,*,#4239,.T.);
#5617=ORIENTED_EDGE('',*,*,#4242,.F.);
#5618=ORIENTED_EDGE('',*,*,#4271,.T.);
#5619=ORIENTED_EDGE('',*,*,#4272,.T.);
#5620=ORIENTED_EDGE('',*,*,#4273,.T.);
#5621=ORIENTED_EDGE('',*,*,#4237,.T.);
#5622=ORIENTED_EDGE('',*,*,#4270,.F.);
#5623=ORIENTED_EDGE('',*,*,#4190,.T.);
#5624=ORIENTED_EDGE('',*,*,#4211,.T.);
#5625=ORIENTED_EDGE('',*,*,#4274,.T.);
#5626=ORIENTED_EDGE('',*,*,#4213,.F.);
#5627=ORIENTED_EDGE('',*,*,#4052,.T.);
#5628=ORIENTED_EDGE('',*,*,#4275,.T.);
#5629=ORIENTED_EDGE('',*,*,#4276,.F.);
#5630=ORIENTED_EDGE('',*,*,#4214,.F.);
#5631=ORIENTED_EDGE('',*,*,#4274,.F.);
#5632=ORIENTED_EDGE('',*,*,#4277,.F.);
#5633=ORIENTED_EDGE('',*,*,#4278,.F.);
#5634=ORIENTED_EDGE('',*,*,#4279,.F.);
#5635=ORIENTED_EDGE('',*,*,#4280,.F.);
#5636=ORIENTED_EDGE('',*,*,#4281,.F.);
#5637=ORIENTED_EDGE('',*,*,#4282,.F.);
#5638=ORIENTED_EDGE('',*,*,#4283,.F.);
#5639=ORIENTED_EDGE('',*,*,#4284,.F.);
#5640=ORIENTED_EDGE('',*,*,#4285,.F.);
#5641=ORIENTED_EDGE('',*,*,#4286,.F.);
#5642=ORIENTED_EDGE('',*,*,#4287,.F.);
#5643=ORIENTED_EDGE('',*,*,#4288,.F.);
#5644=ORIENTED_EDGE('',*,*,#4289,.F.);
#5645=ORIENTED_EDGE('',*,*,#4290,.F.);
#5646=ORIENTED_EDGE('',*,*,#4291,.F.);
#5647=ORIENTED_EDGE('',*,*,#4292,.F.);
#5648=ORIENTED_EDGE('',*,*,#4293,.F.);
#5649=ORIENTED_EDGE('',*,*,#4294,.F.);
#5650=ORIENTED_EDGE('',*,*,#4295,.F.);
#5651=ORIENTED_EDGE('',*,*,#4296,.F.);
#5652=ORIENTED_EDGE('',*,*,#4297,.F.);
#5653=ORIENTED_EDGE('',*,*,#4298,.F.);
#5654=ORIENTED_EDGE('',*,*,#4299,.F.);
#5655=ORIENTED_EDGE('',*,*,#4300,.F.);
#5656=ORIENTED_EDGE('',*,*,#4301,.F.);
#5657=ORIENTED_EDGE('',*,*,#4302,.F.);
#5658=ORIENTED_EDGE('',*,*,#4303,.F.);
#5659=ORIENTED_EDGE('',*,*,#4304,.F.);
#5660=ORIENTED_EDGE('',*,*,#4305,.F.);
#5661=ORIENTED_EDGE('',*,*,#4306,.F.);
#5662=ORIENTED_EDGE('',*,*,#4307,.F.);
#5663=ORIENTED_EDGE('',*,*,#4308,.F.);
#5664=ORIENTED_EDGE('',*,*,#4309,.F.);
#5665=ORIENTED_EDGE('',*,*,#4310,.F.);
#5666=ORIENTED_EDGE('',*,*,#4311,.F.);
#5667=ORIENTED_EDGE('',*,*,#4312,.F.);
#5668=ORIENTED_EDGE('',*,*,#4313,.F.);
#5669=ORIENTED_EDGE('',*,*,#4314,.F.);
#5670=ORIENTED_EDGE('',*,*,#4315,.F.);
#5671=ORIENTED_EDGE('',*,*,#4316,.F.);
#5672=ORIENTED_EDGE('',*,*,#4317,.F.);
#5673=ORIENTED_EDGE('',*,*,#4318,.F.);
#5674=ORIENTED_EDGE('',*,*,#4319,.F.);
#5675=ORIENTED_EDGE('',*,*,#4320,.F.);
#5676=ORIENTED_EDGE('',*,*,#4321,.F.);
#5677=ORIENTED_EDGE('',*,*,#4322,.T.);
#5678=ORIENTED_EDGE('',*,*,#4051,.T.);
#5679=ORIENTED_EDGE('',*,*,#4323,.T.);
#5680=ORIENTED_EDGE('',*,*,#4306,.T.);
#5681=ORIENTED_EDGE('',*,*,#4323,.F.);
#5682=ORIENTED_EDGE('',*,*,#4050,.T.);
#5683=ORIENTED_EDGE('',*,*,#4324,.T.);
#5684=ORIENTED_EDGE('',*,*,#4307,.T.);
#5685=ORIENTED_EDGE('',*,*,#4324,.F.);
#5686=ORIENTED_EDGE('',*,*,#4049,.T.);
#5687=ORIENTED_EDGE('',*,*,#4325,.T.);
#5688=ORIENTED_EDGE('',*,*,#4308,.T.);
#5689=ORIENTED_EDGE('',*,*,#4325,.F.);
#5690=ORIENTED_EDGE('',*,*,#4048,.T.);
#5691=ORIENTED_EDGE('',*,*,#4326,.T.);
#5692=ORIENTED_EDGE('',*,*,#4309,.T.);
#5693=ORIENTED_EDGE('',*,*,#4326,.F.);
#5694=ORIENTED_EDGE('',*,*,#4047,.T.);
#5695=ORIENTED_EDGE('',*,*,#4327,.T.);
#5696=ORIENTED_EDGE('',*,*,#4310,.T.);
#5697=ORIENTED_EDGE('',*,*,#4327,.F.);
#5698=ORIENTED_EDGE('',*,*,#4046,.T.);
#5699=ORIENTED_EDGE('',*,*,#4328,.T.);
#5700=ORIENTED_EDGE('',*,*,#4311,.T.);
#5701=ORIENTED_EDGE('',*,*,#4328,.F.);
#5702=ORIENTED_EDGE('',*,*,#4045,.T.);
#5703=ORIENTED_EDGE('',*,*,#4329,.T.);
#5704=ORIENTED_EDGE('',*,*,#4312,.T.);
#5705=ORIENTED_EDGE('',*,*,#4329,.F.);
#5706=ORIENTED_EDGE('',*,*,#4044,.T.);
#5707=ORIENTED_EDGE('',*,*,#4330,.T.);
#5708=ORIENTED_EDGE('',*,*,#4313,.T.);
#5709=ORIENTED_EDGE('',*,*,#4330,.F.);
#5710=ORIENTED_EDGE('',*,*,#4043,.T.);
#5711=ORIENTED_EDGE('',*,*,#4331,.T.);
#5712=ORIENTED_EDGE('',*,*,#4314,.T.);
#5713=ORIENTED_EDGE('',*,*,#4331,.F.);
#5714=ORIENTED_EDGE('',*,*,#4042,.T.);
#5715=ORIENTED_EDGE('',*,*,#4332,.T.);
#5716=ORIENTED_EDGE('',*,*,#4315,.T.);
#5717=ORIENTED_EDGE('',*,*,#4332,.F.);
#5718=ORIENTED_EDGE('',*,*,#4041,.T.);
#5719=ORIENTED_EDGE('',*,*,#4333,.T.);
#5720=ORIENTED_EDGE('',*,*,#4316,.T.);
#5721=ORIENTED_EDGE('',*,*,#4333,.F.);
#5722=ORIENTED_EDGE('',*,*,#4040,.T.);
#5723=ORIENTED_EDGE('',*,*,#4334,.T.);
#5724=ORIENTED_EDGE('',*,*,#4317,.T.);
#5725=ORIENTED_EDGE('',*,*,#4334,.F.);
#5726=ORIENTED_EDGE('',*,*,#4039,.T.);
#5727=ORIENTED_EDGE('',*,*,#4335,.T.);
#5728=ORIENTED_EDGE('',*,*,#4318,.T.);
#5729=ORIENTED_EDGE('',*,*,#4335,.F.);
#5730=ORIENTED_EDGE('',*,*,#4038,.T.);
#5731=ORIENTED_EDGE('',*,*,#4336,.T.);
#5732=ORIENTED_EDGE('',*,*,#4319,.T.);
#5733=ORIENTED_EDGE('',*,*,#4336,.F.);
#5734=ORIENTED_EDGE('',*,*,#4037,.T.);
#5735=ORIENTED_EDGE('',*,*,#4337,.T.);
#5736=ORIENTED_EDGE('',*,*,#4320,.T.);
#5737=ORIENTED_EDGE('',*,*,#4337,.F.);
#5738=ORIENTED_EDGE('',*,*,#4036,.T.);
#5739=ORIENTED_EDGE('',*,*,#4322,.F.);
#5740=ORIENTED_EDGE('',*,*,#4321,.T.);
#5741=ORIENTED_EDGE('',*,*,#4018,.T.);
#5742=ORIENTED_EDGE('',*,*,#4206,.F.);
#5743=ORIENTED_EDGE('',*,*,#4197,.T.);
#5744=ORIENTED_EDGE('',*,*,#4203,.F.);
#5745=ORIENTED_EDGE('',*,*,#4338,.T.);
#5746=ORIENTED_EDGE('',*,*,#4035,.T.);
#5747=ORIENTED_EDGE('',*,*,#4339,.T.);
#5748=ORIENTED_EDGE('',*,*,#4290,.T.);
#5749=ORIENTED_EDGE('',*,*,#4339,.F.);
#5750=ORIENTED_EDGE('',*,*,#4034,.T.);
#5751=ORIENTED_EDGE('',*,*,#4340,.T.);
#5752=ORIENTED_EDGE('',*,*,#4291,.T.);
#5753=ORIENTED_EDGE('',*,*,#4340,.F.);
#5754=ORIENTED_EDGE('',*,*,#4033,.T.);
#5755=ORIENTED_EDGE('',*,*,#4341,.T.);
#5756=ORIENTED_EDGE('',*,*,#4292,.T.);
#5757=ORIENTED_EDGE('',*,*,#4341,.F.);
#5758=ORIENTED_EDGE('',*,*,#4032,.T.);
#5759=ORIENTED_EDGE('',*,*,#4342,.T.);
#5760=ORIENTED_EDGE('',*,*,#4293,.T.);
#5761=ORIENTED_EDGE('',*,*,#4342,.F.);
#5762=ORIENTED_EDGE('',*,*,#4031,.T.);
#5763=ORIENTED_EDGE('',*,*,#4343,.T.);
#5764=ORIENTED_EDGE('',*,*,#4294,.T.);
#5765=ORIENTED_EDGE('',*,*,#4343,.F.);
#5766=ORIENTED_EDGE('',*,*,#4030,.T.);
#5767=ORIENTED_EDGE('',*,*,#4344,.T.);
#5768=ORIENTED_EDGE('',*,*,#4295,.T.);
#5769=ORIENTED_EDGE('',*,*,#4344,.F.);
#5770=ORIENTED_EDGE('',*,*,#4029,.T.);
#5771=ORIENTED_EDGE('',*,*,#4345,.T.);
#5772=ORIENTED_EDGE('',*,*,#4296,.T.);
#5773=ORIENTED_EDGE('',*,*,#4345,.F.);
#5774=ORIENTED_EDGE('',*,*,#4028,.T.);
#5775=ORIENTED_EDGE('',*,*,#4346,.T.);
#5776=ORIENTED_EDGE('',*,*,#4297,.T.);
#5777=ORIENTED_EDGE('',*,*,#4346,.F.);
#5778=ORIENTED_EDGE('',*,*,#4027,.T.);
#5779=ORIENTED_EDGE('',*,*,#4347,.T.);
#5780=ORIENTED_EDGE('',*,*,#4298,.T.);
#5781=ORIENTED_EDGE('',*,*,#4347,.F.);
#5782=ORIENTED_EDGE('',*,*,#4026,.T.);
#5783=ORIENTED_EDGE('',*,*,#4348,.T.);
#5784=ORIENTED_EDGE('',*,*,#4299,.T.);
#5785=ORIENTED_EDGE('',*,*,#4348,.F.);
#5786=ORIENTED_EDGE('',*,*,#4025,.T.);
#5787=ORIENTED_EDGE('',*,*,#4349,.T.);
#5788=ORIENTED_EDGE('',*,*,#4300,.T.);
#5789=ORIENTED_EDGE('',*,*,#4349,.F.);
#5790=ORIENTED_EDGE('',*,*,#4024,.T.);
#5791=ORIENTED_EDGE('',*,*,#4350,.T.);
#5792=ORIENTED_EDGE('',*,*,#4301,.T.);
#5793=ORIENTED_EDGE('',*,*,#4350,.F.);
#5794=ORIENTED_EDGE('',*,*,#4023,.T.);
#5795=ORIENTED_EDGE('',*,*,#4351,.T.);
#5796=ORIENTED_EDGE('',*,*,#4302,.T.);
#5797=ORIENTED_EDGE('',*,*,#4351,.F.);
#5798=ORIENTED_EDGE('',*,*,#4022,.T.);
#5799=ORIENTED_EDGE('',*,*,#4352,.T.);
#5800=ORIENTED_EDGE('',*,*,#4303,.T.);
#5801=ORIENTED_EDGE('',*,*,#4352,.F.);
#5802=ORIENTED_EDGE('',*,*,#4021,.T.);
#5803=ORIENTED_EDGE('',*,*,#4353,.T.);
#5804=ORIENTED_EDGE('',*,*,#4304,.T.);
#5805=ORIENTED_EDGE('',*,*,#4353,.F.);
#5806=ORIENTED_EDGE('',*,*,#4020,.T.);
#5807=ORIENTED_EDGE('',*,*,#4338,.F.);
#5808=ORIENTED_EDGE('',*,*,#4305,.T.);
#5809=ORIENTED_EDGE('',*,*,#4275,.F.);
#5810=ORIENTED_EDGE('',*,*,#4067,.T.);
#5811=ORIENTED_EDGE('',*,*,#4354,.T.);
#5812=ORIENTED_EDGE('',*,*,#4277,.T.);
#5813=ORIENTED_EDGE('',*,*,#4354,.F.);
#5814=ORIENTED_EDGE('',*,*,#4066,.T.);
#5815=ORIENTED_EDGE('',*,*,#4355,.T.);
#5816=ORIENTED_EDGE('',*,*,#4278,.T.);
#5817=ORIENTED_EDGE('',*,*,#4355,.F.);
#5818=ORIENTED_EDGE('',*,*,#4065,.T.);
#5819=ORIENTED_EDGE('',*,*,#4356,.T.);
#5820=ORIENTED_EDGE('',*,*,#4279,.T.);
#5821=ORIENTED_EDGE('',*,*,#4356,.F.);
#5822=ORIENTED_EDGE('',*,*,#4064,.T.);
#5823=ORIENTED_EDGE('',*,*,#4357,.T.);
#5824=ORIENTED_EDGE('',*,*,#4280,.T.);
#5825=ORIENTED_EDGE('',*,*,#4357,.F.);
#5826=ORIENTED_EDGE('',*,*,#4063,.T.);
#5827=ORIENTED_EDGE('',*,*,#4358,.T.);
#5828=ORIENTED_EDGE('',*,*,#4281,.T.);
#5829=ORIENTED_EDGE('',*,*,#4358,.F.);
#5830=ORIENTED_EDGE('',*,*,#4062,.T.);
#5831=ORIENTED_EDGE('',*,*,#4359,.T.);
#5832=ORIENTED_EDGE('',*,*,#4282,.T.);
#5833=ORIENTED_EDGE('',*,*,#4359,.F.);
#5834=ORIENTED_EDGE('',*,*,#4061,.T.);
#5835=ORIENTED_EDGE('',*,*,#4360,.T.);
#5836=ORIENTED_EDGE('',*,*,#4283,.T.);
#5837=ORIENTED_EDGE('',*,*,#4360,.F.);
#5838=ORIENTED_EDGE('',*,*,#4060,.T.);
#5839=ORIENTED_EDGE('',*,*,#4361,.T.);
#5840=ORIENTED_EDGE('',*,*,#4284,.T.);
#5841=ORIENTED_EDGE('',*,*,#4361,.F.);
#5842=ORIENTED_EDGE('',*,*,#4059,.T.);
#5843=ORIENTED_EDGE('',*,*,#4362,.T.);
#5844=ORIENTED_EDGE('',*,*,#4285,.T.);
#5845=ORIENTED_EDGE('',*,*,#4362,.F.);
#5846=ORIENTED_EDGE('',*,*,#4058,.T.);
#5847=ORIENTED_EDGE('',*,*,#4363,.T.);
#5848=ORIENTED_EDGE('',*,*,#4286,.T.);
#5849=ORIENTED_EDGE('',*,*,#4363,.F.);
#5850=ORIENTED_EDGE('',*,*,#4057,.T.);
#5851=ORIENTED_EDGE('',*,*,#4364,.T.);
#5852=ORIENTED_EDGE('',*,*,#4287,.T.);
#5853=ORIENTED_EDGE('',*,*,#4364,.F.);
#5854=ORIENTED_EDGE('',*,*,#4056,.T.);
#5855=ORIENTED_EDGE('',*,*,#4365,.T.);
#5856=ORIENTED_EDGE('',*,*,#4288,.T.);
#5857=ORIENTED_EDGE('',*,*,#4365,.F.);
#5858=ORIENTED_EDGE('',*,*,#4055,.T.);
#5859=ORIENTED_EDGE('',*,*,#4366,.T.);
#5860=ORIENTED_EDGE('',*,*,#4289,.T.);
#5861=ORIENTED_EDGE('',*,*,#4054,.T.);
#5862=ORIENTED_EDGE('',*,*,#4212,.F.);
#5863=ORIENTED_EDGE('',*,*,#4276,.T.);
#5864=ORIENTED_EDGE('',*,*,#4366,.F.);
#5865=ORIENTED_EDGE('',*,*,#4215,.F.);
#5866=ORIENTED_EDGE('',*,*,#4001,.T.);
#5867=ORIENTED_EDGE('',*,*,#4183,.T.);
#5868=ORIENTED_EDGE('',*,*,#4194,.T.);
#5869=ORIENTED_EDGE('',*,*,#4210,.F.);
#5870=ORIENTED_EDGE('',*,*,#4367,.F.);
#5871=ORIENTED_EDGE('',*,*,#4368,.F.);
#5872=ORIENTED_EDGE('',*,*,#4369,.T.);
#5873=ORIENTED_EDGE('',*,*,#4370,.T.);
#5874=ORIENTED_EDGE('',*,*,#4271,.F.);
#5875=ORIENTED_EDGE('',*,*,#4272,.F.);
#5876=ORIENTED_EDGE('',*,*,#4370,.F.);
#5877=ORIENTED_EDGE('',*,*,#4371,.T.);
#5878=ORIENTED_EDGE('',*,*,#4372,.T.);
#5879=ORIENTED_EDGE('',*,*,#4238,.F.);
#5880=ORIENTED_EDGE('',*,*,#4273,.F.);
#5881=ORIENTED_EDGE('',*,*,#4372,.F.);
#5882=ORIENTED_EDGE('',*,*,#4373,.T.);
#5883=ORIENTED_EDGE('',*,*,#4374,.T.);
#5884=ORIENTED_EDGE('',*,*,#4375,.T.);
#5885=ORIENTED_EDGE('',*,*,#4376,.T.);
#5886=ORIENTED_EDGE('',*,*,#4377,.F.);
#5887=ORIENTED_EDGE('',*,*,#4378,.T.);
#5888=ORIENTED_EDGE('',*,*,#4379,.F.);
#5889=ORIENTED_EDGE('',*,*,#4380,.T.);
#5890=ORIENTED_EDGE('',*,*,#4381,.T.);
#5891=ORIENTED_EDGE('',*,*,#4382,.T.);
#5892=ORIENTED_EDGE('',*,*,#4383,.F.);
#5893=ORIENTED_EDGE('',*,*,#4377,.T.);
#5894=ORIENTED_EDGE('',*,*,#4384,.T.);
#5895=ORIENTED_EDGE('',*,*,#4258,.F.);
#5896=ORIENTED_EDGE('',*,*,#4375,.F.);
#5897=ORIENTED_EDGE('',*,*,#4385,.F.);
#5898=ORIENTED_EDGE('',*,*,#4386,.T.);
#5899=ORIENTED_EDGE('',*,*,#4368,.T.);
#5900=ORIENTED_EDGE('',*,*,#4387,.T.);
#5901=ORIENTED_EDGE('',*,*,#4388,.T.);
#5902=ORIENTED_EDGE('',*,*,#4378,.F.);
#5903=ORIENTED_EDGE('',*,*,#4389,.F.);
#5904=ORIENTED_EDGE('',*,*,#4390,.T.);
#5905=ORIENTED_EDGE('',*,*,#4391,.F.);
#5906=ORIENTED_EDGE('',*,*,#4392,.T.);
#5907=ORIENTED_EDGE('',*,*,#4254,.T.);
#5908=ORIENTED_EDGE('',*,*,#4393,.F.);
#5909=ORIENTED_EDGE('',*,*,#4227,.F.);
#5910=ORIENTED_EDGE('',*,*,#4394,.F.);
#5911=ORIENTED_EDGE('',*,*,#4221,.F.);
#5912=ORIENTED_EDGE('',*,*,#4395,.T.);
#5913=ORIENTED_EDGE('',*,*,#4396,.T.);
#5914=ORIENTED_EDGE('',*,*,#4397,.T.);
#5915=ORIENTED_EDGE('',*,*,#4222,.F.);
#5916=ORIENTED_EDGE('',*,*,#4394,.T.);
#5917=ORIENTED_EDGE('',*,*,#4398,.T.);
#5918=ORIENTED_EDGE('',*,*,#4399,.T.);
#5919=ORIENTED_EDGE('',*,*,#4228,.F.);
#5920=ORIENTED_EDGE('',*,*,#4400,.F.);
#5921=ORIENTED_EDGE('',*,*,#4401,.T.);
#5922=ORIENTED_EDGE('',*,*,#4402,.F.);
#5923=ORIENTED_EDGE('',*,*,#4223,.F.);
#5924=ORIENTED_EDGE('',*,*,#4399,.F.);
#5925=ORIENTED_EDGE('',*,*,#4403,.T.);
#5926=ORIENTED_EDGE('',*,*,#4404,.T.);
#5927=ORIENTED_EDGE('',*,*,#4224,.F.);
#5928=ORIENTED_EDGE('',*,*,#4404,.F.);
#5929=ORIENTED_EDGE('',*,*,#4405,.T.);
#5930=ORIENTED_EDGE('',*,*,#4406,.T.);
#5931=ORIENTED_EDGE('',*,*,#4225,.F.);
#5932=ORIENTED_EDGE('',*,*,#4406,.F.);
#5933=ORIENTED_EDGE('',*,*,#4407,.T.);
#5934=ORIENTED_EDGE('',*,*,#4408,.T.);
#5935=ORIENTED_EDGE('',*,*,#4409,.T.);
#5936=ORIENTED_EDGE('',*,*,#4410,.T.);
#5937=ORIENTED_EDGE('',*,*,#4226,.F.);
#5938=ORIENTED_EDGE('',*,*,#4410,.F.);
#5939=ORIENTED_EDGE('',*,*,#4411,.T.);
#5940=ORIENTED_EDGE('',*,*,#4412,.T.);
#5941=ORIENTED_EDGE('',*,*,#4413,.T.);
#5942=ORIENTED_EDGE('',*,*,#4414,.F.);
#5943=ORIENTED_EDGE('',*,*,#4415,.F.);
#5944=ORIENTED_EDGE('',*,*,#4416,.T.);
#5945=ORIENTED_EDGE('',*,*,#4234,.F.);
#5946=ORIENTED_EDGE('',*,*,#4417,.F.);
#5947=ORIENTED_EDGE('',*,*,#4418,.F.);
#5948=ORIENTED_EDGE('',*,*,#4419,.F.);
#5949=ORIENTED_EDGE('',*,*,#4420,.F.);
#5950=ORIENTED_EDGE('',*,*,#4421,.T.);
#5951=ORIENTED_EDGE('',*,*,#4422,.T.);
#5952=ORIENTED_EDGE('',*,*,#4423,.F.);
#5953=ORIENTED_EDGE('',*,*,#4408,.F.);
#5954=ORIENTED_EDGE('',*,*,#4424,.T.);
#5955=ORIENTED_EDGE('',*,*,#4425,.T.);
#5956=ORIENTED_EDGE('',*,*,#4426,.T.);
#5957=ORIENTED_EDGE('',*,*,#4427,.T.);
#5958=ORIENTED_EDGE('',*,*,#4428,.T.);
#5959=ORIENTED_EDGE('',*,*,#4429,.T.);
#5960=ORIENTED_EDGE('',*,*,#4430,.T.);
#5961=ORIENTED_EDGE('',*,*,#4431,.T.);
#5962=ORIENTED_EDGE('',*,*,#4432,.T.);
#5963=ORIENTED_EDGE('',*,*,#4433,.T.);
#5964=ORIENTED_EDGE('',*,*,#4434,.T.);
#5965=ORIENTED_EDGE('',*,*,#4435,.T.);
#5966=ORIENTED_EDGE('',*,*,#4436,.T.);
#5967=ORIENTED_EDGE('',*,*,#4437,.T.);
#5968=ORIENTED_EDGE('',*,*,#4438,.T.);
#5969=ORIENTED_EDGE('',*,*,#4439,.T.);
#5970=ORIENTED_EDGE('',*,*,#4440,.T.);
#5971=ORIENTED_EDGE('',*,*,#4441,.T.);
#5972=ORIENTED_EDGE('',*,*,#4442,.T.);
#5973=ORIENTED_EDGE('',*,*,#4443,.T.);
#5974=ORIENTED_EDGE('',*,*,#4395,.F.);
#5975=ORIENTED_EDGE('',*,*,#4220,.T.);
#5976=ORIENTED_EDGE('',*,*,#4229,.T.);
#5977=ORIENTED_EDGE('',*,*,#4400,.T.);
#5978=ORIENTED_EDGE('',*,*,#4393,.T.);
#5979=ORIENTED_EDGE('',*,*,#4253,.T.);
#5980=ORIENTED_EDGE('',*,*,#4444,.F.);
#5981=ORIENTED_EDGE('',*,*,#4445,.T.);
#5982=ORIENTED_EDGE('',*,*,#4444,.T.);
#5983=ORIENTED_EDGE('',*,*,#4252,.T.);
#5984=ORIENTED_EDGE('',*,*,#4446,.F.);
#5985=ORIENTED_EDGE('',*,*,#4447,.T.);
#5986=ORIENTED_EDGE('',*,*,#4446,.T.);
#5987=ORIENTED_EDGE('',*,*,#4251,.T.);
#5988=ORIENTED_EDGE('',*,*,#4448,.F.);
#5989=ORIENTED_EDGE('',*,*,#4449,.T.);
#5990=ORIENTED_EDGE('',*,*,#4448,.T.);
#5991=ORIENTED_EDGE('',*,*,#4250,.T.);
#5992=ORIENTED_EDGE('',*,*,#4450,.F.);
#5993=ORIENTED_EDGE('',*,*,#4451,.T.);
#5994=ORIENTED_EDGE('',*,*,#4450,.T.);
#5995=ORIENTED_EDGE('',*,*,#4249,.T.);
#5996=ORIENTED_EDGE('',*,*,#4452,.F.);
#5997=ORIENTED_EDGE('',*,*,#4453,.T.);
#5998=ORIENTED_EDGE('',*,*,#4452,.T.);
#5999=ORIENTED_EDGE('',*,*,#4248,.T.);
#6000=ORIENTED_EDGE('',*,*,#4454,.F.);
#6001=ORIENTED_EDGE('',*,*,#4455,.T.);
#6002=ORIENTED_EDGE('',*,*,#4454,.T.);
#6003=ORIENTED_EDGE('',*,*,#4247,.T.);
#6004=ORIENTED_EDGE('',*,*,#4456,.F.);
#6005=ORIENTED_EDGE('',*,*,#4457,.T.);
#6006=ORIENTED_EDGE('',*,*,#4456,.T.);
#6007=ORIENTED_EDGE('',*,*,#4246,.T.);
#6008=ORIENTED_EDGE('',*,*,#4458,.F.);
#6009=ORIENTED_EDGE('',*,*,#4459,.T.);
#6010=ORIENTED_EDGE('',*,*,#4458,.T.);
#6011=ORIENTED_EDGE('',*,*,#4245,.T.);
#6012=ORIENTED_EDGE('',*,*,#4460,.F.);
#6013=ORIENTED_EDGE('',*,*,#4461,.T.);
#6014=ORIENTED_EDGE('',*,*,#4460,.T.);
#6015=ORIENTED_EDGE('',*,*,#4244,.T.);
#6016=ORIENTED_EDGE('',*,*,#4462,.F.);
#6017=ORIENTED_EDGE('',*,*,#4463,.T.);
#6018=ORIENTED_EDGE('',*,*,#4462,.T.);
#6019=ORIENTED_EDGE('',*,*,#4243,.T.);
#6020=ORIENTED_EDGE('',*,*,#4240,.F.);
#6021=ORIENTED_EDGE('',*,*,#4425,.F.);
#6022=ORIENTED_EDGE('',*,*,#4464,.T.);
#6023=ORIENTED_EDGE('',*,*,#4443,.F.);
#6024=ORIENTED_EDGE('',*,*,#4465,.T.);
#6025=ORIENTED_EDGE('',*,*,#4466,.T.);
#6026=ORIENTED_EDGE('',*,*,#4396,.F.);
#6027=ORIENTED_EDGE('',*,*,#4442,.F.);
#6028=ORIENTED_EDGE('',*,*,#4467,.T.);
#6029=ORIENTED_EDGE('',*,*,#4468,.T.);
#6030=ORIENTED_EDGE('',*,*,#4465,.F.);
#6031=ORIENTED_EDGE('',*,*,#4441,.F.);
#6032=ORIENTED_EDGE('',*,*,#4469,.T.);
#6033=ORIENTED_EDGE('',*,*,#4470,.T.);
#6034=ORIENTED_EDGE('',*,*,#4467,.F.);
#6035=ORIENTED_EDGE('',*,*,#4440,.F.);
#6036=ORIENTED_EDGE('',*,*,#4471,.T.);
#6037=ORIENTED_EDGE('',*,*,#4472,.T.);
#6038=ORIENTED_EDGE('',*,*,#4469,.F.);
#6039=ORIENTED_EDGE('',*,*,#4439,.F.);
#6040=ORIENTED_EDGE('',*,*,#4473,.T.);
#6041=ORIENTED_EDGE('',*,*,#4474,.T.);
#6042=ORIENTED_EDGE('',*,*,#4471,.F.);
#6043=ORIENTED_EDGE('',*,*,#4438,.F.);
#6044=ORIENTED_EDGE('',*,*,#4475,.T.);
#6045=ORIENTED_EDGE('',*,*,#4476,.T.);
#6046=ORIENTED_EDGE('',*,*,#4473,.F.);
#6047=ORIENTED_EDGE('',*,*,#4437,.F.);
#6048=ORIENTED_EDGE('',*,*,#4477,.T.);
#6049=ORIENTED_EDGE('',*,*,#4478,.T.);
#6050=ORIENTED_EDGE('',*,*,#4475,.F.);
#6051=ORIENTED_EDGE('',*,*,#4436,.F.);
#6052=ORIENTED_EDGE('',*,*,#4479,.T.);
#6053=ORIENTED_EDGE('',*,*,#4480,.T.);
#6054=ORIENTED_EDGE('',*,*,#4477,.F.);
#6055=ORIENTED_EDGE('',*,*,#4435,.F.);
#6056=ORIENTED_EDGE('',*,*,#4481,.T.);
#6057=ORIENTED_EDGE('',*,*,#4482,.T.);
#6058=ORIENTED_EDGE('',*,*,#4479,.F.);
#6059=ORIENTED_EDGE('',*,*,#4434,.F.);
#6060=ORIENTED_EDGE('',*,*,#4483,.T.);
#6061=ORIENTED_EDGE('',*,*,#4484,.T.);
#6062=ORIENTED_EDGE('',*,*,#4481,.F.);
#6063=ORIENTED_EDGE('',*,*,#4433,.F.);
#6064=ORIENTED_EDGE('',*,*,#4485,.T.);
#6065=ORIENTED_EDGE('',*,*,#4486,.T.);
#6066=ORIENTED_EDGE('',*,*,#4483,.F.);
#6067=ORIENTED_EDGE('',*,*,#4432,.F.);
#6068=ORIENTED_EDGE('',*,*,#4487,.T.);
#6069=ORIENTED_EDGE('',*,*,#4488,.T.);
#6070=ORIENTED_EDGE('',*,*,#4485,.F.);
#6071=ORIENTED_EDGE('',*,*,#4431,.F.);
#6072=ORIENTED_EDGE('',*,*,#4489,.T.);
#6073=ORIENTED_EDGE('',*,*,#4490,.T.);
#6074=ORIENTED_EDGE('',*,*,#4487,.F.);
#6075=ORIENTED_EDGE('',*,*,#4430,.F.);
#6076=ORIENTED_EDGE('',*,*,#4491,.T.);
#6077=ORIENTED_EDGE('',*,*,#4492,.T.);
#6078=ORIENTED_EDGE('',*,*,#4489,.F.);
#6079=ORIENTED_EDGE('',*,*,#4429,.F.);
#6080=ORIENTED_EDGE('',*,*,#4493,.T.);
#6081=ORIENTED_EDGE('',*,*,#4494,.T.);
#6082=ORIENTED_EDGE('',*,*,#4491,.F.);
#6083=ORIENTED_EDGE('',*,*,#4428,.F.);
#6084=ORIENTED_EDGE('',*,*,#4495,.T.);
#6085=ORIENTED_EDGE('',*,*,#4496,.T.);
#6086=ORIENTED_EDGE('',*,*,#4493,.F.);
#6087=ORIENTED_EDGE('',*,*,#4427,.F.);
#6088=ORIENTED_EDGE('',*,*,#4497,.T.);
#6089=ORIENTED_EDGE('',*,*,#4498,.T.);
#6090=ORIENTED_EDGE('',*,*,#4495,.F.);
#6091=ORIENTED_EDGE('',*,*,#4426,.F.);
#6092=ORIENTED_EDGE('',*,*,#4402,.T.);
#6093=ORIENTED_EDGE('',*,*,#4499,.T.);
#6094=ORIENTED_EDGE('',*,*,#4497,.F.);
#6095=ORIENTED_EDGE('',*,*,#4401,.F.);
#6096=ORIENTED_EDGE('',*,*,#4445,.F.);
#6097=ORIENTED_EDGE('',*,*,#4447,.F.);
#6098=ORIENTED_EDGE('',*,*,#4449,.F.);
#6099=ORIENTED_EDGE('',*,*,#4451,.F.);
#6100=ORIENTED_EDGE('',*,*,#4453,.F.);
#6101=ORIENTED_EDGE('',*,*,#4455,.F.);
#6102=ORIENTED_EDGE('',*,*,#4457,.F.);
#6103=ORIENTED_EDGE('',*,*,#4459,.F.);
#6104=ORIENTED_EDGE('',*,*,#4461,.F.);
#6105=ORIENTED_EDGE('',*,*,#4463,.F.);
#6106=ORIENTED_EDGE('',*,*,#4464,.F.);
#6107=ORIENTED_EDGE('',*,*,#4424,.F.);
#6108=ORIENTED_EDGE('',*,*,#4407,.F.);
#6109=ORIENTED_EDGE('',*,*,#4405,.F.);
#6110=ORIENTED_EDGE('',*,*,#4403,.F.);
#6111=ORIENTED_EDGE('',*,*,#4398,.F.);
#6112=ORIENTED_EDGE('',*,*,#4397,.F.);
#6113=ORIENTED_EDGE('',*,*,#4466,.F.);
#6114=ORIENTED_EDGE('',*,*,#4468,.F.);
#6115=ORIENTED_EDGE('',*,*,#4470,.F.);
#6116=ORIENTED_EDGE('',*,*,#4472,.F.);
#6117=ORIENTED_EDGE('',*,*,#4474,.F.);
#6118=ORIENTED_EDGE('',*,*,#4476,.F.);
#6119=ORIENTED_EDGE('',*,*,#4478,.F.);
#6120=ORIENTED_EDGE('',*,*,#4480,.F.);
#6121=ORIENTED_EDGE('',*,*,#4482,.F.);
#6122=ORIENTED_EDGE('',*,*,#4484,.F.);
#6123=ORIENTED_EDGE('',*,*,#4486,.F.);
#6124=ORIENTED_EDGE('',*,*,#4488,.F.);
#6125=ORIENTED_EDGE('',*,*,#4490,.F.);
#6126=ORIENTED_EDGE('',*,*,#4492,.F.);
#6127=ORIENTED_EDGE('',*,*,#4494,.F.);
#6128=ORIENTED_EDGE('',*,*,#4496,.F.);
#6129=ORIENTED_EDGE('',*,*,#4498,.F.);
#6130=ORIENTED_EDGE('',*,*,#4499,.F.);
#6131=ORIENTED_EDGE('',*,*,#4500,.F.);
#6132=ORIENTED_EDGE('',*,*,#4501,.F.);
#6133=ORIENTED_EDGE('',*,*,#4422,.F.);
#6134=ORIENTED_EDGE('',*,*,#4502,.F.);
#6135=ORIENTED_EDGE('',*,*,#4503,.F.);
#6136=ORIENTED_EDGE('',*,*,#4504,.F.);
#6137=ORIENTED_EDGE('',*,*,#4505,.F.);
#6138=ORIENTED_EDGE('',*,*,#4506,.F.);
#6139=ORIENTED_EDGE('',*,*,#4390,.F.);
#6140=ORIENTED_EDGE('',*,*,#4507,.F.);
#6141=ORIENTED_EDGE('',*,*,#4508,.F.);
#6142=ORIENTED_EDGE('',*,*,#4509,.F.);
#6143=ORIENTED_EDGE('',*,*,#4411,.F.);
#6144=ORIENTED_EDGE('',*,*,#4409,.F.);
#6145=ORIENTED_EDGE('',*,*,#4423,.T.);
#6146=ORIENTED_EDGE('',*,*,#4235,.T.);
#6147=ORIENTED_EDGE('',*,*,#4418,.T.);
#6148=ORIENTED_EDGE('',*,*,#4510,.F.);
#6149=ORIENTED_EDGE('',*,*,#4373,.F.);
#6150=ORIENTED_EDGE('',*,*,#4371,.F.);
#6151=ORIENTED_EDGE('',*,*,#4369,.F.);
#6152=ORIENTED_EDGE('',*,*,#4386,.F.);
#6153=ORIENTED_EDGE('',*,*,#4511,.F.);
#6154=ORIENTED_EDGE('',*,*,#4512,.F.);
#6155=ORIENTED_EDGE('',*,*,#4513,.F.);
#6156=ORIENTED_EDGE('',*,*,#4514,.F.);
#6157=ORIENTED_EDGE('',*,*,#4515,.F.);
#6158=ORIENTED_EDGE('',*,*,#4516,.F.);
#6159=ORIENTED_EDGE('',*,*,#4517,.F.);
#6160=ORIENTED_EDGE('',*,*,#4518,.F.);
#6161=ORIENTED_EDGE('',*,*,#4519,.F.);
#6162=ORIENTED_EDGE('',*,*,#4520,.F.);
#6163=ORIENTED_EDGE('',*,*,#4521,.F.);
#6164=ORIENTED_EDGE('',*,*,#4522,.F.);
#6165=ORIENTED_EDGE('',*,*,#4523,.F.);
#6166=ORIENTED_EDGE('',*,*,#4524,.F.);
#6167=ORIENTED_EDGE('',*,*,#4525,.T.);
#6168=ORIENTED_EDGE('',*,*,#4526,.T.);
#6169=ORIENTED_EDGE('',*,*,#4527,.T.);
#6170=ORIENTED_EDGE('',*,*,#4528,.T.);
#6171=ORIENTED_EDGE('',*,*,#4529,.T.);
#6172=ORIENTED_EDGE('',*,*,#4420,.T.);
#6173=ORIENTED_EDGE('',*,*,#4530,.T.);
#6174=ORIENTED_EDGE('',*,*,#4531,.T.);
#6175=ORIENTED_EDGE('',*,*,#4532,.T.);
#6176=ORIENTED_EDGE('',*,*,#4533,.T.);
#6177=ORIENTED_EDGE('',*,*,#4534,.T.);
#6178=ORIENTED_EDGE('',*,*,#4535,.T.);
#6179=ORIENTED_EDGE('',*,*,#4536,.T.);
#6180=ORIENTED_EDGE('',*,*,#4537,.T.);
#6181=ORIENTED_EDGE('',*,*,#4538,.T.);
#6182=ORIENTED_EDGE('',*,*,#4539,.T.);
#6183=ORIENTED_EDGE('',*,*,#4540,.T.);
#6184=ORIENTED_EDGE('',*,*,#4541,.T.);
#6185=ORIENTED_EDGE('',*,*,#4542,.F.);
#6186=ORIENTED_EDGE('',*,*,#4543,.T.);
#6187=ORIENTED_EDGE('',*,*,#4379,.T.);
#6188=ORIENTED_EDGE('',*,*,#4389,.T.);
#6189=ORIENTED_EDGE('',*,*,#4383,.T.);
#6190=ORIENTED_EDGE('',*,*,#4257,.T.);
#6191=ORIENTED_EDGE('',*,*,#4544,.F.);
#6192=ORIENTED_EDGE('',*,*,#4507,.T.);
#6193=ORIENTED_EDGE('',*,*,#4544,.T.);
#6194=ORIENTED_EDGE('',*,*,#4256,.T.);
#6195=ORIENTED_EDGE('',*,*,#4545,.F.);
#6196=ORIENTED_EDGE('',*,*,#4508,.T.);
#6197=ORIENTED_EDGE('',*,*,#4545,.T.);
#6198=ORIENTED_EDGE('',*,*,#4255,.T.);
#6199=ORIENTED_EDGE('',*,*,#4392,.F.);
#6200=ORIENTED_EDGE('',*,*,#4412,.F.);
#6201=ORIENTED_EDGE('',*,*,#4509,.T.);
#6202=ORIENTED_EDGE('',*,*,#4233,.F.);
#6203=ORIENTED_EDGE('',*,*,#4374,.F.);
#6204=ORIENTED_EDGE('',*,*,#4510,.T.);
#6205=ORIENTED_EDGE('',*,*,#4417,.T.);
#6206=ORIENTED_EDGE('',*,*,#4382,.F.);
#6207=ORIENTED_EDGE('',*,*,#4546,.F.);
#6208=ORIENTED_EDGE('',*,*,#4511,.T.);
#6209=ORIENTED_EDGE('',*,*,#4385,.T.);
#6210=ORIENTED_EDGE('',*,*,#4381,.F.);
#6211=ORIENTED_EDGE('',*,*,#4547,.F.);
#6212=ORIENTED_EDGE('',*,*,#4512,.T.);
#6213=ORIENTED_EDGE('',*,*,#4546,.T.);
#6214=ORIENTED_EDGE('',*,*,#4542,.T.);
#6215=ORIENTED_EDGE('',*,*,#4548,.T.);
#6216=ORIENTED_EDGE('',*,*,#4514,.T.);
#6217=ORIENTED_EDGE('',*,*,#4549,.F.);
#6218=ORIENTED_EDGE('',*,*,#4541,.F.);
#6219=ORIENTED_EDGE('',*,*,#4550,.T.);
#6220=ORIENTED_EDGE('',*,*,#4515,.T.);
#6221=ORIENTED_EDGE('',*,*,#4548,.F.);
#6222=ORIENTED_EDGE('',*,*,#4540,.F.);
#6223=ORIENTED_EDGE('',*,*,#4551,.T.);
#6224=ORIENTED_EDGE('',*,*,#4516,.T.);
#6225=ORIENTED_EDGE('',*,*,#4550,.F.);
#6226=ORIENTED_EDGE('',*,*,#4539,.F.);
#6227=ORIENTED_EDGE('',*,*,#4552,.T.);
#6228=ORIENTED_EDGE('',*,*,#4517,.T.);
#6229=ORIENTED_EDGE('',*,*,#4551,.F.);
#6230=ORIENTED_EDGE('',*,*,#4538,.F.);
#6231=ORIENTED_EDGE('',*,*,#4553,.T.);
#6232=ORIENTED_EDGE('',*,*,#4518,.T.);
#6233=ORIENTED_EDGE('',*,*,#4552,.F.);
#6234=ORIENTED_EDGE('',*,*,#4537,.F.);
#6235=ORIENTED_EDGE('',*,*,#4554,.T.);
#6236=ORIENTED_EDGE('',*,*,#4519,.T.);
#6237=ORIENTED_EDGE('',*,*,#4553,.F.);
#6238=ORIENTED_EDGE('',*,*,#4536,.F.);
#6239=ORIENTED_EDGE('',*,*,#4555,.T.);
#6240=ORIENTED_EDGE('',*,*,#4520,.T.);
#6241=ORIENTED_EDGE('',*,*,#4554,.F.);
#6242=ORIENTED_EDGE('',*,*,#4535,.F.);
#6243=ORIENTED_EDGE('',*,*,#4556,.T.);
#6244=ORIENTED_EDGE('',*,*,#4521,.T.);
#6245=ORIENTED_EDGE('',*,*,#4555,.F.);
#6246=ORIENTED_EDGE('',*,*,#4534,.F.);
#6247=ORIENTED_EDGE('',*,*,#4557,.T.);
#6248=ORIENTED_EDGE('',*,*,#4522,.T.);
#6249=ORIENTED_EDGE('',*,*,#4556,.F.);
#6250=ORIENTED_EDGE('',*,*,#4533,.F.);
#6251=ORIENTED_EDGE('',*,*,#4558,.T.);
#6252=ORIENTED_EDGE('',*,*,#4523,.T.);
#6253=ORIENTED_EDGE('',*,*,#4557,.F.);
#6254=ORIENTED_EDGE('',*,*,#4532,.F.);
#6255=ORIENTED_EDGE('',*,*,#4559,.T.);
#6256=ORIENTED_EDGE('',*,*,#4524,.T.);
#6257=ORIENTED_EDGE('',*,*,#4558,.F.);
#6258=ORIENTED_EDGE('',*,*,#4560,.T.);
#6259=ORIENTED_EDGE('',*,*,#4500,.T.);
#6260=ORIENTED_EDGE('',*,*,#4559,.F.);
#6261=ORIENTED_EDGE('',*,*,#4531,.F.);
#6262=ORIENTED_EDGE('',*,*,#4419,.T.);
#6263=ORIENTED_EDGE('',*,*,#4501,.T.);
#6264=ORIENTED_EDGE('',*,*,#4560,.F.);
#6265=ORIENTED_EDGE('',*,*,#4530,.F.);
#6266=ORIENTED_EDGE('',*,*,#4529,.F.);
#6267=ORIENTED_EDGE('',*,*,#4561,.T.);
#6268=ORIENTED_EDGE('',*,*,#4502,.T.);
#6269=ORIENTED_EDGE('',*,*,#4421,.F.);
#6270=ORIENTED_EDGE('',*,*,#4528,.F.);
#6271=ORIENTED_EDGE('',*,*,#4562,.T.);
#6272=ORIENTED_EDGE('',*,*,#4503,.T.);
#6273=ORIENTED_EDGE('',*,*,#4561,.F.);
#6274=ORIENTED_EDGE('',*,*,#4527,.F.);
#6275=ORIENTED_EDGE('',*,*,#4563,.T.);
#6276=ORIENTED_EDGE('',*,*,#4504,.T.);
#6277=ORIENTED_EDGE('',*,*,#4562,.F.);
#6278=ORIENTED_EDGE('',*,*,#4526,.F.);
#6279=ORIENTED_EDGE('',*,*,#4564,.T.);
#6280=ORIENTED_EDGE('',*,*,#4505,.T.);
#6281=ORIENTED_EDGE('',*,*,#4563,.F.);
#6282=ORIENTED_EDGE('',*,*,#4525,.F.);
#6283=ORIENTED_EDGE('',*,*,#4391,.T.);
#6284=ORIENTED_EDGE('',*,*,#4506,.T.);
#6285=ORIENTED_EDGE('',*,*,#4564,.F.);
#6286=ORIENTED_EDGE('',*,*,#4380,.F.);
#6287=ORIENTED_EDGE('',*,*,#4543,.F.);
#6288=ORIENTED_EDGE('',*,*,#4549,.T.);
#6289=ORIENTED_EDGE('',*,*,#4513,.T.);
#6290=ORIENTED_EDGE('',*,*,#4547,.T.);
#6291=ORIENTED_EDGE('',*,*,#4565,.F.);
#6292=ORIENTED_EDGE('',*,*,#4566,.F.);
#6293=ORIENTED_EDGE('',*,*,#4413,.F.);
#6294=ORIENTED_EDGE('',*,*,#4567,.F.);
#6295=ORIENTED_EDGE('',*,*,#4568,.F.);
#6296=ORIENTED_EDGE('',*,*,#4569,.F.);
#6297=ORIENTED_EDGE('',*,*,#4570,.F.);
#6298=ORIENTED_EDGE('',*,*,#4571,.F.);
#6299=ORIENTED_EDGE('',*,*,#4572,.F.);
#6300=ORIENTED_EDGE('',*,*,#4573,.F.);
#6301=ORIENTED_EDGE('',*,*,#4574,.F.);
#6302=ORIENTED_EDGE('',*,*,#4575,.F.);
#6303=ORIENTED_EDGE('',*,*,#4576,.F.);
#6304=ORIENTED_EDGE('',*,*,#4387,.F.);
#6305=ORIENTED_EDGE('',*,*,#4367,.T.);
#6306=ORIENTED_EDGE('',*,*,#4209,.F.);
#6307=ORIENTED_EDGE('',*,*,#4208,.T.);
#6308=ORIENTED_EDGE('',*,*,#4232,.T.);
#6309=ORIENTED_EDGE('',*,*,#4577,.F.);
#6310=ORIENTED_EDGE('',*,*,#4578,.F.);
#6311=ORIENTED_EDGE('',*,*,#4579,.F.);
#6312=ORIENTED_EDGE('',*,*,#4580,.F.);
#6313=ORIENTED_EDGE('',*,*,#4581,.F.);
#6314=ORIENTED_EDGE('',*,*,#4582,.F.);
#6315=ORIENTED_EDGE('',*,*,#4583,.F.);
#6316=ORIENTED_EDGE('',*,*,#4584,.F.);
#6317=ORIENTED_EDGE('',*,*,#4585,.F.);
#6318=ORIENTED_EDGE('',*,*,#4586,.F.);
#6319=ORIENTED_EDGE('',*,*,#4587,.F.);
#6320=ORIENTED_EDGE('',*,*,#4588,.F.);
#6321=ORIENTED_EDGE('',*,*,#4589,.F.);
#6322=ORIENTED_EDGE('',*,*,#4590,.F.);
#6323=ORIENTED_EDGE('',*,*,#4591,.F.);
#6324=ORIENTED_EDGE('',*,*,#4592,.F.);
#6325=ORIENTED_EDGE('',*,*,#4593,.F.);
#6326=ORIENTED_EDGE('',*,*,#4594,.F.);
#6327=ORIENTED_EDGE('',*,*,#4595,.F.);
#6328=ORIENTED_EDGE('',*,*,#4376,.F.);
#6329=ORIENTED_EDGE('',*,*,#4388,.F.);
#6330=ORIENTED_EDGE('',*,*,#4576,.T.);
#6331=ORIENTED_EDGE('',*,*,#4596,.T.);
#6332=ORIENTED_EDGE('',*,*,#4597,.T.);
#6333=ORIENTED_EDGE('',*,*,#4598,.T.);
#6334=ORIENTED_EDGE('',*,*,#4599,.T.);
#6335=ORIENTED_EDGE('',*,*,#4600,.T.);
#6336=ORIENTED_EDGE('',*,*,#4601,.T.);
#6337=ORIENTED_EDGE('',*,*,#4415,.T.);
#6338=ORIENTED_EDGE('',*,*,#4602,.T.);
#6339=ORIENTED_EDGE('',*,*,#4603,.T.);
#6340=ORIENTED_EDGE('',*,*,#4604,.T.);
#6341=ORIENTED_EDGE('',*,*,#4605,.T.);
#6342=ORIENTED_EDGE('',*,*,#4606,.T.);
#6343=ORIENTED_EDGE('',*,*,#4607,.T.);
#6344=ORIENTED_EDGE('',*,*,#4608,.T.);
#6345=ORIENTED_EDGE('',*,*,#4609,.T.);
#6346=ORIENTED_EDGE('',*,*,#4610,.T.);
#6347=ORIENTED_EDGE('',*,*,#4611,.T.);
#6348=ORIENTED_EDGE('',*,*,#4612,.T.);
#6349=ORIENTED_EDGE('',*,*,#4613,.T.);
#6350=ORIENTED_EDGE('',*,*,#4614,.F.);
#6351=ORIENTED_EDGE('',*,*,#4615,.T.);
#6352=ORIENTED_EDGE('',*,*,#4616,.T.);
#6353=ORIENTED_EDGE('',*,*,#4261,.T.);
#6354=ORIENTED_EDGE('',*,*,#4617,.F.);
#6355=ORIENTED_EDGE('',*,*,#4573,.T.);
#6356=ORIENTED_EDGE('',*,*,#4617,.T.);
#6357=ORIENTED_EDGE('',*,*,#4260,.T.);
#6358=ORIENTED_EDGE('',*,*,#4618,.F.);
#6359=ORIENTED_EDGE('',*,*,#4574,.T.);
#6360=ORIENTED_EDGE('',*,*,#4618,.T.);
#6361=ORIENTED_EDGE('',*,*,#4259,.T.);
#6362=ORIENTED_EDGE('',*,*,#4384,.F.);
#6363=ORIENTED_EDGE('',*,*,#4596,.F.);
#6364=ORIENTED_EDGE('',*,*,#4575,.T.);
#6365=ORIENTED_EDGE('',*,*,#4231,.T.);
#6366=ORIENTED_EDGE('',*,*,#4269,.T.);
#6367=ORIENTED_EDGE('',*,*,#4619,.F.);
#6368=ORIENTED_EDGE('',*,*,#4577,.T.);
#6369=ORIENTED_EDGE('',*,*,#4619,.T.);
#6370=ORIENTED_EDGE('',*,*,#4268,.T.);
#6371=ORIENTED_EDGE('',*,*,#4620,.F.);
#6372=ORIENTED_EDGE('',*,*,#4578,.T.);
#6373=ORIENTED_EDGE('',*,*,#4620,.T.);
#6374=ORIENTED_EDGE('',*,*,#4267,.T.);
#6375=ORIENTED_EDGE('',*,*,#4621,.F.);
#6376=ORIENTED_EDGE('',*,*,#4579,.T.);
#6377=ORIENTED_EDGE('',*,*,#4621,.T.);
#6378=ORIENTED_EDGE('',*,*,#4266,.T.);
#6379=ORIENTED_EDGE('',*,*,#4622,.F.);
#6380=ORIENTED_EDGE('',*,*,#4580,.T.);
#6381=ORIENTED_EDGE('',*,*,#4622,.T.);
#6382=ORIENTED_EDGE('',*,*,#4265,.T.);
#6383=ORIENTED_EDGE('',*,*,#4623,.F.);
#6384=ORIENTED_EDGE('',*,*,#4581,.T.);
#6385=ORIENTED_EDGE('',*,*,#4623,.T.);
#6386=ORIENTED_EDGE('',*,*,#4264,.T.);
#6387=ORIENTED_EDGE('',*,*,#4624,.F.);
#6388=ORIENTED_EDGE('',*,*,#4582,.T.);
#6389=ORIENTED_EDGE('',*,*,#4624,.T.);
#6390=ORIENTED_EDGE('',*,*,#4263,.T.);
#6391=ORIENTED_EDGE('',*,*,#4625,.F.);
#6392=ORIENTED_EDGE('',*,*,#4583,.T.);
#6393=ORIENTED_EDGE('',*,*,#4614,.T.);
#6394=ORIENTED_EDGE('',*,*,#4626,.T.);
#6395=ORIENTED_EDGE('',*,*,#4585,.T.);
#6396=ORIENTED_EDGE('',*,*,#4627,.F.);
#6397=ORIENTED_EDGE('',*,*,#4613,.F.);
#6398=ORIENTED_EDGE('',*,*,#4628,.T.);
#6399=ORIENTED_EDGE('',*,*,#4586,.T.);
#6400=ORIENTED_EDGE('',*,*,#4626,.F.);
#6401=ORIENTED_EDGE('',*,*,#4612,.F.);
#6402=ORIENTED_EDGE('',*,*,#4629,.T.);
#6403=ORIENTED_EDGE('',*,*,#4587,.T.);
#6404=ORIENTED_EDGE('',*,*,#4628,.F.);
#6405=ORIENTED_EDGE('',*,*,#4611,.F.);
#6406=ORIENTED_EDGE('',*,*,#4630,.T.);
#6407=ORIENTED_EDGE('',*,*,#4588,.T.);
#6408=ORIENTED_EDGE('',*,*,#4629,.F.);
#6409=ORIENTED_EDGE('',*,*,#4610,.F.);
#6410=ORIENTED_EDGE('',*,*,#4631,.T.);
#6411=ORIENTED_EDGE('',*,*,#4589,.T.);
#6412=ORIENTED_EDGE('',*,*,#4630,.F.);
#6413=ORIENTED_EDGE('',*,*,#4609,.F.);
#6414=ORIENTED_EDGE('',*,*,#4632,.T.);
#6415=ORIENTED_EDGE('',*,*,#4590,.T.);
#6416=ORIENTED_EDGE('',*,*,#4631,.F.);
#6417=ORIENTED_EDGE('',*,*,#4608,.F.);
#6418=ORIENTED_EDGE('',*,*,#4633,.T.);
#6419=ORIENTED_EDGE('',*,*,#4591,.T.);
#6420=ORIENTED_EDGE('',*,*,#4632,.F.);
#6421=ORIENTED_EDGE('',*,*,#4607,.F.);
#6422=ORIENTED_EDGE('',*,*,#4634,.T.);
#6423=ORIENTED_EDGE('',*,*,#4592,.T.);
#6424=ORIENTED_EDGE('',*,*,#4633,.F.);
#6425=ORIENTED_EDGE('',*,*,#4606,.F.);
#6426=ORIENTED_EDGE('',*,*,#4635,.T.);
#6427=ORIENTED_EDGE('',*,*,#4593,.T.);
#6428=ORIENTED_EDGE('',*,*,#4634,.F.);
#6429=ORIENTED_EDGE('',*,*,#4605,.F.);
#6430=ORIENTED_EDGE('',*,*,#4636,.T.);
#6431=ORIENTED_EDGE('',*,*,#4594,.T.);
#6432=ORIENTED_EDGE('',*,*,#4635,.F.);
#6433=ORIENTED_EDGE('',*,*,#4604,.F.);
#6434=ORIENTED_EDGE('',*,*,#4637,.T.);
#6435=ORIENTED_EDGE('',*,*,#4595,.T.);
#6436=ORIENTED_EDGE('',*,*,#4636,.F.);
#6437=ORIENTED_EDGE('',*,*,#4638,.T.);
#6438=ORIENTED_EDGE('',*,*,#4565,.T.);
#6439=ORIENTED_EDGE('',*,*,#4637,.F.);
#6440=ORIENTED_EDGE('',*,*,#4603,.F.);
#6441=ORIENTED_EDGE('',*,*,#4414,.T.);
#6442=ORIENTED_EDGE('',*,*,#4566,.T.);
#6443=ORIENTED_EDGE('',*,*,#4638,.F.);
#6444=ORIENTED_EDGE('',*,*,#4602,.F.);
#6445=ORIENTED_EDGE('',*,*,#4601,.F.);
#6446=ORIENTED_EDGE('',*,*,#4639,.T.);
#6447=ORIENTED_EDGE('',*,*,#4567,.T.);
#6448=ORIENTED_EDGE('',*,*,#4416,.F.);
#6449=ORIENTED_EDGE('',*,*,#4600,.F.);
#6450=ORIENTED_EDGE('',*,*,#4640,.T.);
#6451=ORIENTED_EDGE('',*,*,#4568,.T.);
#6452=ORIENTED_EDGE('',*,*,#4639,.F.);
#6453=ORIENTED_EDGE('',*,*,#4599,.F.);
#6454=ORIENTED_EDGE('',*,*,#4641,.T.);
#6455=ORIENTED_EDGE('',*,*,#4569,.T.);
#6456=ORIENTED_EDGE('',*,*,#4640,.F.);
#6457=ORIENTED_EDGE('',*,*,#4598,.F.);
#6458=ORIENTED_EDGE('',*,*,#4642,.T.);
#6459=ORIENTED_EDGE('',*,*,#4570,.T.);
#6460=ORIENTED_EDGE('',*,*,#4641,.F.);
#6461=ORIENTED_EDGE('',*,*,#4597,.F.);
#6462=ORIENTED_EDGE('',*,*,#4643,.T.);
#6463=ORIENTED_EDGE('',*,*,#4571,.T.);
#6464=ORIENTED_EDGE('',*,*,#4642,.F.);
#6465=ORIENTED_EDGE('',*,*,#4643,.F.);
#6466=ORIENTED_EDGE('',*,*,#4615,.F.);
#6467=ORIENTED_EDGE('',*,*,#4627,.T.);
#6468=ORIENTED_EDGE('',*,*,#4584,.T.);
#6469=ORIENTED_EDGE('',*,*,#4625,.T.);
#6470=ORIENTED_EDGE('',*,*,#4262,.T.);
#6471=ORIENTED_EDGE('',*,*,#4616,.F.);
#6472=ORIENTED_EDGE('',*,*,#4572,.T.);
#6473=ORIENTED_EDGE('',*,*,#4644,.F.);
#6474=ORIENTED_EDGE('',*,*,#4072,.F.);
#6475=ORIENTED_EDGE('',*,*,#4645,.T.);
#6476=ORIENTED_EDGE('',*,*,#4646,.F.);
#6477=ORIENTED_EDGE('',*,*,#4071,.F.);
#6478=ORIENTED_EDGE('',*,*,#4647,.F.);
#6479=ORIENTED_EDGE('',*,*,#4648,.F.);
#6480=ORIENTED_EDGE('',*,*,#4645,.F.);
#6481=ORIENTED_EDGE('',*,*,#4649,.F.);
#6482=ORIENTED_EDGE('',*,*,#4650,.F.);
#6483=ORIENTED_EDGE('',*,*,#4651,.F.);
#6484=ORIENTED_EDGE('',*,*,#4135,.F.);
#6485=ORIENTED_EDGE('',*,*,#4652,.F.);
#6486=ORIENTED_EDGE('',*,*,#4653,.F.);
#6487=ORIENTED_EDGE('',*,*,#4654,.F.);
#6488=ORIENTED_EDGE('',*,*,#4069,.F.);
#6489=ORIENTED_EDGE('',*,*,#4652,.T.);
#6490=ORIENTED_EDGE('',*,*,#4068,.T.);
#6491=ORIENTED_EDGE('',*,*,#3987,.F.);
#6492=ORIENTED_EDGE('',*,*,#4655,.F.);
#6493=ORIENTED_EDGE('',*,*,#4656,.F.);
#6494=ORIENTED_EDGE('',*,*,#4657,.F.);
#6495=ORIENTED_EDGE('',*,*,#4658,.F.);
#6496=ORIENTED_EDGE('',*,*,#4137,.F.);
#6497=ORIENTED_EDGE('',*,*,#3918,.T.);
#6498=ORIENTED_EDGE('',*,*,#3991,.F.);
#6499=ORIENTED_EDGE('',*,*,#4163,.T.);
#6500=ORIENTED_EDGE('',*,*,#4139,.T.);
#6501=ORIENTED_EDGE('',*,*,#4659,.T.);
#6502=ORIENTED_EDGE('',*,*,#4660,.T.);
#6503=ORIENTED_EDGE('',*,*,#4661,.T.);
#6504=ORIENTED_EDGE('',*,*,#4662,.T.);
#6505=ORIENTED_EDGE('',*,*,#4663,.F.);
#6506=ORIENTED_EDGE('',*,*,#4664,.T.);
#6507=ORIENTED_EDGE('',*,*,#4665,.T.);
#6508=ORIENTED_EDGE('',*,*,#4646,.T.);
#6509=ORIENTED_EDGE('',*,*,#4648,.T.);
#6510=ORIENTED_EDGE('',*,*,#4666,.T.);
#6511=ORIENTED_EDGE('',*,*,#4653,.T.);
#6512=ORIENTED_EDGE('',*,*,#4655,.T.);
#6513=ORIENTED_EDGE('',*,*,#3986,.F.);
#6514=ORIENTED_EDGE('',*,*,#3922,.T.);
#6515=ORIENTED_EDGE('',*,*,#3926,.T.);
#6516=ORIENTED_EDGE('',*,*,#3947,.T.);
#6517=ORIENTED_EDGE('',*,*,#3950,.T.);
#6518=ORIENTED_EDGE('',*,*,#3940,.T.);
#6519=ORIENTED_EDGE('',*,*,#3944,.T.);
#6520=ORIENTED_EDGE('',*,*,#3981,.T.);
#6521=ORIENTED_EDGE('',*,*,#3984,.T.);
#6522=ORIENTED_EDGE('',*,*,#3974,.T.);
#6523=ORIENTED_EDGE('',*,*,#3978,.T.);
#6524=ORIENTED_EDGE('',*,*,#4667,.T.);
#6525=ORIENTED_EDGE('',*,*,#4657,.T.);
#6526=ORIENTED_EDGE('',*,*,#4668,.T.);
#6527=ORIENTED_EDGE('',*,*,#4650,.T.);
#6528=ORIENTED_EDGE('',*,*,#4667,.F.);
#6529=ORIENTED_EDGE('',*,*,#4649,.T.);
#6530=ORIENTED_EDGE('',*,*,#4134,.F.);
#6531=ORIENTED_EDGE('',*,*,#4658,.T.);
#6532=ORIENTED_EDGE('',*,*,#4070,.F.);
#6533=ORIENTED_EDGE('',*,*,#4654,.T.);
#6534=ORIENTED_EDGE('',*,*,#4666,.F.);
#6535=ORIENTED_EDGE('',*,*,#4647,.T.);
#6536=ORIENTED_EDGE('',*,*,#4644,.T.);
#6537=ORIENTED_EDGE('',*,*,#4665,.F.);
#6538=ORIENTED_EDGE('',*,*,#4669,.T.);
#6539=ORIENTED_EDGE('',*,*,#4670,.F.);
#6540=ORIENTED_EDGE('',*,*,#4671,.F.);
#6541=ORIENTED_EDGE('',*,*,#4672,.T.);
#6542=ORIENTED_EDGE('',*,*,#4073,.T.);
#6543=ORIENTED_EDGE('',*,*,#4673,.F.);
#6544=ORIENTED_EDGE('',*,*,#4674,.F.);
#6545=ORIENTED_EDGE('',*,*,#4675,.F.);
#6546=ORIENTED_EDGE('',*,*,#4101,.T.);
#6547=ORIENTED_EDGE('',*,*,#4077,.T.);
#6548=ORIENTED_EDGE('',*,*,#4676,.F.);
#6549=ORIENTED_EDGE('',*,*,#4677,.F.);
#6550=ORIENTED_EDGE('',*,*,#4678,.T.);
#6551=ORIENTED_EDGE('',*,*,#4663,.T.);
#6552=ORIENTED_EDGE('',*,*,#4662,.F.);
#6553=ORIENTED_EDGE('',*,*,#4661,.F.);
#6554=ORIENTED_EDGE('',*,*,#4679,.F.);
#6555=ORIENTED_EDGE('',*,*,#4081,.F.);
#6556=ORIENTED_EDGE('',*,*,#4080,.T.);
#6557=ORIENTED_EDGE('',*,*,#4079,.T.);
#6558=ORIENTED_EDGE('',*,*,#4078,.F.);
#6559=ORIENTED_EDGE('',*,*,#4680,.F.);
#6560=ORIENTED_EDGE('',*,*,#4681,.F.);
#6561=ORIENTED_EDGE('',*,*,#4682,.T.);
#6562=ORIENTED_EDGE('',*,*,#4680,.T.);
#6563=ORIENTED_EDGE('',*,*,#4683,.T.);
#6564=ORIENTED_EDGE('',*,*,#4684,.F.);
#6565=ORIENTED_EDGE('',*,*,#4685,.F.);
#6566=ORIENTED_EDGE('',*,*,#4686,.F.);
#6567=ORIENTED_EDGE('',*,*,#4687,.F.);
#6568=ORIENTED_EDGE('',*,*,#4688,.F.);
#6569=ORIENTED_EDGE('',*,*,#4689,.F.);
#6570=ORIENTED_EDGE('',*,*,#4690,.F.);
#6571=ORIENTED_EDGE('',*,*,#4075,.T.);
#6572=ORIENTED_EDGE('',*,*,#4074,.T.);
#6573=ORIENTED_EDGE('',*,*,#4691,.T.);
#6574=ORIENTED_EDGE('',*,*,#4692,.T.);
#6575=ORIENTED_EDGE('',*,*,#4693,.F.);
#6576=ORIENTED_EDGE('',*,*,#4694,.F.);
#6577=ORIENTED_EDGE('',*,*,#4695,.F.);
#6578=ORIENTED_EDGE('',*,*,#4696,.T.);
#6579=ORIENTED_EDGE('',*,*,#4697,.T.);
#6580=ORIENTED_EDGE('',*,*,#4698,.T.);
#6581=ORIENTED_EDGE('',*,*,#4699,.F.);
#6582=ORIENTED_EDGE('',*,*,#4700,.T.);
#6583=ORIENTED_EDGE('',*,*,#4701,.T.);
#6584=ORIENTED_EDGE('',*,*,#4702,.F.);
#6585=ORIENTED_EDGE('',*,*,#4697,.F.);
#6586=ORIENTED_EDGE('',*,*,#4693,.T.);
#6587=ORIENTED_EDGE('',*,*,#4703,.T.);
#6588=ORIENTED_EDGE('',*,*,#4704,.T.);
#6589=ORIENTED_EDGE('',*,*,#4705,.T.);
#6590=ORIENTED_EDGE('',*,*,#4706,.T.);
#6591=ORIENTED_EDGE('',*,*,#4707,.T.);
#6592=ORIENTED_EDGE('',*,*,#4708,.T.);
#6593=ORIENTED_EDGE('',*,*,#4709,.T.);
#6594=ORIENTED_EDGE('',*,*,#4710,.T.);
#6595=ORIENTED_EDGE('',*,*,#4711,.T.);
#6596=ORIENTED_EDGE('',*,*,#4712,.T.);
#6597=ORIENTED_EDGE('',*,*,#4713,.T.);
#6598=ORIENTED_EDGE('',*,*,#4714,.F.);
#6599=ORIENTED_EDGE('',*,*,#4715,.T.);
#6600=ORIENTED_EDGE('',*,*,#4716,.T.);
#6601=ORIENTED_EDGE('',*,*,#4717,.T.);
#6602=ORIENTED_EDGE('',*,*,#4718,.T.);
#6603=ORIENTED_EDGE('',*,*,#4719,.T.);
#6604=ORIENTED_EDGE('',*,*,#4720,.T.);
#6605=ORIENTED_EDGE('',*,*,#4721,.T.);
#6606=ORIENTED_EDGE('',*,*,#4722,.T.);
#6607=ORIENTED_EDGE('',*,*,#4723,.T.);
#6608=ORIENTED_EDGE('',*,*,#4724,.T.);
#6609=ORIENTED_EDGE('',*,*,#4725,.T.);
#6610=ORIENTED_EDGE('',*,*,#4726,.T.);
#6611=ORIENTED_EDGE('',*,*,#4727,.T.);
#6612=ORIENTED_EDGE('',*,*,#4728,.T.);
#6613=ORIENTED_EDGE('',*,*,#4729,.T.);
#6614=ORIENTED_EDGE('',*,*,#4701,.F.);
#6615=ORIENTED_EDGE('',*,*,#4730,.F.);
#6616=ORIENTED_EDGE('',*,*,#4677,.T.);
#6617=ORIENTED_EDGE('',*,*,#4676,.T.);
#6618=ORIENTED_EDGE('',*,*,#4076,.T.);
#6619=ORIENTED_EDGE('',*,*,#4678,.F.);
#6620=ORIENTED_EDGE('',*,*,#4730,.T.);
#6621=ORIENTED_EDGE('',*,*,#4700,.F.);
#6622=ORIENTED_EDGE('',*,*,#4731,.F.);
#6623=ORIENTED_EDGE('',*,*,#4732,.F.);
#6624=ORIENTED_EDGE('',*,*,#4669,.F.);
#6625=ORIENTED_EDGE('',*,*,#4664,.F.);
#6626=ORIENTED_EDGE('',*,*,#4731,.T.);
#6627=ORIENTED_EDGE('',*,*,#4696,.F.);
#6628=ORIENTED_EDGE('',*,*,#4733,.F.);
#6629=ORIENTED_EDGE('',*,*,#4734,.F.);
#6630=ORIENTED_EDGE('',*,*,#4735,.F.);
#6631=ORIENTED_EDGE('',*,*,#4736,.F.);
#6632=ORIENTED_EDGE('',*,*,#4086,.F.);
#6633=ORIENTED_EDGE('',*,*,#4675,.T.);
#6634=ORIENTED_EDGE('',*,*,#4737,.T.);
#6635=ORIENTED_EDGE('',*,*,#4738,.T.);
#6636=ORIENTED_EDGE('',*,*,#4739,.T.);
#6637=ORIENTED_EDGE('',*,*,#4740,.T.);
#6638=ORIENTED_EDGE('',*,*,#4741,.T.);
#6639=ORIENTED_EDGE('',*,*,#4742,.T.);
#6640=ORIENTED_EDGE('',*,*,#4743,.T.);
#6641=ORIENTED_EDGE('',*,*,#4744,.T.);
#6642=ORIENTED_EDGE('',*,*,#4745,.T.);
#6643=ORIENTED_EDGE('',*,*,#4746,.T.);
#6644=ORIENTED_EDGE('',*,*,#4747,.T.);
#6645=ORIENTED_EDGE('',*,*,#4748,.T.);
#6646=ORIENTED_EDGE('',*,*,#4749,.T.);
#6647=ORIENTED_EDGE('',*,*,#4750,.T.);
#6648=ORIENTED_EDGE('',*,*,#4735,.T.);
#6649=ORIENTED_EDGE('',*,*,#4674,.T.);
#6650=ORIENTED_EDGE('',*,*,#4751,.T.);
#6651=ORIENTED_EDGE('',*,*,#4752,.T.);
#6652=ORIENTED_EDGE('',*,*,#4753,.T.);
#6653=ORIENTED_EDGE('',*,*,#4754,.T.);
#6654=ORIENTED_EDGE('',*,*,#4755,.T.);
#6655=ORIENTED_EDGE('',*,*,#4756,.T.);
#6656=ORIENTED_EDGE('',*,*,#4757,.T.);
#6657=ORIENTED_EDGE('',*,*,#4758,.T.);
#6658=ORIENTED_EDGE('',*,*,#4759,.T.);
#6659=ORIENTED_EDGE('',*,*,#4760,.T.);
#6660=ORIENTED_EDGE('',*,*,#4761,.T.);
#6661=ORIENTED_EDGE('',*,*,#4762,.T.);
#6662=ORIENTED_EDGE('',*,*,#4763,.T.);
#6663=ORIENTED_EDGE('',*,*,#4764,.T.);
#6664=ORIENTED_EDGE('',*,*,#4765,.T.);
#6665=ORIENTED_EDGE('',*,*,#4766,.T.);
#6666=ORIENTED_EDGE('',*,*,#4767,.T.);
#6667=ORIENTED_EDGE('',*,*,#4768,.T.);
#6668=ORIENTED_EDGE('',*,*,#4769,.T.);
#6669=ORIENTED_EDGE('',*,*,#4770,.T.);
#6670=ORIENTED_EDGE('',*,*,#4771,.T.);
#6671=ORIENTED_EDGE('',*,*,#4772,.T.);
#6672=ORIENTED_EDGE('',*,*,#4773,.T.);
#6673=ORIENTED_EDGE('',*,*,#4774,.T.);
#6674=ORIENTED_EDGE('',*,*,#4775,.T.);
#6675=ORIENTED_EDGE('',*,*,#4776,.T.);
#6676=ORIENTED_EDGE('',*,*,#4777,.T.);
#6677=ORIENTED_EDGE('',*,*,#4778,.T.);
#6678=ORIENTED_EDGE('',*,*,#4779,.T.);
#6679=ORIENTED_EDGE('',*,*,#4780,.T.);
#6680=ORIENTED_EDGE('',*,*,#4781,.T.);
#6681=ORIENTED_EDGE('',*,*,#4782,.T.);
#6682=ORIENTED_EDGE('',*,*,#4783,.F.);
#6683=ORIENTED_EDGE('',*,*,#4767,.F.);
#6684=ORIENTED_EDGE('',*,*,#4784,.F.);
#6685=ORIENTED_EDGE('',*,*,#4103,.F.);
#6686=ORIENTED_EDGE('',*,*,#4784,.T.);
#6687=ORIENTED_EDGE('',*,*,#4782,.F.);
#6688=ORIENTED_EDGE('',*,*,#4785,.F.);
#6689=ORIENTED_EDGE('',*,*,#4104,.F.);
#6690=ORIENTED_EDGE('',*,*,#4785,.T.);
#6691=ORIENTED_EDGE('',*,*,#4781,.F.);
#6692=ORIENTED_EDGE('',*,*,#4786,.F.);
#6693=ORIENTED_EDGE('',*,*,#4105,.F.);
#6694=ORIENTED_EDGE('',*,*,#4786,.T.);
#6695=ORIENTED_EDGE('',*,*,#4780,.F.);
#6696=ORIENTED_EDGE('',*,*,#4787,.F.);
#6697=ORIENTED_EDGE('',*,*,#4106,.F.);
#6698=ORIENTED_EDGE('',*,*,#4787,.T.);
#6699=ORIENTED_EDGE('',*,*,#4779,.F.);
#6700=ORIENTED_EDGE('',*,*,#4788,.F.);
#6701=ORIENTED_EDGE('',*,*,#4107,.F.);
#6702=ORIENTED_EDGE('',*,*,#4788,.T.);
#6703=ORIENTED_EDGE('',*,*,#4778,.F.);
#6704=ORIENTED_EDGE('',*,*,#4789,.F.);
#6705=ORIENTED_EDGE('',*,*,#4108,.F.);
#6706=ORIENTED_EDGE('',*,*,#4789,.T.);
#6707=ORIENTED_EDGE('',*,*,#4777,.F.);
#6708=ORIENTED_EDGE('',*,*,#4790,.F.);
#6709=ORIENTED_EDGE('',*,*,#4109,.F.);
#6710=ORIENTED_EDGE('',*,*,#4790,.T.);
#6711=ORIENTED_EDGE('',*,*,#4776,.F.);
#6712=ORIENTED_EDGE('',*,*,#4791,.F.);
#6713=ORIENTED_EDGE('',*,*,#4110,.F.);
#6714=ORIENTED_EDGE('',*,*,#4791,.T.);
#6715=ORIENTED_EDGE('',*,*,#4775,.F.);
#6716=ORIENTED_EDGE('',*,*,#4792,.F.);
#6717=ORIENTED_EDGE('',*,*,#4111,.F.);
#6718=ORIENTED_EDGE('',*,*,#4792,.T.);
#6719=ORIENTED_EDGE('',*,*,#4774,.F.);
#6720=ORIENTED_EDGE('',*,*,#4793,.F.);
#6721=ORIENTED_EDGE('',*,*,#4112,.F.);
#6722=ORIENTED_EDGE('',*,*,#4793,.T.);
#6723=ORIENTED_EDGE('',*,*,#4773,.F.);
#6724=ORIENTED_EDGE('',*,*,#4794,.F.);
#6725=ORIENTED_EDGE('',*,*,#4113,.F.);
#6726=ORIENTED_EDGE('',*,*,#4794,.T.);
#6727=ORIENTED_EDGE('',*,*,#4772,.F.);
#6728=ORIENTED_EDGE('',*,*,#4795,.F.);
#6729=ORIENTED_EDGE('',*,*,#4114,.F.);
#6730=ORIENTED_EDGE('',*,*,#4795,.T.);
#6731=ORIENTED_EDGE('',*,*,#4771,.F.);
#6732=ORIENTED_EDGE('',*,*,#4796,.F.);
#6733=ORIENTED_EDGE('',*,*,#4115,.F.);
#6734=ORIENTED_EDGE('',*,*,#4796,.T.);
#6735=ORIENTED_EDGE('',*,*,#4770,.F.);
#6736=ORIENTED_EDGE('',*,*,#4797,.F.);
#6737=ORIENTED_EDGE('',*,*,#4116,.F.);
#6738=ORIENTED_EDGE('',*,*,#4797,.T.);
#6739=ORIENTED_EDGE('',*,*,#4769,.F.);
#6740=ORIENTED_EDGE('',*,*,#4798,.F.);
#6741=ORIENTED_EDGE('',*,*,#4117,.F.);
#6742=ORIENTED_EDGE('',*,*,#4798,.T.);
#6743=ORIENTED_EDGE('',*,*,#4768,.F.);
#6744=ORIENTED_EDGE('',*,*,#4783,.T.);
#6745=ORIENTED_EDGE('',*,*,#4102,.F.);
#6746=ORIENTED_EDGE('',*,*,#4136,.F.);
#6747=ORIENTED_EDGE('',*,*,#4651,.T.);
#6748=ORIENTED_EDGE('',*,*,#4668,.F.);
#6749=ORIENTED_EDGE('',*,*,#4656,.T.);
#6750=ORIENTED_EDGE('',*,*,#4799,.F.);
#6751=ORIENTED_EDGE('',*,*,#4751,.F.);
#6752=ORIENTED_EDGE('',*,*,#4800,.F.);
#6753=ORIENTED_EDGE('',*,*,#4119,.F.);
#6754=ORIENTED_EDGE('',*,*,#4800,.T.);
#6755=ORIENTED_EDGE('',*,*,#4766,.F.);
#6756=ORIENTED_EDGE('',*,*,#4801,.F.);
#6757=ORIENTED_EDGE('',*,*,#4120,.F.);
#6758=ORIENTED_EDGE('',*,*,#4801,.T.);
#6759=ORIENTED_EDGE('',*,*,#4765,.F.);
#6760=ORIENTED_EDGE('',*,*,#4802,.F.);
#6761=ORIENTED_EDGE('',*,*,#4121,.F.);
#6762=ORIENTED_EDGE('',*,*,#4802,.T.);
#6763=ORIENTED_EDGE('',*,*,#4764,.F.);
#6764=ORIENTED_EDGE('',*,*,#4803,.F.);
#6765=ORIENTED_EDGE('',*,*,#4122,.F.);
#6766=ORIENTED_EDGE('',*,*,#4803,.T.);
#6767=ORIENTED_EDGE('',*,*,#4763,.F.);
#6768=ORIENTED_EDGE('',*,*,#4804,.F.);
#6769=ORIENTED_EDGE('',*,*,#4123,.F.);
#6770=ORIENTED_EDGE('',*,*,#4804,.T.);
#6771=ORIENTED_EDGE('',*,*,#4762,.F.);
#6772=ORIENTED_EDGE('',*,*,#4805,.F.);
#6773=ORIENTED_EDGE('',*,*,#4124,.F.);
#6774=ORIENTED_EDGE('',*,*,#4805,.T.);
#6775=ORIENTED_EDGE('',*,*,#4761,.F.);
#6776=ORIENTED_EDGE('',*,*,#4806,.F.);
#6777=ORIENTED_EDGE('',*,*,#4125,.F.);
#6778=ORIENTED_EDGE('',*,*,#4806,.T.);
#6779=ORIENTED_EDGE('',*,*,#4760,.F.);
#6780=ORIENTED_EDGE('',*,*,#4807,.F.);
#6781=ORIENTED_EDGE('',*,*,#4126,.F.);
#6782=ORIENTED_EDGE('',*,*,#4807,.T.);
#6783=ORIENTED_EDGE('',*,*,#4759,.F.);
#6784=ORIENTED_EDGE('',*,*,#4808,.F.);
#6785=ORIENTED_EDGE('',*,*,#4127,.F.);
#6786=ORIENTED_EDGE('',*,*,#4808,.T.);
#6787=ORIENTED_EDGE('',*,*,#4758,.F.);
#6788=ORIENTED_EDGE('',*,*,#4809,.F.);
#6789=ORIENTED_EDGE('',*,*,#4128,.F.);
#6790=ORIENTED_EDGE('',*,*,#4809,.T.);
#6791=ORIENTED_EDGE('',*,*,#4757,.F.);
#6792=ORIENTED_EDGE('',*,*,#4810,.F.);
#6793=ORIENTED_EDGE('',*,*,#4129,.F.);
#6794=ORIENTED_EDGE('',*,*,#4810,.T.);
#6795=ORIENTED_EDGE('',*,*,#4756,.F.);
#6796=ORIENTED_EDGE('',*,*,#4811,.F.);
#6797=ORIENTED_EDGE('',*,*,#4130,.F.);
#6798=ORIENTED_EDGE('',*,*,#4811,.T.);
#6799=ORIENTED_EDGE('',*,*,#4755,.F.);
#6800=ORIENTED_EDGE('',*,*,#4812,.F.);
#6801=ORIENTED_EDGE('',*,*,#4131,.F.);
#6802=ORIENTED_EDGE('',*,*,#4812,.T.);
#6803=ORIENTED_EDGE('',*,*,#4754,.F.);
#6804=ORIENTED_EDGE('',*,*,#4813,.F.);
#6805=ORIENTED_EDGE('',*,*,#4132,.F.);
#6806=ORIENTED_EDGE('',*,*,#4813,.T.);
#6807=ORIENTED_EDGE('',*,*,#4753,.F.);
#6808=ORIENTED_EDGE('',*,*,#4814,.F.);
#6809=ORIENTED_EDGE('',*,*,#4133,.F.);
#6810=ORIENTED_EDGE('',*,*,#4814,.T.);
#6811=ORIENTED_EDGE('',*,*,#4752,.F.);
#6812=ORIENTED_EDGE('',*,*,#4799,.T.);
#6813=ORIENTED_EDGE('',*,*,#4118,.F.);
#6814=ORIENTED_EDGE('',*,*,#4736,.T.);
#6815=ORIENTED_EDGE('',*,*,#4750,.F.);
#6816=ORIENTED_EDGE('',*,*,#4815,.F.);
#6817=ORIENTED_EDGE('',*,*,#4087,.F.);
#6818=ORIENTED_EDGE('',*,*,#4815,.T.);
#6819=ORIENTED_EDGE('',*,*,#4749,.F.);
#6820=ORIENTED_EDGE('',*,*,#4816,.F.);
#6821=ORIENTED_EDGE('',*,*,#4088,.F.);
#6822=ORIENTED_EDGE('',*,*,#4816,.T.);
#6823=ORIENTED_EDGE('',*,*,#4748,.F.);
#6824=ORIENTED_EDGE('',*,*,#4817,.F.);
#6825=ORIENTED_EDGE('',*,*,#4089,.F.);
#6826=ORIENTED_EDGE('',*,*,#4817,.T.);
#6827=ORIENTED_EDGE('',*,*,#4747,.F.);
#6828=ORIENTED_EDGE('',*,*,#4818,.F.);
#6829=ORIENTED_EDGE('',*,*,#4090,.F.);
#6830=ORIENTED_EDGE('',*,*,#4818,.T.);
#6831=ORIENTED_EDGE('',*,*,#4746,.F.);
#6832=ORIENTED_EDGE('',*,*,#4819,.F.);
#6833=ORIENTED_EDGE('',*,*,#4091,.F.);
#6834=ORIENTED_EDGE('',*,*,#4819,.T.);
#6835=ORIENTED_EDGE('',*,*,#4745,.F.);
#6836=ORIENTED_EDGE('',*,*,#4820,.F.);
#6837=ORIENTED_EDGE('',*,*,#4092,.F.);
#6838=ORIENTED_EDGE('',*,*,#4820,.T.);
#6839=ORIENTED_EDGE('',*,*,#4744,.F.);
#6840=ORIENTED_EDGE('',*,*,#4821,.F.);
#6841=ORIENTED_EDGE('',*,*,#4093,.F.);
#6842=ORIENTED_EDGE('',*,*,#4821,.T.);
#6843=ORIENTED_EDGE('',*,*,#4743,.F.);
#6844=ORIENTED_EDGE('',*,*,#4822,.F.);
#6845=ORIENTED_EDGE('',*,*,#4094,.F.);
#6846=ORIENTED_EDGE('',*,*,#4822,.T.);
#6847=ORIENTED_EDGE('',*,*,#4742,.F.);
#6848=ORIENTED_EDGE('',*,*,#4823,.F.);
#6849=ORIENTED_EDGE('',*,*,#4095,.F.);
#6850=ORIENTED_EDGE('',*,*,#4823,.T.);
#6851=ORIENTED_EDGE('',*,*,#4741,.F.);
#6852=ORIENTED_EDGE('',*,*,#4824,.F.);
#6853=ORIENTED_EDGE('',*,*,#4096,.F.);
#6854=ORIENTED_EDGE('',*,*,#4824,.T.);
#6855=ORIENTED_EDGE('',*,*,#4740,.F.);
#6856=ORIENTED_EDGE('',*,*,#4825,.F.);
#6857=ORIENTED_EDGE('',*,*,#4097,.F.);
#6858=ORIENTED_EDGE('',*,*,#4825,.T.);
#6859=ORIENTED_EDGE('',*,*,#4739,.F.);
#6860=ORIENTED_EDGE('',*,*,#4826,.F.);
#6861=ORIENTED_EDGE('',*,*,#4098,.F.);
#6862=ORIENTED_EDGE('',*,*,#4826,.T.);
#6863=ORIENTED_EDGE('',*,*,#4738,.F.);
#6864=ORIENTED_EDGE('',*,*,#4827,.F.);
#6865=ORIENTED_EDGE('',*,*,#4099,.F.);
#6866=ORIENTED_EDGE('',*,*,#4100,.F.);
#6867=ORIENTED_EDGE('',*,*,#4827,.T.);
#6868=ORIENTED_EDGE('',*,*,#4737,.F.);
#6869=ORIENTED_EDGE('',*,*,#4673,.T.);
#6870=ORIENTED_EDGE('',*,*,#4679,.T.);
#6871=ORIENTED_EDGE('',*,*,#4660,.F.);
#6872=ORIENTED_EDGE('',*,*,#4828,.F.);
#6873=ORIENTED_EDGE('',*,*,#4082,.F.);
#6874=ORIENTED_EDGE('',*,*,#4138,.T.);
#6875=ORIENTED_EDGE('',*,*,#4083,.F.);
#6876=ORIENTED_EDGE('',*,*,#4828,.T.);
#6877=ORIENTED_EDGE('',*,*,#4659,.F.);
#6878=ORIENTED_EDGE('',*,*,#4670,.T.);
#6879=ORIENTED_EDGE('',*,*,#4732,.T.);
#6880=ORIENTED_EDGE('',*,*,#4829,.F.);
#6881=ORIENTED_EDGE('',*,*,#4830,.F.);
#6882=ORIENTED_EDGE('',*,*,#4831,.T.);
#6883=ORIENTED_EDGE('',*,*,#4832,.T.);
#6884=ORIENTED_EDGE('',*,*,#4734,.T.);
#6885=ORIENTED_EDGE('',*,*,#4833,.F.);
#6886=ORIENTED_EDGE('',*,*,#4834,.F.);
#6887=ORIENTED_EDGE('',*,*,#4829,.T.);
#6888=ORIENTED_EDGE('',*,*,#4695,.T.);
#6889=ORIENTED_EDGE('',*,*,#4835,.F.);
#6890=ORIENTED_EDGE('',*,*,#4836,.F.);
#6891=ORIENTED_EDGE('',*,*,#4833,.T.);
#6892=ORIENTED_EDGE('',*,*,#4733,.T.);
#6893=ORIENTED_EDGE('',*,*,#4837,.F.);
#6894=ORIENTED_EDGE('',*,*,#4838,.F.);
#6895=ORIENTED_EDGE('',*,*,#4839,.F.);
#6896=ORIENTED_EDGE('',*,*,#4840,.F.);
#6897=ORIENTED_EDGE('',*,*,#4841,.T.);
#6898=ORIENTED_EDGE('',*,*,#4842,.F.);
#6899=ORIENTED_EDGE('',*,*,#4843,.T.);
#6900=ORIENTED_EDGE('',*,*,#4844,.F.);
#6901=ORIENTED_EDGE('',*,*,#4845,.T.);
#6902=ORIENTED_EDGE('',*,*,#4714,.T.);
#6903=ORIENTED_EDGE('',*,*,#4846,.F.);
#6904=ORIENTED_EDGE('',*,*,#4843,.F.);
#6905=ORIENTED_EDGE('',*,*,#4837,.T.);
#6906=ORIENTED_EDGE('',*,*,#4847,.F.);
#6907=ORIENTED_EDGE('',*,*,#4848,.F.);
#6908=ORIENTED_EDGE('',*,*,#4831,.F.);
#6909=ORIENTED_EDGE('',*,*,#4849,.F.);
#6910=ORIENTED_EDGE('',*,*,#4850,.T.);
#6911=ORIENTED_EDGE('',*,*,#4842,.T.);
#6912=ORIENTED_EDGE('',*,*,#4851,.T.);
#6913=ORIENTED_EDGE('',*,*,#4852,.F.);
#6914=ORIENTED_EDGE('',*,*,#4853,.T.);
#6915=ORIENTED_EDGE('',*,*,#4854,.F.);
#6916=ORIENTED_EDGE('',*,*,#4685,.T.);
#6917=ORIENTED_EDGE('',*,*,#4855,.T.);
#6918=ORIENTED_EDGE('',*,*,#4718,.F.);
#6919=ORIENTED_EDGE('',*,*,#4856,.T.);
#6920=ORIENTED_EDGE('',*,*,#4857,.F.);
#6921=ORIENTED_EDGE('',*,*,#4858,.F.);
#6922=ORIENTED_EDGE('',*,*,#4859,.F.);
#6923=ORIENTED_EDGE('',*,*,#4681,.T.);
#6924=ORIENTED_EDGE('',*,*,#4690,.T.);
#6925=ORIENTED_EDGE('',*,*,#4860,.F.);
#6926=ORIENTED_EDGE('',*,*,#4861,.F.);
#6927=ORIENTED_EDGE('',*,*,#4856,.F.);
#6928=ORIENTED_EDGE('',*,*,#4684,.T.);
#6929=ORIENTED_EDGE('',*,*,#4862,.T.);
#6930=ORIENTED_EDGE('',*,*,#4863,.F.);
#6931=ORIENTED_EDGE('',*,*,#4864,.T.);
#6932=ORIENTED_EDGE('',*,*,#4689,.T.);
#6933=ORIENTED_EDGE('',*,*,#4865,.F.);
#6934=ORIENTED_EDGE('',*,*,#4866,.F.);
#6935=ORIENTED_EDGE('',*,*,#4860,.T.);
#6936=ORIENTED_EDGE('',*,*,#4688,.T.);
#6937=ORIENTED_EDGE('',*,*,#4867,.F.);
#6938=ORIENTED_EDGE('',*,*,#4868,.F.);
#6939=ORIENTED_EDGE('',*,*,#4865,.T.);
#6940=ORIENTED_EDGE('',*,*,#4687,.T.);
#6941=ORIENTED_EDGE('',*,*,#4869,.F.);
#6942=ORIENTED_EDGE('',*,*,#4870,.F.);
#6943=ORIENTED_EDGE('',*,*,#4871,.F.);
#6944=ORIENTED_EDGE('',*,*,#4872,.F.);
#6945=ORIENTED_EDGE('',*,*,#4867,.T.);
#6946=ORIENTED_EDGE('',*,*,#4686,.T.);
#6947=ORIENTED_EDGE('',*,*,#4873,.F.);
#6948=ORIENTED_EDGE('',*,*,#4874,.F.);
#6949=ORIENTED_EDGE('',*,*,#4869,.T.);
#6950=ORIENTED_EDGE('',*,*,#4875,.F.);
#6951=ORIENTED_EDGE('',*,*,#4876,.F.);
#6952=ORIENTED_EDGE('',*,*,#4877,.T.);
#6953=ORIENTED_EDGE('',*,*,#4878,.T.);
#6954=ORIENTED_EDGE('',*,*,#4699,.T.);
#6955=ORIENTED_EDGE('',*,*,#4879,.T.);
#6956=ORIENTED_EDGE('',*,*,#4880,.T.);
#6957=ORIENTED_EDGE('',*,*,#4881,.T.);
#6958=ORIENTED_EDGE('',*,*,#4882,.F.);
#6959=ORIENTED_EDGE('',*,*,#4883,.F.);
#6960=ORIENTED_EDGE('',*,*,#4884,.T.);
#6961=ORIENTED_EDGE('',*,*,#4885,.T.);
#6962=ORIENTED_EDGE('',*,*,#4886,.F.);
#6963=ORIENTED_EDGE('',*,*,#4887,.F.);
#6964=ORIENTED_EDGE('',*,*,#4871,.T.);
#6965=ORIENTED_EDGE('',*,*,#4888,.F.);
#6966=ORIENTED_EDGE('',*,*,#4683,.F.);
#6967=ORIENTED_EDGE('',*,*,#4682,.F.);
#6968=ORIENTED_EDGE('',*,*,#4859,.T.);
#6969=ORIENTED_EDGE('',*,*,#4889,.F.);
#6970=ORIENTED_EDGE('',*,*,#4890,.F.);
#6971=ORIENTED_EDGE('',*,*,#4891,.F.);
#6972=ORIENTED_EDGE('',*,*,#4892,.F.);
#6973=ORIENTED_EDGE('',*,*,#4893,.F.);
#6974=ORIENTED_EDGE('',*,*,#4894,.F.);
#6975=ORIENTED_EDGE('',*,*,#4895,.F.);
#6976=ORIENTED_EDGE('',*,*,#4896,.F.);
#6977=ORIENTED_EDGE('',*,*,#4897,.F.);
#6978=ORIENTED_EDGE('',*,*,#4898,.F.);
#6979=ORIENTED_EDGE('',*,*,#4899,.F.);
#6980=ORIENTED_EDGE('',*,*,#4900,.F.);
#6981=ORIENTED_EDGE('',*,*,#4901,.F.);
#6982=ORIENTED_EDGE('',*,*,#4902,.F.);
#6983=ORIENTED_EDGE('',*,*,#4903,.F.);
#6984=ORIENTED_EDGE('',*,*,#4904,.F.);
#6985=ORIENTED_EDGE('',*,*,#4905,.F.);
#6986=ORIENTED_EDGE('',*,*,#4864,.F.);
#6987=ORIENTED_EDGE('',*,*,#4906,.F.);
#6988=ORIENTED_EDGE('',*,*,#4907,.T.);
#6989=ORIENTED_EDGE('',*,*,#4719,.F.);
#6990=ORIENTED_EDGE('',*,*,#4855,.F.);
#6991=ORIENTED_EDGE('',*,*,#4907,.F.);
#6992=ORIENTED_EDGE('',*,*,#4908,.F.);
#6993=ORIENTED_EDGE('',*,*,#4909,.T.);
#6994=ORIENTED_EDGE('',*,*,#4720,.F.);
#6995=ORIENTED_EDGE('',*,*,#4909,.F.);
#6996=ORIENTED_EDGE('',*,*,#4910,.F.);
#6997=ORIENTED_EDGE('',*,*,#4911,.T.);
#6998=ORIENTED_EDGE('',*,*,#4721,.F.);
#6999=ORIENTED_EDGE('',*,*,#4911,.F.);
#7000=ORIENTED_EDGE('',*,*,#4912,.F.);
#7001=ORIENTED_EDGE('',*,*,#4913,.T.);
#7002=ORIENTED_EDGE('',*,*,#4722,.F.);
#7003=ORIENTED_EDGE('',*,*,#4913,.F.);
#7004=ORIENTED_EDGE('',*,*,#4914,.F.);
#7005=ORIENTED_EDGE('',*,*,#4915,.T.);
#7006=ORIENTED_EDGE('',*,*,#4723,.F.);
#7007=ORIENTED_EDGE('',*,*,#4915,.F.);
#7008=ORIENTED_EDGE('',*,*,#4916,.F.);
#7009=ORIENTED_EDGE('',*,*,#4917,.T.);
#7010=ORIENTED_EDGE('',*,*,#4724,.F.);
#7011=ORIENTED_EDGE('',*,*,#4917,.F.);
#7012=ORIENTED_EDGE('',*,*,#4918,.F.);
#7013=ORIENTED_EDGE('',*,*,#4919,.T.);
#7014=ORIENTED_EDGE('',*,*,#4725,.F.);
#7015=ORIENTED_EDGE('',*,*,#4919,.F.);
#7016=ORIENTED_EDGE('',*,*,#4920,.F.);
#7017=ORIENTED_EDGE('',*,*,#4921,.T.);
#7018=ORIENTED_EDGE('',*,*,#4726,.F.);
#7019=ORIENTED_EDGE('',*,*,#4921,.F.);
#7020=ORIENTED_EDGE('',*,*,#4922,.F.);
#7021=ORIENTED_EDGE('',*,*,#4923,.T.);
#7022=ORIENTED_EDGE('',*,*,#4727,.F.);
#7023=ORIENTED_EDGE('',*,*,#4923,.F.);
#7024=ORIENTED_EDGE('',*,*,#4924,.F.);
#7025=ORIENTED_EDGE('',*,*,#4925,.T.);
#7026=ORIENTED_EDGE('',*,*,#4728,.F.);
#7027=ORIENTED_EDGE('',*,*,#4925,.F.);
#7028=ORIENTED_EDGE('',*,*,#4926,.F.);
#7029=ORIENTED_EDGE('',*,*,#4886,.T.);
#7030=ORIENTED_EDGE('',*,*,#4702,.T.);
#7031=ORIENTED_EDGE('',*,*,#4729,.F.);
#7032=ORIENTED_EDGE('',*,*,#4889,.T.);
#7033=ORIENTED_EDGE('',*,*,#4858,.T.);
#7034=ORIENTED_EDGE('',*,*,#4927,.F.);
#7035=ORIENTED_EDGE('',*,*,#4928,.F.);
#7036=ORIENTED_EDGE('',*,*,#4890,.T.);
#7037=ORIENTED_EDGE('',*,*,#4928,.T.);
#7038=ORIENTED_EDGE('',*,*,#4929,.F.);
#7039=ORIENTED_EDGE('',*,*,#4930,.F.);
#7040=ORIENTED_EDGE('',*,*,#4891,.T.);
#7041=ORIENTED_EDGE('',*,*,#4930,.T.);
#7042=ORIENTED_EDGE('',*,*,#4931,.F.);
#7043=ORIENTED_EDGE('',*,*,#4932,.F.);
#7044=ORIENTED_EDGE('',*,*,#4892,.T.);
#7045=ORIENTED_EDGE('',*,*,#4932,.T.);
#7046=ORIENTED_EDGE('',*,*,#4933,.F.);
#7047=ORIENTED_EDGE('',*,*,#4934,.F.);
#7048=ORIENTED_EDGE('',*,*,#4893,.T.);
#7049=ORIENTED_EDGE('',*,*,#4934,.T.);
#7050=ORIENTED_EDGE('',*,*,#4935,.F.);
#7051=ORIENTED_EDGE('',*,*,#4936,.F.);
#7052=ORIENTED_EDGE('',*,*,#4894,.T.);
#7053=ORIENTED_EDGE('',*,*,#4936,.T.);
#7054=ORIENTED_EDGE('',*,*,#4937,.F.);
#7055=ORIENTED_EDGE('',*,*,#4938,.F.);
#7056=ORIENTED_EDGE('',*,*,#4895,.T.);
#7057=ORIENTED_EDGE('',*,*,#4938,.T.);
#7058=ORIENTED_EDGE('',*,*,#4939,.F.);
#7059=ORIENTED_EDGE('',*,*,#4940,.F.);
#7060=ORIENTED_EDGE('',*,*,#4896,.T.);
#7061=ORIENTED_EDGE('',*,*,#4940,.T.);
#7062=ORIENTED_EDGE('',*,*,#4941,.F.);
#7063=ORIENTED_EDGE('',*,*,#4942,.F.);
#7064=ORIENTED_EDGE('',*,*,#4897,.T.);
#7065=ORIENTED_EDGE('',*,*,#4942,.T.);
#7066=ORIENTED_EDGE('',*,*,#4943,.F.);
#7067=ORIENTED_EDGE('',*,*,#4944,.F.);
#7068=ORIENTED_EDGE('',*,*,#4898,.T.);
#7069=ORIENTED_EDGE('',*,*,#4944,.T.);
#7070=ORIENTED_EDGE('',*,*,#4945,.F.);
#7071=ORIENTED_EDGE('',*,*,#4946,.F.);
#7072=ORIENTED_EDGE('',*,*,#4899,.T.);
#7073=ORIENTED_EDGE('',*,*,#4946,.T.);
#7074=ORIENTED_EDGE('',*,*,#4947,.F.);
#7075=ORIENTED_EDGE('',*,*,#4948,.F.);
#7076=ORIENTED_EDGE('',*,*,#4900,.T.);
#7077=ORIENTED_EDGE('',*,*,#4948,.T.);
#7078=ORIENTED_EDGE('',*,*,#4949,.F.);
#7079=ORIENTED_EDGE('',*,*,#4950,.F.);
#7080=ORIENTED_EDGE('',*,*,#4901,.T.);
#7081=ORIENTED_EDGE('',*,*,#4950,.T.);
#7082=ORIENTED_EDGE('',*,*,#4951,.F.);
#7083=ORIENTED_EDGE('',*,*,#4952,.F.);
#7084=ORIENTED_EDGE('',*,*,#4902,.T.);
#7085=ORIENTED_EDGE('',*,*,#4952,.T.);
#7086=ORIENTED_EDGE('',*,*,#4953,.F.);
#7087=ORIENTED_EDGE('',*,*,#4954,.F.);
#7088=ORIENTED_EDGE('',*,*,#4903,.T.);
#7089=ORIENTED_EDGE('',*,*,#4954,.T.);
#7090=ORIENTED_EDGE('',*,*,#4955,.F.);
#7091=ORIENTED_EDGE('',*,*,#4956,.F.);
#7092=ORIENTED_EDGE('',*,*,#4904,.T.);
#7093=ORIENTED_EDGE('',*,*,#4956,.T.);
#7094=ORIENTED_EDGE('',*,*,#4957,.F.);
#7095=ORIENTED_EDGE('',*,*,#4958,.F.);
#7096=ORIENTED_EDGE('',*,*,#4905,.T.);
#7097=ORIENTED_EDGE('',*,*,#4958,.T.);
#7098=ORIENTED_EDGE('',*,*,#4959,.F.);
#7099=ORIENTED_EDGE('',*,*,#4960,.F.);
#7100=ORIENTED_EDGE('',*,*,#4888,.T.);
#7101=ORIENTED_EDGE('',*,*,#4960,.T.);
#7102=ORIENTED_EDGE('',*,*,#4961,.F.);
#7103=ORIENTED_EDGE('',*,*,#4862,.F.);
#7104=ORIENTED_EDGE('',*,*,#4863,.T.);
#7105=ORIENTED_EDGE('',*,*,#4961,.T.);
#7106=ORIENTED_EDGE('',*,*,#4959,.T.);
#7107=ORIENTED_EDGE('',*,*,#4957,.T.);
#7108=ORIENTED_EDGE('',*,*,#4955,.T.);
#7109=ORIENTED_EDGE('',*,*,#4953,.T.);
#7110=ORIENTED_EDGE('',*,*,#4951,.T.);
#7111=ORIENTED_EDGE('',*,*,#4949,.T.);
#7112=ORIENTED_EDGE('',*,*,#4947,.T.);
#7113=ORIENTED_EDGE('',*,*,#4945,.T.);
#7114=ORIENTED_EDGE('',*,*,#4943,.T.);
#7115=ORIENTED_EDGE('',*,*,#4941,.T.);
#7116=ORIENTED_EDGE('',*,*,#4939,.T.);
#7117=ORIENTED_EDGE('',*,*,#4937,.T.);
#7118=ORIENTED_EDGE('',*,*,#4935,.T.);
#7119=ORIENTED_EDGE('',*,*,#4933,.T.);
#7120=ORIENTED_EDGE('',*,*,#4931,.T.);
#7121=ORIENTED_EDGE('',*,*,#4929,.T.);
#7122=ORIENTED_EDGE('',*,*,#4927,.T.);
#7123=ORIENTED_EDGE('',*,*,#4857,.T.);
#7124=ORIENTED_EDGE('',*,*,#4861,.T.);
#7125=ORIENTED_EDGE('',*,*,#4866,.T.);
#7126=ORIENTED_EDGE('',*,*,#4868,.T.);
#7127=ORIENTED_EDGE('',*,*,#4872,.T.);
#7128=ORIENTED_EDGE('',*,*,#4887,.T.);
#7129=ORIENTED_EDGE('',*,*,#4926,.T.);
#7130=ORIENTED_EDGE('',*,*,#4924,.T.);
#7131=ORIENTED_EDGE('',*,*,#4922,.T.);
#7132=ORIENTED_EDGE('',*,*,#4920,.T.);
#7133=ORIENTED_EDGE('',*,*,#4918,.T.);
#7134=ORIENTED_EDGE('',*,*,#4916,.T.);
#7135=ORIENTED_EDGE('',*,*,#4914,.T.);
#7136=ORIENTED_EDGE('',*,*,#4912,.T.);
#7137=ORIENTED_EDGE('',*,*,#4910,.T.);
#7138=ORIENTED_EDGE('',*,*,#4908,.T.);
#7139=ORIENTED_EDGE('',*,*,#4906,.T.);
#7140=ORIENTED_EDGE('',*,*,#4962,.T.);
#7141=ORIENTED_EDGE('',*,*,#4963,.T.);
#7142=ORIENTED_EDGE('',*,*,#4964,.T.);
#7143=ORIENTED_EDGE('',*,*,#4965,.T.);
#7144=ORIENTED_EDGE('',*,*,#4966,.T.);
#7145=ORIENTED_EDGE('',*,*,#4967,.T.);
#7146=ORIENTED_EDGE('',*,*,#4968,.T.);
#7147=ORIENTED_EDGE('',*,*,#4969,.T.);
#7148=ORIENTED_EDGE('',*,*,#4970,.T.);
#7149=ORIENTED_EDGE('',*,*,#4971,.T.);
#7150=ORIENTED_EDGE('',*,*,#4972,.T.);
#7151=ORIENTED_EDGE('',*,*,#4973,.T.);
#7152=ORIENTED_EDGE('',*,*,#4974,.T.);
#7153=ORIENTED_EDGE('',*,*,#4975,.T.);
#7154=ORIENTED_EDGE('',*,*,#4976,.T.);
#7155=ORIENTED_EDGE('',*,*,#4849,.T.);
#7156=ORIENTED_EDGE('',*,*,#4830,.T.);
#7157=ORIENTED_EDGE('',*,*,#4834,.T.);
#7158=ORIENTED_EDGE('',*,*,#4836,.T.);
#7159=ORIENTED_EDGE('',*,*,#4977,.T.);
#7160=ORIENTED_EDGE('',*,*,#4879,.F.);
#7161=ORIENTED_EDGE('',*,*,#4698,.F.);
#7162=ORIENTED_EDGE('',*,*,#4885,.F.);
#7163=ORIENTED_EDGE('',*,*,#4870,.T.);
#7164=ORIENTED_EDGE('',*,*,#4874,.T.);
#7165=ORIENTED_EDGE('',*,*,#4978,.T.);
#7166=ORIENTED_EDGE('',*,*,#4979,.T.);
#7167=ORIENTED_EDGE('',*,*,#4980,.T.);
#7168=ORIENTED_EDGE('',*,*,#4852,.T.);
#7169=ORIENTED_EDGE('',*,*,#4981,.T.);
#7170=ORIENTED_EDGE('',*,*,#4982,.T.);
#7171=ORIENTED_EDGE('',*,*,#4983,.T.);
#7172=ORIENTED_EDGE('',*,*,#4984,.T.);
#7173=ORIENTED_EDGE('',*,*,#4985,.T.);
#7174=ORIENTED_EDGE('',*,*,#4882,.T.);
#7175=ORIENTED_EDGE('',*,*,#4986,.T.);
#7176=ORIENTED_EDGE('',*,*,#4987,.F.);
#7177=ORIENTED_EDGE('',*,*,#4841,.F.);
#7178=ORIENTED_EDGE('',*,*,#4988,.F.);
#7179=ORIENTED_EDGE('',*,*,#4989,.T.);
#7180=ORIENTED_EDGE('',*,*,#4990,.F.);
#7181=ORIENTED_EDGE('',*,*,#4991,.F.);
#7182=ORIENTED_EDGE('',*,*,#4992,.F.);
#7183=ORIENTED_EDGE('',*,*,#4993,.F.);
#7184=ORIENTED_EDGE('',*,*,#4994,.F.);
#7185=ORIENTED_EDGE('',*,*,#4995,.F.);
#7186=ORIENTED_EDGE('',*,*,#4996,.F.);
#7187=ORIENTED_EDGE('',*,*,#4997,.F.);
#7188=ORIENTED_EDGE('',*,*,#4998,.F.);
#7189=ORIENTED_EDGE('',*,*,#4999,.F.);
#7190=ORIENTED_EDGE('',*,*,#5000,.F.);
#7191=ORIENTED_EDGE('',*,*,#5001,.F.);
#7192=ORIENTED_EDGE('',*,*,#4884,.F.);
#7193=ORIENTED_EDGE('',*,*,#5002,.F.);
#7194=ORIENTED_EDGE('',*,*,#5003,.F.);
#7195=ORIENTED_EDGE('',*,*,#5004,.F.);
#7196=ORIENTED_EDGE('',*,*,#5005,.F.);
#7197=ORIENTED_EDGE('',*,*,#4853,.F.);
#7198=ORIENTED_EDGE('',*,*,#4980,.F.);
#7199=ORIENTED_EDGE('',*,*,#5006,.T.);
#7200=ORIENTED_EDGE('',*,*,#4715,.F.);
#7201=ORIENTED_EDGE('',*,*,#4845,.F.);
#7202=ORIENTED_EDGE('',*,*,#5006,.F.);
#7203=ORIENTED_EDGE('',*,*,#4979,.F.);
#7204=ORIENTED_EDGE('',*,*,#5007,.T.);
#7205=ORIENTED_EDGE('',*,*,#4716,.F.);
#7206=ORIENTED_EDGE('',*,*,#5007,.F.);
#7207=ORIENTED_EDGE('',*,*,#4978,.F.);
#7208=ORIENTED_EDGE('',*,*,#4873,.T.);
#7209=ORIENTED_EDGE('',*,*,#4854,.T.);
#7210=ORIENTED_EDGE('',*,*,#4717,.F.);
#7211=ORIENTED_EDGE('',*,*,#4694,.T.);
#7212=ORIENTED_EDGE('',*,*,#4880,.F.);
#7213=ORIENTED_EDGE('',*,*,#4977,.F.);
#7214=ORIENTED_EDGE('',*,*,#4835,.T.);
#7215=ORIENTED_EDGE('',*,*,#4838,.T.);
#7216=ORIENTED_EDGE('',*,*,#4850,.F.);
#7217=ORIENTED_EDGE('',*,*,#4976,.F.);
#7218=ORIENTED_EDGE('',*,*,#5008,.T.);
#7219=ORIENTED_EDGE('',*,*,#4839,.T.);
#7220=ORIENTED_EDGE('',*,*,#5008,.F.);
#7221=ORIENTED_EDGE('',*,*,#4975,.F.);
#7222=ORIENTED_EDGE('',*,*,#5009,.T.);
#7223=ORIENTED_EDGE('',*,*,#4989,.F.);
#7224=ORIENTED_EDGE('',*,*,#5010,.T.);
#7225=ORIENTED_EDGE('',*,*,#4973,.F.);
#7226=ORIENTED_EDGE('',*,*,#5011,.F.);
#7227=ORIENTED_EDGE('',*,*,#4990,.T.);
#7228=ORIENTED_EDGE('',*,*,#5011,.T.);
#7229=ORIENTED_EDGE('',*,*,#4972,.F.);
#7230=ORIENTED_EDGE('',*,*,#5012,.F.);
#7231=ORIENTED_EDGE('',*,*,#4991,.T.);
#7232=ORIENTED_EDGE('',*,*,#5012,.T.);
#7233=ORIENTED_EDGE('',*,*,#4971,.F.);
#7234=ORIENTED_EDGE('',*,*,#5013,.F.);
#7235=ORIENTED_EDGE('',*,*,#4992,.T.);
#7236=ORIENTED_EDGE('',*,*,#5013,.T.);
#7237=ORIENTED_EDGE('',*,*,#4970,.F.);
#7238=ORIENTED_EDGE('',*,*,#5014,.F.);
#7239=ORIENTED_EDGE('',*,*,#4993,.T.);
#7240=ORIENTED_EDGE('',*,*,#5014,.T.);
#7241=ORIENTED_EDGE('',*,*,#4969,.F.);
#7242=ORIENTED_EDGE('',*,*,#5015,.F.);
#7243=ORIENTED_EDGE('',*,*,#4994,.T.);
#7244=ORIENTED_EDGE('',*,*,#5015,.T.);
#7245=ORIENTED_EDGE('',*,*,#4968,.F.);
#7246=ORIENTED_EDGE('',*,*,#5016,.F.);
#7247=ORIENTED_EDGE('',*,*,#4995,.T.);
#7248=ORIENTED_EDGE('',*,*,#5016,.T.);
#7249=ORIENTED_EDGE('',*,*,#4967,.F.);
#7250=ORIENTED_EDGE('',*,*,#5017,.F.);
#7251=ORIENTED_EDGE('',*,*,#4996,.T.);
#7252=ORIENTED_EDGE('',*,*,#5017,.T.);
#7253=ORIENTED_EDGE('',*,*,#4966,.F.);
#7254=ORIENTED_EDGE('',*,*,#5018,.F.);
#7255=ORIENTED_EDGE('',*,*,#4997,.T.);
#7256=ORIENTED_EDGE('',*,*,#5018,.T.);
#7257=ORIENTED_EDGE('',*,*,#4965,.F.);
#7258=ORIENTED_EDGE('',*,*,#5019,.F.);
#7259=ORIENTED_EDGE('',*,*,#4998,.T.);
#7260=ORIENTED_EDGE('',*,*,#5019,.T.);
#7261=ORIENTED_EDGE('',*,*,#4964,.F.);
#7262=ORIENTED_EDGE('',*,*,#5020,.F.);
#7263=ORIENTED_EDGE('',*,*,#4999,.T.);
#7264=ORIENTED_EDGE('',*,*,#5020,.T.);
#7265=ORIENTED_EDGE('',*,*,#4963,.F.);
#7266=ORIENTED_EDGE('',*,*,#5021,.F.);
#7267=ORIENTED_EDGE('',*,*,#5022,.F.);
#7268=ORIENTED_EDGE('',*,*,#5000,.T.);
#7269=ORIENTED_EDGE('',*,*,#5021,.T.);
#7270=ORIENTED_EDGE('',*,*,#4962,.F.);
#7271=ORIENTED_EDGE('',*,*,#4881,.F.);
#7272=ORIENTED_EDGE('',*,*,#5001,.T.);
#7273=ORIENTED_EDGE('',*,*,#5022,.T.);
#7274=ORIENTED_EDGE('',*,*,#4986,.F.);
#7275=ORIENTED_EDGE('',*,*,#5002,.T.);
#7276=ORIENTED_EDGE('',*,*,#4883,.T.);
#7277=ORIENTED_EDGE('',*,*,#4985,.F.);
#7278=ORIENTED_EDGE('',*,*,#5023,.F.);
#7279=ORIENTED_EDGE('',*,*,#5003,.T.);
#7280=ORIENTED_EDGE('',*,*,#5023,.T.);
#7281=ORIENTED_EDGE('',*,*,#4984,.F.);
#7282=ORIENTED_EDGE('',*,*,#5024,.F.);
#7283=ORIENTED_EDGE('',*,*,#5004,.T.);
#7284=ORIENTED_EDGE('',*,*,#5024,.T.);
#7285=ORIENTED_EDGE('',*,*,#4983,.F.);
#7286=ORIENTED_EDGE('',*,*,#5025,.F.);
#7287=ORIENTED_EDGE('',*,*,#5005,.T.);
#7288=ORIENTED_EDGE('',*,*,#5025,.T.);
#7289=ORIENTED_EDGE('',*,*,#4982,.F.);
#7290=ORIENTED_EDGE('',*,*,#5026,.F.);
#7291=ORIENTED_EDGE('',*,*,#4987,.T.);
#7292=ORIENTED_EDGE('',*,*,#5026,.T.);
#7293=ORIENTED_EDGE('',*,*,#4981,.F.);
#7294=ORIENTED_EDGE('',*,*,#4851,.F.);
#7295=ORIENTED_EDGE('',*,*,#4840,.T.);
#7296=ORIENTED_EDGE('',*,*,#5009,.F.);
#7297=ORIENTED_EDGE('',*,*,#4974,.F.);
#7298=ORIENTED_EDGE('',*,*,#5010,.F.);
#7299=ORIENTED_EDGE('',*,*,#4988,.T.);
#7300=ORIENTED_EDGE('',*,*,#5027,.T.);
#7301=ORIENTED_EDGE('',*,*,#5028,.T.);
#7302=ORIENTED_EDGE('',*,*,#5029,.T.);
#7303=ORIENTED_EDGE('',*,*,#5030,.T.);
#7304=ORIENTED_EDGE('',*,*,#5031,.T.);
#7305=ORIENTED_EDGE('',*,*,#5032,.T.);
#7306=ORIENTED_EDGE('',*,*,#5033,.T.);
#7307=ORIENTED_EDGE('',*,*,#5034,.T.);
#7308=ORIENTED_EDGE('',*,*,#5035,.T.);
#7309=ORIENTED_EDGE('',*,*,#5036,.T.);
#7310=ORIENTED_EDGE('',*,*,#5037,.T.);
#7311=ORIENTED_EDGE('',*,*,#5038,.T.);
#7312=ORIENTED_EDGE('',*,*,#5039,.T.);
#7313=ORIENTED_EDGE('',*,*,#5040,.T.);
#7314=ORIENTED_EDGE('',*,*,#5041,.T.);
#7315=ORIENTED_EDGE('',*,*,#5042,.T.);
#7316=ORIENTED_EDGE('',*,*,#5043,.T.);
#7317=ORIENTED_EDGE('',*,*,#5044,.T.);
#7318=ORIENTED_EDGE('',*,*,#5045,.T.);
#7319=ORIENTED_EDGE('',*,*,#5046,.T.);
#7320=ORIENTED_EDGE('',*,*,#4691,.F.);
#7321=ORIENTED_EDGE('',*,*,#4672,.F.);
#7322=ORIENTED_EDGE('',*,*,#4671,.T.);
#7323=ORIENTED_EDGE('',*,*,#4832,.F.);
#7324=ORIENTED_EDGE('',*,*,#4848,.T.);
#7325=ORIENTED_EDGE('',*,*,#5047,.T.);
#7326=ORIENTED_EDGE('',*,*,#5048,.T.);
#7327=ORIENTED_EDGE('',*,*,#5049,.T.);
#7328=ORIENTED_EDGE('',*,*,#5050,.T.);
#7329=ORIENTED_EDGE('',*,*,#5051,.T.);
#7330=ORIENTED_EDGE('',*,*,#5052,.T.);
#7331=ORIENTED_EDGE('',*,*,#5053,.T.);
#7332=ORIENTED_EDGE('',*,*,#5054,.T.);
#7333=ORIENTED_EDGE('',*,*,#5055,.T.);
#7334=ORIENTED_EDGE('',*,*,#5056,.T.);
#7335=ORIENTED_EDGE('',*,*,#4875,.T.);
#7336=ORIENTED_EDGE('',*,*,#5057,.T.);
#7337=ORIENTED_EDGE('',*,*,#4844,.T.);
#7338=ORIENTED_EDGE('',*,*,#5058,.F.);
#7339=ORIENTED_EDGE('',*,*,#5047,.F.);
#7340=ORIENTED_EDGE('',*,*,#4847,.T.);
#7341=ORIENTED_EDGE('',*,*,#5059,.F.);
#7342=ORIENTED_EDGE('',*,*,#5060,.F.);
#7343=ORIENTED_EDGE('',*,*,#5061,.T.);
#7344=ORIENTED_EDGE('',*,*,#5062,.F.);
#7345=ORIENTED_EDGE('',*,*,#5063,.F.);
#7346=ORIENTED_EDGE('',*,*,#5064,.F.);
#7347=ORIENTED_EDGE('',*,*,#5065,.F.);
#7348=ORIENTED_EDGE('',*,*,#5066,.F.);
#7349=ORIENTED_EDGE('',*,*,#5067,.F.);
#7350=ORIENTED_EDGE('',*,*,#5068,.F.);
#7351=ORIENTED_EDGE('',*,*,#5069,.F.);
#7352=ORIENTED_EDGE('',*,*,#5070,.F.);
#7353=ORIENTED_EDGE('',*,*,#5071,.F.);
#7354=ORIENTED_EDGE('',*,*,#5072,.F.);
#7355=ORIENTED_EDGE('',*,*,#5073,.F.);
#7356=ORIENTED_EDGE('',*,*,#4877,.F.);
#7357=ORIENTED_EDGE('',*,*,#5074,.F.);
#7358=ORIENTED_EDGE('',*,*,#5075,.F.);
#7359=ORIENTED_EDGE('',*,*,#5076,.F.);
#7360=ORIENTED_EDGE('',*,*,#5077,.F.);
#7361=ORIENTED_EDGE('',*,*,#5078,.F.);
#7362=ORIENTED_EDGE('',*,*,#5050,.F.);
#7363=ORIENTED_EDGE('',*,*,#5079,.T.);
#7364=ORIENTED_EDGE('',*,*,#4711,.F.);
#7365=ORIENTED_EDGE('',*,*,#5079,.F.);
#7366=ORIENTED_EDGE('',*,*,#5049,.F.);
#7367=ORIENTED_EDGE('',*,*,#5080,.T.);
#7368=ORIENTED_EDGE('',*,*,#4712,.F.);
#7369=ORIENTED_EDGE('',*,*,#5080,.F.);
#7370=ORIENTED_EDGE('',*,*,#5048,.F.);
#7371=ORIENTED_EDGE('',*,*,#5058,.T.);
#7372=ORIENTED_EDGE('',*,*,#4846,.T.);
#7373=ORIENTED_EDGE('',*,*,#4713,.F.);
#7374=ORIENTED_EDGE('',*,*,#4692,.F.);
#7375=ORIENTED_EDGE('',*,*,#5046,.F.);
#7376=ORIENTED_EDGE('',*,*,#5081,.T.);
#7377=ORIENTED_EDGE('',*,*,#4703,.F.);
#7378=ORIENTED_EDGE('',*,*,#5081,.F.);
#7379=ORIENTED_EDGE('',*,*,#5045,.F.);
#7380=ORIENTED_EDGE('',*,*,#5082,.T.);
#7381=ORIENTED_EDGE('',*,*,#4704,.F.);
#7382=ORIENTED_EDGE('',*,*,#5082,.F.);
#7383=ORIENTED_EDGE('',*,*,#5044,.F.);
#7384=ORIENTED_EDGE('',*,*,#5083,.T.);
#7385=ORIENTED_EDGE('',*,*,#4705,.F.);
#7386=ORIENTED_EDGE('',*,*,#5083,.F.);
#7387=ORIENTED_EDGE('',*,*,#5043,.F.);
#7388=ORIENTED_EDGE('',*,*,#5084,.T.);
#7389=ORIENTED_EDGE('',*,*,#4706,.F.);
#7390=ORIENTED_EDGE('',*,*,#5084,.F.);
#7391=ORIENTED_EDGE('',*,*,#5042,.F.);
#7392=ORIENTED_EDGE('',*,*,#5085,.T.);
#7393=ORIENTED_EDGE('',*,*,#4707,.F.);
#7394=ORIENTED_EDGE('',*,*,#5085,.F.);
#7395=ORIENTED_EDGE('',*,*,#5041,.F.);
#7396=ORIENTED_EDGE('',*,*,#5086,.T.);
#7397=ORIENTED_EDGE('',*,*,#4708,.F.);
#7398=ORIENTED_EDGE('',*,*,#5086,.F.);
#7399=ORIENTED_EDGE('',*,*,#5040,.F.);
#7400=ORIENTED_EDGE('',*,*,#5087,.T.);
#7401=ORIENTED_EDGE('',*,*,#4709,.F.);
#7402=ORIENTED_EDGE('',*,*,#5061,.F.);
#7403=ORIENTED_EDGE('',*,*,#5088,.T.);
#7404=ORIENTED_EDGE('',*,*,#5038,.F.);
#7405=ORIENTED_EDGE('',*,*,#5089,.F.);
#7406=ORIENTED_EDGE('',*,*,#5062,.T.);
#7407=ORIENTED_EDGE('',*,*,#5089,.T.);
#7408=ORIENTED_EDGE('',*,*,#5037,.F.);
#7409=ORIENTED_EDGE('',*,*,#5090,.F.);
#7410=ORIENTED_EDGE('',*,*,#5063,.T.);
#7411=ORIENTED_EDGE('',*,*,#5090,.T.);
#7412=ORIENTED_EDGE('',*,*,#5036,.F.);
#7413=ORIENTED_EDGE('',*,*,#5091,.F.);
#7414=ORIENTED_EDGE('',*,*,#5064,.T.);
#7415=ORIENTED_EDGE('',*,*,#5091,.T.);
#7416=ORIENTED_EDGE('',*,*,#5035,.F.);
#7417=ORIENTED_EDGE('',*,*,#5092,.F.);
#7418=ORIENTED_EDGE('',*,*,#5065,.T.);
#7419=ORIENTED_EDGE('',*,*,#5092,.T.);
#7420=ORIENTED_EDGE('',*,*,#5034,.F.);
#7421=ORIENTED_EDGE('',*,*,#5093,.F.);
#7422=ORIENTED_EDGE('',*,*,#5066,.T.);
#7423=ORIENTED_EDGE('',*,*,#5093,.T.);
#7424=ORIENTED_EDGE('',*,*,#5033,.F.);
#7425=ORIENTED_EDGE('',*,*,#5094,.F.);
#7426=ORIENTED_EDGE('',*,*,#5067,.T.);
#7427=ORIENTED_EDGE('',*,*,#5094,.T.);
#7428=ORIENTED_EDGE('',*,*,#5032,.F.);
#7429=ORIENTED_EDGE('',*,*,#5095,.F.);
#7430=ORIENTED_EDGE('',*,*,#5068,.T.);
#7431=ORIENTED_EDGE('',*,*,#5095,.T.);
#7432=ORIENTED_EDGE('',*,*,#5031,.F.);
#7433=ORIENTED_EDGE('',*,*,#5096,.F.);
#7434=ORIENTED_EDGE('',*,*,#5069,.T.);
#7435=ORIENTED_EDGE('',*,*,#5096,.T.);
#7436=ORIENTED_EDGE('',*,*,#5030,.F.);
#7437=ORIENTED_EDGE('',*,*,#5097,.F.);
#7438=ORIENTED_EDGE('',*,*,#5070,.T.);
#7439=ORIENTED_EDGE('',*,*,#5097,.T.);
#7440=ORIENTED_EDGE('',*,*,#5029,.F.);
#7441=ORIENTED_EDGE('',*,*,#5098,.F.);
#7442=ORIENTED_EDGE('',*,*,#5071,.T.);
#7443=ORIENTED_EDGE('',*,*,#5098,.T.);
#7444=ORIENTED_EDGE('',*,*,#5028,.F.);
#7445=ORIENTED_EDGE('',*,*,#5099,.F.);
#7446=ORIENTED_EDGE('',*,*,#5100,.F.);
#7447=ORIENTED_EDGE('',*,*,#5072,.T.);
#7448=ORIENTED_EDGE('',*,*,#5099,.T.);
#7449=ORIENTED_EDGE('',*,*,#5027,.F.);
#7450=ORIENTED_EDGE('',*,*,#4878,.F.);
#7451=ORIENTED_EDGE('',*,*,#5073,.T.);
#7452=ORIENTED_EDGE('',*,*,#5100,.T.);
#7453=ORIENTED_EDGE('',*,*,#5057,.F.);
#7454=ORIENTED_EDGE('',*,*,#5074,.T.);
#7455=ORIENTED_EDGE('',*,*,#4876,.T.);
#7456=ORIENTED_EDGE('',*,*,#5056,.F.);
#7457=ORIENTED_EDGE('',*,*,#5101,.F.);
#7458=ORIENTED_EDGE('',*,*,#5075,.T.);
#7459=ORIENTED_EDGE('',*,*,#5101,.T.);
#7460=ORIENTED_EDGE('',*,*,#5055,.F.);
#7461=ORIENTED_EDGE('',*,*,#5102,.F.);
#7462=ORIENTED_EDGE('',*,*,#5076,.T.);
#7463=ORIENTED_EDGE('',*,*,#5102,.T.);
#7464=ORIENTED_EDGE('',*,*,#5054,.F.);
#7465=ORIENTED_EDGE('',*,*,#5103,.F.);
#7466=ORIENTED_EDGE('',*,*,#5077,.T.);
#7467=ORIENTED_EDGE('',*,*,#5103,.T.);
#7468=ORIENTED_EDGE('',*,*,#5053,.F.);
#7469=ORIENTED_EDGE('',*,*,#5104,.F.);
#7470=ORIENTED_EDGE('',*,*,#5059,.T.);
#7471=ORIENTED_EDGE('',*,*,#5104,.T.);
#7472=ORIENTED_EDGE('',*,*,#5052,.F.);
#7473=ORIENTED_EDGE('',*,*,#5105,.F.);
#7474=ORIENTED_EDGE('',*,*,#5105,.T.);
#7475=ORIENTED_EDGE('',*,*,#5051,.F.);
#7476=ORIENTED_EDGE('',*,*,#5078,.T.);
#7477=ORIENTED_EDGE('',*,*,#4710,.F.);
#7478=ORIENTED_EDGE('',*,*,#5087,.F.);
#7479=ORIENTED_EDGE('',*,*,#5039,.F.);
#7480=ORIENTED_EDGE('',*,*,#5088,.F.);
#7481=ORIENTED_EDGE('',*,*,#5060,.T.);
#7482=PLANE('',#8211);
#7483=PLANE('',#8212);
#7484=PLANE('',#8213);
#7485=PLANE('',#8214);
#7486=PLANE('',#8215);
#7487=PLANE('',#8216);
#7488=PLANE('',#8217);
#7489=PLANE('',#8218);
#7490=PLANE('',#8219);
#7491=PLANE('',#8220);
#7492=PLANE('',#8221);
#7493=PLANE('',#8222);
#7494=PLANE('',#8223);
#7495=PLANE('',#8224);
#7496=PLANE('',#8225);
#7497=PLANE('',#8226);
#7498=PLANE('',#8227);
#7499=PLANE('',#8228);
#7500=PLANE('',#8229);
#7501=PLANE('',#8230);
#7502=PLANE('',#8231);
#7503=PLANE('',#8232);
#7504=PLANE('',#8233);
#7505=PLANE('',#8234);
#7506=PLANE('',#8235);
#7507=PLANE('',#8236);
#7508=PLANE('',#8237);
#7509=PLANE('',#8238);
#7510=PLANE('',#8239);
#7511=PLANE('',#8240);
#7512=PLANE('',#8244);
#7513=PLANE('',#8245);
#7514=PLANE('',#8249);
#7515=PLANE('',#8250);
#7516=PLANE('',#8251);
#7517=PLANE('',#8252);
#7518=PLANE('',#8253);
#7519=PLANE('',#8254);
#7520=PLANE('',#8255);
#7521=PLANE('',#8256);
#7522=PLANE('',#8257);
#7523=PLANE('',#8258);
#7524=PLANE('',#8259);
#7525=PLANE('',#8260);
#7526=PLANE('',#8261);
#7527=PLANE('',#8262);
#7528=PLANE('',#8263);
#7529=PLANE('',#8264);
#7530=PLANE('',#8265);
#7531=PLANE('',#8266);
#7532=PLANE('',#8267);
#7533=PLANE('',#8268);
#7534=PLANE('',#8269);
#7535=PLANE('',#8270);
#7536=PLANE('',#8271);
#7537=PLANE('',#8272);
#7538=PLANE('',#8287);
#7539=PLANE('',#8288);
#7540=PLANE('',#8290);
#7541=PLANE('',#8291);
#7542=PLANE('',#8292);
#7543=PLANE('',#8293);
#7544=PLANE('',#8294);
#7545=PLANE('',#8295);
#7546=PLANE('',#8296);
#7547=PLANE('',#8297);
#7548=PLANE('',#8298);
#7549=PLANE('',#8299);
#7550=PLANE('',#8300);
#7551=PLANE('',#8301);
#7552=PLANE('',#8302);
#7553=PLANE('',#8303);
#7554=PLANE('',#8304);
#7555=PLANE('',#8305);
#7556=PLANE('',#8306);
#7557=PLANE('',#8307);
#7558=PLANE('',#8308);
#7559=PLANE('',#8309);
#7560=PLANE('',#8310);
#7561=PLANE('',#8311);
#7562=PLANE('',#8312);
#7563=PLANE('',#8313);
#7564=PLANE('',#8314);
#7565=PLANE('',#8315);
#7566=PLANE('',#8316);
#7567=PLANE('',#8317);
#7568=PLANE('',#8318);
#7569=PLANE('',#8319);
#7570=PLANE('',#8320);
#7571=PLANE('',#8321);
#7572=PLANE('',#8322);
#7573=PLANE('',#8323);
#7574=PLANE('',#8324);
#7575=PLANE('',#8325);
#7576=PLANE('',#8326);
#7577=PLANE('',#8327);
#7578=PLANE('',#8328);
#7579=PLANE('',#8329);
#7580=PLANE('',#8330);
#7581=PLANE('',#8331);
#7582=PLANE('',#8332);
#7583=PLANE('',#8333);
#7584=PLANE('',#8334);
#7585=PLANE('',#8335);
#7586=PLANE('',#8336);
#7587=PLANE('',#8337);
#7588=PLANE('',#8338);
#7589=PLANE('',#8339);
#7590=PLANE('',#8340);
#7591=PLANE('',#8341);
#7592=PLANE('',#8342);
#7593=PLANE('',#8345);
#7594=PLANE('',#8346);
#7595=PLANE('',#8350);
#7596=PLANE('',#8351);
#7597=PLANE('',#8352);
#7598=PLANE('',#8353);
#7599=PLANE('',#8354);
#7600=PLANE('',#8357);
#7601=PLANE('',#8361);
#7602=PLANE('',#8362);
#7603=PLANE('',#8363);
#7604=PLANE('',#8364);
#7605=PLANE('',#8365);
#7606=PLANE('',#8366);
#7607=PLANE('',#8377);
#7608=PLANE('',#8380);
#7609=PLANE('',#8383);
#7610=PLANE('',#8386);
#7611=PLANE('',#8389);
#7612=PLANE('',#8392);
#7613=PLANE('',#8395);
#7614=PLANE('',#8398);
#7615=PLANE('',#8401);
#7616=PLANE('',#8404);
#7617=PLANE('',#8407);
#7618=PLANE('',#8410);
#7619=PLANE('',#8413);
#7620=PLANE('',#8416);
#7621=PLANE('',#8417);
#7622=PLANE('',#8418);
#7623=PLANE('',#8419);
#7624=PLANE('',#8432);
#7625=PLANE('',#8442);
#7626=PLANE('',#8445);
#7627=PLANE('',#8447);
#7628=PLANE('',#8448);
#7629=PLANE('',#8450);
#7630=PLANE('',#8452);
#7631=PLANE('',#8454);
#7632=PLANE('',#8456);
#7633=PLANE('',#8458);
#7634=PLANE('',#8461);
#7635=PLANE('',#8463);
#7636=PLANE('',#8464);
#7637=PLANE('',#8465);
#7638=PLANE('',#8466);
#7639=PLANE('',#8481);
#7640=PLANE('',#8482);
#7641=PLANE('',#8492);
#7642=PLANE('',#8495);
#7643=PLANE('',#8497);
#7644=PLANE('',#8499);
#7645=PLANE('',#8501);
#7646=PLANE('',#8502);
#7647=PLANE('',#8504);
#7648=PLANE('',#8506);
#7649=PLANE('',#8508);
#7650=PLANE('',#8510);
#7651=PLANE('',#8512);
#7652=PLANE('',#8515);
#7653=PLANE('',#8517);
#7654=PLANE('',#8518);
#7655=PLANE('',#8519);
#7656=PLANE('',#8520);
#7657=PLANE('',#8521);
#7658=PLANE('',#8522);
#7659=PLANE('',#8523);
#7660=PLANE('',#8524);
#7661=PLANE('',#8525);
#7662=PLANE('',#8526);
#7663=PLANE('',#8527);
#7664=PLANE('',#8528);
#7665=PLANE('',#8529);
#7666=PLANE('',#8530);
#7667=PLANE('',#8531);
#7668=PLANE('',#8532);
#7669=PLANE('',#8533);
#7670=PLANE('',#8534);
#7671=PLANE('',#8535);
#7672=PLANE('',#8550);
#7673=PLANE('',#8551);
#7674=PLANE('',#8553);
#7675=PLANE('',#8554);
#7676=PLANE('',#8555);
#7677=PLANE('',#8556);
#7678=PLANE('',#8557);
#7679=PLANE('',#8558);
#7680=PLANE('',#8559);
#7681=PLANE('',#8560);
#7682=PLANE('',#8561);
#7683=PLANE('',#8562);
#7684=PLANE('',#8563);
#7685=PLANE('',#8564);
#7686=PLANE('',#8565);
#7687=PLANE('',#8566);
#7688=PLANE('',#8567);
#7689=PLANE('',#8568);
#7690=PLANE('',#8569);
#7691=PLANE('',#8570);
#7692=PLANE('',#8571);
#7693=PLANE('',#8572);
#7694=PLANE('',#8573);
#7695=PLANE('',#8574);
#7696=PLANE('',#8575);
#7697=PLANE('',#8576);
#7698=PLANE('',#8577);
#7699=PLANE('',#8578);
#7700=PLANE('',#8579);
#7701=PLANE('',#8580);
#7702=PLANE('',#8581);
#7703=PLANE('',#8582);
#7704=PLANE('',#8583);
#7705=PLANE('',#8584);
#7706=PLANE('',#8585);
#7707=PLANE('',#8586);
#7708=PLANE('',#8587);
#7709=PLANE('',#8588);
#7710=PLANE('',#8589);
#7711=PLANE('',#8590);
#7712=PLANE('',#8591);
#7713=PLANE('',#8592);
#7714=PLANE('',#8593);
#7715=PLANE('',#8594);
#7716=PLANE('',#8595);
#7717=PLANE('',#8596);
#7718=PLANE('',#8597);
#7719=PLANE('',#8598);
#7720=PLANE('',#8599);
#7721=PLANE('',#8600);
#7722=PLANE('',#8601);
#7723=PLANE('',#8602);
#7724=PLANE('',#8603);
#7725=PLANE('',#8604);
#7726=PLANE('',#8605);
#7727=PLANE('',#8606);
#7728=PLANE('',#8609);
#7729=PLANE('',#8610);
#7730=PLANE('',#8614);
#7731=PLANE('',#8615);
#7732=PLANE('',#8616);
#7733=PLANE('',#8617);
#7734=PLANE('',#8618);
#7735=PLANE('',#8621);
#7736=PLANE('',#8625);
#7737=PLANE('',#8626);
#7738=PLANE('',#8627);
#7739=PLANE('',#8628);
#7740=PLANE('',#8629);
#7741=PLANE('',#8630);
#7742=PLANE('',#8641);
#7743=PLANE('',#8644);
#7744=PLANE('',#8647);
#7745=PLANE('',#8650);
#7746=PLANE('',#8653);
#7747=PLANE('',#8656);
#7748=PLANE('',#8659);
#7749=PLANE('',#8662);
#7750=PLANE('',#8665);
#7751=PLANE('',#8668);
#7752=PLANE('',#8671);
#7753=PLANE('',#8674);
#7754=PLANE('',#8677);
#7755=PLANE('',#8680);
#7756=PLANE('',#8681);
#7757=PLANE('',#8682);
#7758=PLANE('',#8683);
#7759=PLANE('',#8696);
#7760=PLANE('',#8706);
#7761=PLANE('',#8709);
#7762=PLANE('',#8711);
#7763=PLANE('',#8712);
#7764=PLANE('',#8714);
#7765=PLANE('',#8716);
#7766=PLANE('',#8718);
#7767=PLANE('',#8720);
#7768=PLANE('',#8722);
#7769=PLANE('',#8725);
#7770=PLANE('',#8727);
#7771=PLANE('',#8728);
#7772=PLANE('',#8729);
#7773=PLANE('',#8730);
#7774=PLANE('',#8745);
#7775=PLANE('',#8746);
#7776=PLANE('',#8756);
#7777=PLANE('',#8759);
#7778=PLANE('',#8761);
#7779=PLANE('',#8763);
#7780=PLANE('',#8765);
#7781=PLANE('',#8766);
#7782=PLANE('',#8768);
#7783=PLANE('',#8770);
#7784=PLANE('',#8772);
#7785=PLANE('',#8774);
#7786=PLANE('',#8776);
#7787=PLANE('',#8779);
#7788=PLANE('',#8781);
#7789=PLANE('',#8782);
#7790=PLANE('',#8783);
#7791=ADVANCED_FACE('',(#338),#7482,.F.);
#7792=ADVANCED_FACE('',(#339),#7483,.F.);
#7793=ADVANCED_FACE('',(#340),#7484,.F.);
#7794=ADVANCED_FACE('',(#341),#7485,.F.);
#7795=ADVANCED_FACE('',(#342),#7486,.F.);
#7796=ADVANCED_FACE('',(#343),#7487,.F.);
#7797=ADVANCED_FACE('',(#344),#7488,.F.);
#7798=ADVANCED_FACE('',(#345),#7489,.F.);
#7799=ADVANCED_FACE('',(#346),#7490,.F.);
#7800=ADVANCED_FACE('',(#347),#7491,.F.);
#7801=ADVANCED_FACE('',(#348),#7492,.F.);
#7802=ADVANCED_FACE('',(#349),#7493,.F.);
#7803=ADVANCED_FACE('',(#350),#7494,.F.);
#7804=ADVANCED_FACE('',(#351),#7495,.F.);
#7805=ADVANCED_FACE('',(#352),#7496,.F.);
#7806=ADVANCED_FACE('',(#353),#7497,.F.);
#7807=ADVANCED_FACE('',(#354),#7498,.F.);
#7808=ADVANCED_FACE('',(#355),#7499,.F.);
#7809=ADVANCED_FACE('',(#356),#7500,.F.);
#7810=ADVANCED_FACE('',(#357),#7501,.F.);
#7811=ADVANCED_FACE('',(#358),#7502,.F.);
#7812=ADVANCED_FACE('',(#359),#7503,.F.);
#7813=ADVANCED_FACE('',(#360),#7504,.T.);
#7814=ADVANCED_FACE('',(#361),#7505,.T.);
#7815=ADVANCED_FACE('',(#362),#7506,.F.);
#7816=ADVANCED_FACE('',(#363),#7507,.F.);
#7817=ADVANCED_FACE('',(#364,#320,#321,#322,#323,#324,#325),#7508,.F.);
#7818=ADVANCED_FACE('',(#365,#326,#327,#328,#329,#330,#331),#7509,.T.);
#7819=ADVANCED_FACE('',(#366),#7510,.T.);
#7820=ADVANCED_FACE('',(#367),#7511,.T.);
#7821=ADVANCED_FACE('',(#368),#230,.T.);
#7822=ADVANCED_FACE('',(#369),#7512,.T.);
#7823=ADVANCED_FACE('',(#370),#7513,.F.);
#7824=ADVANCED_FACE('',(#371),#231,.T.);
#7825=ADVANCED_FACE('',(#372),#7514,.T.);
#7826=ADVANCED_FACE('',(#373),#7515,.F.);
#7827=ADVANCED_FACE('',(#374),#7516,.T.);
#7828=ADVANCED_FACE('',(#375),#7517,.T.);
#7829=ADVANCED_FACE('',(#376),#7518,.T.);
#7830=ADVANCED_FACE('',(#377),#7519,.T.);
#7831=ADVANCED_FACE('',(#378),#15,.T.);
#7832=ADVANCED_FACE('',(#379),#7520,.F.);
#7833=ADVANCED_FACE('',(#380),#7521,.F.);
#7834=ADVANCED_FACE('',(#381,#332,#333,#334),#7522,.F.);
#7835=ADVANCED_FACE('',(#382),#7523,.T.);
#7836=ADVANCED_FACE('',(#383),#7524,.T.);
#7837=ADVANCED_FACE('',(#384),#7525,.T.);
#7838=ADVANCED_FACE('',(#385),#7526,.T.);
#7839=ADVANCED_FACE('',(#386),#7527,.F.);
#7840=ADVANCED_FACE('',(#387),#7528,.T.);
#7841=ADVANCED_FACE('',(#388),#7529,.F.);
#7842=ADVANCED_FACE('',(#389),#7530,.F.);
#7843=ADVANCED_FACE('',(#390),#7531,.F.);
#7844=ADVANCED_FACE('',(#391),#7532,.T.);
#7845=ADVANCED_FACE('',(#392),#7533,.F.);
#7846=ADVANCED_FACE('',(#393),#7534,.T.);
#7847=ADVANCED_FACE('',(#394),#16,.F.);
#7848=ADVANCED_FACE('',(#395),#7535,.F.);
#7849=ADVANCED_FACE('',(#396),#17,.T.);
#7850=ADVANCED_FACE('',(#397),#7536,.T.);
#7851=ADVANCED_FACE('',(#398),#7537,.F.);
#7852=ADVANCED_FACE('',(#399),#7538,.F.);
#7853=ADVANCED_FACE('',(#400),#7539,.F.);
#7854=ADVANCED_FACE('',(#401),#7540,.F.);
#7855=ADVANCED_FACE('',(#402),#7541,.T.);
#7856=ADVANCED_FACE('',(#403),#7542,.T.);
#7857=ADVANCED_FACE('',(#404),#7543,.T.);
#7858=ADVANCED_FACE('',(#405),#7544,.F.);
#7859=ADVANCED_FACE('',(#406),#7545,.F.);
#7860=ADVANCED_FACE('',(#407),#7546,.F.);
#7861=ADVANCED_FACE('',(#408),#7547,.F.);
#7862=ADVANCED_FACE('',(#409),#7548,.F.);
#7863=ADVANCED_FACE('',(#410),#7549,.F.);
#7864=ADVANCED_FACE('',(#411),#7550,.F.);
#7865=ADVANCED_FACE('',(#412),#7551,.F.);
#7866=ADVANCED_FACE('',(#413),#7552,.F.);
#7867=ADVANCED_FACE('',(#414),#7553,.F.);
#7868=ADVANCED_FACE('',(#415),#7554,.F.);
#7869=ADVANCED_FACE('',(#416),#7555,.F.);
#7870=ADVANCED_FACE('',(#417),#7556,.F.);
#7871=ADVANCED_FACE('',(#418),#7557,.F.);
#7872=ADVANCED_FACE('',(#419),#7558,.F.);
#7873=ADVANCED_FACE('',(#420),#7559,.F.);
#7874=ADVANCED_FACE('',(#421),#7560,.F.);
#7875=ADVANCED_FACE('',(#422),#7561,.F.);
#7876=ADVANCED_FACE('',(#423),#7562,.F.);
#7877=ADVANCED_FACE('',(#424),#7563,.F.);
#7878=ADVANCED_FACE('',(#425),#7564,.F.);
#7879=ADVANCED_FACE('',(#426),#7565,.F.);
#7880=ADVANCED_FACE('',(#427),#7566,.F.);
#7881=ADVANCED_FACE('',(#428),#7567,.F.);
#7882=ADVANCED_FACE('',(#429),#7568,.F.);
#7883=ADVANCED_FACE('',(#430),#7569,.F.);
#7884=ADVANCED_FACE('',(#431),#7570,.F.);
#7885=ADVANCED_FACE('',(#432),#7571,.F.);
#7886=ADVANCED_FACE('',(#433),#7572,.F.);
#7887=ADVANCED_FACE('',(#434),#7573,.F.);
#7888=ADVANCED_FACE('',(#435),#7574,.F.);
#7889=ADVANCED_FACE('',(#436),#7575,.F.);
#7890=ADVANCED_FACE('',(#437),#7576,.F.);
#7891=ADVANCED_FACE('',(#438),#7577,.F.);
#7892=ADVANCED_FACE('',(#439),#7578,.F.);
#7893=ADVANCED_FACE('',(#440),#7579,.F.);
#7894=ADVANCED_FACE('',(#441),#7580,.F.);
#7895=ADVANCED_FACE('',(#442),#7581,.F.);
#7896=ADVANCED_FACE('',(#443),#7582,.F.);
#7897=ADVANCED_FACE('',(#444),#7583,.F.);
#7898=ADVANCED_FACE('',(#445),#7584,.F.);
#7899=ADVANCED_FACE('',(#446),#7585,.F.);
#7900=ADVANCED_FACE('',(#447),#7586,.F.);
#7901=ADVANCED_FACE('',(#448),#7587,.F.);
#7902=ADVANCED_FACE('',(#449),#7588,.F.);
#7903=ADVANCED_FACE('',(#450),#7589,.F.);
#7904=ADVANCED_FACE('',(#451),#7590,.F.);
#7905=ADVANCED_FACE('',(#452),#7591,.F.);
#7906=ADVANCED_FACE('',(#453),#7592,.F.);
#7907=ADVANCED_FACE('',(#454),#232,.T.);
#7908=ADVANCED_FACE('',(#455),#7593,.F.);
#7909=ADVANCED_FACE('',(#456),#18,.F.);
#7910=ADVANCED_FACE('',(#457),#7594,.F.);
#7911=ADVANCED_FACE('',(#458),#233,.T.);
#7912=ADVANCED_FACE('',(#459),#7595,.F.);
#7913=ADVANCED_FACE('',(#460),#7596,.F.);
#7914=ADVANCED_FACE('',(#461),#7597,.F.);
#7915=ADVANCED_FACE('',(#462),#7598,.F.);
#7916=ADVANCED_FACE('',(#463),#7599,.F.);
#7917=ADVANCED_FACE('',(#464),#234,.T.);
#7918=ADVANCED_FACE('',(#465),#7600,.F.);
#7919=ADVANCED_FACE('',(#466),#235,.T.);
#7920=ADVANCED_FACE('',(#467),#7601,.F.);
#7921=ADVANCED_FACE('',(#468),#7602,.F.);
#7922=ADVANCED_FACE('',(#469),#7603,.F.);
#7923=ADVANCED_FACE('',(#470),#7604,.F.);
#7924=ADVANCED_FACE('',(#471),#7605,.F.);
#7925=ADVANCED_FACE('',(#472),#7606,.T.);
#7926=ADVANCED_FACE('',(#473),#236,.T.);
#7927=ADVANCED_FACE('',(#474),#7607,.F.);
#7928=ADVANCED_FACE('',(#475),#237,.T.);
#7929=ADVANCED_FACE('',(#476),#7608,.F.);
#7930=ADVANCED_FACE('',(#477),#238,.T.);
#7931=ADVANCED_FACE('',(#478),#7609,.F.);
#7932=ADVANCED_FACE('',(#479),#239,.T.);
#7933=ADVANCED_FACE('',(#480),#7610,.F.);
#7934=ADVANCED_FACE('',(#481),#240,.T.);
#7935=ADVANCED_FACE('',(#482),#7611,.F.);
#7936=ADVANCED_FACE('',(#483),#241,.T.);
#7937=ADVANCED_FACE('',(#484),#7612,.F.);
#7938=ADVANCED_FACE('',(#485),#242,.F.);
#7939=ADVANCED_FACE('',(#486),#7613,.F.);
#7940=ADVANCED_FACE('',(#487),#243,.F.);
#7941=ADVANCED_FACE('',(#488),#7614,.F.);
#7942=ADVANCED_FACE('',(#489),#244,.F.);
#7943=ADVANCED_FACE('',(#490),#7615,.F.);
#7944=ADVANCED_FACE('',(#491),#245,.F.);
#7945=ADVANCED_FACE('',(#492),#7616,.F.);
#7946=ADVANCED_FACE('',(#493),#246,.F.);
#7947=ADVANCED_FACE('',(#494),#7617,.F.);
#7948=ADVANCED_FACE('',(#495),#247,.F.);
#7949=ADVANCED_FACE('',(#496),#7618,.F.);
#7950=ADVANCED_FACE('',(#497),#248,.F.);
#7951=ADVANCED_FACE('',(#498),#7619,.F.);
#7952=ADVANCED_FACE('',(#499),#249,.F.);
#7953=ADVANCED_FACE('',(#500),#7620,.F.);
#7954=ADVANCED_FACE('',(#501),#7621,.F.);
#7955=ADVANCED_FACE('',(#502),#7622,.T.);
#7956=ADVANCED_FACE('',(#503),#7623,.T.);
#7957=ADVANCED_FACE('',(#504),#7624,.T.);
#7958=ADVANCED_FACE('',(#505),#250,.T.);
#7959=ADVANCED_FACE('',(#506),#7625,.F.);
#7960=ADVANCED_FACE('',(#507),#251,.T.);
#7961=ADVANCED_FACE('',(#508),#252,.T.);
#7962=ADVANCED_FACE('',(#509),#7626,.F.);
#7963=ADVANCED_FACE('',(#510),#253,.T.);
#7964=ADVANCED_FACE('',(#511),#7627,.F.);
#7965=ADVANCED_FACE('',(#512),#7628,.F.);
#7966=ADVANCED_FACE('',(#513),#254,.F.);
#7967=ADVANCED_FACE('',(#514),#7629,.F.);
#7968=ADVANCED_FACE('',(#515),#255,.F.);
#7969=ADVANCED_FACE('',(#516),#7630,.F.);
#7970=ADVANCED_FACE('',(#517),#256,.F.);
#7971=ADVANCED_FACE('',(#518),#7631,.F.);
#7972=ADVANCED_FACE('',(#519),#257,.F.);
#7973=ADVANCED_FACE('',(#520),#7632,.F.);
#7974=ADVANCED_FACE('',(#521),#258,.F.);
#7975=ADVANCED_FACE('',(#522),#7633,.F.);
#7976=ADVANCED_FACE('',(#523),#259,.F.);
#7977=ADVANCED_FACE('',(#524),#260,.F.);
#7978=ADVANCED_FACE('',(#525),#7634,.F.);
#7979=ADVANCED_FACE('',(#526),#261,.F.);
#7980=ADVANCED_FACE('',(#527),#7635,.F.);
#7981=ADVANCED_FACE('',(#528),#7636,.F.);
#7982=ADVANCED_FACE('',(#529),#7637,.F.);
#7983=ADVANCED_FACE('',(#530),#7638,.T.);
#7984=ADVANCED_FACE('',(#531),#7639,.F.);
#7985=ADVANCED_FACE('',(#532),#7640,.T.);
#7986=ADVANCED_FACE('',(#533),#262,.T.);
#7987=ADVANCED_FACE('',(#534),#7641,.F.);
#7988=ADVANCED_FACE('',(#535),#263,.T.);
#7989=ADVANCED_FACE('',(#536),#264,.T.);
#7990=ADVANCED_FACE('',(#537),#7642,.F.);
#7991=ADVANCED_FACE('',(#538),#265,.T.);
#7992=ADVANCED_FACE('',(#539),#7643,.F.);
#7993=ADVANCED_FACE('',(#540),#266,.T.);
#7994=ADVANCED_FACE('',(#541),#7644,.F.);
#7995=ADVANCED_FACE('',(#542),#267,.T.);
#7996=ADVANCED_FACE('',(#543),#7645,.F.);
#7997=ADVANCED_FACE('',(#544),#7646,.F.);
#7998=ADVANCED_FACE('',(#545),#268,.F.);
#7999=ADVANCED_FACE('',(#546),#7647,.F.);
#8000=ADVANCED_FACE('',(#547),#269,.F.);
#8001=ADVANCED_FACE('',(#548),#7648,.F.);
#8002=ADVANCED_FACE('',(#549),#270,.F.);
#8003=ADVANCED_FACE('',(#550),#7649,.F.);
#8004=ADVANCED_FACE('',(#551),#271,.F.);
#8005=ADVANCED_FACE('',(#552),#7650,.F.);
#8006=ADVANCED_FACE('',(#553),#272,.F.);
#8007=ADVANCED_FACE('',(#554),#7651,.F.);
#8008=ADVANCED_FACE('',(#555),#273,.F.);
#8009=ADVANCED_FACE('',(#556),#274,.F.);
#8010=ADVANCED_FACE('',(#557),#7652,.F.);
#8011=ADVANCED_FACE('',(#558),#275,.F.);
#8012=ADVANCED_FACE('',(#559),#7653,.F.);
#8013=ADVANCED_FACE('',(#560),#7654,.F.);
#8014=ADVANCED_FACE('',(#561),#7655,.F.);
#8015=ADVANCED_FACE('',(#562),#7656,.F.);
#8016=ADVANCED_FACE('',(#563),#7657,.F.);
#8017=ADVANCED_FACE('',(#564),#7658,.F.);
#8018=ADVANCED_FACE('',(#565),#7659,.F.);
#8019=ADVANCED_FACE('',(#566),#7660,.T.);
#8020=ADVANCED_FACE('',(#567),#7661,.F.);
#8021=ADVANCED_FACE('',(#568,#335,#336,#337),#7662,.T.);
#8022=ADVANCED_FACE('',(#569),#7663,.T.);
#8023=ADVANCED_FACE('',(#570),#7664,.T.);
#8024=ADVANCED_FACE('',(#571),#7665,.T.);
#8025=ADVANCED_FACE('',(#572),#7666,.F.);
#8026=ADVANCED_FACE('',(#573),#7667,.T.);
#8027=ADVANCED_FACE('',(#574),#7668,.F.);
#8028=ADVANCED_FACE('',(#575),#19,.T.);
#8029=ADVANCED_FACE('',(#576),#7669,.T.);
#8030=ADVANCED_FACE('',(#577),#20,.F.);
#8031=ADVANCED_FACE('',(#578),#7670,.F.);
#8032=ADVANCED_FACE('',(#579),#7671,.T.);
#8033=ADVANCED_FACE('',(#580),#7672,.T.);
#8034=ADVANCED_FACE('',(#581),#7673,.T.);
#8035=ADVANCED_FACE('',(#582),#7674,.T.);
#8036=ADVANCED_FACE('',(#583),#7675,.F.);
#8037=ADVANCED_FACE('',(#584),#7676,.F.);
#8038=ADVANCED_FACE('',(#585),#7677,.F.);
#8039=ADVANCED_FACE('',(#586),#7678,.T.);
#8040=ADVANCED_FACE('',(#587),#7679,.T.);
#8041=ADVANCED_FACE('',(#588),#7680,.T.);
#8042=ADVANCED_FACE('',(#589),#7681,.T.);
#8043=ADVANCED_FACE('',(#590),#7682,.T.);
#8044=ADVANCED_FACE('',(#591),#7683,.T.);
#8045=ADVANCED_FACE('',(#592),#7684,.T.);
#8046=ADVANCED_FACE('',(#593),#7685,.T.);
#8047=ADVANCED_FACE('',(#594),#7686,.T.);
#8048=ADVANCED_FACE('',(#595),#7687,.T.);
#8049=ADVANCED_FACE('',(#596),#7688,.T.);
#8050=ADVANCED_FACE('',(#597),#7689,.T.);
#8051=ADVANCED_FACE('',(#598),#7690,.T.);
#8052=ADVANCED_FACE('',(#599),#7691,.T.);
#8053=ADVANCED_FACE('',(#600),#7692,.T.);
#8054=ADVANCED_FACE('',(#601),#7693,.T.);
#8055=ADVANCED_FACE('',(#602),#7694,.T.);
#8056=ADVANCED_FACE('',(#603),#7695,.T.);
#8057=ADVANCED_FACE('',(#604),#7696,.T.);
#8058=ADVANCED_FACE('',(#605),#7697,.T.);
#8059=ADVANCED_FACE('',(#606),#7698,.T.);
#8060=ADVANCED_FACE('',(#607),#7699,.T.);
#8061=ADVANCED_FACE('',(#608),#7700,.T.);
#8062=ADVANCED_FACE('',(#609),#7701,.T.);
#8063=ADVANCED_FACE('',(#610),#7702,.T.);
#8064=ADVANCED_FACE('',(#611),#7703,.T.);
#8065=ADVANCED_FACE('',(#612),#7704,.T.);
#8066=ADVANCED_FACE('',(#613),#7705,.T.);
#8067=ADVANCED_FACE('',(#614),#7706,.T.);
#8068=ADVANCED_FACE('',(#615),#7707,.T.);
#8069=ADVANCED_FACE('',(#616),#7708,.T.);
#8070=ADVANCED_FACE('',(#617),#7709,.T.);
#8071=ADVANCED_FACE('',(#618),#7710,.T.);
#8072=ADVANCED_FACE('',(#619),#7711,.T.);
#8073=ADVANCED_FACE('',(#620),#7712,.T.);
#8074=ADVANCED_FACE('',(#621),#7713,.T.);
#8075=ADVANCED_FACE('',(#622),#7714,.T.);
#8076=ADVANCED_FACE('',(#623),#7715,.T.);
#8077=ADVANCED_FACE('',(#624),#7716,.T.);
#8078=ADVANCED_FACE('',(#625),#7717,.T.);
#8079=ADVANCED_FACE('',(#626),#7718,.T.);
#8080=ADVANCED_FACE('',(#627),#7719,.T.);
#8081=ADVANCED_FACE('',(#628),#7720,.T.);
#8082=ADVANCED_FACE('',(#629),#7721,.T.);
#8083=ADVANCED_FACE('',(#630),#7722,.T.);
#8084=ADVANCED_FACE('',(#631),#7723,.T.);
#8085=ADVANCED_FACE('',(#632),#7724,.T.);
#8086=ADVANCED_FACE('',(#633),#7725,.T.);
#8087=ADVANCED_FACE('',(#634),#7726,.T.);
#8088=ADVANCED_FACE('',(#635),#7727,.T.);
#8089=ADVANCED_FACE('',(#636),#276,.T.);
#8090=ADVANCED_FACE('',(#637),#7728,.T.);
#8091=ADVANCED_FACE('',(#638),#21,.T.);
#8092=ADVANCED_FACE('',(#639),#7729,.T.);
#8093=ADVANCED_FACE('',(#640),#277,.T.);
#8094=ADVANCED_FACE('',(#641),#7730,.T.);
#8095=ADVANCED_FACE('',(#642),#7731,.T.);
#8096=ADVANCED_FACE('',(#643),#7732,.T.);
#8097=ADVANCED_FACE('',(#644),#7733,.T.);
#8098=ADVANCED_FACE('',(#645),#7734,.T.);
#8099=ADVANCED_FACE('',(#646),#278,.T.);
#8100=ADVANCED_FACE('',(#647),#7735,.T.);
#8101=ADVANCED_FACE('',(#648),#279,.T.);
#8102=ADVANCED_FACE('',(#649),#7736,.T.);
#8103=ADVANCED_FACE('',(#650),#7737,.T.);
#8104=ADVANCED_FACE('',(#651),#7738,.T.);
#8105=ADVANCED_FACE('',(#652),#7739,.T.);
#8106=ADVANCED_FACE('',(#653),#7740,.T.);
#8107=ADVANCED_FACE('',(#654),#7741,.F.);
#8108=ADVANCED_FACE('',(#655),#280,.T.);
#8109=ADVANCED_FACE('',(#656),#7742,.T.);
#8110=ADVANCED_FACE('',(#657),#281,.T.);
#8111=ADVANCED_FACE('',(#658),#7743,.T.);
#8112=ADVANCED_FACE('',(#659),#282,.T.);
#8113=ADVANCED_FACE('',(#660),#7744,.T.);
#8114=ADVANCED_FACE('',(#661),#283,.T.);
#8115=ADVANCED_FACE('',(#662),#7745,.T.);
#8116=ADVANCED_FACE('',(#663),#284,.T.);
#8117=ADVANCED_FACE('',(#664),#7746,.T.);
#8118=ADVANCED_FACE('',(#665),#285,.T.);
#8119=ADVANCED_FACE('',(#666),#7747,.T.);
#8120=ADVANCED_FACE('',(#667),#286,.F.);
#8121=ADVANCED_FACE('',(#668),#7748,.T.);
#8122=ADVANCED_FACE('',(#669),#287,.F.);
#8123=ADVANCED_FACE('',(#670),#7749,.T.);
#8124=ADVANCED_FACE('',(#671),#288,.F.);
#8125=ADVANCED_FACE('',(#672),#7750,.T.);
#8126=ADVANCED_FACE('',(#673),#289,.F.);
#8127=ADVANCED_FACE('',(#674),#7751,.T.);
#8128=ADVANCED_FACE('',(#675),#290,.F.);
#8129=ADVANCED_FACE('',(#676),#7752,.T.);
#8130=ADVANCED_FACE('',(#677),#291,.F.);
#8131=ADVANCED_FACE('',(#678),#7753,.T.);
#8132=ADVANCED_FACE('',(#679),#292,.F.);
#8133=ADVANCED_FACE('',(#680),#7754,.T.);
#8134=ADVANCED_FACE('',(#681),#293,.F.);
#8135=ADVANCED_FACE('',(#682),#7755,.T.);
#8136=ADVANCED_FACE('',(#683),#7756,.T.);
#8137=ADVANCED_FACE('',(#684),#7757,.F.);
#8138=ADVANCED_FACE('',(#685),#7758,.F.);
#8139=ADVANCED_FACE('',(#686),#7759,.F.);
#8140=ADVANCED_FACE('',(#687),#294,.T.);
#8141=ADVANCED_FACE('',(#688),#7760,.T.);
#8142=ADVANCED_FACE('',(#689),#295,.T.);
#8143=ADVANCED_FACE('',(#690),#296,.T.);
#8144=ADVANCED_FACE('',(#691),#7761,.T.);
#8145=ADVANCED_FACE('',(#692),#297,.T.);
#8146=ADVANCED_FACE('',(#693),#7762,.T.);
#8147=ADVANCED_FACE('',(#694),#7763,.T.);
#8148=ADVANCED_FACE('',(#695),#298,.F.);
#8149=ADVANCED_FACE('',(#696),#7764,.T.);
#8150=ADVANCED_FACE('',(#697),#299,.F.);
#8151=ADVANCED_FACE('',(#698),#7765,.T.);
#8152=ADVANCED_FACE('',(#699),#300,.F.);
#8153=ADVANCED_FACE('',(#700),#7766,.T.);
#8154=ADVANCED_FACE('',(#701),#301,.F.);
#8155=ADVANCED_FACE('',(#702),#7767,.T.);
#8156=ADVANCED_FACE('',(#703),#302,.F.);
#8157=ADVANCED_FACE('',(#704),#7768,.T.);
#8158=ADVANCED_FACE('',(#705),#303,.F.);
#8159=ADVANCED_FACE('',(#706),#304,.F.);
#8160=ADVANCED_FACE('',(#707),#7769,.T.);
#8161=ADVANCED_FACE('',(#708),#305,.F.);
#8162=ADVANCED_FACE('',(#709),#7770,.T.);
#8163=ADVANCED_FACE('',(#710),#7771,.T.);
#8164=ADVANCED_FACE('',(#711),#7772,.T.);
#8165=ADVANCED_FACE('',(#712),#7773,.F.);
#8166=ADVANCED_FACE('',(#713),#7774,.T.);
#8167=ADVANCED_FACE('',(#714),#7775,.F.);
#8168=ADVANCED_FACE('',(#715),#306,.T.);
#8169=ADVANCED_FACE('',(#716),#7776,.T.);
#8170=ADVANCED_FACE('',(#717),#307,.T.);
#8171=ADVANCED_FACE('',(#718),#308,.T.);
#8172=ADVANCED_FACE('',(#719),#7777,.T.);
#8173=ADVANCED_FACE('',(#720),#309,.T.);
#8174=ADVANCED_FACE('',(#721),#7778,.T.);
#8175=ADVANCED_FACE('',(#722),#310,.T.);
#8176=ADVANCED_FACE('',(#723),#7779,.T.);
#8177=ADVANCED_FACE('',(#724),#311,.T.);
#8178=ADVANCED_FACE('',(#725),#7780,.T.);
#8179=ADVANCED_FACE('',(#726),#7781,.T.);
#8180=ADVANCED_FACE('',(#727),#312,.F.);
#8181=ADVANCED_FACE('',(#728),#7782,.T.);
#8182=ADVANCED_FACE('',(#729),#313,.F.);
#8183=ADVANCED_FACE('',(#730),#7783,.T.);
#8184=ADVANCED_FACE('',(#731),#314,.F.);
#8185=ADVANCED_FACE('',(#732),#7784,.T.);
#8186=ADVANCED_FACE('',(#733),#315,.F.);
#8187=ADVANCED_FACE('',(#734),#7785,.T.);
#8188=ADVANCED_FACE('',(#735),#316,.F.);
#8189=ADVANCED_FACE('',(#736),#7786,.T.);
#8190=ADVANCED_FACE('',(#737),#317,.F.);
#8191=ADVANCED_FACE('',(#738),#318,.F.);
#8192=ADVANCED_FACE('',(#739),#7787,.T.);
#8193=ADVANCED_FACE('',(#740),#319,.F.);
#8194=ADVANCED_FACE('',(#741),#7788,.T.);
#8195=ADVANCED_FACE('',(#742),#7789,.T.);
#8196=ADVANCED_FACE('',(#743),#7790,.T.);
#8197=CLOSED_SHELL('',(#7791,#7792,#7793,#7794,#7795,#7796,#7797,#7798,
#7799,#7800,#7801,#7802,#7803,#7804,#7805,#7806,#7807,#7808,#7809,#7810,
#7811,#7812,#7813,#7814,#7815,#7816,#7817,#7818,#7819,#7820,#7821,#7822,
#7823,#7824,#7825,#7826,#7827,#7828,#7829,#7830,#7831,#7832,#7833,#7834,
#7835,#7836,#7837,#7838,#7839,#7840,#7841,#7842,#7843,#7844,#7845,#7846,
#7847,#7848,#7849,#7850,#7851,#7852,#7853,#7854,#7855,#7856,#7857,#7858,
#7859,#7860,#7861,#7862,#7863,#7864,#7865,#7866,#7867,#7868,#7869,#7870,
#7871,#7872,#7873,#7874,#7875,#7876,#7877,#7878,#7879,#7880,#7881,#7882,
#7883,#7884,#7885,#7886,#7887,#7888,#7889,#7890,#7891,#7892,#7893,#7894,
#7895,#7896,#7897,#7898,#7899,#7900,#7901,#7902,#7903,#7904,#7905,#7906,
#7907,#7908,#7909,#7910,#7911,#7912,#7913,#7914,#7915,#7916,#7917,#7918,
#7919,#7920,#7921,#7922,#7923,#7924,#7925,#7926,#7927,#7928,#7929,#7930,
#7931,#7932,#7933,#7934,#7935,#7936,#7937,#7938,#7939,#7940,#7941,#7942,
#7943,#7944,#7945,#7946,#7947,#7948,#7949,#7950,#7951,#7952,#7953,#7954,
#7955,#7956,#7957,#7958,#7959,#7960,#7961,#7962,#7963,#7964,#7965,#7966,
#7967,#7968,#7969,#7970,#7971,#7972,#7973,#7974,#7975,#7976,#7977,#7978,
#7979,#7980,#7981,#7982,#7983,#7984,#7985,#7986,#7987,#7988,#7989,#7990,
#7991,#7992,#7993,#7994,#7995,#7996,#7997,#7998,#7999,#8000,#8001,#8002,
#8003,#8004,#8005,#8006,#8007,#8008,#8009,#8010,#8011,#8012,#8013,#8014,
#8015,#8016,#8017,#8018,#8019,#8020,#8021,#8022,#8023,#8024,#8025,#8026,
#8027,#8028,#8029,#8030,#8031,#8032,#8033,#8034,#8035,#8036,#8037,#8038,
#8039,#8040,#8041,#8042,#8043,#8044,#8045,#8046,#8047,#8048,#8049,#8050,
#8051,#8052,#8053,#8054,#8055,#8056,#8057,#8058,#8059,#8060,#8061,#8062,
#8063,#8064,#8065,#8066,#8067,#8068,#8069,#8070,#8071,#8072,#8073,#8074,
#8075,#8076,#8077,#8078,#8079,#8080,#8081,#8082,#8083,#8084,#8085,#8086,
#8087,#8088,#8089,#8090,#8091,#8092,#8093,#8094,#8095,#8096,#8097,#8098,
#8099,#8100,#8101,#8102,#8103,#8104,#8105,#8106,#8107,#8108,#8109,#8110,
#8111,#8112,#8113,#8114,#8115,#8116,#8117,#8118,#8119,#8120,#8121,#8122,
#8123,#8124,#8125,#8126,#8127,#8128,#8129,#8130,#8131,#8132,#8133,#8134,
#8135,#8136,#8137,#8138,#8139,#8140,#8141,#8142,#8143,#8144,#8145,#8146,
#8147,#8148,#8149,#8150,#8151,#8152,#8153,#8154,#8155,#8156,#8157,#8158,
#8159,#8160,#8161,#8162,#8163,#8164,#8165,#8166,#8167,#8168,#8169,#8170,
#8171,#8172,#8173,#8174,#8175,#8176,#8177,#8178,#8179,#8180,#8181,#8182,
#8183,#8184,#8185,#8186,#8187,#8188,#8189,#8190,#8191,#8192,#8193,#8194,
#8195,#8196));
#8198=DERIVED_UNIT_ELEMENT(#8200,1.);
#8199=DERIVED_UNIT_ELEMENT(#13841,-3.);
#8200=(
MASS_UNIT()
NAMED_UNIT(*)
SI_UNIT(.KILO.,.GRAM.)
);
#8201=DERIVED_UNIT((#8198,#8199));
#8202=MEASURE_REPRESENTATION_ITEM('density measure',
POSITIVE_RATIO_MEASURE(7850.),#8201);
#8203=PROPERTY_DEFINITION_REPRESENTATION(#8208,#8205);
#8204=PROPERTY_DEFINITION_REPRESENTATION(#8209,#8206);
#8205=REPRESENTATION('material name',(#8207),#13838);
#8206=REPRESENTATION('density',(#8202),#13838);
#8207=DESCRIPTIVE_REPRESENTATION_ITEM('Steel','Steel');
#8208=PROPERTY_DEFINITION('material property','material name',#13848);
#8209=PROPERTY_DEFINITION('material property','density of part',#13848);
#8210=AXIS2_PLACEMENT_3D('',#10912,#8784,#8785);
#8211=AXIS2_PLACEMENT_3D('',#10913,#8786,#8787);
#8212=AXIS2_PLACEMENT_3D('',#10922,#8792,#8793);
#8213=AXIS2_PLACEMENT_3D('',#10931,#8798,#8799);
#8214=AXIS2_PLACEMENT_3D('',#10934,#8802,#8803);
#8215=AXIS2_PLACEMENT_3D('',#10943,#8808,#8809);
#8216=AXIS2_PLACEMENT_3D('',#10949,#8813,#8814);
#8217=AXIS2_PLACEMENT_3D('',#10955,#8818,#8819);
#8218=AXIS2_PLACEMENT_3D('',#10958,#8822,#8823);
#8219=AXIS2_PLACEMENT_3D('',#10967,#8828,#8829);
#8220=AXIS2_PLACEMENT_3D('',#10973,#8833,#8834);
#8221=AXIS2_PLACEMENT_3D('',#10979,#8838,#8839);
#8222=AXIS2_PLACEMENT_3D('',#10982,#8842,#8843);
#8223=AXIS2_PLACEMENT_3D('',#10991,#8848,#8849);
#8224=AXIS2_PLACEMENT_3D('',#11000,#8854,#8855);
#8225=AXIS2_PLACEMENT_3D('',#11003,#8858,#8859);
#8226=AXIS2_PLACEMENT_3D('',#11012,#8864,#8865);
#8227=AXIS2_PLACEMENT_3D('',#11018,#8869,#8870);
#8228=AXIS2_PLACEMENT_3D('',#11024,#8874,#8875);
#8229=AXIS2_PLACEMENT_3D('',#11027,#8878,#8879);
#8230=AXIS2_PLACEMENT_3D('',#11036,#8884,#8885);
#8231=AXIS2_PLACEMENT_3D('',#11042,#8889,#8890);
#8232=AXIS2_PLACEMENT_3D('',#11048,#8894,#8895);
#8233=AXIS2_PLACEMENT_3D('',#11051,#8898,#8899);
#8234=AXIS2_PLACEMENT_3D('',#11057,#8903,#8904);
#8235=AXIS2_PLACEMENT_3D('',#11063,#8908,#8909);
#8236=AXIS2_PLACEMENT_3D('',#11069,#8913,#8914);
#8237=AXIS2_PLACEMENT_3D('',#11075,#8918,#8919);
#8238=AXIS2_PLACEMENT_3D('',#11215,#8990,#8991);
#8239=AXIS2_PLACEMENT_3D('',#11355,#9062,#9063);
#8240=AXIS2_PLACEMENT_3D('',#11373,#9073,#9074);
#8241=AXIS2_PLACEMENT_3D('',#11389,#9083,#9084);
#8242=AXIS2_PLACEMENT_3D('',#11392,#9085,#9086);
#8243=AXIS2_PLACEMENT_3D('',#11396,#9088,#9089);
#8244=AXIS2_PLACEMENT_3D('',#11398,#9091,#9092);
#8245=AXIS2_PLACEMENT_3D('',#11406,#9098,#9099);
#8246=AXIS2_PLACEMENT_3D('',#11408,#9101,#9102);
#8247=AXIS2_PLACEMENT_3D('',#11410,#9103,#9104);
#8248=AXIS2_PLACEMENT_3D('',#11413,#9106,#9107);
#8249=AXIS2_PLACEMENT_3D('',#11414,#9108,#9109);
#8250=AXIS2_PLACEMENT_3D('',#11420,#9113,#9114);
#8251=AXIS2_PLACEMENT_3D('',#11422,#9116,#9117);
#8252=AXIS2_PLACEMENT_3D('',#11424,#9119,#9120);
#8253=AXIS2_PLACEMENT_3D('',#11504,#9123,#9124);
#8254=AXIS2_PLACEMENT_3D('',#11506,#9126,#9127);
#8255=AXIS2_PLACEMENT_3D('',#11741,#9132,#9133);
#8256=AXIS2_PLACEMENT_3D('',#11742,#9134,#9135);
#8257=AXIS2_PLACEMENT_3D('',#11746,#9138,#9139);
#8258=AXIS2_PLACEMENT_3D('',#11776,#9155,#9156);
#8259=AXIS2_PLACEMENT_3D('',#11779,#9159,#9160);
#8260=AXIS2_PLACEMENT_3D('',#11781,#9162,#9163);
#8261=AXIS2_PLACEMENT_3D('',#11784,#9166,#9167);
#8262=AXIS2_PLACEMENT_3D('',#11787,#9170,#9171);
#8263=AXIS2_PLACEMENT_3D('',#11788,#9172,#9173);
#8264=AXIS2_PLACEMENT_3D('',#11791,#9176,#9177);
#8265=AXIS2_PLACEMENT_3D('',#11792,#9178,#9179);
#8266=AXIS2_PLACEMENT_3D('',#11793,#9180,#9181);
#8267=AXIS2_PLACEMENT_3D('',#11801,#9186,#9187);
#8268=AXIS2_PLACEMENT_3D('',#11807,#9191,#9192);
#8269=AXIS2_PLACEMENT_3D('',#11814,#9197,#9198);
#8270=AXIS2_PLACEMENT_3D('',#11883,#9203,#9204);
#8271=AXIS2_PLACEMENT_3D('',#11932,#9211,#9212);
#8272=AXIS2_PLACEMENT_3D('',#11938,#9216,#9217);
#8273=AXIS2_PLACEMENT_3D('',#11941,#9219,#9220);
#8274=AXIS2_PLACEMENT_3D('',#11945,#9222,#9223);
#8275=AXIS2_PLACEMENT_3D('',#11949,#9225,#9226);
#8276=AXIS2_PLACEMENT_3D('',#11953,#9228,#9229);
#8277=AXIS2_PLACEMENT_3D('',#11957,#9231,#9232);
#8278=AXIS2_PLACEMENT_3D('',#11961,#9234,#9235);
#8279=AXIS2_PLACEMENT_3D('',#11965,#9237,#9238);
#8280=AXIS2_PLACEMENT_3D('',#11969,#9240,#9241);
#8281=AXIS2_PLACEMENT_3D('',#11973,#9243,#9244);
#8282=AXIS2_PLACEMENT_3D('',#11977,#9246,#9247);
#8283=AXIS2_PLACEMENT_3D('',#11981,#9249,#9250);
#8284=AXIS2_PLACEMENT_3D('',#11985,#9252,#9253);
#8285=AXIS2_PLACEMENT_3D('',#11989,#9255,#9256);
#8286=AXIS2_PLACEMENT_3D('',#11992,#9258,#9259);
#8287=AXIS2_PLACEMENT_3D('',#11993,#9260,#9261);
#8288=AXIS2_PLACEMENT_3D('',#11995,#9263,#9264);
#8289=AXIS2_PLACEMENT_3D('',#11999,#9266,#9267);
#8290=AXIS2_PLACEMENT_3D('',#12001,#9269,#9270);
#8291=AXIS2_PLACEMENT_3D('',#12005,#9273,#9274);
#8292=AXIS2_PLACEMENT_3D('',#12033,#9289,#9290);
#8293=AXIS2_PLACEMENT_3D('',#12066,#9307,#9308);
#8294=AXIS2_PLACEMENT_3D('',#12099,#9325,#9326);
#8295=AXIS2_PLACEMENT_3D('',#12102,#9329,#9330);
#8296=AXIS2_PLACEMENT_3D('',#12104,#9332,#9333);
#8297=AXIS2_PLACEMENT_3D('',#12106,#9335,#9336);
#8298=AXIS2_PLACEMENT_3D('',#12108,#9338,#9339);
#8299=AXIS2_PLACEMENT_3D('',#12110,#9341,#9342);
#8300=AXIS2_PLACEMENT_3D('',#12112,#9344,#9345);
#8301=AXIS2_PLACEMENT_3D('',#12114,#9347,#9348);
#8302=AXIS2_PLACEMENT_3D('',#12116,#9350,#9351);
#8303=AXIS2_PLACEMENT_3D('',#12118,#9353,#9354);
#8304=AXIS2_PLACEMENT_3D('',#12120,#9356,#9357);
#8305=AXIS2_PLACEMENT_3D('',#12122,#9359,#9360);
#8306=AXIS2_PLACEMENT_3D('',#12124,#9362,#9363);
#8307=AXIS2_PLACEMENT_3D('',#12126,#9365,#9366);
#8308=AXIS2_PLACEMENT_3D('',#12128,#9368,#9369);
#8309=AXIS2_PLACEMENT_3D('',#12130,#9371,#9372);
#8310=AXIS2_PLACEMENT_3D('',#12131,#9373,#9374);
#8311=AXIS2_PLACEMENT_3D('',#12132,#9375,#9376);
#8312=AXIS2_PLACEMENT_3D('',#12135,#9379,#9380);
#8313=AXIS2_PLACEMENT_3D('',#12137,#9382,#9383);
#8314=AXIS2_PLACEMENT_3D('',#12139,#9385,#9386);
#8315=AXIS2_PLACEMENT_3D('',#12141,#9388,#9389);
#8316=AXIS2_PLACEMENT_3D('',#12143,#9391,#9392);
#8317=AXIS2_PLACEMENT_3D('',#12145,#9394,#9395);
#8318=AXIS2_PLACEMENT_3D('',#12147,#9397,#9398);
#8319=AXIS2_PLACEMENT_3D('',#12149,#9400,#9401);
#8320=AXIS2_PLACEMENT_3D('',#12151,#9403,#9404);
#8321=AXIS2_PLACEMENT_3D('',#12153,#9406,#9407);
#8322=AXIS2_PLACEMENT_3D('',#12155,#9409,#9410);
#8323=AXIS2_PLACEMENT_3D('',#12157,#9412,#9413);
#8324=AXIS2_PLACEMENT_3D('',#12159,#9415,#9416);
#8325=AXIS2_PLACEMENT_3D('',#12161,#9418,#9419);
#8326=AXIS2_PLACEMENT_3D('',#12163,#9421,#9422);
#8327=AXIS2_PLACEMENT_3D('',#12164,#9423,#9424);
#8328=AXIS2_PLACEMENT_3D('',#12166,#9426,#9427);
#8329=AXIS2_PLACEMENT_3D('',#12168,#9429,#9430);
#8330=AXIS2_PLACEMENT_3D('',#12170,#9432,#9433);
#8331=AXIS2_PLACEMENT_3D('',#12172,#9435,#9436);
#8332=AXIS2_PLACEMENT_3D('',#12174,#9438,#9439);
#8333=AXIS2_PLACEMENT_3D('',#12176,#9441,#9442);
#8334=AXIS2_PLACEMENT_3D('',#12178,#9444,#9445);
#8335=AXIS2_PLACEMENT_3D('',#12180,#9447,#9448);
#8336=AXIS2_PLACEMENT_3D('',#12182,#9450,#9451);
#8337=AXIS2_PLACEMENT_3D('',#12184,#9453,#9454);
#8338=AXIS2_PLACEMENT_3D('',#12186,#9456,#9457);
#8339=AXIS2_PLACEMENT_3D('',#12188,#9459,#9460);
#8340=AXIS2_PLACEMENT_3D('',#12190,#9462,#9463);
#8341=AXIS2_PLACEMENT_3D('',#12191,#9464,#9465);
#8342=AXIS2_PLACEMENT_3D('',#12192,#9466,#9467);
#8343=AXIS2_PLACEMENT_3D('',#12200,#9472,#9473);
#8344=AXIS2_PLACEMENT_3D('',#12202,#9474,#9475);
#8345=AXIS2_PLACEMENT_3D('',#12204,#9477,#9478);
#8346=AXIS2_PLACEMENT_3D('',#12268,#9483,#9484);
#8347=AXIS2_PLACEMENT_3D('',#12271,#9487,#9488);
#8348=AXIS2_PLACEMENT_3D('',#12274,#9490,#9491);
#8349=AXIS2_PLACEMENT_3D('',#12276,#9492,#9493);
#8350=AXIS2_PLACEMENT_3D('',#12278,#9495,#9496);
#8351=AXIS2_PLACEMENT_3D('',#12284,#9500,#9501);
#8352=AXIS2_PLACEMENT_3D('',#12287,#9504,#9505);
#8353=AXIS2_PLACEMENT_3D('',#12295,#9510,#9511);
#8354=AXIS2_PLACEMENT_3D('',#12299,#9514,#9515);
#8355=AXIS2_PLACEMENT_3D('',#12305,#9519,#9520);
#8356=AXIS2_PLACEMENT_3D('',#12307,#9521,#9522);
#8357=AXIS2_PLACEMENT_3D('',#12309,#9524,#9525);
#8358=AXIS2_PLACEMENT_3D('',#12313,#9528,#9529);
#8359=AXIS2_PLACEMENT_3D('',#12315,#9530,#9531);
#8360=AXIS2_PLACEMENT_3D('',#12319,#9533,#9534);
#8361=AXIS2_PLACEMENT_3D('',#12321,#9536,#9537);
#8362=AXIS2_PLACEMENT_3D('',#12325,#9540,#9541);
#8363=AXIS2_PLACEMENT_3D('',#12334,#9546,#9547);
#8364=AXIS2_PLACEMENT_3D('',#12338,#9550,#9551);
#8365=AXIS2_PLACEMENT_3D('',#12347,#9556,#9557);
#8366=AXIS2_PLACEMENT_3D('',#12352,#9561,#9562);
#8367=AXIS2_PLACEMENT_3D('',#12358,#9565,#9566);
#8368=AXIS2_PLACEMENT_3D('',#12362,#9568,#9569);
#8369=AXIS2_PLACEMENT_3D('',#12366,#9571,#9572);
#8370=AXIS2_PLACEMENT_3D('',#12370,#9574,#9575);
#8371=AXIS2_PLACEMENT_3D('',#12374,#9577,#9578);
#8372=AXIS2_PLACEMENT_3D('',#12378,#9580,#9581);
#8373=AXIS2_PLACEMENT_3D('',#12382,#9583,#9584);
#8374=AXIS2_PLACEMENT_3D('',#12386,#9586,#9587);
#8375=AXIS2_PLACEMENT_3D('',#12388,#9589,#9590);
#8376=AXIS2_PLACEMENT_3D('',#12391,#9592,#9593);
#8377=AXIS2_PLACEMENT_3D('',#12392,#9594,#9595);
#8378=AXIS2_PLACEMENT_3D('',#12396,#9598,#9599);
#8379=AXIS2_PLACEMENT_3D('',#12399,#9601,#9602);
#8380=AXIS2_PLACEMENT_3D('',#12400,#9603,#9604);
#8381=AXIS2_PLACEMENT_3D('',#12404,#9607,#9608);
#8382=AXIS2_PLACEMENT_3D('',#12407,#9610,#9611);
#8383=AXIS2_PLACEMENT_3D('',#12408,#9612,#9613);
#8384=AXIS2_PLACEMENT_3D('',#12412,#9616,#9617);
#8385=AXIS2_PLACEMENT_3D('',#12415,#9619,#9620);
#8386=AXIS2_PLACEMENT_3D('',#12416,#9621,#9622);
#8387=AXIS2_PLACEMENT_3D('',#12420,#9625,#9626);
#8388=AXIS2_PLACEMENT_3D('',#12423,#9628,#9629);
#8389=AXIS2_PLACEMENT_3D('',#12424,#9630,#9631);
#8390=AXIS2_PLACEMENT_3D('',#12428,#9634,#9635);
#8391=AXIS2_PLACEMENT_3D('',#12429,#9636,#9637);
#8392=AXIS2_PLACEMENT_3D('',#12430,#9638,#9639);
#8393=AXIS2_PLACEMENT_3D('',#12434,#9642,#9643);
#8394=AXIS2_PLACEMENT_3D('',#12437,#9645,#9646);
#8395=AXIS2_PLACEMENT_3D('',#12438,#9647,#9648);
#8396=AXIS2_PLACEMENT_3D('',#12442,#9651,#9652);
#8397=AXIS2_PLACEMENT_3D('',#12445,#9654,#9655);
#8398=AXIS2_PLACEMENT_3D('',#12446,#9656,#9657);
#8399=AXIS2_PLACEMENT_3D('',#12450,#9660,#9661);
#8400=AXIS2_PLACEMENT_3D('',#12453,#9663,#9664);
#8401=AXIS2_PLACEMENT_3D('',#12454,#9665,#9666);
#8402=AXIS2_PLACEMENT_3D('',#12458,#9669,#9670);
#8403=AXIS2_PLACEMENT_3D('',#12461,#9672,#9673);
#8404=AXIS2_PLACEMENT_3D('',#12462,#9674,#9675);
#8405=AXIS2_PLACEMENT_3D('',#12466,#9678,#9679);
#8406=AXIS2_PLACEMENT_3D('',#12469,#9681,#9682);
#8407=AXIS2_PLACEMENT_3D('',#12470,#9683,#9684);
#8408=AXIS2_PLACEMENT_3D('',#12474,#9687,#9688);
#8409=AXIS2_PLACEMENT_3D('',#12477,#9690,#9691);
#8410=AXIS2_PLACEMENT_3D('',#12478,#9692,#9693);
#8411=AXIS2_PLACEMENT_3D('',#12482,#9696,#9697);
#8412=AXIS2_PLACEMENT_3D('',#12485,#9699,#9700);
#8413=AXIS2_PLACEMENT_3D('',#12486,#9701,#9702);
#8414=AXIS2_PLACEMENT_3D('',#12490,#9705,#9706);
#8415=AXIS2_PLACEMENT_3D('',#12493,#9708,#9709);
#8416=AXIS2_PLACEMENT_3D('',#12494,#9710,#9711);
#8417=AXIS2_PLACEMENT_3D('',#12498,#9714,#9715);
#8418=AXIS2_PLACEMENT_3D('',#12500,#9717,#9718);
#8419=AXIS2_PLACEMENT_3D('',#12501,#9719,#9720);
#8420=AXIS2_PLACEMENT_3D('',#12505,#9722,#9723);
#8421=AXIS2_PLACEMENT_3D('',#12507,#9724,#9725);
#8422=AXIS2_PLACEMENT_3D('',#12511,#9727,#9728);
#8423=AXIS2_PLACEMENT_3D('',#12516,#9731,#9732);
#8424=AXIS2_PLACEMENT_3D('',#12519,#9734,#9735);
#8425=AXIS2_PLACEMENT_3D('',#12520,#9736,#9737);
#8426=AXIS2_PLACEMENT_3D('',#12524,#9739,#9740);
#8427=AXIS2_PLACEMENT_3D('',#12532,#9744,#9745);
#8428=AXIS2_PLACEMENT_3D('',#12536,#9747,#9748);
#8429=AXIS2_PLACEMENT_3D('',#12540,#9750,#9751);
#8430=AXIS2_PLACEMENT_3D('',#12544,#9753,#9754);
#8431=AXIS2_PLACEMENT_3D('',#12547,#9756,#9757);
#8432=AXIS2_PLACEMENT_3D('',#12548,#9758,#9759);
#8433=AXIS2_PLACEMENT_3D('',#12554,#9762,#9763);
#8434=AXIS2_PLACEMENT_3D('',#12557,#9765,#9766);
#8435=AXIS2_PLACEMENT_3D('',#12559,#9767,#9768);
#8436=AXIS2_PLACEMENT_3D('',#12563,#9770,#9771);
#8437=AXIS2_PLACEMENT_3D('',#12567,#9773,#9774);
#8438=AXIS2_PLACEMENT_3D('',#12571,#9776,#9777);
#8439=AXIS2_PLACEMENT_3D('',#12575,#9779,#9780);
#8440=AXIS2_PLACEMENT_3D('',#12579,#9782,#9783);
#8441=AXIS2_PLACEMENT_3D('',#12585,#9787,#9788);
#8442=AXIS2_PLACEMENT_3D('',#12587,#9790,#9791);
#8443=AXIS2_PLACEMENT_3D('',#12589,#9793,#9794);
#8444=AXIS2_PLACEMENT_3D('',#12590,#9795,#9796);
#8445=AXIS2_PLACEMENT_3D('',#12591,#9797,#9798);
#8446=AXIS2_PLACEMENT_3D('',#12593,#9800,#9801);
#8447=AXIS2_PLACEMENT_3D('',#12595,#9803,#9804);
#8448=AXIS2_PLACEMENT_3D('',#12598,#9807,#9808);
#8449=AXIS2_PLACEMENT_3D('',#12600,#9810,#9811);
#8450=AXIS2_PLACEMENT_3D('',#12602,#9813,#9814);
#8451=AXIS2_PLACEMENT_3D('',#12604,#9816,#9817);
#8452=AXIS2_PLACEMENT_3D('',#12606,#9819,#9820);
#8453=AXIS2_PLACEMENT_3D('',#12608,#9822,#9823);
#8454=AXIS2_PLACEMENT_3D('',#12610,#9825,#9826);
#8455=AXIS2_PLACEMENT_3D('',#12612,#9828,#9829);
#8456=AXIS2_PLACEMENT_3D('',#12614,#9831,#9832);
#8457=AXIS2_PLACEMENT_3D('',#12616,#9834,#9835);
#8458=AXIS2_PLACEMENT_3D('',#12618,#9837,#9838);
#8459=AXIS2_PLACEMENT_3D('',#12620,#9840,#9841);
#8460=AXIS2_PLACEMENT_3D('',#12621,#9842,#9843);
#8461=AXIS2_PLACEMENT_3D('',#12623,#9845,#9846);
#8462=AXIS2_PLACEMENT_3D('',#12625,#9848,#9849);
#8463=AXIS2_PLACEMENT_3D('',#12627,#9851,#9852);
#8464=AXIS2_PLACEMENT_3D('',#12629,#9854,#9855);
#8465=AXIS2_PLACEMENT_3D('',#12630,#9856,#9857);
#8466=AXIS2_PLACEMENT_3D('',#12631,#9858,#9859);
#8467=AXIS2_PLACEMENT_3D('',#12635,#9861,#9862);
#8468=AXIS2_PLACEMENT_3D('',#12637,#9863,#9864);
#8469=AXIS2_PLACEMENT_3D('',#12641,#9866,#9867);
#8470=AXIS2_PLACEMENT_3D('',#12649,#9871,#9872);
#8471=AXIS2_PLACEMENT_3D('',#12653,#9874,#9875);
#8472=AXIS2_PLACEMENT_3D('',#12656,#9877,#9878);
#8473=AXIS2_PLACEMENT_3D('',#12660,#9880,#9881);
#8474=AXIS2_PLACEMENT_3D('',#12664,#9883,#9884);
#8475=AXIS2_PLACEMENT_3D('',#12668,#9886,#9887);
#8476=AXIS2_PLACEMENT_3D('',#12676,#9891,#9892);
#8477=AXIS2_PLACEMENT_3D('',#12680,#9894,#9895);
#8478=AXIS2_PLACEMENT_3D('',#12684,#9897,#9898);
#8479=AXIS2_PLACEMENT_3D('',#12688,#9900,#9901);
#8480=AXIS2_PLACEMENT_3D('',#12691,#9903,#9904);
#8481=AXIS2_PLACEMENT_3D('',#12692,#9905,#9906);
#8482=AXIS2_PLACEMENT_3D('',#12694,#9908,#9909);
#8483=AXIS2_PLACEMENT_3D('',#12701,#9912,#9913);
#8484=AXIS2_PLACEMENT_3D('',#12704,#9915,#9916);
#8485=AXIS2_PLACEMENT_3D('',#12706,#9917,#9918);
#8486=AXIS2_PLACEMENT_3D('',#12710,#9920,#9921);
#8487=AXIS2_PLACEMENT_3D('',#12714,#9923,#9924);
#8488=AXIS2_PLACEMENT_3D('',#12718,#9926,#9927);
#8489=AXIS2_PLACEMENT_3D('',#12722,#9929,#9930);
#8490=AXIS2_PLACEMENT_3D('',#12726,#9932,#9933);
#8491=AXIS2_PLACEMENT_3D('',#12732,#9937,#9938);
#8492=AXIS2_PLACEMENT_3D('',#12735,#9941,#9942);
#8493=AXIS2_PLACEMENT_3D('',#12737,#9944,#9945);
#8494=AXIS2_PLACEMENT_3D('',#12738,#9946,#9947);
#8495=AXIS2_PLACEMENT_3D('',#12740,#9949,#9950);
#8496=AXIS2_PLACEMENT_3D('',#12742,#9952,#9953);
#8497=AXIS2_PLACEMENT_3D('',#12744,#9955,#9956);
#8498=AXIS2_PLACEMENT_3D('',#12746,#9958,#9959);
#8499=AXIS2_PLACEMENT_3D('',#12748,#9961,#9962);
#8500=AXIS2_PLACEMENT_3D('',#12750,#9964,#9965);
#8501=AXIS2_PLACEMENT_3D('',#12752,#9967,#9968);
#8502=AXIS2_PLACEMENT_3D('',#12755,#9971,#9972);
#8503=AXIS2_PLACEMENT_3D('',#12757,#9974,#9975);
#8504=AXIS2_PLACEMENT_3D('',#12759,#9977,#9978);
#8505=AXIS2_PLACEMENT_3D('',#12761,#9980,#9981);
#8506=AXIS2_PLACEMENT_3D('',#12763,#9983,#9984);
#8507=AXIS2_PLACEMENT_3D('',#12765,#9986,#9987);
#8508=AXIS2_PLACEMENT_3D('',#12767,#9989,#9990);
#8509=AXIS2_PLACEMENT_3D('',#12769,#9992,#9993);
#8510=AXIS2_PLACEMENT_3D('',#12771,#9995,#9996);
#8511=AXIS2_PLACEMENT_3D('',#12773,#9998,#9999);
#8512=AXIS2_PLACEMENT_3D('',#12775,#10001,#10002);
#8513=AXIS2_PLACEMENT_3D('',#12777,#10004,#10005);
#8514=AXIS2_PLACEMENT_3D('',#12778,#10006,#10007);
#8515=AXIS2_PLACEMENT_3D('',#12780,#10009,#10010);
#8516=AXIS2_PLACEMENT_3D('',#12782,#10012,#10013);
#8517=AXIS2_PLACEMENT_3D('',#12784,#10015,#10016);
#8518=AXIS2_PLACEMENT_3D('',#12786,#10018,#10019);
#8519=AXIS2_PLACEMENT_3D('',#12788,#10021,#10022);
#8520=AXIS2_PLACEMENT_3D('',#12789,#10023,#10024);
#8521=AXIS2_PLACEMENT_3D('',#12795,#10028,#10029);
#8522=AXIS2_PLACEMENT_3D('',#12799,#10032,#10033);
#8523=AXIS2_PLACEMENT_3D('',#12805,#10037,#10038);
#8524=AXIS2_PLACEMENT_3D('',#12811,#10042,#10043);
#8525=AXIS2_PLACEMENT_3D('',#12813,#10045,#10046);
#8526=AXIS2_PLACEMENT_3D('',#12819,#10050,#10051);
#8527=AXIS2_PLACEMENT_3D('',#12836,#10062,#10063);
#8528=AXIS2_PLACEMENT_3D('',#12837,#10064,#10065);
#8529=AXIS2_PLACEMENT_3D('',#12838,#10066,#10067);
#8530=AXIS2_PLACEMENT_3D('',#12846,#10072,#10073);
#8531=AXIS2_PLACEMENT_3D('',#12852,#10077,#10078);
#8532=AXIS2_PLACEMENT_3D('',#12859,#10083,#10084);
#8533=AXIS2_PLACEMENT_3D('',#12928,#10089,#10090);
#8534=AXIS2_PLACEMENT_3D('',#12977,#10097,#10098);
#8535=AXIS2_PLACEMENT_3D('',#12983,#10102,#10103);
#8536=AXIS2_PLACEMENT_3D('',#12985,#10104,#10105);
#8537=AXIS2_PLACEMENT_3D('',#12989,#10107,#10108);
#8538=AXIS2_PLACEMENT_3D('',#12993,#10110,#10111);
#8539=AXIS2_PLACEMENT_3D('',#12997,#10113,#10114);
#8540=AXIS2_PLACEMENT_3D('',#13001,#10116,#10117);
#8541=AXIS2_PLACEMENT_3D('',#13005,#10119,#10120);
#8542=AXIS2_PLACEMENT_3D('',#13009,#10122,#10123);
#8543=AXIS2_PLACEMENT_3D('',#13013,#10125,#10126);
#8544=AXIS2_PLACEMENT_3D('',#13017,#10128,#10129);
#8545=AXIS2_PLACEMENT_3D('',#13021,#10131,#10132);
#8546=AXIS2_PLACEMENT_3D('',#13025,#10134,#10135);
#8547=AXIS2_PLACEMENT_3D('',#13029,#10137,#10138);
#8548=AXIS2_PLACEMENT_3D('',#13033,#10140,#10141);
#8549=AXIS2_PLACEMENT_3D('',#13036,#10143,#10144);
#8550=AXIS2_PLACEMENT_3D('',#13038,#10146,#10147);
#8551=AXIS2_PLACEMENT_3D('',#13040,#10149,#10150);
#8552=AXIS2_PLACEMENT_3D('',#13045,#10153,#10154);
#8553=AXIS2_PLACEMENT_3D('',#13046,#10155,#10156);
#8554=AXIS2_PLACEMENT_3D('',#13050,#10159,#10160);
#8555=AXIS2_PLACEMENT_3D('',#13078,#10175,#10176);
#8556=AXIS2_PLACEMENT_3D('',#13111,#10193,#10194);
#8557=AXIS2_PLACEMENT_3D('',#13144,#10211,#10212);
#8558=AXIS2_PLACEMENT_3D('',#13147,#10215,#10216);
#8559=AXIS2_PLACEMENT_3D('',#13149,#10218,#10219);
#8560=AXIS2_PLACEMENT_3D('',#13151,#10221,#10222);
#8561=AXIS2_PLACEMENT_3D('',#13153,#10224,#10225);
#8562=AXIS2_PLACEMENT_3D('',#13155,#10227,#10228);
#8563=AXIS2_PLACEMENT_3D('',#13157,#10230,#10231);
#8564=AXIS2_PLACEMENT_3D('',#13159,#10233,#10234);
#8565=AXIS2_PLACEMENT_3D('',#13161,#10236,#10237);
#8566=AXIS2_PLACEMENT_3D('',#13163,#10239,#10240);
#8567=AXIS2_PLACEMENT_3D('',#13165,#10242,#10243);
#8568=AXIS2_PLACEMENT_3D('',#13167,#10245,#10246);
#8569=AXIS2_PLACEMENT_3D('',#13169,#10248,#10249);
#8570=AXIS2_PLACEMENT_3D('',#13171,#10251,#10252);
#8571=AXIS2_PLACEMENT_3D('',#13173,#10254,#10255);
#8572=AXIS2_PLACEMENT_3D('',#13175,#10257,#10258);
#8573=AXIS2_PLACEMENT_3D('',#13176,#10259,#10260);
#8574=AXIS2_PLACEMENT_3D('',#13177,#10261,#10262);
#8575=AXIS2_PLACEMENT_3D('',#13180,#10265,#10266);
#8576=AXIS2_PLACEMENT_3D('',#13182,#10268,#10269);
#8577=AXIS2_PLACEMENT_3D('',#13184,#10271,#10272);
#8578=AXIS2_PLACEMENT_3D('',#13186,#10274,#10275);
#8579=AXIS2_PLACEMENT_3D('',#13188,#10277,#10278);
#8580=AXIS2_PLACEMENT_3D('',#13190,#10280,#10281);
#8581=AXIS2_PLACEMENT_3D('',#13192,#10283,#10284);
#8582=AXIS2_PLACEMENT_3D('',#13194,#10286,#10287);
#8583=AXIS2_PLACEMENT_3D('',#13196,#10289,#10290);
#8584=AXIS2_PLACEMENT_3D('',#13198,#10292,#10293);
#8585=AXIS2_PLACEMENT_3D('',#13200,#10295,#10296);
#8586=AXIS2_PLACEMENT_3D('',#13202,#10298,#10299);
#8587=AXIS2_PLACEMENT_3D('',#13204,#10301,#10302);
#8588=AXIS2_PLACEMENT_3D('',#13206,#10304,#10305);
#8589=AXIS2_PLACEMENT_3D('',#13208,#10307,#10308);
#8590=AXIS2_PLACEMENT_3D('',#13209,#10309,#10310);
#8591=AXIS2_PLACEMENT_3D('',#13211,#10312,#10313);
#8592=AXIS2_PLACEMENT_3D('',#13213,#10315,#10316);
#8593=AXIS2_PLACEMENT_3D('',#13215,#10318,#10319);
#8594=AXIS2_PLACEMENT_3D('',#13217,#10321,#10322);
#8595=AXIS2_PLACEMENT_3D('',#13219,#10324,#10325);
#8596=AXIS2_PLACEMENT_3D('',#13221,#10327,#10328);
#8597=AXIS2_PLACEMENT_3D('',#13223,#10330,#10331);
#8598=AXIS2_PLACEMENT_3D('',#13225,#10333,#10334);
#8599=AXIS2_PLACEMENT_3D('',#13227,#10336,#10337);
#8600=AXIS2_PLACEMENT_3D('',#13229,#10339,#10340);
#8601=AXIS2_PLACEMENT_3D('',#13231,#10342,#10343);
#8602=AXIS2_PLACEMENT_3D('',#13233,#10345,#10346);
#8603=AXIS2_PLACEMENT_3D('',#13235,#10348,#10349);
#8604=AXIS2_PLACEMENT_3D('',#13236,#10350,#10351);
#8605=AXIS2_PLACEMENT_3D('',#13238,#10353,#10354);
#8606=AXIS2_PLACEMENT_3D('',#13239,#10355,#10356);
#8607=AXIS2_PLACEMENT_3D('',#13247,#10361,#10362);
#8608=AXIS2_PLACEMENT_3D('',#13250,#10364,#10365);
#8609=AXIS2_PLACEMENT_3D('',#13251,#10366,#10367);
#8610=AXIS2_PLACEMENT_3D('',#13315,#10372,#10373);
#8611=AXIS2_PLACEMENT_3D('',#13318,#10376,#10377);
#8612=AXIS2_PLACEMENT_3D('',#13321,#10379,#10380);
#8613=AXIS2_PLACEMENT_3D('',#13323,#10381,#10382);
#8614=AXIS2_PLACEMENT_3D('',#13325,#10384,#10385);
#8615=AXIS2_PLACEMENT_3D('',#13331,#10389,#10390);
#8616=AXIS2_PLACEMENT_3D('',#13334,#10393,#10394);
#8617=AXIS2_PLACEMENT_3D('',#13342,#10399,#10400);
#8618=AXIS2_PLACEMENT_3D('',#13346,#10403,#10404);
#8619=AXIS2_PLACEMENT_3D('',#13352,#10408,#10409);
#8620=AXIS2_PLACEMENT_3D('',#13355,#10411,#10412);
#8621=AXIS2_PLACEMENT_3D('',#13356,#10413,#10414);
#8622=AXIS2_PLACEMENT_3D('',#13360,#10417,#10418);
#8623=AXIS2_PLACEMENT_3D('',#13364,#10420,#10421);
#8624=AXIS2_PLACEMENT_3D('',#13367,#10423,#10424);
#8625=AXIS2_PLACEMENT_3D('',#13368,#10425,#10426);
#8626=AXIS2_PLACEMENT_3D('',#13372,#10429,#10430);
#8627=AXIS2_PLACEMENT_3D('',#13381,#10435,#10436);
#8628=AXIS2_PLACEMENT_3D('',#13385,#10439,#10440);
#8629=AXIS2_PLACEMENT_3D('',#13394,#10445,#10446);
#8630=AXIS2_PLACEMENT_3D('',#13399,#10450,#10451);
#8631=AXIS2_PLACEMENT_3D('',#13405,#10454,#10455);
#8632=AXIS2_PLACEMENT_3D('',#13409,#10457,#10458);
#8633=AXIS2_PLACEMENT_3D('',#13413,#10460,#10461);
#8634=AXIS2_PLACEMENT_3D('',#13417,#10463,#10464);
#8635=AXIS2_PLACEMENT_3D('',#13421,#10466,#10467);
#8636=AXIS2_PLACEMENT_3D('',#13425,#10469,#10470);
#8637=AXIS2_PLACEMENT_3D('',#13429,#10472,#10473);
#8638=AXIS2_PLACEMENT_3D('',#13433,#10475,#10476);
#8639=AXIS2_PLACEMENT_3D('',#13435,#10478,#10479);
#8640=AXIS2_PLACEMENT_3D('',#13437,#10480,#10481);
#8641=AXIS2_PLACEMENT_3D('',#13439,#10483,#10484);
#8642=AXIS2_PLACEMENT_3D('',#13443,#10487,#10488);
#8643=AXIS2_PLACEMENT_3D('',#13445,#10489,#10490);
#8644=AXIS2_PLACEMENT_3D('',#13447,#10492,#10493);
#8645=AXIS2_PLACEMENT_3D('',#13451,#10496,#10497);
#8646=AXIS2_PLACEMENT_3D('',#13453,#10498,#10499);
#8647=AXIS2_PLACEMENT_3D('',#13455,#10501,#10502);
#8648=AXIS2_PLACEMENT_3D('',#13459,#10505,#10506);
#8649=AXIS2_PLACEMENT_3D('',#13461,#10507,#10508);
#8650=AXIS2_PLACEMENT_3D('',#13463,#10510,#10511);
#8651=AXIS2_PLACEMENT_3D('',#13467,#10514,#10515);
#8652=AXIS2_PLACEMENT_3D('',#13469,#10516,#10517);
#8653=AXIS2_PLACEMENT_3D('',#13471,#10519,#10520);
#8654=AXIS2_PLACEMENT_3D('',#13475,#10523,#10524);
#8655=AXIS2_PLACEMENT_3D('',#13476,#10525,#10526);
#8656=AXIS2_PLACEMENT_3D('',#13477,#10527,#10528);
#8657=AXIS2_PLACEMENT_3D('',#13481,#10531,#10532);
#8658=AXIS2_PLACEMENT_3D('',#13483,#10533,#10534);
#8659=AXIS2_PLACEMENT_3D('',#13485,#10536,#10537);
#8660=AXIS2_PLACEMENT_3D('',#13489,#10540,#10541);
#8661=AXIS2_PLACEMENT_3D('',#13491,#10542,#10543);
#8662=AXIS2_PLACEMENT_3D('',#13493,#10545,#10546);
#8663=AXIS2_PLACEMENT_3D('',#13497,#10549,#10550);
#8664=AXIS2_PLACEMENT_3D('',#13499,#10551,#10552);
#8665=AXIS2_PLACEMENT_3D('',#13501,#10554,#10555);
#8666=AXIS2_PLACEMENT_3D('',#13505,#10558,#10559);
#8667=AXIS2_PLACEMENT_3D('',#13507,#10560,#10561);
#8668=AXIS2_PLACEMENT_3D('',#13509,#10563,#10564);
#8669=AXIS2_PLACEMENT_3D('',#13513,#10567,#10568);
#8670=AXIS2_PLACEMENT_3D('',#13515,#10569,#10570);
#8671=AXIS2_PLACEMENT_3D('',#13517,#10572,#10573);
#8672=AXIS2_PLACEMENT_3D('',#13521,#10576,#10577);
#8673=AXIS2_PLACEMENT_3D('',#13523,#10578,#10579);
#8674=AXIS2_PLACEMENT_3D('',#13525,#10581,#10582);
#8675=AXIS2_PLACEMENT_3D('',#13529,#10585,#10586);
#8676=AXIS2_PLACEMENT_3D('',#13531,#10587,#10588);
#8677=AXIS2_PLACEMENT_3D('',#13533,#10590,#10591);
#8678=AXIS2_PLACEMENT_3D('',#13537,#10594,#10595);
#8679=AXIS2_PLACEMENT_3D('',#13539,#10596,#10597);
#8680=AXIS2_PLACEMENT_3D('',#13541,#10599,#10600);
#8681=AXIS2_PLACEMENT_3D('',#13545,#10603,#10604);
#8682=AXIS2_PLACEMENT_3D('',#13547,#10606,#10607);
#8683=AXIS2_PLACEMENT_3D('',#13548,#10608,#10609);
#8684=AXIS2_PLACEMENT_3D('',#13553,#10611,#10612);
#8685=AXIS2_PLACEMENT_3D('',#13557,#10614,#10615);
#8686=AXIS2_PLACEMENT_3D('',#13561,#10617,#10618);
#8687=AXIS2_PLACEMENT_3D('',#13565,#10620,#10621);
#8688=AXIS2_PLACEMENT_3D('',#13569,#10623,#10624);
#8689=AXIS2_PLACEMENT_3D('',#13577,#10628,#10629);
#8690=AXIS2_PLACEMENT_3D('',#13579,#10631,#10632);
#8691=AXIS2_PLACEMENT_3D('',#13581,#10633,#10634);
#8692=AXIS2_PLACEMENT_3D('',#13584,#10636,#10637);
#8693=AXIS2_PLACEMENT_3D('',#13590,#10640,#10641);
#8694=AXIS2_PLACEMENT_3D('',#13593,#10643,#10644);
#8695=AXIS2_PLACEMENT_3D('',#13594,#10645,#10646);
#8696=AXIS2_PLACEMENT_3D('',#13595,#10647,#10648);
#8697=AXIS2_PLACEMENT_3D('',#13605,#10653,#10654);
#8698=AXIS2_PLACEMENT_3D('',#13609,#10656,#10657);
#8699=AXIS2_PLACEMENT_3D('',#13613,#10659,#10660);
#8700=AXIS2_PLACEMENT_3D('',#13617,#10662,#10663);
#8701=AXIS2_PLACEMENT_3D('',#13621,#10665,#10666);
#8702=AXIS2_PLACEMENT_3D('',#13624,#10668,#10669);
#8703=AXIS2_PLACEMENT_3D('',#13626,#10670,#10671);
#8704=AXIS2_PLACEMENT_3D('',#13630,#10673,#10674);
#8705=AXIS2_PLACEMENT_3D('',#13632,#10676,#10677);
#8706=AXIS2_PLACEMENT_3D('',#13634,#10679,#10680);
#8707=AXIS2_PLACEMENT_3D('',#13636,#10682,#10683);
#8708=AXIS2_PLACEMENT_3D('',#13637,#10684,#10685);
#8709=AXIS2_PLACEMENT_3D('',#13638,#10686,#10687);
#8710=AXIS2_PLACEMENT_3D('',#13640,#10689,#10690);
#8711=AXIS2_PLACEMENT_3D('',#13642,#10692,#10693);
#8712=AXIS2_PLACEMENT_3D('',#13645,#10696,#10697);
#8713=AXIS2_PLACEMENT_3D('',#13647,#10699,#10700);
#8714=AXIS2_PLACEMENT_3D('',#13649,#10702,#10703);
#8715=AXIS2_PLACEMENT_3D('',#13651,#10705,#10706);
#8716=AXIS2_PLACEMENT_3D('',#13653,#10708,#10709);
#8717=AXIS2_PLACEMENT_3D('',#13655,#10711,#10712);
#8718=AXIS2_PLACEMENT_3D('',#13657,#10714,#10715);
#8719=AXIS2_PLACEMENT_3D('',#13659,#10717,#10718);
#8720=AXIS2_PLACEMENT_3D('',#13661,#10720,#10721);
#8721=AXIS2_PLACEMENT_3D('',#13663,#10723,#10724);
#8722=AXIS2_PLACEMENT_3D('',#13665,#10726,#10727);
#8723=AXIS2_PLACEMENT_3D('',#13667,#10729,#10730);
#8724=AXIS2_PLACEMENT_3D('',#13668,#10731,#10732);
#8725=AXIS2_PLACEMENT_3D('',#13670,#10734,#10735);
#8726=AXIS2_PLACEMENT_3D('',#13672,#10737,#10738);
#8727=AXIS2_PLACEMENT_3D('',#13674,#10740,#10741);
#8728=AXIS2_PLACEMENT_3D('',#13676,#10743,#10744);
#8729=AXIS2_PLACEMENT_3D('',#13677,#10745,#10746);
#8730=AXIS2_PLACEMENT_3D('',#13678,#10747,#10748);
#8731=AXIS2_PLACEMENT_3D('',#13683,#10750,#10751);
#8732=AXIS2_PLACEMENT_3D('',#13687,#10753,#10754);
#8733=AXIS2_PLACEMENT_3D('',#13691,#10756,#10757);
#8734=AXIS2_PLACEMENT_3D('',#13695,#10759,#10760);
#8735=AXIS2_PLACEMENT_3D('',#13699,#10762,#10763);
#8736=AXIS2_PLACEMENT_3D('',#13707,#10767,#10768);
#8737=AXIS2_PLACEMENT_3D('',#13711,#10770,#10771);
#8738=AXIS2_PLACEMENT_3D('',#13715,#10773,#10774);
#8739=AXIS2_PLACEMENT_3D('',#13718,#10776,#10777);
#8740=AXIS2_PLACEMENT_3D('',#13722,#10779,#10780);
#8741=AXIS2_PLACEMENT_3D('',#13726,#10782,#10783);
#8742=AXIS2_PLACEMENT_3D('',#13734,#10787,#10788);
#8743=AXIS2_PLACEMENT_3D('',#13737,#10790,#10791);
#8744=AXIS2_PLACEMENT_3D('',#13738,#10792,#10793);
#8745=AXIS2_PLACEMENT_3D('',#13739,#10794,#10795);
#8746=AXIS2_PLACEMENT_3D('',#13741,#10797,#10798);
#8747=AXIS2_PLACEMENT_3D('',#13752,#10803,#10804);
#8748=AXIS2_PLACEMENT_3D('',#13756,#10806,#10807);
#8749=AXIS2_PLACEMENT_3D('',#13760,#10809,#10810);
#8750=AXIS2_PLACEMENT_3D('',#13764,#10812,#10813);
#8751=AXIS2_PLACEMENT_3D('',#13768,#10815,#10816);
#8752=AXIS2_PLACEMENT_3D('',#13771,#10818,#10819);
#8753=AXIS2_PLACEMENT_3D('',#13773,#10820,#10821);
#8754=AXIS2_PLACEMENT_3D('',#13777,#10823,#10824);
#8755=AXIS2_PLACEMENT_3D('',#13779,#10826,#10827);
#8756=AXIS2_PLACEMENT_3D('',#13782,#10830,#10831);
#8757=AXIS2_PLACEMENT_3D('',#13784,#10833,#10834);
#8758=AXIS2_PLACEMENT_3D('',#13785,#10835,#10836);
#8759=AXIS2_PLACEMENT_3D('',#13787,#10838,#10839);
#8760=AXIS2_PLACEMENT_3D('',#13789,#10841,#10842);
#8761=AXIS2_PLACEMENT_3D('',#13791,#10844,#10845);
#8762=AXIS2_PLACEMENT_3D('',#13793,#10847,#10848);
#8763=AXIS2_PLACEMENT_3D('',#13795,#10850,#10851);
#8764=AXIS2_PLACEMENT_3D('',#13797,#10853,#10854);
#8765=AXIS2_PLACEMENT_3D('',#13799,#10856,#10857);
#8766=AXIS2_PLACEMENT_3D('',#13802,#10860,#10861);
#8767=AXIS2_PLACEMENT_3D('',#13804,#10863,#10864);
#8768=AXIS2_PLACEMENT_3D('',#13806,#10866,#10867);
#8769=AXIS2_PLACEMENT_3D('',#13808,#10869,#10870);
#8770=AXIS2_PLACEMENT_3D('',#13810,#10872,#10873);
#8771=AXIS2_PLACEMENT_3D('',#13812,#10875,#10876);
#8772=AXIS2_PLACEMENT_3D('',#13814,#10878,#10879);
#8773=AXIS2_PLACEMENT_3D('',#13816,#10881,#10882);
#8774=AXIS2_PLACEMENT_3D('',#13818,#10884,#10885);
#8775=AXIS2_PLACEMENT_3D('',#13820,#10887,#10888);
#8776=AXIS2_PLACEMENT_3D('',#13822,#10890,#10891);
#8777=AXIS2_PLACEMENT_3D('',#13824,#10893,#10894);
#8778=AXIS2_PLACEMENT_3D('',#13825,#10895,#10896);
#8779=AXIS2_PLACEMENT_3D('',#13827,#10898,#10899);
#8780=AXIS2_PLACEMENT_3D('',#13829,#10901,#10902);
#8781=AXIS2_PLACEMENT_3D('',#13831,#10904,#10905);
#8782=AXIS2_PLACEMENT_3D('',#13833,#10907,#10908);
#8783=AXIS2_PLACEMENT_3D('',#13835,#10910,#10911);
#8784=DIRECTION('axis',(0.,0.,1.));
#8785=DIRECTION('refdir',(1.,0.,0.));
#8786=DIRECTION('center_axis',(0.,0.,1.));
#8787=DIRECTION('ref_axis',(-1.,0.,0.));
#8788=DIRECTION('',(1.,0.,0.));
#8789=DIRECTION('',(0.,-1.,0.));
#8790=DIRECTION('',(-1.,0.,0.));
#8791=DIRECTION('',(0.,1.,0.));
#8792=DIRECTION('center_axis',(0.,0.,-1.));
#8793=DIRECTION('ref_axis',(1.,0.,0.));
#8794=DIRECTION('',(-1.,0.,0.));
#8795=DIRECTION('',(0.,-1.,0.));
#8796=DIRECTION('',(1.,0.,0.));
#8797=DIRECTION('',(0.,-1.,0.));
#8798=DIRECTION('center_axis',(-1.,0.,0.));
#8799=DIRECTION('ref_axis',(0.,0.,-1.));
#8800=DIRECTION('',(0.,0.,1.));
#8801=DIRECTION('',(0.,0.,-1.));
#8802=DIRECTION('center_axis',(1.,0.,0.));
#8803=DIRECTION('ref_axis',(0.,0.,1.));
#8804=DIRECTION('',(0.,0.,-1.));
#8805=DIRECTION('',(0.,-1.,0.));
#8806=DIRECTION('',(0.,0.,1.));
#8807=DIRECTION('',(0.,-1.,0.));
#8808=DIRECTION('center_axis',(0.,0.,-1.));
#8809=DIRECTION('ref_axis',(1.,0.,0.));
#8810=DIRECTION('',(-1.,0.,0.));
#8811=DIRECTION('',(1.,0.,0.));
#8812=DIRECTION('',(0.,-1.,0.));
#8813=DIRECTION('center_axis',(-1.,0.,0.));
#8814=DIRECTION('ref_axis',(0.,0.,-1.));
#8815=DIRECTION('',(0.,0.,1.));
#8816=DIRECTION('',(0.,0.,-1.));
#8817=DIRECTION('',(0.,-1.,0.));
#8818=DIRECTION('center_axis',(0.,0.,1.));
#8819=DIRECTION('ref_axis',(-1.,0.,0.));
#8820=DIRECTION('',(1.,0.,0.));
#8821=DIRECTION('',(-1.,0.,0.));
#8822=DIRECTION('center_axis',(0.,0.,-1.));
#8823=DIRECTION('ref_axis',(1.,0.,0.));
#8824=DIRECTION('',(-1.,0.,0.));
#8825=DIRECTION('',(0.,-1.,0.));
#8826=DIRECTION('',(1.,0.,0.));
#8827=DIRECTION('',(0.,-1.,0.));
#8828=DIRECTION('center_axis',(-1.,0.,0.));
#8829=DIRECTION('ref_axis',(0.,0.,-1.));
#8830=DIRECTION('',(0.,0.,1.));
#8831=DIRECTION('',(0.,0.,-1.));
#8832=DIRECTION('',(0.,-1.,0.));
#8833=DIRECTION('center_axis',(0.,0.,1.));
#8834=DIRECTION('ref_axis',(-1.,0.,0.));
#8835=DIRECTION('',(1.,0.,0.));
#8836=DIRECTION('',(-1.,0.,0.));
#8837=DIRECTION('',(0.,-1.,0.));
#8838=DIRECTION('center_axis',(1.,0.,0.));
#8839=DIRECTION('ref_axis',(0.,0.,1.));
#8840=DIRECTION('',(0.,0.,-1.));
#8841=DIRECTION('',(0.,0.,1.));
#8842=DIRECTION('center_axis',(0.,0.,-1.));
#8843=DIRECTION('ref_axis',(1.,0.,0.));
#8844=DIRECTION('',(-1.,0.,0.));
#8845=DIRECTION('',(0.,-1.,0.));
#8846=DIRECTION('',(1.,0.,0.));
#8847=DIRECTION('',(0.,1.,0.));
#8848=DIRECTION('center_axis',(0.,0.,1.));
#8849=DIRECTION('ref_axis',(-1.,0.,0.));
#8850=DIRECTION('',(1.,0.,0.));
#8851=DIRECTION('',(0.,-1.,0.));
#8852=DIRECTION('',(-1.,0.,0.));
#8853=DIRECTION('',(0.,-1.,0.));
#8854=DIRECTION('center_axis',(1.,0.,0.));
#8855=DIRECTION('ref_axis',(0.,0.,1.));
#8856=DIRECTION('',(0.,0.,-1.));
#8857=DIRECTION('',(0.,0.,1.));
#8858=DIRECTION('center_axis',(1.,0.,0.));
#8859=DIRECTION('ref_axis',(0.,0.,1.));
#8860=DIRECTION('',(0.,0.,-1.));
#8861=DIRECTION('',(0.,-1.,0.));
#8862=DIRECTION('',(0.,0.,1.));
#8863=DIRECTION('',(0.,-1.,0.));
#8864=DIRECTION('center_axis',(0.,0.,-1.));
#8865=DIRECTION('ref_axis',(1.,0.,0.));
#8866=DIRECTION('',(-1.,0.,0.));
#8867=DIRECTION('',(1.,0.,0.));
#8868=DIRECTION('',(0.,-1.,0.));
#8869=DIRECTION('center_axis',(-1.,0.,0.));
#8870=DIRECTION('ref_axis',(0.,0.,-1.));
#8871=DIRECTION('',(0.,0.,1.));
#8872=DIRECTION('',(0.,0.,-1.));
#8873=DIRECTION('',(0.,-1.,0.));
#8874=DIRECTION('center_axis',(0.,0.,1.));
#8875=DIRECTION('ref_axis',(-1.,0.,0.));
#8876=DIRECTION('',(1.,0.,0.));
#8877=DIRECTION('',(-1.,0.,0.));
#8878=DIRECTION('center_axis',(0.,0.,-1.));
#8879=DIRECTION('ref_axis',(1.,0.,0.));
#8880=DIRECTION('',(-1.,0.,0.));
#8881=DIRECTION('',(0.,-1.,0.));
#8882=DIRECTION('',(1.,0.,0.));
#8883=DIRECTION('',(0.,-1.,0.));
#8884=DIRECTION('center_axis',(-1.,0.,0.));
#8885=DIRECTION('ref_axis',(0.,0.,-1.));
#8886=DIRECTION('',(0.,0.,1.));
#8887=DIRECTION('',(0.,0.,-1.));
#8888=DIRECTION('',(0.,-1.,0.));
#8889=DIRECTION('center_axis',(0.,0.,1.));
#8890=DIRECTION('ref_axis',(-1.,0.,0.));
#8891=DIRECTION('',(1.,0.,0.));
#8892=DIRECTION('',(-1.,0.,0.));
#8893=DIRECTION('',(0.,-1.,0.));
#8894=DIRECTION('center_axis',(1.,0.,0.));
#8895=DIRECTION('ref_axis',(0.,0.,1.));
#8896=DIRECTION('',(0.,0.,-1.));
#8897=DIRECTION('',(0.,0.,1.));
#8898=DIRECTION('center_axis',(1.,0.,0.));
#8899=DIRECTION('ref_axis',(0.,0.,-1.));
#8900=DIRECTION('',(0.,0.,-1.));
#8901=DIRECTION('',(0.,1.,0.));
#8902=DIRECTION('',(-6.31088724176809E-30,0.,1.));
#8903=DIRECTION('center_axis',(1.,0.,0.));
#8904=DIRECTION('ref_axis',(0.,0.,-1.));
#8905=DIRECTION('',(-6.31088724176809E-30,0.,1.));
#8906=DIRECTION('',(0.,-1.,-5.59934585400202E-14));
#8907=DIRECTION('',(0.,0.,-1.));
#8908=DIRECTION('center_axis',(1.,0.,0.));
#8909=DIRECTION('ref_axis',(0.,0.,-1.));
#8910=DIRECTION('',(0.,0.,-1.));
#8911=DIRECTION('',(0.,1.,2.81514340946028E-13));
#8912=DIRECTION('',(6.31088724176809E-30,0.,1.));
#8913=DIRECTION('center_axis',(1.,0.,0.));
#8914=DIRECTION('ref_axis',(0.,0.,-1.));
#8915=DIRECTION('',(6.31088724176809E-30,0.,1.));
#8916=DIRECTION('',(0.,1.,0.));
#8917=DIRECTION('',(0.,0.,-1.));
#8918=DIRECTION('center_axis',(0.,-1.,0.));
#8919=DIRECTION('ref_axis',(0.,0.,1.));
#8920=DIRECTION('',(0.743144825477395,0.,0.669130606358858));
#8921=DIRECTION('',(-1.,0.,2.11569960978693E-26));
#8922=DIRECTION('',(-0.75161762247911,0.,-0.659599082457556));
#8923=DIRECTION('',(-1.,0.,6.31088724176809E-30));
#8924=DIRECTION('',(6.31088724176809E-30,0.,1.));
#8925=DIRECTION('',(0.,0.,-1.));
#8926=DIRECTION('',(0.,0.,-1.));
#8927=DIRECTION('',(0.,0.,1.));
#8928=DIRECTION('',(0.,0.,-1.));
#8929=DIRECTION('',(-1.,0.,0.));
#8930=DIRECTION('',(0.,0.,1.));
#8931=DIRECTION('',(0.,0.,1.));
#8932=DIRECTION('',(0.,0.,1.));
#8933=DIRECTION('',(-1.,0.,0.));
#8934=DIRECTION('',(0.,0.,-1.));
#8935=DIRECTION('',(1.,0.,-6.31088724176809E-30));
#8936=DIRECTION('',(0.,0.,1.));
#8937=DIRECTION('',(-1.,0.,0.));
#8938=DIRECTION('',(1.,0.,-6.31088724176809E-30));
#8939=DIRECTION('',(0.,0.,1.));
#8940=DIRECTION('',(-1.,0.,0.));
#8941=DIRECTION('',(0.,0.,-1.));
#8942=DIRECTION('',(1.,0.,5.27355936696949E-14));
#8943=DIRECTION('',(5.19909318848853E-14,0.,-1.));
#8944=DIRECTION('',(-1.,0.,-5.27355936696949E-14));
#8945=DIRECTION('',(5.92118946466751E-14,0.,-1.));
#8946=DIRECTION('',(1.,0.,5.92118946466756E-14));
#8947=DIRECTION('',(-5.46571335200076E-14,0.,1.));
#8948=DIRECTION('',(1.,0.,5.07530525542927E-14));
#8949=DIRECTION('',(5.92118946466751E-14,0.,-1.));
#8950=DIRECTION('',(1.,0.,5.92118946466756E-14));
#8951=DIRECTION('',(-5.39575968281987E-14,0.,1.));
#8952=DIRECTION('',(-1.,0.,-5.9211894646677E-14));
#8953=DIRECTION('',(4.44089209850062E-14,0.,-1.));
#8954=DIRECTION('',(-1.,0.,-5.07530525542925E-14));
#8955=DIRECTION('',(-5.46571335200076E-14,0.,1.));
#8956=DIRECTION('',(-1.,0.,-5.92118946466756E-14));
#8957=DIRECTION('',(5.5922344944082E-14,0.,-1.));
#8958=DIRECTION('',(-5.46571335200076E-14,0.,1.));
#8959=DIRECTION('',(-1.,0.,6.31088724176809E-30));
#8960=DIRECTION('',(-6.31088724176809E-30,0.,-1.));
#8961=DIRECTION('',(1.,0.,-6.31088724176809E-30));
#8962=DIRECTION('',(5.19909318848853E-14,0.,-1.));
#8963=DIRECTION('',(-1.,0.,-5.2735593669695E-14));
#8964=DIRECTION('',(5.92118946466751E-14,0.,-1.));
#8965=DIRECTION('',(1.,0.,5.92118946466756E-14));
#8966=DIRECTION('',(-5.46571335200076E-14,0.,1.));
#8967=DIRECTION('',(1.,0.,5.07530525542928E-14));
#8968=DIRECTION('',(5.92118946466751E-14,0.,-1.));
#8969=DIRECTION('',(1.,0.,5.92118946466756E-14));
#8970=DIRECTION('',(-5.39575968281987E-14,0.,1.));
#8971=DIRECTION('',(-1.,0.,-5.9211894646677E-14));
#8972=DIRECTION('',(4.44089209850062E-14,0.,-1.));
#8973=DIRECTION('',(-1.,0.,-5.07530525542924E-14));
#8974=DIRECTION('',(-5.46571335200076E-14,0.,1.));
#8975=DIRECTION('',(1.,0.,0.));
#8976=DIRECTION('',(-6.31088724176809E-30,0.,-1.));
#8977=DIRECTION('',(1.,0.,-6.31088724176809E-30));
#8978=DIRECTION('',(5.19909318848853E-14,0.,-1.));
#8979=DIRECTION('',(-1.,0.,-5.2735593669695E-14));
#8980=DIRECTION('',(5.92118946466751E-14,0.,-1.));
#8981=DIRECTION('',(1.,0.,5.92118946466756E-14));
#8982=DIRECTION('',(-5.46571335200076E-14,0.,1.));
#8983=DIRECTION('',(1.,0.,5.07530525542928E-14));
#8984=DIRECTION('',(5.92118946466751E-14,0.,-1.));
#8985=DIRECTION('',(1.,0.,5.92118946466756E-14));
#8986=DIRECTION('',(6.31088724176809E-30,0.,1.));
#8987=DIRECTION('',(-1.,0.,-5.9211894646677E-14));
#8988=DIRECTION('',(4.44089209850062E-14,0.,-1.));
#8989=DIRECTION('',(-1.,0.,-5.07530525542924E-14));
#8990=DIRECTION('center_axis',(0.,1.,0.));
#8991=DIRECTION('ref_axis',(0.,0.,1.));
#8992=DIRECTION('',(1.,0.,0.));
#8993=DIRECTION('',(0.,0.,1.));
#8994=DIRECTION('',(-1.,0.,-6.31088724176809E-30));
#8995=DIRECTION('',(0.,0.,-1.));
#8996=DIRECTION('',(1.,0.,0.));
#8997=DIRECTION('',(0.,0.,1.));
#8998=DIRECTION('',(0.,0.,1.));
#8999=DIRECTION('',(0.,0.,1.));
#9000=DIRECTION('',(1.,0.,0.));
#9001=DIRECTION('',(0.,0.,-1.));
#9002=DIRECTION('',(0.,0.,1.));
#9003=DIRECTION('',(0.,0.,-1.));
#9004=DIRECTION('',(0.,0.,-1.));
#9005=DIRECTION('',(-6.31088724176809E-30,0.,1.));
#9006=DIRECTION('',(1.,0.,6.31088724176809E-30));
#9007=DIRECTION('',(0.75161762247911,0.,-0.659599082457556));
#9008=DIRECTION('',(-1.,0.,2.11569960978693E-26));
#9009=DIRECTION('',(0.743144825477396,0.,-0.669130606358857));
#9010=DIRECTION('',(5.46571335200076E-14,0.,1.));
#9011=DIRECTION('',(1.,0.,-5.07530525542924E-14));
#9012=DIRECTION('',(-4.44089209850062E-14,0.,-1.));
#9013=DIRECTION('',(1.,0.,-5.9211894646677E-14));
#9014=DIRECTION('',(-6.31088724176809E-30,0.,1.));
#9015=DIRECTION('',(-1.,0.,5.92118946466756E-14));
#9016=DIRECTION('',(-5.92118946466751E-14,0.,-1.));
#9017=DIRECTION('',(-1.,0.,5.07530525542928E-14));
#9018=DIRECTION('',(5.46571335200076E-14,0.,1.));
#9019=DIRECTION('',(-1.,0.,5.92118946466756E-14));
#9020=DIRECTION('',(-5.92118946466751E-14,0.,-1.));
#9021=DIRECTION('',(1.,0.,-5.2735593669695E-14));
#9022=DIRECTION('',(-5.19909318848853E-14,0.,-1.));
#9023=DIRECTION('',(-1.,0.,-6.31088724176809E-30));
#9024=DIRECTION('',(6.31088724176809E-30,0.,-1.));
#9025=DIRECTION('',(-1.,0.,0.));
#9026=DIRECTION('',(5.46571335200076E-14,0.,1.));
#9027=DIRECTION('',(1.,0.,-5.07530525542924E-14));
#9028=DIRECTION('',(-4.44089209850062E-14,0.,-1.));
#9029=DIRECTION('',(1.,0.,-5.9211894646677E-14));
#9030=DIRECTION('',(5.39575968281987E-14,0.,1.));
#9031=DIRECTION('',(-1.,0.,5.92118946466756E-14));
#9032=DIRECTION('',(-5.92118946466751E-14,0.,-1.));
#9033=DIRECTION('',(-1.,0.,5.07530525542928E-14));
#9034=DIRECTION('',(5.46571335200076E-14,0.,1.));
#9035=DIRECTION('',(-1.,0.,5.92118946466756E-14));
#9036=DIRECTION('',(-5.92118946466751E-14,0.,-1.));
#9037=DIRECTION('',(1.,0.,-5.2735593669695E-14));
#9038=DIRECTION('',(-5.19909318848853E-14,0.,-1.));
#9039=DIRECTION('',(-1.,0.,-6.31088724176809E-30));
#9040=DIRECTION('',(6.31088724176809E-30,0.,-1.));
#9041=DIRECTION('',(1.,0.,6.31088724176809E-30));
#9042=DIRECTION('',(-1.,0.,5.27355936696949E-14));
#9043=DIRECTION('',(-5.5922344944082E-14,0.,-1.));
#9044=DIRECTION('',(1.,0.,-5.92118946466756E-14));
#9045=DIRECTION('',(5.46571335200076E-14,0.,1.));
#9046=DIRECTION('',(1.,0.,-5.07530525542925E-14));
#9047=DIRECTION('',(-4.44089209850062E-14,0.,-1.));
#9048=DIRECTION('',(1.,0.,-5.9211894646677E-14));
#9049=DIRECTION('',(5.39575968281987E-14,0.,1.));
#9050=DIRECTION('',(-1.,0.,5.92118946466756E-14));
#9051=DIRECTION('',(-5.92118946466751E-14,0.,-1.));
#9052=DIRECTION('',(-1.,0.,5.07530525542927E-14));
#9053=DIRECTION('',(5.46571335200076E-14,0.,1.));
#9054=DIRECTION('',(-1.,0.,5.92118946466756E-14));
#9055=DIRECTION('',(-5.92118946466751E-14,0.,-1.));
#9056=DIRECTION('',(1.,0.,-5.27355936696949E-14));
#9057=DIRECTION('',(-5.19909318848853E-14,0.,-1.));
#9058=DIRECTION('',(-1.,0.,-6.31088724176809E-30));
#9059=DIRECTION('',(0.,0.,-1.));
#9060=DIRECTION('',(1.,0.,0.));
#9061=DIRECTION('',(0.,0.,1.));
#9062=DIRECTION('center_axis',(2.11569960978693E-26,-1.68753899743024E-13,
1.));
#9063=DIRECTION('ref_axis',(1.,1.25371894398215E-13,0.));
#9064=DIRECTION('',(-1.92296211869111E-13,1.,1.68753899743024E-13));
#9065=DIRECTION('',(1.,0.,-2.11569960978693E-26));
#9066=DIRECTION('',(0.,-1.,0.));
#9067=DIRECTION('',(1.,0.,-2.11569960978693E-26));
#9068=DIRECTION('',(0.,-1.,0.));
#9069=DIRECTION('',(-1.,-1.25371894398215E-13,0.));
#9070=DIRECTION('',(-1.25233157177718E-13,1.,1.68753899743024E-13));
#9071=DIRECTION('',(1.,1.25371894398215E-13,0.));
#9072=DIRECTION('',(0.,-1.,0.));
#9073=DIRECTION('center_axis',(0.669130606358858,2.0920592577172E-13,-0.743144825477395));
#9074=DIRECTION('ref_axis',(-0.743144825477395,1.94749861273026E-14,-0.669130606358858));
#9075=DIRECTION('',(-0.743144825477395,0.,-0.669130606358858));
#9076=DIRECTION('',(0.,-1.,0.));
#9077=DIRECTION('',(-0.743144825477395,0.,-0.669130606358858));
#9078=DIRECTION('',(-5.32243811072355E-13,-1.,-7.60748820988071E-13));
#9079=DIRECTION('',(0.743144825477395,-1.94749861273026E-14,0.669130606358858));
#9080=DIRECTION('',(-1.25233157177718E-13,1.,1.68753899743024E-13));
#9081=DIRECTION('',(-0.743144825477395,1.94749861273026E-14,-0.669130606358858));
#9082=DIRECTION('',(0.,-1.,0.));
#9083=DIRECTION('center_axis',(1.05863775761326E-13,-1.,-1.51313630380157E-13));
#9084=DIRECTION('ref_axis',(0.662475239998704,0.,-0.749083811324647));
#9085=DIRECTION('center_axis',(0.,1.,0.));
#9086=DIRECTION('ref_axis',(0.662475239998704,0.,-0.749083811324647));
#9087=DIRECTION('',(-1.05863775761326E-13,1.,1.51313630380157E-13));
#9088=DIRECTION('center_axis',(-1.25371894398215E-13,1.,1.68344505002694E-13));
#9089=DIRECTION('ref_axis',(0.662475239998704,0.,-0.749083811324647));
#9090=DIRECTION('',(1.05863775761326E-13,-1.,-1.51313630380157E-13));
#9091=DIRECTION('center_axis',(-0.669130606358857,4.16112489745991E-14,
-0.743144825477396));
#9092=DIRECTION('ref_axis',(-0.743144825477396,-2.69133181157386E-13,0.669130606358857));
#9093=DIRECTION('',(-0.743144825477396,-2.69133181157386E-13,0.669130606358857));
#9094=DIRECTION('',(-1.25233157177718E-13,1.,1.68753899743024E-13));
#9095=DIRECTION('',(0.743144825477396,2.05813935291966E-13,-0.669130606358857));
#9096=DIRECTION('',(-0.743144825477396,0.,0.669130606358857));
#9097=DIRECTION('',(-0.743144825477396,0.,0.669130606358857));
#9098=DIRECTION('center_axis',(0.,1.,0.));
#9099=DIRECTION('ref_axis',(0.,0.,-1.));
#9100=DIRECTION('',(0.573259659660194,0.,-0.819373762459037));
#9101=DIRECTION('center_axis',(-5.32243811072355E-13,-1.,-7.60748820988071E-13));
#9102=DIRECTION('ref_axis',(-0.662475241538621,7.51928258323084E-13,-0.749083809962774));
#9103=DIRECTION('center_axis',(0.,1.,0.));
#9104=DIRECTION('ref_axis',(-0.662475241538621,7.51928258323084E-13,-0.749083809962774));
#9105=DIRECTION('',(5.32243811072355E-13,1.,7.60748820988071E-13));
#9106=DIRECTION('center_axis',(-1.25371894398215E-13,1.,1.68344505002694E-13));
#9107=DIRECTION('ref_axis',(-0.662475241538621,7.51928258323084E-13,-0.749083809962774));
#9108=DIRECTION('center_axis',(-0.81937376010205,0.,0.573259663029092));
#9109=DIRECTION('ref_axis',(-0.573259663029092,0.,-0.81937376010205));
#9110=DIRECTION('',(0.573259663029092,0.,0.81937376010205));
#9111=DIRECTION('',(0.,-1.,0.));
#9112=DIRECTION('',(0.573259663029092,-6.60664201205361E-14,0.81937376010205));
#9113=DIRECTION('center_axis',(0.,1.,0.));
#9114=DIRECTION('ref_axis',(0.,0.,-1.));
#9115=DIRECTION('',(1.,0.,-2.11569960978693E-26));
#9116=DIRECTION('center_axis',(0.819373762459037,0.,0.573259659660194));
#9117=DIRECTION('ref_axis',(-0.573259659660194,0.,0.819373762459037));
#9118=DIRECTION('',(0.573259659660194,2.09807719967036E-13,-0.819373762459037));
#9119=DIRECTION('center_axis',(1.25371894398215E-13,-1.,-1.68344505002694E-13));
#9120=DIRECTION('ref_axis',(1.,1.25371894398215E-13,0.));
#9121=DIRECTION('',(1.,7.98913310520089E-14,-8.22249882417231E-14));
#9122=DIRECTION('',(1.,1.25371894398215E-13,0.));
#9123=DIRECTION('center_axis',(-8.22249882417365E-14,1.68753899743013E-13,
-1.));
#9124=DIRECTION('ref_axis',(-1.,-7.98913310520089E-14,8.22249882417231E-14));
#9125=DIRECTION('',(-1.,-7.98913310520089E-14,8.22249882417231E-14));
#9126=DIRECTION('center_axis',(2.11569960978693E-26,-1.68753899743024E-13,
1.));
#9127=DIRECTION('ref_axis',(1.,1.25371894398215E-13,0.));
#9128=DIRECTION('',(1.,1.25371894398215E-13,0.));
#9129=DIRECTION('',(-1.25233157177718E-13,1.,1.68753899743024E-13));
#9130=DIRECTION('',(1.,0.,-2.11569960978693E-26));
#9131=DIRECTION('',(-1.92296211869111E-13,-1.,-1.68753899743024E-13));
#9132=DIRECTION('center_axis',(1.25371894398215E-13,-1.,-1.68344505002694E-13));
#9133=DIRECTION('ref_axis',(1.,1.25371894398215E-13,0.));
#9134=DIRECTION('center_axis',(0.659599082457556,0.,-0.75161762247911));
#9135=DIRECTION('ref_axis',(0.75161762247911,0.,0.659599082457556));
#9136=DIRECTION('',(0.751617622479109,0.,0.659599082457557));
#9137=DIRECTION('',(0.,-1.,0.));
#9138=DIRECTION('center_axis',(0.,1.,0.));
#9139=DIRECTION('ref_axis',(0.,0.,-1.));
#9140=DIRECTION('',(-1.,0.,-3.15232599366046E-16));
#9141=DIRECTION('',(0.,0.,-1.));
#9142=DIRECTION('',(-1.,0.,0.));
#9143=DIRECTION('',(0.,0.,1.));
#9144=DIRECTION('',(1.,0.,0.));
#9145=DIRECTION('',(0.,0.,1.));
#9146=DIRECTION('',(-1.,0.,5.57901047726488E-17));
#9147=DIRECTION('',(0.,0.,1.));
#9148=DIRECTION('',(0.,0.,-1.));
#9149=DIRECTION('',(0.,0.,-1.));
#9150=DIRECTION('',(1.,0.,0.));
#9151=DIRECTION('',(-1.,0.,0.));
#9152=DIRECTION('',(0.,0.,1.));
#9153=DIRECTION('',(1.,0.,0.));
#9154=DIRECTION('',(0.,0.,-1.));
#9155=DIRECTION('center_axis',(0.,0.,1.));
#9156=DIRECTION('ref_axis',(0.,-1.,0.));
#9157=DIRECTION('',(0.,-1.,0.));
#9158=DIRECTION('',(0.,-1.,0.));
#9159=DIRECTION('center_axis',(-1.,0.,0.));
#9160=DIRECTION('ref_axis',(0.,0.,1.));
#9161=DIRECTION('',(0.,1.,0.));
#9162=DIRECTION('center_axis',(-1.,0.,0.));
#9163=DIRECTION('ref_axis',(0.,0.,1.));
#9164=DIRECTION('',(0.,1.,0.));
#9165=DIRECTION('',(0.,-1.,0.));
#9166=DIRECTION('center_axis',(1.,0.,0.));
#9167=DIRECTION('ref_axis',(0.,0.,-1.));
#9168=DIRECTION('',(0.,1.,0.));
#9169=DIRECTION('',(0.,-1.,0.));
#9170=DIRECTION('center_axis',(1.09956632071429E-16,0.,1.));
#9171=DIRECTION('ref_axis',(-1.,0.,1.09956632071429E-16));
#9172=DIRECTION('center_axis',(1.,0.,0.));
#9173=DIRECTION('ref_axis',(0.,0.,-1.));
#9174=DIRECTION('',(0.,1.,0.));
#9175=DIRECTION('',(0.,-1.,0.));
#9176=DIRECTION('center_axis',(6.31088724176809E-30,0.,1.));
#9177=DIRECTION('ref_axis',(-1.,0.,6.31088724176809E-30));
#9178=DIRECTION('center_axis',(6.31088724176809E-30,0.,1.));
#9179=DIRECTION('ref_axis',(-1.,0.,6.31088724176809E-30));
#9180=DIRECTION('center_axis',(1.,0.,-6.31088724176809E-30));
#9181=DIRECTION('ref_axis',(6.31088724176809E-30,0.,1.));
#9182=DIRECTION('',(7.02034968796865E-50,1.,1.11241881197069E-20));
#9183=DIRECTION('',(0.,-1.,-1.58147987664997E-15));
#9184=DIRECTION('',(0.,-1.51179305480872E-15,1.));
#9185=DIRECTION('',(0.,-1.,0.));
#9186=DIRECTION('center_axis',(0.,0.,1.));
#9187=DIRECTION('ref_axis',(1.,0.,0.));
#9188=DIRECTION('',(0.,1.,0.));
#9189=DIRECTION('',(0.,-1.,0.));
#9190=DIRECTION('',(1.,0.,0.));
#9191=DIRECTION('center_axis',(-1.,0.,6.31088724176809E-30));
#9192=DIRECTION('ref_axis',(-6.31088724176809E-30,0.,-1.));
#9193=DIRECTION('',(0.,-1.,0.));
#9194=DIRECTION('',(0.,0.,1.));
#9195=DIRECTION('',(0.,1.,0.));
#9196=DIRECTION('',(0.,1.,0.));
#9197=DIRECTION('center_axis',(1.,0.,0.));
#9198=DIRECTION('ref_axis',(0.,1.,0.));
#9199=DIRECTION('',(0.,-1.,0.));
#9200=DIRECTION('',(0.,0.,1.));
#9201=DIRECTION('',(0.466588300215335,-0.88416095451088,-0.0235534417988836));
#9202=DIRECTION('',(0.,-1.,0.));
#9203=DIRECTION('center_axis',(0.616653135831553,-0.787234977671288,0.));
#9204=DIRECTION('ref_axis',(0.,0.,-1.));
#9205=DIRECTION('',(-0.787234977671288,-0.616653135831553,0.));
#9206=DIRECTION('',(0.,0.,-1.));
#9207=DIRECTION('',(-0.787234977671289,-0.616653135831551,-1.22189951600175E-13));
#9208=DIRECTION('',(-0.466717777430529,0.884406307208574,-5.1235613641603E-14));
#9209=DIRECTION('',(-0.0913019834148149,-0.966181581908758,0.2411578292422));
#9210=DIRECTION('',(1.,0.,-5.57901047726488E-17));
#9211=DIRECTION('center_axis',(0.995564773518192,-0.094078593365718,7.30870924838168E-18));
#9212=DIRECTION('ref_axis',(7.34126944101657E-18,0.,-1.));
#9213=DIRECTION('',(-2.66513508877219E-8,0.,-1.));
#9214=DIRECTION('',(0.,0.,-1.));
#9215=DIRECTION('',(-0.094078593365718,-0.995564773518191,8.31944865997313E-14));
#9216=DIRECTION('center_axis',(0.,0.,1.));
#9217=DIRECTION('ref_axis',(-1.,0.,0.));
#9218=DIRECTION('',(0.,-1.,0.));
#9219=DIRECTION('center_axis',(0.,0.,1.));
#9220=DIRECTION('ref_axis',(0.707106781186546,0.707106781186549,0.));
#9221=DIRECTION('',(-0.707106781186545,0.70710678118655,0.));
#9222=DIRECTION('center_axis',(0.,0.,1.));
#9223=DIRECTION('ref_axis',(1.,0.,0.));
#9224=DIRECTION('',(0.,1.,7.38195423097278E-47));
#9225=DIRECTION('center_axis',(0.,0.,1.));
#9226=DIRECTION('ref_axis',(0.707106781186545,-0.70710678118655,0.));
#9227=DIRECTION('',(0.70710678118655,0.707106781186545,0.));
#9228=DIRECTION('center_axis',(0.,0.,1.));
#9229=DIRECTION('ref_axis',(-3.5527136788005E-15,-1.,0.));
#9230=DIRECTION('',(1.,0.,0.));
#9231=DIRECTION('center_axis',(4.64469209339233E-47,-4.64469209339242E-47,
1.));
#9232=DIRECTION('ref_axis',(-0.707106781186554,-0.707106781186541,0.));
#9233=DIRECTION('',(0.707106781186551,-0.707106781186544,0.));
#9234=DIRECTION('center_axis',(0.,0.,1.));
#9235=DIRECTION('ref_axis',(-1.,0.,0.));
#9236=DIRECTION('',(0.466717777430526,-0.884406307208576,1.12297235378856E-14));
#9237=DIRECTION('center_axis',(4.64469209339233E-47,-4.64469209339242E-47,
1.));
#9238=DIRECTION('ref_axis',(-0.707106781186554,-0.707106781186541,0.));
#9239=DIRECTION('',(0.707106781186551,-0.707106781186544,0.));
#9240=DIRECTION('center_axis',(0.,0.,1.));
#9241=DIRECTION('ref_axis',(-1.,0.,0.));
#9242=DIRECTION('',(-0.464949010987118,0.885337459493328,-3.51298338035088E-14));
#9243=DIRECTION('center_axis',(4.64469209339233E-47,-4.64469209339242E-47,
1.));
#9244=DIRECTION('ref_axis',(-0.707106781186554,-0.707106781186541,0.));
#9245=DIRECTION('',(0.707106781186551,-0.707106781186544,0.));
#9246=DIRECTION('center_axis',(0.,0.,1.));
#9247=DIRECTION('ref_axis',(-1.,0.,0.));
#9248=DIRECTION('',(0.,-1.,0.));
#9249=DIRECTION('center_axis',(0.,0.,1.));
#9250=DIRECTION('ref_axis',(-0.707106781186551,0.707106781186544,0.));
#9251=DIRECTION('',(-0.707106781186541,-0.707106781186554,0.));
#9252=DIRECTION('center_axis',(0.,0.,1.));
#9253=DIRECTION('ref_axis',(2.66453525910038E-15,1.,0.));
#9254=DIRECTION('',(-1.,0.,-7.38195423097278E-47));
#9255=DIRECTION('center_axis',(0.,0.,1.));
#9256=DIRECTION('ref_axis',(0.707106781186546,0.707106781186549,0.));
#9257=DIRECTION('',(-0.707106781186545,0.70710678118655,0.));
#9258=DIRECTION('center_axis',(0.,0.,1.));
#9259=DIRECTION('ref_axis',(1.,0.,0.));
#9260=DIRECTION('center_axis',(-1.,0.,2.66513508877219E-8));
#9261=DIRECTION('ref_axis',(-2.66513508877219E-8,0.,-1.));
#9262=DIRECTION('',(0.,-1.,0.));
#9263=DIRECTION('center_axis',(-5.57901047726488E-17,0.,-1.));
#9264=DIRECTION('ref_axis',(1.,0.,-5.57901047726488E-17));
#9265=DIRECTION('',(1.,1.48805946070939E-31,-5.57901047726488E-17));
#9266=DIRECTION('center_axis',(-5.57901047726488E-17,0.,-1.));
#9267=DIRECTION('ref_axis',(0.707106781186546,0.707106781186549,1.10240534333116E-15));
#9268=DIRECTION('',(0.707106781186546,-0.707106781186549,-3.94495614078479E-17));
#9269=DIRECTION('center_axis',(-1.,0.,-5.46571335200076E-14));
#9270=DIRECTION('ref_axis',(5.46571335200076E-14,0.,-1.));
#9271=DIRECTION('',(0.,0.,-1.));
#9272=DIRECTION('',(0.,-1.,0.));
#9273=DIRECTION('center_axis',(0.,1.,0.));
#9274=DIRECTION('ref_axis',(-1.,0.,0.));
#9275=DIRECTION('',(6.31088724176809E-30,0.,1.));
#9276=DIRECTION('',(1.,0.,5.07530525542924E-14));
#9277=DIRECTION('',(-4.44089209850062E-14,0.,1.));
#9278=DIRECTION('',(1.,0.,5.9211894646677E-14));
#9279=DIRECTION('',(-6.31088724176809E-30,0.,-1.));
#9280=DIRECTION('',(-1.,0.,-5.92118946466756E-14));
#9281=DIRECTION('',(-5.92118946466751E-14,0.,1.));
#9282=DIRECTION('',(-1.,0.,-5.07530525542928E-14));
#9283=DIRECTION('',(5.46571335200076E-14,0.,-1.));
#9284=DIRECTION('',(-1.,0.,-5.92118946466756E-14));
#9285=DIRECTION('',(-5.92118946466751E-14,0.,1.));
#9286=DIRECTION('',(1.,0.,5.2735593669695E-14));
#9287=DIRECTION('',(-5.19909318848853E-14,0.,1.));
#9288=DIRECTION('',(-1.,0.,6.31088724176809E-30));
#9289=DIRECTION('center_axis',(0.,1.,0.));
#9290=DIRECTION('ref_axis',(-1.,0.,0.));
#9291=DIRECTION('',(-5.5922344944082E-14,0.,1.));
#9292=DIRECTION('',(1.,0.,5.92118946466756E-14));
#9293=DIRECTION('',(5.46571335200076E-14,0.,-1.));
#9294=DIRECTION('',(1.,0.,5.07530525542925E-14));
#9295=DIRECTION('',(-4.44089209850062E-14,0.,1.));
#9296=DIRECTION('',(1.,0.,5.9211894646677E-14));
#9297=DIRECTION('',(5.39575968281987E-14,0.,-1.));
#9298=DIRECTION('',(-1.,0.,-5.92118946466756E-14));
#9299=DIRECTION('',(-5.92118946466751E-14,0.,1.));
#9300=DIRECTION('',(-1.,0.,-5.07530525542927E-14));
#9301=DIRECTION('',(5.46571335200076E-14,0.,-1.));
#9302=DIRECTION('',(-1.,0.,-5.92118946466756E-14));
#9303=DIRECTION('',(-5.92118946466751E-14,0.,1.));
#9304=DIRECTION('',(1.,0.,5.27355936696949E-14));
#9305=DIRECTION('',(-5.19909318848853E-14,0.,1.));
#9306=DIRECTION('',(-1.,0.,-5.27355936696949E-14));
#9307=DIRECTION('center_axis',(0.,1.,0.));
#9308=DIRECTION('ref_axis',(-1.,0.,0.));
#9309=DIRECTION('',(1.,0.,5.07530525542924E-14));
#9310=DIRECTION('',(-4.44089209850062E-14,0.,1.));
#9311=DIRECTION('',(1.,0.,5.9211894646677E-14));
#9312=DIRECTION('',(5.39575968281987E-14,0.,-1.));
#9313=DIRECTION('',(-1.,0.,-5.92118946466756E-14));
#9314=DIRECTION('',(-5.92118946466751E-14,0.,1.));
#9315=DIRECTION('',(-1.,0.,-5.07530525542928E-14));
#9316=DIRECTION('',(5.46571335200076E-14,0.,-1.));
#9317=DIRECTION('',(-1.,0.,-5.92118946466756E-14));
#9318=DIRECTION('',(-5.92118946466751E-14,0.,1.));
#9319=DIRECTION('',(1.,0.,5.2735593669695E-14));
#9320=DIRECTION('',(-5.19909318848853E-14,0.,1.));
#9321=DIRECTION('',(-1.,0.,6.31088724176809E-30));
#9322=DIRECTION('',(6.31088724176809E-30,0.,1.));
#9323=DIRECTION('',(1.,0.,-6.31088724176809E-30));
#9324=DIRECTION('',(5.46571335200076E-14,0.,-1.));
#9325=DIRECTION('center_axis',(5.07530525542924E-14,0.,-1.));
#9326=DIRECTION('ref_axis',(1.,0.,5.07530525542924E-14));
#9327=DIRECTION('',(0.,1.,0.));
#9328=DIRECTION('',(0.,-1.,0.));
#9329=DIRECTION('center_axis',(1.,0.,4.44089209850062E-14));
#9330=DIRECTION('ref_axis',(-4.44089209850062E-14,0.,1.));
#9331=DIRECTION('',(0.,-1.,0.));
#9332=DIRECTION('center_axis',(5.9211894646677E-14,0.,-1.));
#9333=DIRECTION('ref_axis',(1.,0.,5.9211894646677E-14));
#9334=DIRECTION('',(0.,-1.,0.));
#9335=DIRECTION('center_axis',(-1.,0.,-5.39575968281987E-14));
#9336=DIRECTION('ref_axis',(5.39575968281987E-14,0.,-1.));
#9337=DIRECTION('',(0.,-1.,0.));
#9338=DIRECTION('center_axis',(-5.92118946466756E-14,0.,1.));
#9339=DIRECTION('ref_axis',(-1.,0.,-5.92118946466756E-14));
#9340=DIRECTION('',(0.,-1.,0.));
#9341=DIRECTION('center_axis',(1.,0.,5.92118946466751E-14));
#9342=DIRECTION('ref_axis',(-5.92118946466751E-14,0.,1.));
#9343=DIRECTION('',(0.,-1.,0.));
#9344=DIRECTION('center_axis',(-5.07530525542927E-14,0.,1.));
#9345=DIRECTION('ref_axis',(-1.,0.,-5.07530525542928E-14));
#9346=DIRECTION('',(0.,-1.,0.));
#9347=DIRECTION('center_axis',(-1.,0.,-5.46571335200076E-14));
#9348=DIRECTION('ref_axis',(5.46571335200076E-14,0.,-1.));
#9349=DIRECTION('',(0.,-1.,0.));
#9350=DIRECTION('center_axis',(-5.92118946466756E-14,0.,1.));
#9351=DIRECTION('ref_axis',(-1.,0.,-5.92118946466756E-14));
#9352=DIRECTION('',(0.,-1.,0.));
#9353=DIRECTION('center_axis',(1.,0.,5.92118946466751E-14));
#9354=DIRECTION('ref_axis',(-5.92118946466751E-14,0.,1.));
#9355=DIRECTION('',(0.,-1.,0.));
#9356=DIRECTION('center_axis',(5.2735593669695E-14,0.,-1.));
#9357=DIRECTION('ref_axis',(1.,0.,5.2735593669695E-14));
#9358=DIRECTION('',(0.,-1.,0.));
#9359=DIRECTION('center_axis',(1.,0.,5.19909318848853E-14));
#9360=DIRECTION('ref_axis',(-5.19909318848853E-14,0.,1.));
#9361=DIRECTION('',(0.,-1.,0.));
#9362=DIRECTION('center_axis',(6.31088724176809E-30,0.,1.));
#9363=DIRECTION('ref_axis',(-1.,0.,6.31088724176809E-30));
#9364=DIRECTION('',(0.,-1.,0.));
#9365=DIRECTION('center_axis',(1.,0.,-6.31088724176809E-30));
#9366=DIRECTION('ref_axis',(6.31088724176809E-30,0.,1.));
#9367=DIRECTION('',(0.,-1.,0.));
#9368=DIRECTION('center_axis',(-6.31088724176809E-30,0.,-1.));
#9369=DIRECTION('ref_axis',(1.,0.,-6.31088724176809E-30));
#9370=DIRECTION('',(0.,-1.,0.));
#9371=DIRECTION('center_axis',(-1.,0.,-5.46571335200076E-14));
#9372=DIRECTION('ref_axis',(5.46571335200076E-14,0.,-1.));
#9373=DIRECTION('center_axis',(-6.31088724176809E-30,0.,-1.));
#9374=DIRECTION('ref_axis',(1.,0.,-6.31088724176809E-30));
#9375=DIRECTION('center_axis',(1.,0.,5.5922344944082E-14));
#9376=DIRECTION('ref_axis',(-5.5922344944082E-14,0.,1.));
#9377=DIRECTION('',(0.,1.,0.));
#9378=DIRECTION('',(0.,-1.,0.));
#9379=DIRECTION('center_axis',(5.92118946466756E-14,0.,-1.));
#9380=DIRECTION('ref_axis',(1.,0.,5.92118946466756E-14));
#9381=DIRECTION('',(0.,-1.,0.));
#9382=DIRECTION('center_axis',(-1.,0.,-5.46571335200076E-14));
#9383=DIRECTION('ref_axis',(5.46571335200076E-14,0.,-1.));
#9384=DIRECTION('',(0.,-1.,0.));
#9385=DIRECTION('center_axis',(5.07530525542925E-14,0.,-1.));
#9386=DIRECTION('ref_axis',(1.,0.,5.07530525542925E-14));
#9387=DIRECTION('',(0.,-1.,0.));
#9388=DIRECTION('center_axis',(1.,0.,4.44089209850062E-14));
#9389=DIRECTION('ref_axis',(-4.44089209850062E-14,0.,1.));
#9390=DIRECTION('',(0.,-1.,0.));
#9391=DIRECTION('center_axis',(5.9211894646677E-14,0.,-1.));
#9392=DIRECTION('ref_axis',(1.,0.,5.9211894646677E-14));
#9393=DIRECTION('',(0.,-1.,0.));
#9394=DIRECTION('center_axis',(-1.,0.,-5.39575968281987E-14));
#9395=DIRECTION('ref_axis',(5.39575968281987E-14,0.,-1.));
#9396=DIRECTION('',(0.,-1.,0.));
#9397=DIRECTION('center_axis',(-5.92118946466756E-14,0.,1.));
#9398=DIRECTION('ref_axis',(-1.,0.,-5.92118946466756E-14));
#9399=DIRECTION('',(0.,-1.,0.));
#9400=DIRECTION('center_axis',(1.,0.,5.92118946466751E-14));
#9401=DIRECTION('ref_axis',(-5.92118946466751E-14,0.,1.));
#9402=DIRECTION('',(0.,-1.,0.));
#9403=DIRECTION('center_axis',(-5.07530525542927E-14,0.,1.));
#9404=DIRECTION('ref_axis',(-1.,0.,-5.07530525542927E-14));
#9405=DIRECTION('',(0.,-1.,0.));
#9406=DIRECTION('center_axis',(-1.,0.,-5.46571335200076E-14));
#9407=DIRECTION('ref_axis',(5.46571335200076E-14,0.,-1.));
#9408=DIRECTION('',(0.,-1.,0.));
#9409=DIRECTION('center_axis',(-5.92118946466756E-14,0.,1.));
#9410=DIRECTION('ref_axis',(-1.,0.,-5.92118946466756E-14));
#9411=DIRECTION('',(0.,-1.,0.));
#9412=DIRECTION('center_axis',(1.,0.,5.92118946466751E-14));
#9413=DIRECTION('ref_axis',(-5.92118946466751E-14,0.,1.));
#9414=DIRECTION('',(0.,-1.,0.));
#9415=DIRECTION('center_axis',(5.27355936696949E-14,0.,-1.));
#9416=DIRECTION('ref_axis',(1.,0.,5.27355936696949E-14));
#9417=DIRECTION('',(0.,-1.,0.));
#9418=DIRECTION('center_axis',(1.,0.,5.19909318848853E-14));
#9419=DIRECTION('ref_axis',(-5.19909318848853E-14,0.,1.));
#9420=DIRECTION('',(0.,-1.,0.));
#9421=DIRECTION('center_axis',(-5.27355936696949E-14,0.,1.));
#9422=DIRECTION('ref_axis',(-1.,0.,-5.27355936696949E-14));
#9423=DIRECTION('center_axis',(5.07530525542924E-14,0.,-1.));
#9424=DIRECTION('ref_axis',(1.,0.,5.07530525542924E-14));
#9425=DIRECTION('',(0.,-1.,0.));
#9426=DIRECTION('center_axis',(1.,0.,4.44089209850062E-14));
#9427=DIRECTION('ref_axis',(-4.44089209850062E-14,0.,1.));
#9428=DIRECTION('',(0.,-1.,0.));
#9429=DIRECTION('center_axis',(5.9211894646677E-14,0.,-1.));
#9430=DIRECTION('ref_axis',(1.,0.,5.9211894646677E-14));
#9431=DIRECTION('',(0.,-1.,0.));
#9432=DIRECTION('center_axis',(-1.,0.,6.31088724176809E-30));
#9433=DIRECTION('ref_axis',(-6.31088724176809E-30,0.,-1.));
#9434=DIRECTION('',(0.,-1.,0.));
#9435=DIRECTION('center_axis',(-5.92118946466756E-14,0.,1.));
#9436=DIRECTION('ref_axis',(-1.,0.,-5.92118946466756E-14));
#9437=DIRECTION('',(0.,-1.,0.));
#9438=DIRECTION('center_axis',(1.,0.,5.92118946466751E-14));
#9439=DIRECTION('ref_axis',(-5.92118946466751E-14,0.,1.));
#9440=DIRECTION('',(0.,-1.,0.));
#9441=DIRECTION('center_axis',(-5.07530525542927E-14,0.,1.));
#9442=DIRECTION('ref_axis',(-1.,0.,-5.07530525542928E-14));
#9443=DIRECTION('',(0.,-1.,0.));
#9444=DIRECTION('center_axis',(-1.,0.,-5.46571335200076E-14));
#9445=DIRECTION('ref_axis',(5.46571335200076E-14,0.,-1.));
#9446=DIRECTION('',(0.,-1.,0.));
#9447=DIRECTION('center_axis',(-5.92118946466756E-14,0.,1.));
#9448=DIRECTION('ref_axis',(-1.,0.,-5.92118946466756E-14));
#9449=DIRECTION('',(0.,-1.,0.));
#9450=DIRECTION('center_axis',(1.,0.,5.92118946466751E-14));
#9451=DIRECTION('ref_axis',(-5.92118946466751E-14,0.,1.));
#9452=DIRECTION('',(0.,-1.,0.));
#9453=DIRECTION('center_axis',(5.2735593669695E-14,0.,-1.));
#9454=DIRECTION('ref_axis',(1.,0.,5.2735593669695E-14));
#9455=DIRECTION('',(0.,-1.,0.));
#9456=DIRECTION('center_axis',(1.,0.,5.19909318848853E-14));
#9457=DIRECTION('ref_axis',(-5.19909318848853E-14,0.,1.));
#9458=DIRECTION('',(0.,-1.,0.));
#9459=DIRECTION('center_axis',(6.31088724176809E-30,0.,1.));
#9460=DIRECTION('ref_axis',(-1.,0.,6.31088724176809E-30));
#9461=DIRECTION('',(0.,-1.,0.));
#9462=DIRECTION('center_axis',(1.,0.,-6.31088724176809E-30));
#9463=DIRECTION('ref_axis',(6.31088724176809E-30,0.,1.));
#9464=DIRECTION('center_axis',(-6.31088724176809E-30,0.,-1.));
#9465=DIRECTION('ref_axis',(1.,0.,-6.31088724176809E-30));
#9466=DIRECTION('center_axis',(6.4462853148598E-32,-1.,-1.51179305480872E-15));
#9467=DIRECTION('ref_axis',(1.,-1.75565294613214E-34,4.27561287159038E-17));
#9468=DIRECTION('',(1.,6.4462853148598E-32,-5.25079280827183E-45));
#9469=DIRECTION('',(0.,0.,-1.));
#9470=DIRECTION('',(1.,-1.75565294613214E-34,4.27561287159038E-17));
#9471=DIRECTION('',(0.,0.,-1.));
#9472=DIRECTION('center_axis',(4.72435329627726E-17,1.51179305480872E-15,
-1.));
#9473=DIRECTION('ref_axis',(0.707106781186546,0.707106781186549,1.10240534333116E-15));
#9474=DIRECTION('center_axis',(4.27561287159038E-17,1.58147987664997E-15,
-1.));
#9475=DIRECTION('ref_axis',(0.707106781186546,0.707106781186549,1.14850829364156E-15));
#9476=DIRECTION('',(0.,0.,-1.));
#9477=DIRECTION('center_axis',(-0.707106781186549,-0.707106781186546,-1.10240534333116E-15));
#9478=DIRECTION('ref_axis',(0.707106781186546,-0.707106781186549,-1.08804199653696E-15));
#9479=DIRECTION('',(0.707106781186546,-0.707106781186549,-1.08804199653696E-15));
#9480=DIRECTION('',(0.,0.,-1.));
#9481=DIRECTION('',(-0.46483814782261,0.885126358254057,-0.0218363516356428));
#9482=DIRECTION('',(0.,-1.,0.));
#9483=DIRECTION('center_axis',(0.885337459493328,0.464949010987119,0.));
#9484=DIRECTION('ref_axis',(0.,0.,-1.));
#9485=DIRECTION('',(0.,0.,-1.));
#9486=DIRECTION('',(0.,0.,-1.));
#9487=DIRECTION('center_axis',(4.72435329627726E-17,1.51179305480872E-15,
-1.));
#9488=DIRECTION('ref_axis',(2.66453525910038E-15,1.,1.51179305480872E-15));
#9489=DIRECTION('',(0.,0.,-1.));
#9490=DIRECTION('center_axis',(4.27561287159038E-17,1.58147987664997E-15,
-1.));
#9491=DIRECTION('ref_axis',(2.66453525910038E-15,1.,1.58147987664997E-15));
#9492=DIRECTION('center_axis',(-4.27561287159038E-17,-1.58147987664997E-15,
1.));
#9493=DIRECTION('ref_axis',(2.66453525910038E-15,1.,1.51179305480872E-15));
#9494=DIRECTION('',(0.,0.,-1.));
#9495=DIRECTION('center_axis',(1.,4.51165939331087E-16,4.72435329627733E-17));
#9496=DIRECTION('ref_axis',(-4.51165939331087E-16,1.,1.58147987664997E-15));
#9497=DIRECTION('',(0.,0.,-1.));
#9498=DIRECTION('',(-4.51165939331087E-16,1.,1.58147987664997E-15));
#9499=DIRECTION('',(-4.72435329627726E-17,-1.51179305480872E-15,1.));
#9500=DIRECTION('center_axis',(0.884406307208576,0.466717777430526,0.));
#9501=DIRECTION('ref_axis',(0.,0.,-1.));
#9502=DIRECTION('',(0.,0.,-1.));
#9503=DIRECTION('',(0.,0.,-1.));
#9504=DIRECTION('center_axis',(-6.44628531485979E-32,1.,1.51179305480872E-15));
#9505=DIRECTION('ref_axis',(-1.,1.75565294613226E-34,-4.27561287159038E-17));
#9506=DIRECTION('',(-4.72435329627726E-17,-1.51179305480872E-15,1.));
#9507=DIRECTION('',(1.,-1.75565294613226E-34,4.27561287159038E-17));
#9508=DIRECTION('',(-4.72435329627726E-17,-1.51179305480872E-15,1.));
#9509=DIRECTION('',(-1.,1.75565294613226E-34,-4.27561287159038E-17));
#9510=DIRECTION('center_axis',(1.,4.51165939331087E-16,4.72435329627733E-17));
#9511=DIRECTION('ref_axis',(-4.51165939331087E-16,1.,1.58147987664997E-15));
#9512=DIRECTION('',(1.35349781799326E-15,1.,1.58147987664997E-15));
#9513=DIRECTION('',(0.,0.,-1.));
#9514=DIRECTION('center_axis',(1.,4.51165939331087E-16,4.72435329627733E-17));
#9515=DIRECTION('ref_axis',(-4.51165939331087E-16,1.,1.58147987664997E-15));
#9516=DIRECTION('',(0.,0.,-1.));
#9517=DIRECTION('',(-4.51165939331087E-16,1.,1.58147987664997E-15));
#9518=DIRECTION('',(-4.72435329627726E-17,-1.51179305480872E-15,1.));
#9519=DIRECTION('center_axis',(4.72435329627726E-17,1.51179305480872E-15,
-1.));
#9520=DIRECTION('ref_axis',(-0.707106781186551,0.707106781186544,1.03559289828078E-15));
#9521=DIRECTION('center_axis',(4.27561287159038E-17,1.58147987664997E-15,
-1.));
#9522=DIRECTION('ref_axis',(-0.707106781186551,0.707106781186544,1.08804199653695E-15));
#9523=DIRECTION('',(0.,0.,-1.));
#9524=DIRECTION('center_axis',(0.707106781186556,-0.707106781186539,-1.03559289828077E-15));
#9525=DIRECTION('ref_axis',(0.707106781186539,0.707106781186556,1.14850829364157E-15));
#9526=DIRECTION('',(0.707106781186539,0.707106781186556,1.14850829364157E-15));
#9527=DIRECTION('',(0.,0.,-1.));
#9528=DIRECTION('center_axis',(4.72435329627726E-17,1.51179305480872E-15,
-1.));
#9529=DIRECTION('ref_axis',(2.66453525910038E-15,1.,1.51179305480872E-15));
#9530=DIRECTION('center_axis',(4.27561287159038E-17,1.58147987664997E-15,
-1.));
#9531=DIRECTION('ref_axis',(2.66453525910038E-15,1.,1.58147987664997E-15));
#9532=DIRECTION('',(0.,0.,-1.));
#9533=DIRECTION('center_axis',(-4.27561287159038E-17,-1.58147987664997E-15,
1.));
#9534=DIRECTION('ref_axis',(2.66453525910038E-15,1.,1.51179305480872E-15));
#9535=DIRECTION('',(0.,0.,-1.));
#9536=DIRECTION('center_axis',(-6.4462853148598E-32,1.,1.51179305480872E-15));
#9537=DIRECTION('ref_axis',(-1.,1.75565294613192E-34,-4.27561287159038E-17));
#9538=DIRECTION('',(-1.,1.75565294613192E-34,-4.27561287159038E-17));
#9539=DIRECTION('',(0.,0.,-1.));
#9540=DIRECTION('center_axis',(6.44628531485979E-32,-1.,-1.51179305480872E-15));
#9541=DIRECTION('ref_axis',(1.,-1.75565294613211E-34,4.27561287159038E-17));
#9542=DIRECTION('',(1.,-1.75565294613211E-34,4.27561287159038E-17));
#9543=DIRECTION('',(-4.72435329627726E-17,-1.51179305480872E-15,1.));
#9544=DIRECTION('',(1.,-1.75565294613211E-34,4.27561287159038E-17));
#9545=DIRECTION('',(-4.72435329627726E-17,-1.51179305480872E-15,1.));
#9546=DIRECTION('center_axis',(-0.884406307208574,-0.466717777430529,0.));
#9547=DIRECTION('ref_axis',(0.,0.,1.));
#9548=DIRECTION('',(0.,0.,-1.));
#9549=DIRECTION('',(-0.466717777430529,0.884406307208574,-5.1235613641603E-14));
#9550=DIRECTION('center_axis',(6.44628531485979E-32,-1.,-1.51179305480872E-15));
#9551=DIRECTION('ref_axis',(1.,-1.75565294613211E-34,4.27561287159038E-17));
#9552=DIRECTION('',(-4.72435329627726E-17,-1.51179305480872E-15,1.));
#9553=DIRECTION('',(1.,-1.75565294613211E-34,4.27561287159038E-17));
#9554=DIRECTION('',(-4.72435329627726E-17,-1.51179305480872E-15,1.));
#9555=DIRECTION('',(1.,-1.75565294613211E-34,4.27561287159038E-17));
#9556=DIRECTION('center_axis',(6.4462853148598E-32,-1.,-1.51179305480872E-15));
#9557=DIRECTION('ref_axis',(1.,-1.75565294613214E-34,4.27561287159038E-17));
#9558=DIRECTION('',(1.,6.4462853148598E-32,-3.71255115698042E-45));
#9559=DIRECTION('',(1.,-1.75565294613214E-34,4.27561287159038E-17));
#9560=DIRECTION('',(0.,0.,-1.));
#9561=DIRECTION('center_axis',(0.,0.,1.));
#9562=DIRECTION('ref_axis',(-1.,0.,0.));
#9563=DIRECTION('',(1.,-1.75565294613226E-34,4.27561287159038E-17));
#9564=DIRECTION('',(5.75127913735406E-16,-1.,-1.58147987664997E-15));
#9565=DIRECTION('center_axis',(-4.27561287159038E-17,-1.58147987664997E-15,
1.));
#9566=DIRECTION('ref_axis',(-1.,1.75565294613226E-34,-4.27561287159038E-17));
#9567=DIRECTION('',(0.707106781186548,-0.707106781186547,-1.08804199653696E-15));
#9568=DIRECTION('center_axis',(-4.27561287159038E-17,-1.58147987664997E-15,
1.));
#9569=DIRECTION('ref_axis',(-0.707106781186557,-0.707106781186538,-1.14850829364154E-15));
#9570=DIRECTION('',(1.,-1.75565294613211E-34,4.27561287159038E-17));
#9571=DIRECTION('center_axis',(-4.27561287159038E-17,-1.58147987664997E-15,
1.));
#9572=DIRECTION('ref_axis',(-8.07434927000092E-15,-1.,-1.58147987664997E-15));
#9573=DIRECTION('',(0.707106781186542,0.707106781186553,1.14850829364157E-15));
#9574=DIRECTION('center_axis',(-4.27561287159038E-17,-1.58147987664997E-15,
1.));
#9575=DIRECTION('ref_axis',(0.707106781186552,-0.707106781186543,-1.08804199653695E-15));
#9576=DIRECTION('',(-6.74423918730445E-32,1.,1.58147987664997E-15));
#9577=DIRECTION('center_axis',(-4.27561287159038E-17,-1.58147987664997E-15,
1.));
#9578=DIRECTION('ref_axis',(1.,-1.75565294613226E-34,4.27561287159038E-17));
#9579=DIRECTION('',(-0.70710678118655,0.707106781186545,1.08804199653695E-15));
#9580=DIRECTION('center_axis',(-4.27561287159038E-17,-1.58147987664997E-15,
1.));
#9581=DIRECTION('ref_axis',(0.707106781186554,0.707106781186541,1.14850829364155E-15));
#9582=DIRECTION('',(-1.,2.19688814823756E-15,-4.27561287159003E-17));
#9583=DIRECTION('center_axis',(-4.27561287159038E-17,-1.58147987664997E-15,
1.));
#9584=DIRECTION('ref_axis',(6.05576195250069E-15,1.,1.58147987664997E-15));
#9585=DIRECTION('',(-0.70710678118654,-0.707106781186555,-1.14850829364157E-15));
#9586=DIRECTION('center_axis',(-4.27561287159038E-17,-1.58147987664997E-15,
1.));
#9587=DIRECTION('ref_axis',(-0.707106781186551,0.707106781186544,1.08804199653695E-15));
#9588=DIRECTION('',(-5.75127913735406E-16,-1.,-1.58147987664997E-15));
#9589=DIRECTION('center_axis',(4.72435329627726E-17,1.51179305480872E-15,
-1.));
#9590=DIRECTION('ref_axis',(-1.,6.95959186914871E-33,-4.72435329627726E-17));
#9591=DIRECTION('',(0.,0.,-1.));
#9592=DIRECTION('center_axis',(4.27561287159038E-17,1.58147987664997E-15,
-1.));
#9593=DIRECTION('ref_axis',(-1.,1.75565294613226E-34,-4.27561287159038E-17));
#9594=DIRECTION('center_axis',(0.707106781186543,0.707106781186552,1.10240534333117E-15));
#9595=DIRECTION('ref_axis',(-0.707106781186552,0.707106781186543,1.08804199653695E-15));
#9596=DIRECTION('',(0.,0.,-1.));
#9597=DIRECTION('',(-0.707106781186552,0.707106781186543,1.08804199653695E-15));
#9598=DIRECTION('center_axis',(4.72435329627726E-17,1.51179305480872E-15,
-1.));
#9599=DIRECTION('ref_axis',(-0.707106781186554,-0.707106781186541,-1.10240534333115E-15));
#9600=DIRECTION('',(0.,0.,-1.));
#9601=DIRECTION('center_axis',(4.27561287159038E-17,1.58147987664997E-15,
-1.));
#9602=DIRECTION('ref_axis',(-0.707106781186554,-0.707106781186541,-1.14850829364155E-15));
#9603=DIRECTION('center_axis',(-6.4462853148598E-32,1.,1.51179305480872E-15));
#9604=DIRECTION('ref_axis',(-1.,1.75565294613192E-34,-4.27561287159038E-17));
#9605=DIRECTION('',(0.,0.,-1.));
#9606=DIRECTION('',(-1.,1.75565294613192E-34,-4.27561287159038E-17));
#9607=DIRECTION('center_axis',(4.72435329627726E-17,1.51179305480872E-15,
-1.));
#9608=DIRECTION('ref_axis',(-3.5527136788005E-15,-1.,-1.51179305480872E-15));
#9609=DIRECTION('',(0.,0.,-1.));
#9610=DIRECTION('center_axis',(4.27561287159038E-17,1.58147987664997E-15,
-1.));
#9611=DIRECTION('ref_axis',(-3.5527136788005E-15,-1.,-1.58147987664997E-15));
#9612=DIRECTION('center_axis',(-0.707106781186546,0.707106781186549,1.03559289828079E-15));
#9613=DIRECTION('ref_axis',(-0.707106781186549,-0.707106781186546,-1.14850829364156E-15));
#9614=DIRECTION('',(0.,0.,-1.));
#9615=DIRECTION('',(-0.707106781186549,-0.707106781186546,-1.14850829364156E-15));
#9616=DIRECTION('center_axis',(4.72435329627726E-17,1.51179305480872E-15,
-1.));
#9617=DIRECTION('ref_axis',(0.707106781186545,-0.70710678118655,-1.03559289828079E-15));
#9618=DIRECTION('',(0.,0.,-1.));
#9619=DIRECTION('center_axis',(4.27561287159038E-17,1.58147987664997E-15,
-1.));
#9620=DIRECTION('ref_axis',(0.707106781186545,-0.70710678118655,-1.08804199653696E-15));
#9621=DIRECTION('center_axis',(-1.,7.27230480942991E-33,-4.72435329627726E-17));
#9622=DIRECTION('ref_axis',(6.74423918730445E-32,-1.,-1.58147987664997E-15));
#9623=DIRECTION('',(0.,0.,-1.));
#9624=DIRECTION('',(6.74423918730445E-32,-1.,-1.58147987664997E-15));
#9625=DIRECTION('center_axis',(4.72435329627726E-17,1.51179305480872E-15,
-1.));
#9626=DIRECTION('ref_axis',(1.,-6.95959186914871E-33,4.72435329627726E-17));
#9627=DIRECTION('',(0.,0.,-1.));
#9628=DIRECTION('center_axis',(4.27561287159038E-17,1.58147987664997E-15,
-1.));
#9629=DIRECTION('ref_axis',(1.,-1.75565294613226E-34,4.27561287159038E-17));
#9630=DIRECTION('center_axis',(-0.707106781186549,-0.707106781186546,-1.10240534333116E-15));
#9631=DIRECTION('ref_axis',(0.707106781186546,-0.707106781186549,-1.08804199653696E-15));
#9632=DIRECTION('',(0.,0.,-1.));
#9633=DIRECTION('',(0.707106781186546,-0.707106781186549,-1.08804199653696E-15));
#9634=DIRECTION('center_axis',(4.72435329627726E-17,1.51179305480872E-15,
-1.));
#9635=DIRECTION('ref_axis',(0.707106781186546,0.707106781186549,1.10240534333116E-15));
#9636=DIRECTION('center_axis',(4.27561287159038E-17,1.58147987664997E-15,
-1.));
#9637=DIRECTION('ref_axis',(0.707106781186546,0.707106781186549,1.14850829364156E-15));
#9638=DIRECTION('center_axis',(-1.,5.75127913735406E-16,-4.72435329627718E-17));
#9639=DIRECTION('ref_axis',(-5.75127913735406E-16,-1.,-1.58147987664997E-15));
#9640=DIRECTION('',(-4.72435329627726E-17,-1.51179305480872E-15,1.));
#9641=DIRECTION('',(-5.75127913735406E-16,-1.,-1.58147987664997E-15));
#9642=DIRECTION('center_axis',(4.72435329627726E-17,1.51179305480872E-15,
-1.));
#9643=DIRECTION('ref_axis',(-0.707106781186551,0.707106781186544,1.03559289828078E-15));
#9644=DIRECTION('',(-4.72435329627726E-17,-1.51179305480872E-15,1.));
#9645=DIRECTION('center_axis',(-4.27561287159038E-17,-1.58147987664997E-15,
1.));
#9646=DIRECTION('ref_axis',(-0.707106781186551,0.707106781186544,1.08804199653695E-15));
#9647=DIRECTION('center_axis',(-0.707106781186555,0.70710678118654,1.03559289828078E-15));
#9648=DIRECTION('ref_axis',(-0.70710678118654,-0.707106781186555,-1.14850829364157E-15));
#9649=DIRECTION('',(-4.72435329627726E-17,-1.51179305480872E-15,1.));
#9650=DIRECTION('',(-0.70710678118654,-0.707106781186555,-1.14850829364157E-15));
#9651=DIRECTION('center_axis',(4.72435329627726E-17,1.51179305480872E-15,
-1.));
#9652=DIRECTION('ref_axis',(6.05576195250069E-15,1.,1.51179305480872E-15));
#9653=DIRECTION('',(-4.72435329627726E-17,-1.51179305480872E-15,1.));
#9654=DIRECTION('center_axis',(-4.27561287159038E-17,-1.58147987664997E-15,
1.));
#9655=DIRECTION('ref_axis',(6.05576195250069E-15,1.,1.58147987664997E-15));
#9656=DIRECTION('center_axis',(2.19688814823756E-15,1.,1.51179305480872E-15));
#9657=DIRECTION('ref_axis',(-1.,2.19688814823756E-15,-4.27561287159003E-17));
#9658=DIRECTION('',(-4.72435329627726E-17,-1.51179305480872E-15,1.));
#9659=DIRECTION('',(-1.,2.19688814823756E-15,-4.27561287159003E-17));
#9660=DIRECTION('center_axis',(4.72435329627726E-17,1.51179305480872E-15,
-1.));
#9661=DIRECTION('ref_axis',(0.707106781186554,0.707106781186541,1.10240534333115E-15));
#9662=DIRECTION('',(-4.72435329627726E-17,-1.51179305480872E-15,1.));
#9663=DIRECTION('center_axis',(-4.27561287159038E-17,-1.58147987664997E-15,
1.));
#9664=DIRECTION('ref_axis',(0.707106781186554,0.707106781186541,1.14850829364155E-15));
#9665=DIRECTION('center_axis',(0.707106781186545,0.70710678118655,1.10240534333116E-15));
#9666=DIRECTION('ref_axis',(-0.70710678118655,0.707106781186545,1.08804199653695E-15));
#9667=DIRECTION('',(-4.72435329627726E-17,-1.51179305480872E-15,1.));
#9668=DIRECTION('',(-0.70710678118655,0.707106781186545,1.08804199653695E-15));
#9669=DIRECTION('center_axis',(4.72435329627726E-17,1.51179305480872E-15,
-1.));
#9670=DIRECTION('ref_axis',(1.,-6.95959186914871E-33,4.72435329627726E-17));
#9671=DIRECTION('',(-4.72435329627726E-17,-1.51179305480872E-15,1.));
#9672=DIRECTION('center_axis',(-4.27561287159038E-17,-1.58147987664997E-15,
1.));
#9673=DIRECTION('ref_axis',(1.,-1.75565294613226E-34,4.27561287159038E-17));
#9674=DIRECTION('center_axis',(1.,-7.27230480942991E-33,4.72435329627726E-17));
#9675=DIRECTION('ref_axis',(-6.74423918730445E-32,1.,1.58147987664997E-15));
#9676=DIRECTION('',(-4.72435329627726E-17,-1.51179305480872E-15,1.));
#9677=DIRECTION('',(-6.74423918730445E-32,1.,1.58147987664997E-15));
#9678=DIRECTION('center_axis',(4.72435329627726E-17,1.51179305480872E-15,
-1.));
#9679=DIRECTION('ref_axis',(0.707106781186552,-0.707106781186543,-1.03559289828078E-15));
#9680=DIRECTION('',(-4.72435329627726E-17,-1.51179305480872E-15,1.));
#9681=DIRECTION('center_axis',(-4.27561287159038E-17,-1.58147987664997E-15,
1.));
#9682=DIRECTION('ref_axis',(0.707106781186552,-0.707106781186543,-1.08804199653695E-15));
#9683=DIRECTION('center_axis',(0.707106781186553,-0.707106781186542,-1.03559289828078E-15));
#9684=DIRECTION('ref_axis',(0.707106781186542,0.707106781186553,1.14850829364157E-15));
#9685=DIRECTION('',(-4.72435329627726E-17,-1.51179305480872E-15,1.));
#9686=DIRECTION('',(0.707106781186542,0.707106781186553,1.14850829364157E-15));
#9687=DIRECTION('center_axis',(4.72435329627726E-17,1.51179305480872E-15,
-1.));
#9688=DIRECTION('ref_axis',(-8.07434927000092E-15,-1.,-1.51179305480872E-15));
#9689=DIRECTION('',(-4.72435329627726E-17,-1.51179305480872E-15,1.));
#9690=DIRECTION('center_axis',(-4.27561287159038E-17,-1.58147987664997E-15,
1.));
#9691=DIRECTION('ref_axis',(-8.07434927000092E-15,-1.,-1.58147987664997E-15));
#9692=DIRECTION('center_axis',(6.44628531485979E-32,-1.,-1.51179305480872E-15));
#9693=DIRECTION('ref_axis',(1.,-1.75565294613211E-34,4.27561287159038E-17));
#9694=DIRECTION('',(-4.72435329627726E-17,-1.51179305480872E-15,1.));
#9695=DIRECTION('',(1.,-1.75565294613211E-34,4.27561287159038E-17));
#9696=DIRECTION('center_axis',(4.72435329627726E-17,1.51179305480872E-15,
-1.));
#9697=DIRECTION('ref_axis',(-0.707106781186557,-0.707106781186538,-1.10240534333115E-15));
#9698=DIRECTION('',(-4.72435329627726E-17,-1.51179305480872E-15,1.));
#9699=DIRECTION('center_axis',(-4.27561287159038E-17,-1.58147987664997E-15,
1.));
#9700=DIRECTION('ref_axis',(-0.707106781186557,-0.707106781186538,-1.14850829364154E-15));
#9701=DIRECTION('center_axis',(-0.707106781186547,-0.707106781186548,-1.10240534333116E-15));
#9702=DIRECTION('ref_axis',(0.707106781186548,-0.707106781186547,-1.08804199653696E-15));
#9703=DIRECTION('',(-4.72435329627726E-17,-1.51179305480872E-15,1.));
#9704=DIRECTION('',(0.707106781186548,-0.707106781186547,-1.08804199653696E-15));
#9705=DIRECTION('center_axis',(4.72435329627726E-17,1.51179305480872E-15,
-1.));
#9706=DIRECTION('ref_axis',(-1.,6.95959186914871E-33,-4.72435329627726E-17));
#9707=DIRECTION('',(-4.72435329627726E-17,-1.51179305480872E-15,1.));
#9708=DIRECTION('center_axis',(-4.27561287159038E-17,-1.58147987664997E-15,
1.));
#9709=DIRECTION('ref_axis',(-1.,1.75565294613226E-34,-4.27561287159038E-17));
#9710=DIRECTION('center_axis',(-1.,-5.75127913735406E-16,-4.72435329627735E-17));
#9711=DIRECTION('ref_axis',(5.75127913735406E-16,-1.,-1.58147987664997E-15));
#9712=DIRECTION('',(-4.72435329627726E-17,-1.51179305480872E-15,1.));
#9713=DIRECTION('',(5.75127913735406E-16,-1.,-1.58147987664997E-15));
#9714=DIRECTION('center_axis',(6.44628531485979E-32,-1.,-1.51179305480872E-15));
#9715=DIRECTION('ref_axis',(1.,-1.75565294613226E-34,4.27561287159038E-17));
#9716=DIRECTION('',(1.,-1.75565294613226E-34,4.27561287159038E-17));
#9717=DIRECTION('center_axis',(-4.27561287159038E-17,-1.58147987664997E-15,
1.));
#9718=DIRECTION('ref_axis',(-1.,1.75565294613226E-34,-4.27561287159038E-17));
#9719=DIRECTION('center_axis',(-4.27561287159038E-17,-1.58147987664997E-15,
1.));
#9720=DIRECTION('ref_axis',(-1.,1.75565294613226E-34,-4.27561287159038E-17));
#9721=DIRECTION('',(0.707106781186542,0.707106781186553,1.14850829364157E-15));
#9722=DIRECTION('center_axis',(-4.27561287159038E-17,-1.58147987664997E-15,
1.));
#9723=DIRECTION('ref_axis',(-8.07434927000092E-15,-1.,0.));
#9724=DIRECTION('center_axis',(-4.27561287159038E-17,-1.58147987664997E-15,
1.));
#9725=DIRECTION('ref_axis',(-0.707106781186557,-0.707106781186538,-1.14850829364154E-15));
#9726=DIRECTION('',(0.707106781186548,-0.707106781186547,-1.08804199653696E-15));
#9727=DIRECTION('center_axis',(-4.27561287159038E-17,-1.58147987664997E-15,
1.));
#9728=DIRECTION('ref_axis',(-1.,1.75565294613226E-34,-4.27561287159038E-17));
#9729=DIRECTION('',(5.75127913735406E-16,-1.,-1.58147987664997E-15));
#9730=DIRECTION('',(1.,-1.75565294613226E-34,4.27561287159038E-17));
#9731=DIRECTION('center_axis',(4.27561287159038E-17,1.58147987664997E-15,
-1.));
#9732=DIRECTION('ref_axis',(-1.,1.75565294613226E-34,-4.27561287159038E-17));
#9733=DIRECTION('',(-0.707106781186552,0.707106781186543,1.08804199653695E-15));
#9734=DIRECTION('center_axis',(4.27561287159038E-17,1.58147987664997E-15,
-1.));
#9735=DIRECTION('ref_axis',(-0.707106781186554,-0.707106781186541,-1.14850829364155E-15));
#9736=DIRECTION('center_axis',(4.27561287159038E-17,1.58147987664997E-15,
-1.));
#9737=DIRECTION('ref_axis',(1.,-1.75565294613226E-34,4.27561287159038E-17));
#9738=DIRECTION('',(0.707106781186539,0.707106781186556,1.14850829364157E-15));
#9739=DIRECTION('center_axis',(4.27561287159038E-17,1.58147987664997E-15,
-1.));
#9740=DIRECTION('ref_axis',(-0.707106781186551,0.707106781186544,1.08804199653695E-15));
#9741=DIRECTION('',(1.35349781799326E-15,1.,1.58147987664997E-15));
#9742=DIRECTION('',(-1.,1.75565294613226E-34,-4.27561287159038E-17));
#9743=DIRECTION('',(-5.75127913735406E-16,-1.,-1.58147987664997E-15));
#9744=DIRECTION('center_axis',(-4.27561287159038E-17,-1.58147987664997E-15,
1.));
#9745=DIRECTION('ref_axis',(-0.707106781186551,0.707106781186544,1.08804199653695E-15));
#9746=DIRECTION('',(-0.70710678118654,-0.707106781186555,-1.14850829364157E-15));
#9747=DIRECTION('center_axis',(-4.27561287159038E-17,-1.58147987664997E-15,
1.));
#9748=DIRECTION('ref_axis',(6.05576195250069E-15,1.,1.58147987664997E-15));
#9749=DIRECTION('',(-1.,2.19688814823756E-15,-4.27561287159003E-17));
#9750=DIRECTION('center_axis',(-4.27561287159038E-17,-1.58147987664997E-15,
1.));
#9751=DIRECTION('ref_axis',(0.707106781186554,0.707106781186541,1.14850829364155E-15));
#9752=DIRECTION('',(-0.70710678118655,0.707106781186545,1.08804199653695E-15));
#9753=DIRECTION('center_axis',(-4.27561287159038E-17,-1.58147987664997E-15,
1.));
#9754=DIRECTION('ref_axis',(1.,-1.75565294613226E-34,4.27561287159038E-17));
#9755=DIRECTION('',(-6.74423918730445E-32,1.,1.58147987664997E-15));
#9756=DIRECTION('center_axis',(-4.27561287159038E-17,-1.58147987664997E-15,
1.));
#9757=DIRECTION('ref_axis',(0.707106781186552,-0.707106781186543,-1.08804199653695E-15));
#9758=DIRECTION('center_axis',(0.,0.,1.));
#9759=DIRECTION('ref_axis',(-1.,0.,0.));
#9760=DIRECTION('',(1.,-1.75565294613226E-34,4.27561287159038E-17));
#9761=DIRECTION('',(5.75127913735406E-16,-1.,-1.58147987664997E-15));
#9762=DIRECTION('center_axis',(-4.27561287159038E-17,-1.58147987664997E-15,
1.));
#9763=DIRECTION('ref_axis',(-1.,1.75565294613226E-34,-4.27561287159038E-17));
#9764=DIRECTION('',(0.707106781186548,-0.707106781186547,-1.08804199653696E-15));
#9765=DIRECTION('center_axis',(-4.27561287159038E-17,-1.58147987664997E-15,
1.));
#9766=DIRECTION('ref_axis',(-0.707106781186557,-0.707106781186538,-1.14850829364154E-15));
#9767=DIRECTION('center_axis',(-4.27561287159038E-17,-1.58147987664997E-15,
1.));
#9768=DIRECTION('ref_axis',(-8.07434927000092E-15,-1.,-1.58147987664997E-15));
#9769=DIRECTION('',(0.707106781186542,0.707106781186553,1.14850829364157E-15));
#9770=DIRECTION('center_axis',(-4.27561287159038E-17,-1.58147987664997E-15,
1.));
#9771=DIRECTION('ref_axis',(0.707106781186552,-0.707106781186543,-1.08804199653695E-15));
#9772=DIRECTION('',(-6.74423918730445E-32,1.,1.58147987664997E-15));
#9773=DIRECTION('center_axis',(-4.27561287159038E-17,-1.58147987664997E-15,
1.));
#9774=DIRECTION('ref_axis',(1.,-1.75565294613226E-34,4.27561287159038E-17));
#9775=DIRECTION('',(-0.70710678118655,0.707106781186545,1.08804199653695E-15));
#9776=DIRECTION('center_axis',(-4.27561287159038E-17,-1.58147987664997E-15,
1.));
#9777=DIRECTION('ref_axis',(0.707106781186554,0.707106781186541,1.14850829364155E-15));
#9778=DIRECTION('',(-1.,2.19688814823756E-15,-4.27561287159003E-17));
#9779=DIRECTION('center_axis',(-4.27561287159038E-17,-1.58147987664997E-15,
1.));
#9780=DIRECTION('ref_axis',(6.05576195250069E-15,1.,1.58147987664997E-15));
#9781=DIRECTION('',(-0.70710678118654,-0.707106781186555,-1.14850829364157E-15));
#9782=DIRECTION('center_axis',(-4.27561287159038E-17,-1.58147987664997E-15,
1.));
#9783=DIRECTION('ref_axis',(-0.707106781186551,0.707106781186544,1.08804199653695E-15));
#9784=DIRECTION('',(-5.75127913735406E-16,-1.,-1.58147987664997E-15));
#9785=DIRECTION('',(1.,-1.75565294613226E-34,4.27561287159038E-17));
#9786=DIRECTION('',(0.,-1.,0.));
#9787=DIRECTION('center_axis',(4.72435329627726E-17,1.51179305480872E-15,
-1.));
#9788=DIRECTION('ref_axis',(-1.,6.95959186914871E-33,-4.72435329627726E-17));
#9789=DIRECTION('',(0.,0.,-1.));
#9790=DIRECTION('center_axis',(0.707106781186543,0.707106781186552,1.10240534333117E-15));
#9791=DIRECTION('ref_axis',(-0.707106781186552,0.707106781186543,1.08804199653695E-15));
#9792=DIRECTION('',(0.,0.,-1.));
#9793=DIRECTION('center_axis',(4.72435329627726E-17,1.51179305480872E-15,
-1.));
#9794=DIRECTION('ref_axis',(-0.707106781186554,-0.707106781186541,-1.10240534333115E-15));
#9795=DIRECTION('center_axis',(4.72435329627726E-17,1.51179305480872E-15,
-1.));
#9796=DIRECTION('ref_axis',(1.,-6.95959186914871E-33,4.72435329627726E-17));
#9797=DIRECTION('center_axis',(0.707106781186556,-0.707106781186539,-1.03559289828077E-15));
#9798=DIRECTION('ref_axis',(0.707106781186539,0.707106781186556,1.14850829364157E-15));
#9799=DIRECTION('',(0.,0.,-1.));
#9800=DIRECTION('center_axis',(4.72435329627726E-17,1.51179305480872E-15,
-1.));
#9801=DIRECTION('ref_axis',(-0.707106781186551,0.707106781186544,1.03559289828078E-15));
#9802=DIRECTION('',(0.,0.,-1.));
#9803=DIRECTION('center_axis',(-6.44628531485979E-32,1.,1.51179305480872E-15));
#9804=DIRECTION('ref_axis',(-1.,1.75565294613226E-34,-4.27561287159038E-17));
#9805=DIRECTION('',(-4.72435329627726E-17,-1.51179305480872E-15,1.));
#9806=DIRECTION('',(-4.72435329627726E-17,-1.51179305480872E-15,1.));
#9807=DIRECTION('center_axis',(-1.,5.75127913735406E-16,-4.72435329627718E-17));
#9808=DIRECTION('ref_axis',(-5.75127913735406E-16,-1.,-1.58147987664997E-15));
#9809=DIRECTION('',(-4.72435329627726E-17,-1.51179305480872E-15,1.));
#9810=DIRECTION('center_axis',(4.72435329627726E-17,1.51179305480872E-15,
-1.));
#9811=DIRECTION('ref_axis',(-0.707106781186551,0.707106781186544,1.03559289828078E-15));
#9812=DIRECTION('',(-4.72435329627726E-17,-1.51179305480872E-15,1.));
#9813=DIRECTION('center_axis',(-0.707106781186555,0.70710678118654,1.03559289828078E-15));
#9814=DIRECTION('ref_axis',(-0.70710678118654,-0.707106781186555,-1.14850829364157E-15));
#9815=DIRECTION('',(-4.72435329627726E-17,-1.51179305480872E-15,1.));
#9816=DIRECTION('center_axis',(4.72435329627726E-17,1.51179305480872E-15,
-1.));
#9817=DIRECTION('ref_axis',(6.05576195250069E-15,1.,1.51179305480872E-15));
#9818=DIRECTION('',(-4.72435329627726E-17,-1.51179305480872E-15,1.));
#9819=DIRECTION('center_axis',(2.19688814823756E-15,1.,1.51179305480872E-15));
#9820=DIRECTION('ref_axis',(-1.,2.19688814823756E-15,-4.27561287159003E-17));
#9821=DIRECTION('',(-4.72435329627726E-17,-1.51179305480872E-15,1.));
#9822=DIRECTION('center_axis',(4.72435329627726E-17,1.51179305480872E-15,
-1.));
#9823=DIRECTION('ref_axis',(0.707106781186554,0.707106781186541,1.10240534333115E-15));
#9824=DIRECTION('',(-4.72435329627726E-17,-1.51179305480872E-15,1.));
#9825=DIRECTION('center_axis',(0.707106781186545,0.70710678118655,1.10240534333116E-15));
#9826=DIRECTION('ref_axis',(-0.70710678118655,0.707106781186545,1.08804199653695E-15));
#9827=DIRECTION('',(-4.72435329627726E-17,-1.51179305480872E-15,1.));
#9828=DIRECTION('center_axis',(4.72435329627726E-17,1.51179305480872E-15,
-1.));
#9829=DIRECTION('ref_axis',(1.,-6.95959186914871E-33,4.72435329627726E-17));
#9830=DIRECTION('',(-4.72435329627726E-17,-1.51179305480872E-15,1.));
#9831=DIRECTION('center_axis',(1.,-7.27230480942991E-33,4.72435329627726E-17));
#9832=DIRECTION('ref_axis',(-6.74423918730445E-32,1.,1.58147987664997E-15));
#9833=DIRECTION('',(-4.72435329627726E-17,-1.51179305480872E-15,1.));
#9834=DIRECTION('center_axis',(4.72435329627726E-17,1.51179305480872E-15,
-1.));
#9835=DIRECTION('ref_axis',(0.707106781186552,-0.707106781186543,-1.03559289828078E-15));
#9836=DIRECTION('',(-4.72435329627726E-17,-1.51179305480872E-15,1.));
#9837=DIRECTION('center_axis',(0.707106781186553,-0.707106781186542,-1.03559289828078E-15));
#9838=DIRECTION('ref_axis',(0.707106781186542,0.707106781186553,1.14850829364157E-15));
#9839=DIRECTION('',(-4.72435329627726E-17,-1.51179305480872E-15,1.));
#9840=DIRECTION('center_axis',(4.72435329627726E-17,1.51179305480872E-15,
-1.));
#9841=DIRECTION('ref_axis',(-8.07434927000092E-15,-1.,-1.51179305480872E-15));
#9842=DIRECTION('center_axis',(4.72435329627726E-17,1.51179305480872E-15,
-1.));
#9843=DIRECTION('ref_axis',(-0.707106781186557,-0.707106781186538,-1.10240534333115E-15));
#9844=DIRECTION('',(-4.72435329627726E-17,-1.51179305480872E-15,1.));
#9845=DIRECTION('center_axis',(-0.707106781186547,-0.707106781186548,-1.10240534333116E-15));
#9846=DIRECTION('ref_axis',(0.707106781186548,-0.707106781186547,-1.08804199653696E-15));
#9847=DIRECTION('',(-4.72435329627726E-17,-1.51179305480872E-15,1.));
#9848=DIRECTION('center_axis',(4.72435329627726E-17,1.51179305480872E-15,
-1.));
#9849=DIRECTION('ref_axis',(-1.,6.95959186914871E-33,-4.72435329627726E-17));
#9850=DIRECTION('',(-4.72435329627726E-17,-1.51179305480872E-15,1.));
#9851=DIRECTION('center_axis',(-1.,-5.75127913735406E-16,-4.72435329627735E-17));
#9852=DIRECTION('ref_axis',(5.75127913735406E-16,-1.,-1.58147987664997E-15));
#9853=DIRECTION('',(-4.72435329627726E-17,-1.51179305480872E-15,1.));
#9854=DIRECTION('center_axis',(6.44628531485979E-32,-1.,-1.51179305480872E-15));
#9855=DIRECTION('ref_axis',(1.,-1.75565294613226E-34,4.27561287159038E-17));
#9856=DIRECTION('center_axis',(1.,4.51165939331087E-16,4.72435329627733E-17));
#9857=DIRECTION('ref_axis',(-4.51165939331087E-16,1.,1.58147987664997E-15));
#9858=DIRECTION('center_axis',(-4.27561287159038E-17,-1.58147987664997E-15,
1.));
#9859=DIRECTION('ref_axis',(-1.,1.75565294613226E-34,-4.27561287159038E-17));
#9860=DIRECTION('',(0.707106781186542,0.707106781186553,1.14850829364157E-15));
#9861=DIRECTION('center_axis',(-4.27561287159038E-17,-1.58147987664997E-15,
1.));
#9862=DIRECTION('ref_axis',(-8.07434927000092E-15,-1.,0.));
#9863=DIRECTION('center_axis',(-4.27561287159038E-17,-1.58147987664997E-15,
1.));
#9864=DIRECTION('ref_axis',(-0.707106781186557,-0.707106781186538,-1.14850829364154E-15));
#9865=DIRECTION('',(0.707106781186548,-0.707106781186547,-1.08804199653696E-15));
#9866=DIRECTION('center_axis',(-4.27561287159038E-17,-1.58147987664997E-15,
1.));
#9867=DIRECTION('ref_axis',(-1.,1.75565294613226E-34,-4.27561287159038E-17));
#9868=DIRECTION('',(5.75127913735406E-16,-1.,-1.58147987664997E-15));
#9869=DIRECTION('',(1.,-1.75565294613226E-34,4.27561287159038E-17));
#9870=DIRECTION('',(-4.51165939331087E-16,1.,1.58147987664997E-15));
#9871=DIRECTION('center_axis',(4.27561287159038E-17,1.58147987664997E-15,
-1.));
#9872=DIRECTION('ref_axis',(-1.,1.75565294613226E-34,-4.27561287159038E-17));
#9873=DIRECTION('',(-0.707106781186552,0.707106781186543,1.08804199653695E-15));
#9874=DIRECTION('center_axis',(4.27561287159038E-17,1.58147987664997E-15,
-1.));
#9875=DIRECTION('ref_axis',(-0.707106781186554,-0.707106781186541,-1.14850829364155E-15));
#9876=DIRECTION('',(-1.,1.75565294613192E-34,-4.27561287159038E-17));
#9877=DIRECTION('center_axis',(4.27561287159038E-17,1.58147987664997E-15,
-1.));
#9878=DIRECTION('ref_axis',(1.,-1.75565294613226E-34,4.27561287159038E-17));
#9879=DIRECTION('',(0.707106781186546,-0.707106781186549,-1.08804199653696E-15));
#9880=DIRECTION('center_axis',(4.27561287159038E-17,1.58147987664997E-15,
-1.));
#9881=DIRECTION('ref_axis',(0.707106781186546,0.707106781186549,1.14850829364156E-15));
#9882=DIRECTION('',(1.,-1.75565294613214E-34,4.27561287159038E-17));
#9883=DIRECTION('center_axis',(4.27561287159038E-17,1.58147987664997E-15,
-1.));
#9884=DIRECTION('ref_axis',(2.66453525910038E-15,1.,1.58147987664997E-15));
#9885=DIRECTION('',(0.707106781186539,0.707106781186556,1.14850829364157E-15));
#9886=DIRECTION('center_axis',(4.27561287159038E-17,1.58147987664997E-15,
-1.));
#9887=DIRECTION('ref_axis',(-0.707106781186551,0.707106781186544,1.08804199653695E-15));
#9888=DIRECTION('',(1.35349781799326E-15,1.,1.58147987664997E-15));
#9889=DIRECTION('',(-1.,1.75565294613226E-34,-4.27561287159038E-17));
#9890=DIRECTION('',(-5.75127913735406E-16,-1.,-1.58147987664997E-15));
#9891=DIRECTION('center_axis',(-4.27561287159038E-17,-1.58147987664997E-15,
1.));
#9892=DIRECTION('ref_axis',(-0.707106781186551,0.707106781186544,1.08804199653695E-15));
#9893=DIRECTION('',(-0.70710678118654,-0.707106781186555,-1.14850829364157E-15));
#9894=DIRECTION('center_axis',(-4.27561287159038E-17,-1.58147987664997E-15,
1.));
#9895=DIRECTION('ref_axis',(6.05576195250069E-15,1.,1.58147987664997E-15));
#9896=DIRECTION('',(-1.,2.19688814823756E-15,-4.27561287159003E-17));
#9897=DIRECTION('center_axis',(-4.27561287159038E-17,-1.58147987664997E-15,
1.));
#9898=DIRECTION('ref_axis',(0.707106781186554,0.707106781186541,1.14850829364155E-15));
#9899=DIRECTION('',(-0.70710678118655,0.707106781186545,1.08804199653695E-15));
#9900=DIRECTION('center_axis',(-4.27561287159038E-17,-1.58147987664997E-15,
1.));
#9901=DIRECTION('ref_axis',(1.,-1.75565294613226E-34,4.27561287159038E-17));
#9902=DIRECTION('',(-6.74423918730445E-32,1.,1.58147987664997E-15));
#9903=DIRECTION('center_axis',(-4.27561287159038E-17,-1.58147987664997E-15,
1.));
#9904=DIRECTION('ref_axis',(0.707106781186552,-0.707106781186543,-1.08804199653695E-15));
#9905=DIRECTION('center_axis',(-6.4462853148598E-32,1.,1.51179305480872E-15));
#9906=DIRECTION('ref_axis',(-1.,1.75565294613192E-34,-4.27561287159038E-17));
#9907=DIRECTION('',(0.,0.,-1.));
#9908=DIRECTION('center_axis',(0.,0.,1.));
#9909=DIRECTION('ref_axis',(-1.,0.,0.));
#9910=DIRECTION('',(1.,-1.75565294613226E-34,4.27561287159038E-17));
#9911=DIRECTION('',(5.75127913735406E-16,-1.,-1.58147987664997E-15));
#9912=DIRECTION('center_axis',(-4.27561287159038E-17,-1.58147987664997E-15,
1.));
#9913=DIRECTION('ref_axis',(-1.,1.75565294613226E-34,-4.27561287159038E-17));
#9914=DIRECTION('',(0.707106781186548,-0.707106781186547,-1.08804199653696E-15));
#9915=DIRECTION('center_axis',(-4.27561287159038E-17,-1.58147987664997E-15,
1.));
#9916=DIRECTION('ref_axis',(-0.707106781186557,-0.707106781186538,-1.14850829364154E-15));
#9917=DIRECTION('center_axis',(-4.27561287159038E-17,-1.58147987664997E-15,
1.));
#9918=DIRECTION('ref_axis',(-8.07434927000092E-15,-1.,-1.58147987664997E-15));
#9919=DIRECTION('',(0.707106781186542,0.707106781186553,1.14850829364157E-15));
#9920=DIRECTION('center_axis',(-4.27561287159038E-17,-1.58147987664997E-15,
1.));
#9921=DIRECTION('ref_axis',(0.707106781186552,-0.707106781186543,-1.08804199653695E-15));
#9922=DIRECTION('',(-6.74423918730445E-32,1.,1.58147987664997E-15));
#9923=DIRECTION('center_axis',(-4.27561287159038E-17,-1.58147987664997E-15,
1.));
#9924=DIRECTION('ref_axis',(1.,-1.75565294613226E-34,4.27561287159038E-17));
#9925=DIRECTION('',(-0.70710678118655,0.707106781186545,1.08804199653695E-15));
#9926=DIRECTION('center_axis',(-4.27561287159038E-17,-1.58147987664997E-15,
1.));
#9927=DIRECTION('ref_axis',(0.707106781186554,0.707106781186541,1.14850829364155E-15));
#9928=DIRECTION('',(-1.,2.19688814823756E-15,-4.27561287159003E-17));
#9929=DIRECTION('center_axis',(-4.27561287159038E-17,-1.58147987664997E-15,
1.));
#9930=DIRECTION('ref_axis',(6.05576195250069E-15,1.,1.58147987664997E-15));
#9931=DIRECTION('',(-0.70710678118654,-0.707106781186555,-1.14850829364157E-15));
#9932=DIRECTION('center_axis',(-4.27561287159038E-17,-1.58147987664997E-15,
1.));
#9933=DIRECTION('ref_axis',(-0.707106781186551,0.707106781186544,1.08804199653695E-15));
#9934=DIRECTION('',(-5.75127913735406E-16,-1.,-1.58147987664997E-15));
#9935=DIRECTION('',(1.,-1.75565294613226E-34,4.27561287159038E-17));
#9936=DIRECTION('',(0.,-1.,0.));
#9937=DIRECTION('center_axis',(4.72435329627726E-17,1.51179305480872E-15,
-1.));
#9938=DIRECTION('ref_axis',(-1.,6.95959186914871E-33,-4.72435329627726E-17));
#9939=DIRECTION('',(0.,0.,-1.));
#9940=DIRECTION('',(0.,0.,-1.));
#9941=DIRECTION('center_axis',(0.707106781186543,0.707106781186552,1.10240534333117E-15));
#9942=DIRECTION('ref_axis',(-0.707106781186552,0.707106781186543,1.08804199653695E-15));
#9943=DIRECTION('',(0.,0.,-1.));
#9944=DIRECTION('center_axis',(4.72435329627726E-17,1.51179305480872E-15,
-1.));
#9945=DIRECTION('ref_axis',(-0.707106781186554,-0.707106781186541,-1.10240534333115E-15));
#9946=DIRECTION('center_axis',(4.72435329627726E-17,1.51179305480872E-15,
-1.));
#9947=DIRECTION('ref_axis',(1.,-6.95959186914871E-33,4.72435329627726E-17));
#9948=DIRECTION('',(0.,0.,-1.));
#9949=DIRECTION('center_axis',(-0.707106781186549,-0.707106781186546,-1.10240534333116E-15));
#9950=DIRECTION('ref_axis',(0.707106781186546,-0.707106781186549,-1.08804199653696E-15));
#9951=DIRECTION('',(0.,0.,-1.));
#9952=DIRECTION('center_axis',(4.72435329627726E-17,1.51179305480872E-15,
-1.));
#9953=DIRECTION('ref_axis',(0.707106781186546,0.707106781186549,1.10240534333116E-15));
#9954=DIRECTION('',(0.,0.,-1.));
#9955=DIRECTION('center_axis',(6.4462853148598E-32,-1.,-1.51179305480872E-15));
#9956=DIRECTION('ref_axis',(1.,-1.75565294613214E-34,4.27561287159038E-17));
#9957=DIRECTION('',(0.,0.,-1.));
#9958=DIRECTION('center_axis',(4.72435329627726E-17,1.51179305480872E-15,
-1.));
#9959=DIRECTION('ref_axis',(2.66453525910038E-15,1.,1.51179305480872E-15));
#9960=DIRECTION('',(0.,0.,-1.));
#9961=DIRECTION('center_axis',(0.707106781186556,-0.707106781186539,-1.03559289828077E-15));
#9962=DIRECTION('ref_axis',(0.707106781186539,0.707106781186556,1.14850829364157E-15));
#9963=DIRECTION('',(0.,0.,-1.));
#9964=DIRECTION('center_axis',(4.72435329627726E-17,1.51179305480872E-15,
-1.));
#9965=DIRECTION('ref_axis',(-0.707106781186551,0.707106781186544,1.03559289828078E-15));
#9966=DIRECTION('',(0.,0.,-1.));
#9967=DIRECTION('center_axis',(-6.44628531485979E-32,1.,1.51179305480872E-15));
#9968=DIRECTION('ref_axis',(-1.,1.75565294613226E-34,-4.27561287159038E-17));
#9969=DIRECTION('',(-4.72435329627726E-17,-1.51179305480872E-15,1.));
#9970=DIRECTION('',(-4.72435329627726E-17,-1.51179305480872E-15,1.));
#9971=DIRECTION('center_axis',(-1.,5.75127913735406E-16,-4.72435329627718E-17));
#9972=DIRECTION('ref_axis',(-5.75127913735406E-16,-1.,-1.58147987664997E-15));
#9973=DIRECTION('',(-4.72435329627726E-17,-1.51179305480872E-15,1.));
#9974=DIRECTION('center_axis',(4.72435329627726E-17,1.51179305480872E-15,
-1.));
#9975=DIRECTION('ref_axis',(-0.707106781186551,0.707106781186544,1.03559289828078E-15));
#9976=DIRECTION('',(-4.72435329627726E-17,-1.51179305480872E-15,1.));
#9977=DIRECTION('center_axis',(-0.707106781186555,0.70710678118654,1.03559289828078E-15));
#9978=DIRECTION('ref_axis',(-0.70710678118654,-0.707106781186555,-1.14850829364157E-15));
#9979=DIRECTION('',(-4.72435329627726E-17,-1.51179305480872E-15,1.));
#9980=DIRECTION('center_axis',(4.72435329627726E-17,1.51179305480872E-15,
-1.));
#9981=DIRECTION('ref_axis',(6.05576195250069E-15,1.,1.51179305480872E-15));
#9982=DIRECTION('',(-4.72435329627726E-17,-1.51179305480872E-15,1.));
#9983=DIRECTION('center_axis',(2.19688814823756E-15,1.,1.51179305480872E-15));
#9984=DIRECTION('ref_axis',(-1.,2.19688814823756E-15,-4.27561287159003E-17));
#9985=DIRECTION('',(-4.72435329627726E-17,-1.51179305480872E-15,1.));
#9986=DIRECTION('center_axis',(4.72435329627726E-17,1.51179305480872E-15,
-1.));
#9987=DIRECTION('ref_axis',(0.707106781186554,0.707106781186541,1.10240534333115E-15));
#9988=DIRECTION('',(-4.72435329627726E-17,-1.51179305480872E-15,1.));
#9989=DIRECTION('center_axis',(0.707106781186545,0.70710678118655,1.10240534333116E-15));
#9990=DIRECTION('ref_axis',(-0.70710678118655,0.707106781186545,1.08804199653695E-15));
#9991=DIRECTION('',(-4.72435329627726E-17,-1.51179305480872E-15,1.));
#9992=DIRECTION('center_axis',(4.72435329627726E-17,1.51179305480872E-15,
-1.));
#9993=DIRECTION('ref_axis',(1.,-6.95959186914871E-33,4.72435329627726E-17));
#9994=DIRECTION('',(-4.72435329627726E-17,-1.51179305480872E-15,1.));
#9995=DIRECTION('center_axis',(1.,-7.27230480942991E-33,4.72435329627726E-17));
#9996=DIRECTION('ref_axis',(-6.74423918730445E-32,1.,1.58147987664997E-15));
#9997=DIRECTION('',(-4.72435329627726E-17,-1.51179305480872E-15,1.));
#9998=DIRECTION('center_axis',(4.72435329627726E-17,1.51179305480872E-15,
-1.));
#9999=DIRECTION('ref_axis',(0.707106781186552,-0.707106781186543,-1.03559289828078E-15));
#10000=DIRECTION('',(-4.72435329627726E-17,-1.51179305480872E-15,1.));
#10001=DIRECTION('center_axis',(0.707106781186553,-0.707106781186542,-1.03559289828078E-15));
#10002=DIRECTION('ref_axis',(0.707106781186542,0.707106781186553,1.14850829364157E-15));
#10003=DIRECTION('',(-4.72435329627726E-17,-1.51179305480872E-15,1.));
#10004=DIRECTION('center_axis',(4.72435329627726E-17,1.51179305480872E-15,
-1.));
#10005=DIRECTION('ref_axis',(-8.07434927000092E-15,-1.,-1.51179305480872E-15));
#10006=DIRECTION('center_axis',(4.72435329627726E-17,1.51179305480872E-15,
-1.));
#10007=DIRECTION('ref_axis',(-0.707106781186557,-0.707106781186538,-1.10240534333115E-15));
#10008=DIRECTION('',(-4.72435329627726E-17,-1.51179305480872E-15,1.));
#10009=DIRECTION('center_axis',(-0.707106781186547,-0.707106781186548,-1.10240534333116E-15));
#10010=DIRECTION('ref_axis',(0.707106781186548,-0.707106781186547,-1.08804199653696E-15));
#10011=DIRECTION('',(-4.72435329627726E-17,-1.51179305480872E-15,1.));
#10012=DIRECTION('center_axis',(4.72435329627726E-17,1.51179305480872E-15,
-1.));
#10013=DIRECTION('ref_axis',(-1.,6.95959186914871E-33,-4.72435329627726E-17));
#10014=DIRECTION('',(-4.72435329627726E-17,-1.51179305480872E-15,1.));
#10015=DIRECTION('center_axis',(-1.,-5.75127913735406E-16,-4.72435329627735E-17));
#10016=DIRECTION('ref_axis',(5.75127913735406E-16,-1.,-1.58147987664997E-15));
#10017=DIRECTION('',(-4.72435329627726E-17,-1.51179305480872E-15,1.));
#10018=DIRECTION('center_axis',(6.44628531485979E-32,-1.,-1.51179305480872E-15));
#10019=DIRECTION('ref_axis',(1.,-1.75565294613226E-34,4.27561287159038E-17));
#10020=DIRECTION('',(-4.72435329627726E-17,-1.51179305480872E-15,1.));
#10021=DIRECTION('center_axis',(1.,4.51165939331087E-16,4.72435329627733E-17));
#10022=DIRECTION('ref_axis',(-4.51165939331087E-16,1.,1.58147987664997E-15));
#10023=DIRECTION('center_axis',(0.,0.,-1.));
#10024=DIRECTION('ref_axis',(0.,-1.,0.));
#10025=DIRECTION('',(0.,-1.,0.));
#10026=DIRECTION('',(0.,-1.,0.));
#10027=DIRECTION('',(-1.,0.,0.));
#10028=DIRECTION('center_axis',(-1.,0.,0.));
#10029=DIRECTION('ref_axis',(0.,0.,1.));
#10030=DIRECTION('',(0.,1.,0.));
#10031=DIRECTION('',(0.,0.,1.));
#10032=DIRECTION('center_axis',(-1.,0.,0.));
#10033=DIRECTION('ref_axis',(0.,0.,1.));
#10034=DIRECTION('',(0.,1.,0.));
#10035=DIRECTION('',(0.,0.,1.));
#10036=DIRECTION('',(0.,-1.,0.));
#10037=DIRECTION('center_axis',(1.,0.,0.));
#10038=DIRECTION('ref_axis',(0.,0.,-1.));
#10039=DIRECTION('',(0.,1.,0.));
#10040=DIRECTION('',(0.,0.,-1.));
#10041=DIRECTION('',(0.,-1.,0.));
#10042=DIRECTION('center_axis',(1.09956632071429E-16,0.,-1.));
#10043=DIRECTION('ref_axis',(1.,0.,1.09956632071429E-16));
#10044=DIRECTION('',(1.,0.,-3.15232599366046E-16));
#10045=DIRECTION('center_axis',(1.,0.,0.));
#10046=DIRECTION('ref_axis',(0.,0.,-1.));
#10047=DIRECTION('',(0.,1.,0.));
#10048=DIRECTION('',(0.,0.,-1.));
#10049=DIRECTION('',(0.,-1.,0.));
#10050=DIRECTION('center_axis',(0.,-1.,0.));
#10051=DIRECTION('ref_axis',(0.,0.,-1.));
#10052=DIRECTION('',(-0.751617622479109,0.,0.659599082457557));
#10053=DIRECTION('',(-1.,0.,0.));
#10054=DIRECTION('',(0.,0.,-1.));
#10055=DIRECTION('',(0.,0.,-1.));
#10056=DIRECTION('',(0.,0.,1.));
#10057=DIRECTION('',(1.,0.,5.57901047726488E-17));
#10058=DIRECTION('',(0.,0.,1.));
#10059=DIRECTION('',(1.,0.,0.));
#10060=DIRECTION('',(1.,0.,0.));
#10061=DIRECTION('',(-1.,0.,0.));
#10062=DIRECTION('center_axis',(6.31088724176809E-30,0.,-1.));
#10063=DIRECTION('ref_axis',(1.,0.,6.31088724176809E-30));
#10064=DIRECTION('center_axis',(6.31088724176809E-30,0.,-1.));
#10065=DIRECTION('ref_axis',(1.,0.,6.31088724176809E-30));
#10066=DIRECTION('center_axis',(1.,0.,6.31088724176809E-30));
#10067=DIRECTION('ref_axis',(-6.31088724176809E-30,0.,1.));
#10068=DIRECTION('',(0.,-1.,0.));
#10069=DIRECTION('',(0.,-1.51179305480872E-15,1.));
#10070=DIRECTION('',(0.,-1.,-1.58147987664997E-15));
#10071=DIRECTION('',(-7.02034968796865E-50,1.,1.11241881197069E-20));
#10072=DIRECTION('center_axis',(0.,0.,-1.));
#10073=DIRECTION('ref_axis',(-1.,0.,0.));
#10074=DIRECTION('',(0.,1.,0.));
#10075=DIRECTION('',(-1.,0.,0.));
#10076=DIRECTION('',(0.,-1.,0.));
#10077=DIRECTION('center_axis',(-1.,0.,-6.31088724176809E-30));
#10078=DIRECTION('ref_axis',(6.31088724176809E-30,0.,-1.));
#10079=DIRECTION('',(0.,1.,0.));
#10080=DIRECTION('',(0.,1.,0.));
#10081=DIRECTION('',(0.,0.,1.));
#10082=DIRECTION('',(0.,-1.,0.));
#10083=DIRECTION('center_axis',(1.,0.,0.));
#10084=DIRECTION('ref_axis',(0.,1.,0.));
#10085=DIRECTION('',(0.,0.,1.));
#10086=DIRECTION('',(0.,-1.,0.));
#10087=DIRECTION('',(0.,-1.,0.));
#10088=DIRECTION('',(-0.466588300215335,-0.88416095451088,-0.0235534417988836));
#10089=DIRECTION('center_axis',(0.616653135831553,0.787234977671288,0.));
#10090=DIRECTION('ref_axis',(0.,0.,-1.));
#10091=DIRECTION('',(0.787234977671289,-0.616653135831551,-1.22189951600175E-13));
#10092=DIRECTION('',(0.,0.,-1.));
#10093=DIRECTION('',(0.787234977671288,-0.616653135831553,0.));
#10094=DIRECTION('',(-1.,0.,-5.57901047726488E-17));
#10095=DIRECTION('',(0.0913019834148149,-0.966181581908758,0.2411578292422));
#10096=DIRECTION('',(0.466717777430529,0.884406307208574,-5.1235613641603E-14));
#10097=DIRECTION('center_axis',(0.995564773518192,0.094078593365718,-7.30870924838168E-18));
#10098=DIRECTION('ref_axis',(-7.34126944101657E-18,0.,-1.));
#10099=DIRECTION('',(2.66513508877219E-8,0.,-1.));
#10100=DIRECTION('',(0.094078593365718,-0.995564773518191,8.31944865997313E-14));
#10101=DIRECTION('',(0.,0.,-1.));
#10102=DIRECTION('center_axis',(0.,0.,-1.));
#10103=DIRECTION('ref_axis',(1.,0.,0.));
#10104=DIRECTION('center_axis',(0.,0.,-1.));
#10105=DIRECTION('ref_axis',(-1.,0.,0.));
#10106=DIRECTION('',(0.707106781186545,0.70710678118655,0.));
#10107=DIRECTION('center_axis',(0.,0.,-1.));
#10108=DIRECTION('ref_axis',(-0.707106781186546,0.707106781186549,0.));
#10109=DIRECTION('',(1.,0.,-7.38195423097278E-47));
#10110=DIRECTION('center_axis',(0.,0.,-1.));
#10111=DIRECTION('ref_axis',(-2.66453525910038E-15,1.,0.));
#10112=DIRECTION('',(0.707106781186541,-0.707106781186554,0.));
#10113=DIRECTION('center_axis',(0.,0.,-1.));
#10114=DIRECTION('ref_axis',(0.707106781186551,0.707106781186544,0.));
#10115=DIRECTION('',(0.,-1.,0.));
#10116=DIRECTION('center_axis',(0.,0.,-1.));
#10117=DIRECTION('ref_axis',(1.,0.,0.));
#10118=DIRECTION('',(-0.707106781186551,-0.707106781186544,0.));
#10119=DIRECTION('center_axis',(4.64469209339233E-47,4.64469209339242E-47,
-1.));
#10120=DIRECTION('ref_axis',(0.707106781186554,-0.707106781186541,0.));
#10121=DIRECTION('',(0.464949010987118,0.885337459493328,-3.51298338035088E-14));
#10122=DIRECTION('center_axis',(0.,0.,-1.));
#10123=DIRECTION('ref_axis',(1.,0.,0.));
#10124=DIRECTION('',(-0.707106781186551,-0.707106781186544,0.));
#10125=DIRECTION('center_axis',(4.64469209339233E-47,4.64469209339242E-47,
-1.));
#10126=DIRECTION('ref_axis',(0.707106781186554,-0.707106781186541,0.));
#10127=DIRECTION('',(-0.466717777430526,-0.884406307208576,1.12297235378856E-14));
#10128=DIRECTION('center_axis',(0.,0.,-1.));
#10129=DIRECTION('ref_axis',(1.,0.,0.));
#10130=DIRECTION('',(-0.707106781186551,-0.707106781186544,0.));
#10131=DIRECTION('center_axis',(4.64469209339233E-47,4.64469209339242E-47,
-1.));
#10132=DIRECTION('ref_axis',(0.707106781186554,-0.707106781186541,0.));
#10133=DIRECTION('',(-1.,0.,0.));
#10134=DIRECTION('center_axis',(0.,0.,-1.));
#10135=DIRECTION('ref_axis',(3.5527136788005E-15,-1.,0.));
#10136=DIRECTION('',(-0.70710678118655,0.707106781186545,0.));
#10137=DIRECTION('center_axis',(0.,0.,-1.));
#10138=DIRECTION('ref_axis',(-0.707106781186545,-0.70710678118655,0.));
#10139=DIRECTION('',(0.,1.,7.38195423097278E-47));
#10140=DIRECTION('center_axis',(0.,0.,-1.));
#10141=DIRECTION('ref_axis',(-1.,0.,0.));
#10142=DIRECTION('',(0.707106781186545,0.70710678118655,0.));
#10143=DIRECTION('center_axis',(0.,0.,-1.));
#10144=DIRECTION('ref_axis',(-0.707106781186546,0.707106781186549,0.));
#10145=DIRECTION('',(0.,-1.,0.));
#10146=DIRECTION('center_axis',(-1.,0.,-2.66513508877219E-8));
#10147=DIRECTION('ref_axis',(2.66513508877219E-8,0.,-1.));
#10148=DIRECTION('',(0.,-1.,0.));
#10149=DIRECTION('center_axis',(-5.57901047726488E-17,0.,1.));
#10150=DIRECTION('ref_axis',(-1.,0.,-5.57901047726488E-17));
#10151=DIRECTION('',(-1.,1.48805946070939E-31,-5.57901047726488E-17));
#10152=DIRECTION('',(-0.707106781186546,-0.707106781186549,-3.94495614078479E-17));
#10153=DIRECTION('center_axis',(-5.57901047726488E-17,0.,1.));
#10154=DIRECTION('ref_axis',(-0.707106781186546,0.707106781186549,1.10240534333116E-15));
#10155=DIRECTION('center_axis',(-1.,0.,5.46571335200076E-14));
#10156=DIRECTION('ref_axis',(-5.46571335200076E-14,0.,-1.));
#10157=DIRECTION('',(0.,0.,-1.));
#10158=DIRECTION('',(0.,-1.,0.));
#10159=DIRECTION('center_axis',(0.,-1.,0.));
#10160=DIRECTION('ref_axis',(1.,0.,0.));
#10161=DIRECTION('',(-6.31088724176809E-30,0.,1.));
#10162=DIRECTION('',(1.,0.,6.31088724176809E-30));
#10163=DIRECTION('',(5.19909318848853E-14,0.,1.));
#10164=DIRECTION('',(-1.,0.,5.2735593669695E-14));
#10165=DIRECTION('',(5.92118946466751E-14,0.,1.));
#10166=DIRECTION('',(1.,0.,-5.92118946466756E-14));
#10167=DIRECTION('',(-5.46571335200076E-14,0.,-1.));
#10168=DIRECTION('',(1.,0.,-5.07530525542928E-14));
#10169=DIRECTION('',(5.92118946466751E-14,0.,1.));
#10170=DIRECTION('',(1.,0.,-5.92118946466756E-14));
#10171=DIRECTION('',(6.31088724176809E-30,0.,-1.));
#10172=DIRECTION('',(-1.,0.,5.9211894646677E-14));
#10173=DIRECTION('',(4.44089209850062E-14,0.,1.));
#10174=DIRECTION('',(-1.,0.,5.07530525542924E-14));
#10175=DIRECTION('center_axis',(0.,-1.,0.));
#10176=DIRECTION('ref_axis',(1.,0.,0.));
#10177=DIRECTION('',(5.5922344944082E-14,0.,1.));
#10178=DIRECTION('',(1.,0.,-5.27355936696949E-14));
#10179=DIRECTION('',(5.19909318848853E-14,0.,1.));
#10180=DIRECTION('',(-1.,0.,5.27355936696949E-14));
#10181=DIRECTION('',(5.92118946466751E-14,0.,1.));
#10182=DIRECTION('',(1.,0.,-5.92118946466756E-14));
#10183=DIRECTION('',(-5.46571335200076E-14,0.,-1.));
#10184=DIRECTION('',(1.,0.,-5.07530525542927E-14));
#10185=DIRECTION('',(5.92118946466751E-14,0.,1.));
#10186=DIRECTION('',(1.,0.,-5.92118946466756E-14));
#10187=DIRECTION('',(-5.39575968281987E-14,0.,-1.));
#10188=DIRECTION('',(-1.,0.,5.9211894646677E-14));
#10189=DIRECTION('',(4.44089209850062E-14,0.,1.));
#10190=DIRECTION('',(-1.,0.,5.07530525542925E-14));
#10191=DIRECTION('',(-5.46571335200076E-14,0.,-1.));
#10192=DIRECTION('',(-1.,0.,5.92118946466756E-14));
#10193=DIRECTION('center_axis',(0.,-1.,0.));
#10194=DIRECTION('ref_axis',(1.,0.,0.));
#10195=DIRECTION('',(-1.,0.,5.07530525542924E-14));
#10196=DIRECTION('',(-5.46571335200076E-14,0.,-1.));
#10197=DIRECTION('',(-1.,0.,-6.31088724176809E-30));
#10198=DIRECTION('',(-6.31088724176809E-30,0.,1.));
#10199=DIRECTION('',(1.,0.,6.31088724176809E-30));
#10200=DIRECTION('',(5.19909318848853E-14,0.,1.));
#10201=DIRECTION('',(-1.,0.,5.2735593669695E-14));
#10202=DIRECTION('',(5.92118946466751E-14,0.,1.));
#10203=DIRECTION('',(1.,0.,-5.92118946466756E-14));
#10204=DIRECTION('',(-5.46571335200076E-14,0.,-1.));
#10205=DIRECTION('',(1.,0.,-5.07530525542928E-14));
#10206=DIRECTION('',(5.92118946466751E-14,0.,1.));
#10207=DIRECTION('',(1.,0.,-5.92118946466756E-14));
#10208=DIRECTION('',(-5.39575968281987E-14,0.,-1.));
#10209=DIRECTION('',(-1.,0.,5.9211894646677E-14));
#10210=DIRECTION('',(4.44089209850062E-14,0.,1.));
#10211=DIRECTION('center_axis',(5.07530525542924E-14,0.,1.));
#10212=DIRECTION('ref_axis',(-1.,0.,5.07530525542924E-14));
#10213=DIRECTION('',(0.,1.,0.));
#10214=DIRECTION('',(0.,-1.,0.));
#10215=DIRECTION('center_axis',(1.,0.,-4.44089209850062E-14));
#10216=DIRECTION('ref_axis',(4.44089209850062E-14,0.,1.));
#10217=DIRECTION('',(0.,-1.,0.));
#10218=DIRECTION('center_axis',(5.9211894646677E-14,0.,1.));
#10219=DIRECTION('ref_axis',(-1.,0.,5.9211894646677E-14));
#10220=DIRECTION('',(0.,-1.,0.));
#10221=DIRECTION('center_axis',(-1.,0.,5.39575968281987E-14));
#10222=DIRECTION('ref_axis',(-5.39575968281987E-14,0.,-1.));
#10223=DIRECTION('',(0.,-1.,0.));
#10224=DIRECTION('center_axis',(-5.92118946466756E-14,0.,-1.));
#10225=DIRECTION('ref_axis',(1.,0.,-5.92118946466756E-14));
#10226=DIRECTION('',(0.,-1.,0.));
#10227=DIRECTION('center_axis',(1.,0.,-5.92118946466751E-14));
#10228=DIRECTION('ref_axis',(5.92118946466751E-14,0.,1.));
#10229=DIRECTION('',(0.,-1.,0.));
#10230=DIRECTION('center_axis',(-5.07530525542927E-14,0.,-1.));
#10231=DIRECTION('ref_axis',(1.,0.,-5.07530525542928E-14));
#10232=DIRECTION('',(0.,-1.,0.));
#10233=DIRECTION('center_axis',(-1.,0.,5.46571335200076E-14));
#10234=DIRECTION('ref_axis',(-5.46571335200076E-14,0.,-1.));
#10235=DIRECTION('',(0.,-1.,0.));
#10236=DIRECTION('center_axis',(-5.92118946466756E-14,0.,-1.));
#10237=DIRECTION('ref_axis',(1.,0.,-5.92118946466756E-14));
#10238=DIRECTION('',(0.,-1.,0.));
#10239=DIRECTION('center_axis',(1.,0.,-5.92118946466751E-14));
#10240=DIRECTION('ref_axis',(5.92118946466751E-14,0.,1.));
#10241=DIRECTION('',(0.,-1.,0.));
#10242=DIRECTION('center_axis',(5.2735593669695E-14,0.,1.));
#10243=DIRECTION('ref_axis',(-1.,0.,5.2735593669695E-14));
#10244=DIRECTION('',(0.,-1.,0.));
#10245=DIRECTION('center_axis',(1.,0.,-5.19909318848853E-14));
#10246=DIRECTION('ref_axis',(5.19909318848853E-14,0.,1.));
#10247=DIRECTION('',(0.,-1.,0.));
#10248=DIRECTION('center_axis',(6.31088724176809E-30,0.,-1.));
#10249=DIRECTION('ref_axis',(1.,0.,6.31088724176809E-30));
#10250=DIRECTION('',(0.,-1.,0.));
#10251=DIRECTION('center_axis',(1.,0.,6.31088724176809E-30));
#10252=DIRECTION('ref_axis',(-6.31088724176809E-30,0.,1.));
#10253=DIRECTION('',(0.,-1.,0.));
#10254=DIRECTION('center_axis',(-6.31088724176809E-30,0.,1.));
#10255=DIRECTION('ref_axis',(-1.,0.,-6.31088724176809E-30));
#10256=DIRECTION('',(0.,-1.,0.));
#10257=DIRECTION('center_axis',(-1.,0.,5.46571335200076E-14));
#10258=DIRECTION('ref_axis',(-5.46571335200076E-14,0.,-1.));
#10259=DIRECTION('center_axis',(-6.31088724176809E-30,0.,1.));
#10260=DIRECTION('ref_axis',(-1.,0.,-6.31088724176809E-30));
#10261=DIRECTION('center_axis',(1.,0.,-5.5922344944082E-14));
#10262=DIRECTION('ref_axis',(5.5922344944082E-14,0.,1.));
#10263=DIRECTION('',(0.,1.,0.));
#10264=DIRECTION('',(0.,-1.,0.));
#10265=DIRECTION('center_axis',(5.92118946466756E-14,0.,1.));
#10266=DIRECTION('ref_axis',(-1.,0.,5.92118946466756E-14));
#10267=DIRECTION('',(0.,-1.,0.));
#10268=DIRECTION('center_axis',(-1.,0.,5.46571335200076E-14));
#10269=DIRECTION('ref_axis',(-5.46571335200076E-14,0.,-1.));
#10270=DIRECTION('',(0.,-1.,0.));
#10271=DIRECTION('center_axis',(5.07530525542925E-14,0.,1.));
#10272=DIRECTION('ref_axis',(-1.,0.,5.07530525542925E-14));
#10273=DIRECTION('',(0.,-1.,0.));
#10274=DIRECTION('center_axis',(1.,0.,-4.44089209850062E-14));
#10275=DIRECTION('ref_axis',(4.44089209850062E-14,0.,1.));
#10276=DIRECTION('',(0.,-1.,0.));
#10277=DIRECTION('center_axis',(5.9211894646677E-14,0.,1.));
#10278=DIRECTION('ref_axis',(-1.,0.,5.9211894646677E-14));
#10279=DIRECTION('',(0.,-1.,0.));
#10280=DIRECTION('center_axis',(-1.,0.,5.39575968281987E-14));
#10281=DIRECTION('ref_axis',(-5.39575968281987E-14,0.,-1.));
#10282=DIRECTION('',(0.,-1.,0.));
#10283=DIRECTION('center_axis',(-5.92118946466756E-14,0.,-1.));
#10284=DIRECTION('ref_axis',(1.,0.,-5.92118946466756E-14));
#10285=DIRECTION('',(0.,-1.,0.));
#10286=DIRECTION('center_axis',(1.,0.,-5.92118946466751E-14));
#10287=DIRECTION('ref_axis',(5.92118946466751E-14,0.,1.));
#10288=DIRECTION('',(0.,-1.,0.));
#10289=DIRECTION('center_axis',(-5.07530525542927E-14,0.,-1.));
#10290=DIRECTION('ref_axis',(1.,0.,-5.07530525542927E-14));
#10291=DIRECTION('',(0.,-1.,0.));
#10292=DIRECTION('center_axis',(-1.,0.,5.46571335200076E-14));
#10293=DIRECTION('ref_axis',(-5.46571335200076E-14,0.,-1.));
#10294=DIRECTION('',(0.,-1.,0.));
#10295=DIRECTION('center_axis',(-5.92118946466756E-14,0.,-1.));
#10296=DIRECTION('ref_axis',(1.,0.,-5.92118946466756E-14));
#10297=DIRECTION('',(0.,-1.,0.));
#10298=DIRECTION('center_axis',(1.,0.,-5.92118946466751E-14));
#10299=DIRECTION('ref_axis',(5.92118946466751E-14,0.,1.));
#10300=DIRECTION('',(0.,-1.,0.));
#10301=DIRECTION('center_axis',(5.27355936696949E-14,0.,1.));
#10302=DIRECTION('ref_axis',(-1.,0.,5.27355936696949E-14));
#10303=DIRECTION('',(0.,-1.,0.));
#10304=DIRECTION('center_axis',(1.,0.,-5.19909318848853E-14));
#10305=DIRECTION('ref_axis',(5.19909318848853E-14,0.,1.));
#10306=DIRECTION('',(0.,-1.,0.));
#10307=DIRECTION('center_axis',(-5.27355936696949E-14,0.,-1.));
#10308=DIRECTION('ref_axis',(1.,0.,-5.27355936696949E-14));
#10309=DIRECTION('center_axis',(5.07530525542924E-14,0.,1.));
#10310=DIRECTION('ref_axis',(-1.,0.,5.07530525542924E-14));
#10311=DIRECTION('',(0.,-1.,0.));
#10312=DIRECTION('center_axis',(1.,0.,-4.44089209850062E-14));
#10313=DIRECTION('ref_axis',(4.44089209850062E-14,0.,1.));
#10314=DIRECTION('',(0.,-1.,0.));
#10315=DIRECTION('center_axis',(5.9211894646677E-14,0.,1.));
#10316=DIRECTION('ref_axis',(-1.,0.,5.9211894646677E-14));
#10317=DIRECTION('',(0.,-1.,0.));
#10318=DIRECTION('center_axis',(-1.,0.,-6.31088724176809E-30));
#10319=DIRECTION('ref_axis',(6.31088724176809E-30,0.,-1.));
#10320=DIRECTION('',(0.,-1.,0.));
#10321=DIRECTION('center_axis',(-5.92118946466756E-14,0.,-1.));
#10322=DIRECTION('ref_axis',(1.,0.,-5.92118946466756E-14));
#10323=DIRECTION('',(0.,-1.,0.));
#10324=DIRECTION('center_axis',(1.,0.,-5.92118946466751E-14));
#10325=DIRECTION('ref_axis',(5.92118946466751E-14,0.,1.));
#10326=DIRECTION('',(0.,-1.,0.));
#10327=DIRECTION('center_axis',(-5.07530525542927E-14,0.,-1.));
#10328=DIRECTION('ref_axis',(1.,0.,-5.07530525542928E-14));
#10329=DIRECTION('',(0.,-1.,0.));
#10330=DIRECTION('center_axis',(-1.,0.,5.46571335200076E-14));
#10331=DIRECTION('ref_axis',(-5.46571335200076E-14,0.,-1.));
#10332=DIRECTION('',(0.,-1.,0.));
#10333=DIRECTION('center_axis',(-5.92118946466756E-14,0.,-1.));
#10334=DIRECTION('ref_axis',(1.,0.,-5.92118946466756E-14));
#10335=DIRECTION('',(0.,-1.,0.));
#10336=DIRECTION('center_axis',(1.,0.,-5.92118946466751E-14));
#10337=DIRECTION('ref_axis',(5.92118946466751E-14,0.,1.));
#10338=DIRECTION('',(0.,-1.,0.));
#10339=DIRECTION('center_axis',(5.2735593669695E-14,0.,1.));
#10340=DIRECTION('ref_axis',(-1.,0.,5.2735593669695E-14));
#10341=DIRECTION('',(0.,-1.,0.));
#10342=DIRECTION('center_axis',(1.,0.,-5.19909318848853E-14));
#10343=DIRECTION('ref_axis',(5.19909318848853E-14,0.,1.));
#10344=DIRECTION('',(0.,-1.,0.));
#10345=DIRECTION('center_axis',(6.31088724176809E-30,0.,-1.));
#10346=DIRECTION('ref_axis',(1.,0.,6.31088724176809E-30));
#10347=DIRECTION('',(0.,-1.,0.));
#10348=DIRECTION('center_axis',(1.,0.,6.31088724176809E-30));
#10349=DIRECTION('ref_axis',(-6.31088724176809E-30,0.,1.));
#10350=DIRECTION('center_axis',(-6.31088724176809E-30,0.,1.));
#10351=DIRECTION('ref_axis',(-1.,0.,-6.31088724176809E-30));
#10352=DIRECTION('',(0.,-1.,0.));
#10353=DIRECTION('center_axis',(0.659599082457556,0.,0.75161762247911));
#10354=DIRECTION('ref_axis',(-0.75161762247911,0.,0.659599082457556));
#10355=DIRECTION('center_axis',(6.4462853148598E-32,1.,1.51179305480872E-15));
#10356=DIRECTION('ref_axis',(-1.,-1.75565294613214E-34,4.27561287159038E-17));
#10357=DIRECTION('',(0.,0.,-1.));
#10358=DIRECTION('',(-1.,-1.75565294613214E-34,4.27561287159038E-17));
#10359=DIRECTION('',(0.,0.,-1.));
#10360=DIRECTION('',(-1.,6.4462853148598E-32,-5.25079280827183E-45));
#10361=DIRECTION('center_axis',(4.72435329627726E-17,-1.51179305480872E-15,
1.));
#10362=DIRECTION('ref_axis',(-0.707106781186546,0.707106781186549,1.10240534333116E-15));
#10363=DIRECTION('',(0.,0.,-1.));
#10364=DIRECTION('center_axis',(4.27561287159038E-17,-1.58147987664997E-15,
1.));
#10365=DIRECTION('ref_axis',(-0.707106781186546,0.707106781186549,1.14850829364156E-15));
#10366=DIRECTION('center_axis',(-0.707106781186549,0.707106781186546,1.10240534333116E-15));
#10367=DIRECTION('ref_axis',(-0.707106781186546,-0.707106781186549,-1.08804199653696E-15));
#10368=DIRECTION('',(0.,0.,-1.));
#10369=DIRECTION('',(-0.707106781186546,-0.707106781186549,-1.08804199653696E-15));
#10370=DIRECTION('',(0.,-1.,0.));
#10371=DIRECTION('',(0.46483814782261,0.885126358254057,-0.0218363516356428));
#10372=DIRECTION('center_axis',(0.885337459493328,-0.464949010987119,0.));
#10373=DIRECTION('ref_axis',(0.,0.,-1.));
#10374=DIRECTION('',(0.,0.,-1.));
#10375=DIRECTION('',(0.,0.,-1.));
#10376=DIRECTION('center_axis',(4.72435329627726E-17,-1.51179305480872E-15,
1.));
#10377=DIRECTION('ref_axis',(-2.66453525910038E-15,1.,1.51179305480872E-15));
#10378=DIRECTION('',(0.,0.,-1.));
#10379=DIRECTION('center_axis',(-4.27561287159038E-17,1.58147987664997E-15,
-1.));
#10380=DIRECTION('ref_axis',(-2.66453525910038E-15,1.,1.51179305480872E-15));
#10381=DIRECTION('center_axis',(4.27561287159038E-17,-1.58147987664997E-15,
1.));
#10382=DIRECTION('ref_axis',(-2.66453525910038E-15,1.,1.58147987664997E-15));
#10383=DIRECTION('',(0.,0.,-1.));
#10384=DIRECTION('center_axis',(1.,-4.51165939331087E-16,-4.72435329627733E-17));
#10385=DIRECTION('ref_axis',(4.51165939331087E-16,1.,1.58147987664997E-15));
#10386=DIRECTION('',(4.72435329627726E-17,-1.51179305480872E-15,1.));
#10387=DIRECTION('',(4.51165939331087E-16,1.,1.58147987664997E-15));
#10388=DIRECTION('',(0.,0.,-1.));
#10389=DIRECTION('center_axis',(0.884406307208576,-0.466717777430526,0.));
#10390=DIRECTION('ref_axis',(0.,0.,-1.));
#10391=DIRECTION('',(0.,0.,-1.));
#10392=DIRECTION('',(0.,0.,-1.));
#10393=DIRECTION('center_axis',(-6.44628531485979E-32,-1.,-1.51179305480872E-15));
#10394=DIRECTION('ref_axis',(1.,1.75565294613226E-34,-4.27561287159038E-17));
#10395=DIRECTION('',(4.72435329627726E-17,-1.51179305480872E-15,1.));
#10396=DIRECTION('',(1.,1.75565294613226E-34,-4.27561287159038E-17));
#10397=DIRECTION('',(4.72435329627726E-17,-1.51179305480872E-15,1.));
#10398=DIRECTION('',(-1.,-1.75565294613226E-34,4.27561287159038E-17));
#10399=DIRECTION('center_axis',(1.,-4.51165939331087E-16,-4.72435329627733E-17));
#10400=DIRECTION('ref_axis',(4.51165939331087E-16,1.,1.58147987664997E-15));
#10401=DIRECTION('',(0.,0.,-1.));
#10402=DIRECTION('',(-1.35349781799326E-15,1.,1.58147987664997E-15));
#10403=DIRECTION('center_axis',(1.,-4.51165939331087E-16,-4.72435329627733E-17));
#10404=DIRECTION('ref_axis',(4.51165939331087E-16,1.,1.58147987664997E-15));
#10405=DIRECTION('',(4.72435329627726E-17,-1.51179305480872E-15,1.));
#10406=DIRECTION('',(4.51165939331087E-16,1.,1.58147987664997E-15));
#10407=DIRECTION('',(0.,0.,-1.));
#10408=DIRECTION('center_axis',(4.72435329627726E-17,-1.51179305480872E-15,
1.));
#10409=DIRECTION('ref_axis',(0.707106781186551,0.707106781186544,1.03559289828078E-15));
#10410=DIRECTION('',(0.,0.,-1.));
#10411=DIRECTION('center_axis',(4.27561287159038E-17,-1.58147987664997E-15,
1.));
#10412=DIRECTION('ref_axis',(0.707106781186551,0.707106781186544,1.08804199653695E-15));
#10413=DIRECTION('center_axis',(0.707106781186556,0.707106781186539,1.03559289828077E-15));
#10414=DIRECTION('ref_axis',(-0.707106781186539,0.707106781186556,1.14850829364157E-15));
#10415=DIRECTION('',(0.,0.,-1.));
#10416=DIRECTION('',(-0.707106781186539,0.707106781186556,1.14850829364157E-15));
#10417=DIRECTION('center_axis',(4.72435329627726E-17,-1.51179305480872E-15,
1.));
#10418=DIRECTION('ref_axis',(-2.66453525910038E-15,1.,1.51179305480872E-15));
#10419=DIRECTION('',(0.,0.,-1.));
#10420=DIRECTION('center_axis',(-4.27561287159038E-17,1.58147987664997E-15,
-1.));
#10421=DIRECTION('ref_axis',(-2.66453525910038E-15,1.,1.51179305480872E-15));
#10422=DIRECTION('',(0.,0.,-1.));
#10423=DIRECTION('center_axis',(4.27561287159038E-17,-1.58147987664997E-15,
1.));
#10424=DIRECTION('ref_axis',(-2.66453525910038E-15,1.,1.58147987664997E-15));
#10425=DIRECTION('center_axis',(-6.4462853148598E-32,-1.,-1.51179305480872E-15));
#10426=DIRECTION('ref_axis',(1.,1.75565294613192E-34,-4.27561287159038E-17));
#10427=DIRECTION('',(0.,0.,-1.));
#10428=DIRECTION('',(1.,1.75565294613192E-34,-4.27561287159038E-17));
#10429=DIRECTION('center_axis',(6.44628531485979E-32,1.,1.51179305480872E-15));
#10430=DIRECTION('ref_axis',(-1.,-1.75565294613211E-34,4.27561287159038E-17));
#10431=DIRECTION('',(-1.,-1.75565294613211E-34,4.27561287159038E-17));
#10432=DIRECTION('',(4.72435329627726E-17,-1.51179305480872E-15,1.));
#10433=DIRECTION('',(-1.,-1.75565294613211E-34,4.27561287159038E-17));
#10434=DIRECTION('',(4.72435329627726E-17,-1.51179305480872E-15,1.));
#10435=DIRECTION('center_axis',(-0.884406307208574,0.466717777430529,0.));
#10436=DIRECTION('ref_axis',(0.,0.,1.));
#10437=DIRECTION('',(0.466717777430529,0.884406307208574,-5.1235613641603E-14));
#10438=DIRECTION('',(0.,0.,-1.));
#10439=DIRECTION('center_axis',(6.44628531485979E-32,1.,1.51179305480872E-15));
#10440=DIRECTION('ref_axis',(-1.,-1.75565294613211E-34,4.27561287159038E-17));
#10441=DIRECTION('',(4.72435329627726E-17,-1.51179305480872E-15,1.));
#10442=DIRECTION('',(-1.,-1.75565294613211E-34,4.27561287159038E-17));
#10443=DIRECTION('',(4.72435329627726E-17,-1.51179305480872E-15,1.));
#10444=DIRECTION('',(-1.,-1.75565294613211E-34,4.27561287159038E-17));
#10445=DIRECTION('center_axis',(6.4462853148598E-32,1.,1.51179305480872E-15));
#10446=DIRECTION('ref_axis',(-1.,-1.75565294613214E-34,4.27561287159038E-17));
#10447=DIRECTION('',(-1.,6.4462853148598E-32,-3.71255115698042E-45));
#10448=DIRECTION('',(0.,0.,-1.));
#10449=DIRECTION('',(-1.,-1.75565294613214E-34,4.27561287159038E-17));
#10450=DIRECTION('center_axis',(0.,0.,-1.));
#10451=DIRECTION('ref_axis',(1.,0.,0.));
#10452=DIRECTION('',(-1.,-1.75565294613226E-34,4.27561287159038E-17));
#10453=DIRECTION('',(5.75127913735406E-16,-1.,-1.58147987664997E-15));
#10454=DIRECTION('center_axis',(-4.27561287159038E-17,1.58147987664997E-15,
-1.));
#10455=DIRECTION('ref_axis',(0.707106781186551,0.707106781186544,1.08804199653695E-15));
#10456=DIRECTION('',(0.70710678118654,-0.707106781186555,-1.14850829364157E-15));
#10457=DIRECTION('center_axis',(-4.27561287159038E-17,1.58147987664997E-15,
-1.));
#10458=DIRECTION('ref_axis',(-6.05576195250069E-15,1.,1.58147987664997E-15));
#10459=DIRECTION('',(1.,2.19688814823756E-15,-4.27561287159003E-17));
#10460=DIRECTION('center_axis',(-4.27561287159038E-17,1.58147987664997E-15,
-1.));
#10461=DIRECTION('ref_axis',(-0.707106781186554,0.707106781186541,1.14850829364155E-15));
#10462=DIRECTION('',(0.70710678118655,0.707106781186545,1.08804199653695E-15));
#10463=DIRECTION('center_axis',(-4.27561287159038E-17,1.58147987664997E-15,
-1.));
#10464=DIRECTION('ref_axis',(-1.,-1.75565294613226E-34,4.27561287159038E-17));
#10465=DIRECTION('',(6.74423918730445E-32,1.,1.58147987664997E-15));
#10466=DIRECTION('center_axis',(-4.27561287159038E-17,1.58147987664997E-15,
-1.));
#10467=DIRECTION('ref_axis',(-0.707106781186552,-0.707106781186543,-1.08804199653695E-15));
#10468=DIRECTION('',(-0.707106781186542,0.707106781186553,1.14850829364157E-15));
#10469=DIRECTION('center_axis',(-4.27561287159038E-17,1.58147987664997E-15,
-1.));
#10470=DIRECTION('ref_axis',(8.07434927000092E-15,-1.,-1.58147987664997E-15));
#10471=DIRECTION('',(-1.,-1.75565294613211E-34,4.27561287159038E-17));
#10472=DIRECTION('center_axis',(-4.27561287159038E-17,1.58147987664997E-15,
-1.));
#10473=DIRECTION('ref_axis',(0.707106781186557,-0.707106781186538,-1.14850829364154E-15));
#10474=DIRECTION('',(-0.707106781186548,-0.707106781186547,-1.08804199653696E-15));
#10475=DIRECTION('center_axis',(-4.27561287159038E-17,1.58147987664997E-15,
-1.));
#10476=DIRECTION('ref_axis',(1.,1.75565294613226E-34,-4.27561287159038E-17));
#10477=DIRECTION('',(-5.75127913735406E-16,-1.,-1.58147987664997E-15));
#10478=DIRECTION('center_axis',(4.72435329627726E-17,-1.51179305480872E-15,
1.));
#10479=DIRECTION('ref_axis',(1.,6.95959186914871E-33,-4.72435329627726E-17));
#10480=DIRECTION('center_axis',(4.27561287159038E-17,-1.58147987664997E-15,
1.));
#10481=DIRECTION('ref_axis',(1.,1.75565294613226E-34,-4.27561287159038E-17));
#10482=DIRECTION('',(0.,0.,-1.));
#10483=DIRECTION('center_axis',(0.707106781186543,-0.707106781186552,-1.10240534333117E-15));
#10484=DIRECTION('ref_axis',(0.707106781186552,0.707106781186543,1.08804199653695E-15));
#10485=DIRECTION('',(0.707106781186552,0.707106781186543,1.08804199653695E-15));
#10486=DIRECTION('',(0.,0.,-1.));
#10487=DIRECTION('center_axis',(4.72435329627726E-17,-1.51179305480872E-15,
1.));
#10488=DIRECTION('ref_axis',(0.707106781186554,-0.707106781186541,-1.10240534333115E-15));
#10489=DIRECTION('center_axis',(4.27561287159038E-17,-1.58147987664997E-15,
1.));
#10490=DIRECTION('ref_axis',(0.707106781186554,-0.707106781186541,-1.14850829364155E-15));
#10491=DIRECTION('',(0.,0.,-1.));
#10492=DIRECTION('center_axis',(-6.4462853148598E-32,-1.,-1.51179305480872E-15));
#10493=DIRECTION('ref_axis',(1.,1.75565294613192E-34,-4.27561287159038E-17));
#10494=DIRECTION('',(1.,1.75565294613192E-34,-4.27561287159038E-17));
#10495=DIRECTION('',(0.,0.,-1.));
#10496=DIRECTION('center_axis',(4.72435329627726E-17,-1.51179305480872E-15,
1.));
#10497=DIRECTION('ref_axis',(3.5527136788005E-15,-1.,-1.51179305480872E-15));
#10498=DIRECTION('center_axis',(4.27561287159038E-17,-1.58147987664997E-15,
1.));
#10499=DIRECTION('ref_axis',(3.5527136788005E-15,-1.,-1.58147987664997E-15));
#10500=DIRECTION('',(0.,0.,-1.));
#10501=DIRECTION('center_axis',(-0.707106781186546,-0.707106781186549,-1.03559289828079E-15));
#10502=DIRECTION('ref_axis',(0.707106781186549,-0.707106781186546,-1.14850829364156E-15));
#10503=DIRECTION('',(0.707106781186549,-0.707106781186546,-1.14850829364156E-15));
#10504=DIRECTION('',(0.,0.,-1.));
#10505=DIRECTION('center_axis',(4.72435329627726E-17,-1.51179305480872E-15,
1.));
#10506=DIRECTION('ref_axis',(-0.707106781186545,-0.70710678118655,-1.03559289828079E-15));
#10507=DIRECTION('center_axis',(4.27561287159038E-17,-1.58147987664997E-15,
1.));
#10508=DIRECTION('ref_axis',(-0.707106781186545,-0.70710678118655,-1.08804199653696E-15));
#10509=DIRECTION('',(0.,0.,-1.));
#10510=DIRECTION('center_axis',(-1.,-7.27230480942991E-33,4.72435329627726E-17));
#10511=DIRECTION('ref_axis',(-6.74423918730445E-32,-1.,-1.58147987664997E-15));
#10512=DIRECTION('',(-6.74423918730445E-32,-1.,-1.58147987664997E-15));
#10513=DIRECTION('',(0.,0.,-1.));
#10514=DIRECTION('center_axis',(4.72435329627726E-17,-1.51179305480872E-15,
1.));
#10515=DIRECTION('ref_axis',(-1.,-6.95959186914871E-33,4.72435329627726E-17));
#10516=DIRECTION('center_axis',(4.27561287159038E-17,-1.58147987664997E-15,
1.));
#10517=DIRECTION('ref_axis',(-1.,-1.75565294613226E-34,4.27561287159038E-17));
#10518=DIRECTION('',(0.,0.,-1.));
#10519=DIRECTION('center_axis',(-0.707106781186549,0.707106781186546,1.10240534333116E-15));
#10520=DIRECTION('ref_axis',(-0.707106781186546,-0.707106781186549,-1.08804199653696E-15));
#10521=DIRECTION('',(-0.707106781186546,-0.707106781186549,-1.08804199653696E-15));
#10522=DIRECTION('',(0.,0.,-1.));
#10523=DIRECTION('center_axis',(4.72435329627726E-17,-1.51179305480872E-15,
1.));
#10524=DIRECTION('ref_axis',(-0.707106781186546,0.707106781186549,1.10240534333116E-15));
#10525=DIRECTION('center_axis',(4.27561287159038E-17,-1.58147987664997E-15,
1.));
#10526=DIRECTION('ref_axis',(-0.707106781186546,0.707106781186549,1.14850829364156E-15));
#10527=DIRECTION('center_axis',(-1.,-5.75127913735406E-16,4.72435329627718E-17));
#10528=DIRECTION('ref_axis',(5.75127913735406E-16,-1.,-1.58147987664997E-15));
#10529=DIRECTION('',(5.75127913735406E-16,-1.,-1.58147987664997E-15));
#10530=DIRECTION('',(4.72435329627726E-17,-1.51179305480872E-15,1.));
#10531=DIRECTION('center_axis',(4.72435329627726E-17,-1.51179305480872E-15,
1.));
#10532=DIRECTION('ref_axis',(0.707106781186551,0.707106781186544,1.03559289828078E-15));
#10533=DIRECTION('center_axis',(-4.27561287159038E-17,1.58147987664997E-15,
-1.));
#10534=DIRECTION('ref_axis',(0.707106781186551,0.707106781186544,1.08804199653695E-15));
#10535=DIRECTION('',(4.72435329627726E-17,-1.51179305480872E-15,1.));
#10536=DIRECTION('center_axis',(-0.707106781186555,-0.70710678118654,-1.03559289828078E-15));
#10537=DIRECTION('ref_axis',(0.70710678118654,-0.707106781186555,-1.14850829364157E-15));
#10538=DIRECTION('',(0.70710678118654,-0.707106781186555,-1.14850829364157E-15));
#10539=DIRECTION('',(4.72435329627726E-17,-1.51179305480872E-15,1.));
#10540=DIRECTION('center_axis',(4.72435329627726E-17,-1.51179305480872E-15,
1.));
#10541=DIRECTION('ref_axis',(-6.05576195250069E-15,1.,1.51179305480872E-15));
#10542=DIRECTION('center_axis',(-4.27561287159038E-17,1.58147987664997E-15,
-1.));
#10543=DIRECTION('ref_axis',(-6.05576195250069E-15,1.,1.58147987664997E-15));
#10544=DIRECTION('',(4.72435329627726E-17,-1.51179305480872E-15,1.));
#10545=DIRECTION('center_axis',(2.19688814823756E-15,-1.,-1.51179305480872E-15));
#10546=DIRECTION('ref_axis',(1.,2.19688814823756E-15,-4.27561287159003E-17));
#10547=DIRECTION('',(1.,2.19688814823756E-15,-4.27561287159003E-17));
#10548=DIRECTION('',(4.72435329627726E-17,-1.51179305480872E-15,1.));
#10549=DIRECTION('center_axis',(4.72435329627726E-17,-1.51179305480872E-15,
1.));
#10550=DIRECTION('ref_axis',(-0.707106781186554,0.707106781186541,1.10240534333115E-15));
#10551=DIRECTION('center_axis',(-4.27561287159038E-17,1.58147987664997E-15,
-1.));
#10552=DIRECTION('ref_axis',(-0.707106781186554,0.707106781186541,1.14850829364155E-15));
#10553=DIRECTION('',(4.72435329627726E-17,-1.51179305480872E-15,1.));
#10554=DIRECTION('center_axis',(0.707106781186545,-0.70710678118655,-1.10240534333116E-15));
#10555=DIRECTION('ref_axis',(0.70710678118655,0.707106781186545,1.08804199653695E-15));
#10556=DIRECTION('',(0.70710678118655,0.707106781186545,1.08804199653695E-15));
#10557=DIRECTION('',(4.72435329627726E-17,-1.51179305480872E-15,1.));
#10558=DIRECTION('center_axis',(4.72435329627726E-17,-1.51179305480872E-15,
1.));
#10559=DIRECTION('ref_axis',(-1.,-6.95959186914871E-33,4.72435329627726E-17));
#10560=DIRECTION('center_axis',(-4.27561287159038E-17,1.58147987664997E-15,
-1.));
#10561=DIRECTION('ref_axis',(-1.,-1.75565294613226E-34,4.27561287159038E-17));
#10562=DIRECTION('',(4.72435329627726E-17,-1.51179305480872E-15,1.));
#10563=DIRECTION('center_axis',(1.,7.27230480942991E-33,-4.72435329627726E-17));
#10564=DIRECTION('ref_axis',(6.74423918730445E-32,1.,1.58147987664997E-15));
#10565=DIRECTION('',(6.74423918730445E-32,1.,1.58147987664997E-15));
#10566=DIRECTION('',(4.72435329627726E-17,-1.51179305480872E-15,1.));
#10567=DIRECTION('center_axis',(4.72435329627726E-17,-1.51179305480872E-15,
1.));
#10568=DIRECTION('ref_axis',(-0.707106781186552,-0.707106781186543,-1.03559289828078E-15));
#10569=DIRECTION('center_axis',(-4.27561287159038E-17,1.58147987664997E-15,
-1.));
#10570=DIRECTION('ref_axis',(-0.707106781186552,-0.707106781186543,-1.08804199653695E-15));
#10571=DIRECTION('',(4.72435329627726E-17,-1.51179305480872E-15,1.));
#10572=DIRECTION('center_axis',(0.707106781186553,0.707106781186542,1.03559289828078E-15));
#10573=DIRECTION('ref_axis',(-0.707106781186542,0.707106781186553,1.14850829364157E-15));
#10574=DIRECTION('',(-0.707106781186542,0.707106781186553,1.14850829364157E-15));
#10575=DIRECTION('',(4.72435329627726E-17,-1.51179305480872E-15,1.));
#10576=DIRECTION('center_axis',(4.72435329627726E-17,-1.51179305480872E-15,
1.));
#10577=DIRECTION('ref_axis',(8.07434927000092E-15,-1.,-1.51179305480872E-15));
#10578=DIRECTION('center_axis',(-4.27561287159038E-17,1.58147987664997E-15,
-1.));
#10579=DIRECTION('ref_axis',(8.07434927000092E-15,-1.,-1.58147987664997E-15));
#10580=DIRECTION('',(4.72435329627726E-17,-1.51179305480872E-15,1.));
#10581=DIRECTION('center_axis',(6.44628531485979E-32,1.,1.51179305480872E-15));
#10582=DIRECTION('ref_axis',(-1.,-1.75565294613211E-34,4.27561287159038E-17));
#10583=DIRECTION('',(-1.,-1.75565294613211E-34,4.27561287159038E-17));
#10584=DIRECTION('',(4.72435329627726E-17,-1.51179305480872E-15,1.));
#10585=DIRECTION('center_axis',(4.72435329627726E-17,-1.51179305480872E-15,
1.));
#10586=DIRECTION('ref_axis',(0.707106781186557,-0.707106781186538,-1.10240534333115E-15));
#10587=DIRECTION('center_axis',(-4.27561287159038E-17,1.58147987664997E-15,
-1.));
#10588=DIRECTION('ref_axis',(0.707106781186557,-0.707106781186538,-1.14850829364154E-15));
#10589=DIRECTION('',(4.72435329627726E-17,-1.51179305480872E-15,1.));
#10590=DIRECTION('center_axis',(-0.707106781186547,0.707106781186548,1.10240534333116E-15));
#10591=DIRECTION('ref_axis',(-0.707106781186548,-0.707106781186547,-1.08804199653696E-15));
#10592=DIRECTION('',(-0.707106781186548,-0.707106781186547,-1.08804199653696E-15));
#10593=DIRECTION('',(4.72435329627726E-17,-1.51179305480872E-15,1.));
#10594=DIRECTION('center_axis',(4.72435329627726E-17,-1.51179305480872E-15,
1.));
#10595=DIRECTION('ref_axis',(1.,6.95959186914871E-33,-4.72435329627726E-17));
#10596=DIRECTION('center_axis',(-4.27561287159038E-17,1.58147987664997E-15,
-1.));
#10597=DIRECTION('ref_axis',(1.,1.75565294613226E-34,-4.27561287159038E-17));
#10598=DIRECTION('',(4.72435329627726E-17,-1.51179305480872E-15,1.));
#10599=DIRECTION('center_axis',(-1.,5.75127913735406E-16,4.72435329627735E-17));
#10600=DIRECTION('ref_axis',(-5.75127913735406E-16,-1.,-1.58147987664997E-15));
#10601=DIRECTION('',(-5.75127913735406E-16,-1.,-1.58147987664997E-15));
#10602=DIRECTION('',(4.72435329627726E-17,-1.51179305480872E-15,1.));
#10603=DIRECTION('center_axis',(6.44628531485979E-32,1.,1.51179305480872E-15));
#10604=DIRECTION('ref_axis',(-1.,-1.75565294613226E-34,4.27561287159038E-17));
#10605=DIRECTION('',(-1.,-1.75565294613226E-34,4.27561287159038E-17));
#10606=DIRECTION('center_axis',(-4.27561287159038E-17,1.58147987664997E-15,
-1.));
#10607=DIRECTION('ref_axis',(1.,1.75565294613226E-34,-4.27561287159038E-17));
#10608=DIRECTION('center_axis',(-4.27561287159038E-17,1.58147987664997E-15,
-1.));
#10609=DIRECTION('ref_axis',(1.,1.75565294613226E-34,-4.27561287159038E-17));
#10610=DIRECTION('',(-0.707106781186542,0.707106781186553,1.14850829364157E-15));
#10611=DIRECTION('center_axis',(-4.27561287159038E-17,1.58147987664997E-15,
-1.));
#10612=DIRECTION('ref_axis',(-0.707106781186552,-0.707106781186543,-1.08804199653695E-15));
#10613=DIRECTION('',(6.74423918730445E-32,1.,1.58147987664997E-15));
#10614=DIRECTION('center_axis',(-4.27561287159038E-17,1.58147987664997E-15,
-1.));
#10615=DIRECTION('ref_axis',(-1.,-1.75565294613226E-34,4.27561287159038E-17));
#10616=DIRECTION('',(0.70710678118655,0.707106781186545,1.08804199653695E-15));
#10617=DIRECTION('center_axis',(-4.27561287159038E-17,1.58147987664997E-15,
-1.));
#10618=DIRECTION('ref_axis',(-0.707106781186554,0.707106781186541,1.14850829364155E-15));
#10619=DIRECTION('',(1.,2.19688814823756E-15,-4.27561287159003E-17));
#10620=DIRECTION('center_axis',(-4.27561287159038E-17,1.58147987664997E-15,
-1.));
#10621=DIRECTION('ref_axis',(-6.05576195250069E-15,1.,1.58147987664997E-15));
#10622=DIRECTION('',(0.70710678118654,-0.707106781186555,-1.14850829364157E-15));
#10623=DIRECTION('center_axis',(-4.27561287159038E-17,1.58147987664997E-15,
-1.));
#10624=DIRECTION('ref_axis',(0.707106781186551,0.707106781186544,1.08804199653695E-15));
#10625=DIRECTION('',(5.75127913735406E-16,-1.,-1.58147987664997E-15));
#10626=DIRECTION('',(1.,1.75565294613226E-34,-4.27561287159038E-17));
#10627=DIRECTION('',(-1.35349781799326E-15,1.,1.58147987664997E-15));
#10628=DIRECTION('center_axis',(4.27561287159038E-17,-1.58147987664997E-15,
1.));
#10629=DIRECTION('ref_axis',(0.707106781186551,0.707106781186544,1.08804199653695E-15));
#10630=DIRECTION('',(-0.707106781186539,0.707106781186556,1.14850829364157E-15));
#10631=DIRECTION('center_axis',(4.27561287159038E-17,-1.58147987664997E-15,
1.));
#10632=DIRECTION('ref_axis',(-1.,-1.75565294613226E-34,4.27561287159038E-17));
#10633=DIRECTION('center_axis',(4.27561287159038E-17,-1.58147987664997E-15,
1.));
#10634=DIRECTION('ref_axis',(0.707106781186554,-0.707106781186541,-1.14850829364155E-15));
#10635=DIRECTION('',(0.707106781186552,0.707106781186543,1.08804199653695E-15));
#10636=DIRECTION('center_axis',(4.27561287159038E-17,-1.58147987664997E-15,
1.));
#10637=DIRECTION('ref_axis',(1.,1.75565294613226E-34,-4.27561287159038E-17));
#10638=DIRECTION('',(-1.,-1.75565294613226E-34,4.27561287159038E-17));
#10639=DIRECTION('',(-5.75127913735406E-16,-1.,-1.58147987664997E-15));
#10640=DIRECTION('center_axis',(-4.27561287159038E-17,1.58147987664997E-15,
-1.));
#10641=DIRECTION('ref_axis',(1.,1.75565294613226E-34,-4.27561287159038E-17));
#10642=DIRECTION('',(-0.707106781186548,-0.707106781186547,-1.08804199653696E-15));
#10643=DIRECTION('center_axis',(-4.27561287159038E-17,1.58147987664997E-15,
-1.));
#10644=DIRECTION('ref_axis',(0.707106781186557,-0.707106781186538,-1.14850829364154E-15));
#10645=DIRECTION('center_axis',(-4.27561287159038E-17,1.58147987664997E-15,
-1.));
#10646=DIRECTION('ref_axis',(8.07434927000092E-15,-1.,0.));
#10647=DIRECTION('center_axis',(0.,0.,-1.));
#10648=DIRECTION('ref_axis',(1.,0.,0.));
#10649=DIRECTION('',(-1.,-1.75565294613226E-34,4.27561287159038E-17));
#10650=DIRECTION('',(0.,-1.,0.));
#10651=DIRECTION('',(-1.,-1.75565294613226E-34,4.27561287159038E-17));
#10652=DIRECTION('',(5.75127913735406E-16,-1.,-1.58147987664997E-15));
#10653=DIRECTION('center_axis',(-4.27561287159038E-17,1.58147987664997E-15,
-1.));
#10654=DIRECTION('ref_axis',(0.707106781186551,0.707106781186544,1.08804199653695E-15));
#10655=DIRECTION('',(0.70710678118654,-0.707106781186555,-1.14850829364157E-15));
#10656=DIRECTION('center_axis',(-4.27561287159038E-17,1.58147987664997E-15,
-1.));
#10657=DIRECTION('ref_axis',(-6.05576195250069E-15,1.,1.58147987664997E-15));
#10658=DIRECTION('',(1.,2.19688814823756E-15,-4.27561287159003E-17));
#10659=DIRECTION('center_axis',(-4.27561287159038E-17,1.58147987664997E-15,
-1.));
#10660=DIRECTION('ref_axis',(-0.707106781186554,0.707106781186541,1.14850829364155E-15));
#10661=DIRECTION('',(0.70710678118655,0.707106781186545,1.08804199653695E-15));
#10662=DIRECTION('center_axis',(-4.27561287159038E-17,1.58147987664997E-15,
-1.));
#10663=DIRECTION('ref_axis',(-1.,-1.75565294613226E-34,4.27561287159038E-17));
#10664=DIRECTION('',(6.74423918730445E-32,1.,1.58147987664997E-15));
#10665=DIRECTION('center_axis',(-4.27561287159038E-17,1.58147987664997E-15,
-1.));
#10666=DIRECTION('ref_axis',(-0.707106781186552,-0.707106781186543,-1.08804199653695E-15));
#10667=DIRECTION('',(-0.707106781186542,0.707106781186553,1.14850829364157E-15));
#10668=DIRECTION('center_axis',(-4.27561287159038E-17,1.58147987664997E-15,
-1.));
#10669=DIRECTION('ref_axis',(8.07434927000092E-15,-1.,-1.58147987664997E-15));
#10670=DIRECTION('center_axis',(-4.27561287159038E-17,1.58147987664997E-15,
-1.));
#10671=DIRECTION('ref_axis',(0.707106781186557,-0.707106781186538,-1.14850829364154E-15));
#10672=DIRECTION('',(-0.707106781186548,-0.707106781186547,-1.08804199653696E-15));
#10673=DIRECTION('center_axis',(-4.27561287159038E-17,1.58147987664997E-15,
-1.));
#10674=DIRECTION('ref_axis',(1.,1.75565294613226E-34,-4.27561287159038E-17));
#10675=DIRECTION('',(-5.75127913735406E-16,-1.,-1.58147987664997E-15));
#10676=DIRECTION('center_axis',(4.72435329627726E-17,-1.51179305480872E-15,
1.));
#10677=DIRECTION('ref_axis',(1.,6.95959186914871E-33,-4.72435329627726E-17));
#10678=DIRECTION('',(0.,0.,-1.));
#10679=DIRECTION('center_axis',(0.707106781186543,-0.707106781186552,-1.10240534333117E-15));
#10680=DIRECTION('ref_axis',(0.707106781186552,0.707106781186543,1.08804199653695E-15));
#10681=DIRECTION('',(0.,0.,-1.));
#10682=DIRECTION('center_axis',(4.72435329627726E-17,-1.51179305480872E-15,
1.));
#10683=DIRECTION('ref_axis',(0.707106781186554,-0.707106781186541,-1.10240534333115E-15));
#10684=DIRECTION('center_axis',(4.72435329627726E-17,-1.51179305480872E-15,
1.));
#10685=DIRECTION('ref_axis',(-1.,-6.95959186914871E-33,4.72435329627726E-17));
#10686=DIRECTION('center_axis',(0.707106781186556,0.707106781186539,1.03559289828077E-15));
#10687=DIRECTION('ref_axis',(-0.707106781186539,0.707106781186556,1.14850829364157E-15));
#10688=DIRECTION('',(0.,0.,-1.));
#10689=DIRECTION('center_axis',(4.72435329627726E-17,-1.51179305480872E-15,
1.));
#10690=DIRECTION('ref_axis',(0.707106781186551,0.707106781186544,1.03559289828078E-15));
#10691=DIRECTION('',(0.,0.,-1.));
#10692=DIRECTION('center_axis',(-6.44628531485979E-32,-1.,-1.51179305480872E-15));
#10693=DIRECTION('ref_axis',(1.,1.75565294613226E-34,-4.27561287159038E-17));
#10694=DIRECTION('',(4.72435329627726E-17,-1.51179305480872E-15,1.));
#10695=DIRECTION('',(4.72435329627726E-17,-1.51179305480872E-15,1.));
#10696=DIRECTION('center_axis',(-1.,-5.75127913735406E-16,4.72435329627718E-17));
#10697=DIRECTION('ref_axis',(5.75127913735406E-16,-1.,-1.58147987664997E-15));
#10698=DIRECTION('',(4.72435329627726E-17,-1.51179305480872E-15,1.));
#10699=DIRECTION('center_axis',(4.72435329627726E-17,-1.51179305480872E-15,
1.));
#10700=DIRECTION('ref_axis',(0.707106781186551,0.707106781186544,1.03559289828078E-15));
#10701=DIRECTION('',(4.72435329627726E-17,-1.51179305480872E-15,1.));
#10702=DIRECTION('center_axis',(-0.707106781186555,-0.70710678118654,-1.03559289828078E-15));
#10703=DIRECTION('ref_axis',(0.70710678118654,-0.707106781186555,-1.14850829364157E-15));
#10704=DIRECTION('',(4.72435329627726E-17,-1.51179305480872E-15,1.));
#10705=DIRECTION('center_axis',(4.72435329627726E-17,-1.51179305480872E-15,
1.));
#10706=DIRECTION('ref_axis',(-6.05576195250069E-15,1.,1.51179305480872E-15));
#10707=DIRECTION('',(4.72435329627726E-17,-1.51179305480872E-15,1.));
#10708=DIRECTION('center_axis',(2.19688814823756E-15,-1.,-1.51179305480872E-15));
#10709=DIRECTION('ref_axis',(1.,2.19688814823756E-15,-4.27561287159003E-17));
#10710=DIRECTION('',(4.72435329627726E-17,-1.51179305480872E-15,1.));
#10711=DIRECTION('center_axis',(4.72435329627726E-17,-1.51179305480872E-15,
1.));
#10712=DIRECTION('ref_axis',(-0.707106781186554,0.707106781186541,1.10240534333115E-15));
#10713=DIRECTION('',(4.72435329627726E-17,-1.51179305480872E-15,1.));
#10714=DIRECTION('center_axis',(0.707106781186545,-0.70710678118655,-1.10240534333116E-15));
#10715=DIRECTION('ref_axis',(0.70710678118655,0.707106781186545,1.08804199653695E-15));
#10716=DIRECTION('',(4.72435329627726E-17,-1.51179305480872E-15,1.));
#10717=DIRECTION('center_axis',(4.72435329627726E-17,-1.51179305480872E-15,
1.));
#10718=DIRECTION('ref_axis',(-1.,-6.95959186914871E-33,4.72435329627726E-17));
#10719=DIRECTION('',(4.72435329627726E-17,-1.51179305480872E-15,1.));
#10720=DIRECTION('center_axis',(1.,7.27230480942991E-33,-4.72435329627726E-17));
#10721=DIRECTION('ref_axis',(6.74423918730445E-32,1.,1.58147987664997E-15));
#10722=DIRECTION('',(4.72435329627726E-17,-1.51179305480872E-15,1.));
#10723=DIRECTION('center_axis',(4.72435329627726E-17,-1.51179305480872E-15,
1.));
#10724=DIRECTION('ref_axis',(-0.707106781186552,-0.707106781186543,-1.03559289828078E-15));
#10725=DIRECTION('',(4.72435329627726E-17,-1.51179305480872E-15,1.));
#10726=DIRECTION('center_axis',(0.707106781186553,0.707106781186542,1.03559289828078E-15));
#10727=DIRECTION('ref_axis',(-0.707106781186542,0.707106781186553,1.14850829364157E-15));
#10728=DIRECTION('',(4.72435329627726E-17,-1.51179305480872E-15,1.));
#10729=DIRECTION('center_axis',(4.72435329627726E-17,-1.51179305480872E-15,
1.));
#10730=DIRECTION('ref_axis',(8.07434927000092E-15,-1.,-1.51179305480872E-15));
#10731=DIRECTION('center_axis',(4.72435329627726E-17,-1.51179305480872E-15,
1.));
#10732=DIRECTION('ref_axis',(0.707106781186557,-0.707106781186538,-1.10240534333115E-15));
#10733=DIRECTION('',(4.72435329627726E-17,-1.51179305480872E-15,1.));
#10734=DIRECTION('center_axis',(-0.707106781186547,0.707106781186548,1.10240534333116E-15));
#10735=DIRECTION('ref_axis',(-0.707106781186548,-0.707106781186547,-1.08804199653696E-15));
#10736=DIRECTION('',(4.72435329627726E-17,-1.51179305480872E-15,1.));
#10737=DIRECTION('center_axis',(4.72435329627726E-17,-1.51179305480872E-15,
1.));
#10738=DIRECTION('ref_axis',(1.,6.95959186914871E-33,-4.72435329627726E-17));
#10739=DIRECTION('',(4.72435329627726E-17,-1.51179305480872E-15,1.));
#10740=DIRECTION('center_axis',(-1.,5.75127913735406E-16,4.72435329627735E-17));
#10741=DIRECTION('ref_axis',(-5.75127913735406E-16,-1.,-1.58147987664997E-15));
#10742=DIRECTION('',(4.72435329627726E-17,-1.51179305480872E-15,1.));
#10743=DIRECTION('center_axis',(6.44628531485979E-32,1.,1.51179305480872E-15));
#10744=DIRECTION('ref_axis',(-1.,-1.75565294613226E-34,4.27561287159038E-17));
#10745=DIRECTION('center_axis',(1.,-4.51165939331087E-16,-4.72435329627733E-17));
#10746=DIRECTION('ref_axis',(4.51165939331087E-16,1.,1.58147987664997E-15));
#10747=DIRECTION('center_axis',(-4.27561287159038E-17,1.58147987664997E-15,
-1.));
#10748=DIRECTION('ref_axis',(1.,1.75565294613226E-34,-4.27561287159038E-17));
#10749=DIRECTION('',(-0.707106781186542,0.707106781186553,1.14850829364157E-15));
#10750=DIRECTION('center_axis',(-4.27561287159038E-17,1.58147987664997E-15,
-1.));
#10751=DIRECTION('ref_axis',(-0.707106781186552,-0.707106781186543,-1.08804199653695E-15));
#10752=DIRECTION('',(6.74423918730445E-32,1.,1.58147987664997E-15));
#10753=DIRECTION('center_axis',(-4.27561287159038E-17,1.58147987664997E-15,
-1.));
#10754=DIRECTION('ref_axis',(-1.,-1.75565294613226E-34,4.27561287159038E-17));
#10755=DIRECTION('',(0.70710678118655,0.707106781186545,1.08804199653695E-15));
#10756=DIRECTION('center_axis',(-4.27561287159038E-17,1.58147987664997E-15,
-1.));
#10757=DIRECTION('ref_axis',(-0.707106781186554,0.707106781186541,1.14850829364155E-15));
#10758=DIRECTION('',(1.,2.19688814823756E-15,-4.27561287159003E-17));
#10759=DIRECTION('center_axis',(-4.27561287159038E-17,1.58147987664997E-15,
-1.));
#10760=DIRECTION('ref_axis',(-6.05576195250069E-15,1.,1.58147987664997E-15));
#10761=DIRECTION('',(0.70710678118654,-0.707106781186555,-1.14850829364157E-15));
#10762=DIRECTION('center_axis',(-4.27561287159038E-17,1.58147987664997E-15,
-1.));
#10763=DIRECTION('ref_axis',(0.707106781186551,0.707106781186544,1.08804199653695E-15));
#10764=DIRECTION('',(5.75127913735406E-16,-1.,-1.58147987664997E-15));
#10765=DIRECTION('',(1.,1.75565294613226E-34,-4.27561287159038E-17));
#10766=DIRECTION('',(-1.35349781799326E-15,1.,1.58147987664997E-15));
#10767=DIRECTION('center_axis',(4.27561287159038E-17,-1.58147987664997E-15,
1.));
#10768=DIRECTION('ref_axis',(0.707106781186551,0.707106781186544,1.08804199653695E-15));
#10769=DIRECTION('',(-0.707106781186539,0.707106781186556,1.14850829364157E-15));
#10770=DIRECTION('center_axis',(4.27561287159038E-17,-1.58147987664997E-15,
1.));
#10771=DIRECTION('ref_axis',(-2.66453525910038E-15,1.,1.58147987664997E-15));
#10772=DIRECTION('',(-1.,-1.75565294613214E-34,4.27561287159038E-17));
#10773=DIRECTION('center_axis',(4.27561287159038E-17,-1.58147987664997E-15,
1.));
#10774=DIRECTION('ref_axis',(-0.707106781186546,0.707106781186549,1.14850829364156E-15));
#10775=DIRECTION('',(-0.707106781186546,-0.707106781186549,-1.08804199653696E-15));
#10776=DIRECTION('center_axis',(4.27561287159038E-17,-1.58147987664997E-15,
1.));
#10777=DIRECTION('ref_axis',(-1.,-1.75565294613226E-34,4.27561287159038E-17));
#10778=DIRECTION('',(1.,1.75565294613192E-34,-4.27561287159038E-17));
#10779=DIRECTION('center_axis',(4.27561287159038E-17,-1.58147987664997E-15,
1.));
#10780=DIRECTION('ref_axis',(0.707106781186554,-0.707106781186541,-1.14850829364155E-15));
#10781=DIRECTION('',(0.707106781186552,0.707106781186543,1.08804199653695E-15));
#10782=DIRECTION('center_axis',(4.27561287159038E-17,-1.58147987664997E-15,
1.));
#10783=DIRECTION('ref_axis',(1.,1.75565294613226E-34,-4.27561287159038E-17));
#10784=DIRECTION('',(4.51165939331087E-16,1.,1.58147987664997E-15));
#10785=DIRECTION('',(-1.,-1.75565294613226E-34,4.27561287159038E-17));
#10786=DIRECTION('',(-5.75127913735406E-16,-1.,-1.58147987664997E-15));
#10787=DIRECTION('center_axis',(-4.27561287159038E-17,1.58147987664997E-15,
-1.));
#10788=DIRECTION('ref_axis',(1.,1.75565294613226E-34,-4.27561287159038E-17));
#10789=DIRECTION('',(-0.707106781186548,-0.707106781186547,-1.08804199653696E-15));
#10790=DIRECTION('center_axis',(-4.27561287159038E-17,1.58147987664997E-15,
-1.));
#10791=DIRECTION('ref_axis',(0.707106781186557,-0.707106781186538,-1.14850829364154E-15));
#10792=DIRECTION('center_axis',(-4.27561287159038E-17,1.58147987664997E-15,
-1.));
#10793=DIRECTION('ref_axis',(8.07434927000092E-15,-1.,0.));
#10794=DIRECTION('center_axis',(-6.4462853148598E-32,-1.,-1.51179305480872E-15));
#10795=DIRECTION('ref_axis',(1.,1.75565294613192E-34,-4.27561287159038E-17));
#10796=DIRECTION('',(0.,0.,-1.));
#10797=DIRECTION('center_axis',(0.,0.,-1.));
#10798=DIRECTION('ref_axis',(1.,0.,0.));
#10799=DIRECTION('',(-1.,-1.75565294613226E-34,4.27561287159038E-17));
#10800=DIRECTION('',(0.,-1.,0.));
#10801=DIRECTION('',(-1.,-1.75565294613226E-34,4.27561287159038E-17));
#10802=DIRECTION('',(5.75127913735406E-16,-1.,-1.58147987664997E-15));
#10803=DIRECTION('center_axis',(-4.27561287159038E-17,1.58147987664997E-15,
-1.));
#10804=DIRECTION('ref_axis',(0.707106781186551,0.707106781186544,1.08804199653695E-15));
#10805=DIRECTION('',(0.70710678118654,-0.707106781186555,-1.14850829364157E-15));
#10806=DIRECTION('center_axis',(-4.27561287159038E-17,1.58147987664997E-15,
-1.));
#10807=DIRECTION('ref_axis',(-6.05576195250069E-15,1.,1.58147987664997E-15));
#10808=DIRECTION('',(1.,2.19688814823756E-15,-4.27561287159003E-17));
#10809=DIRECTION('center_axis',(-4.27561287159038E-17,1.58147987664997E-15,
-1.));
#10810=DIRECTION('ref_axis',(-0.707106781186554,0.707106781186541,1.14850829364155E-15));
#10811=DIRECTION('',(0.70710678118655,0.707106781186545,1.08804199653695E-15));
#10812=DIRECTION('center_axis',(-4.27561287159038E-17,1.58147987664997E-15,
-1.));
#10813=DIRECTION('ref_axis',(-1.,-1.75565294613226E-34,4.27561287159038E-17));
#10814=DIRECTION('',(6.74423918730445E-32,1.,1.58147987664997E-15));
#10815=DIRECTION('center_axis',(-4.27561287159038E-17,1.58147987664997E-15,
-1.));
#10816=DIRECTION('ref_axis',(-0.707106781186552,-0.707106781186543,-1.08804199653695E-15));
#10817=DIRECTION('',(-0.707106781186542,0.707106781186553,1.14850829364157E-15));
#10818=DIRECTION('center_axis',(-4.27561287159038E-17,1.58147987664997E-15,
-1.));
#10819=DIRECTION('ref_axis',(8.07434927000092E-15,-1.,-1.58147987664997E-15));
#10820=DIRECTION('center_axis',(-4.27561287159038E-17,1.58147987664997E-15,
-1.));
#10821=DIRECTION('ref_axis',(0.707106781186557,-0.707106781186538,-1.14850829364154E-15));
#10822=DIRECTION('',(-0.707106781186548,-0.707106781186547,-1.08804199653696E-15));
#10823=DIRECTION('center_axis',(-4.27561287159038E-17,1.58147987664997E-15,
-1.));
#10824=DIRECTION('ref_axis',(1.,1.75565294613226E-34,-4.27561287159038E-17));
#10825=DIRECTION('',(-5.75127913735406E-16,-1.,-1.58147987664997E-15));
#10826=DIRECTION('center_axis',(4.72435329627726E-17,-1.51179305480872E-15,
1.));
#10827=DIRECTION('ref_axis',(1.,6.95959186914871E-33,-4.72435329627726E-17));
#10828=DIRECTION('',(0.,0.,-1.));
#10829=DIRECTION('',(0.,0.,-1.));
#10830=DIRECTION('center_axis',(0.707106781186543,-0.707106781186552,-1.10240534333117E-15));
#10831=DIRECTION('ref_axis',(0.707106781186552,0.707106781186543,1.08804199653695E-15));
#10832=DIRECTION('',(0.,0.,-1.));
#10833=DIRECTION('center_axis',(4.72435329627726E-17,-1.51179305480872E-15,
1.));
#10834=DIRECTION('ref_axis',(0.707106781186554,-0.707106781186541,-1.10240534333115E-15));
#10835=DIRECTION('center_axis',(4.72435329627726E-17,-1.51179305480872E-15,
1.));
#10836=DIRECTION('ref_axis',(-1.,-6.95959186914871E-33,4.72435329627726E-17));
#10837=DIRECTION('',(0.,0.,-1.));
#10838=DIRECTION('center_axis',(-0.707106781186549,0.707106781186546,1.10240534333116E-15));
#10839=DIRECTION('ref_axis',(-0.707106781186546,-0.707106781186549,-1.08804199653696E-15));
#10840=DIRECTION('',(0.,0.,-1.));
#10841=DIRECTION('center_axis',(4.72435329627726E-17,-1.51179305480872E-15,
1.));
#10842=DIRECTION('ref_axis',(-0.707106781186546,0.707106781186549,1.10240534333116E-15));
#10843=DIRECTION('',(0.,0.,-1.));
#10844=DIRECTION('center_axis',(6.4462853148598E-32,1.,1.51179305480872E-15));
#10845=DIRECTION('ref_axis',(-1.,-1.75565294613214E-34,4.27561287159038E-17));
#10846=DIRECTION('',(0.,0.,-1.));
#10847=DIRECTION('center_axis',(4.72435329627726E-17,-1.51179305480872E-15,
1.));
#10848=DIRECTION('ref_axis',(-2.66453525910038E-15,1.,1.51179305480872E-15));
#10849=DIRECTION('',(0.,0.,-1.));
#10850=DIRECTION('center_axis',(0.707106781186556,0.707106781186539,1.03559289828077E-15));
#10851=DIRECTION('ref_axis',(-0.707106781186539,0.707106781186556,1.14850829364157E-15));
#10852=DIRECTION('',(0.,0.,-1.));
#10853=DIRECTION('center_axis',(4.72435329627726E-17,-1.51179305480872E-15,
1.));
#10854=DIRECTION('ref_axis',(0.707106781186551,0.707106781186544,1.03559289828078E-15));
#10855=DIRECTION('',(0.,0.,-1.));
#10856=DIRECTION('center_axis',(-6.44628531485979E-32,-1.,-1.51179305480872E-15));
#10857=DIRECTION('ref_axis',(1.,1.75565294613226E-34,-4.27561287159038E-17));
#10858=DIRECTION('',(4.72435329627726E-17,-1.51179305480872E-15,1.));
#10859=DIRECTION('',(4.72435329627726E-17,-1.51179305480872E-15,1.));
#10860=DIRECTION('center_axis',(-1.,-5.75127913735406E-16,4.72435329627718E-17));
#10861=DIRECTION('ref_axis',(5.75127913735406E-16,-1.,-1.58147987664997E-15));
#10862=DIRECTION('',(4.72435329627726E-17,-1.51179305480872E-15,1.));
#10863=DIRECTION('center_axis',(4.72435329627726E-17,-1.51179305480872E-15,
1.));
#10864=DIRECTION('ref_axis',(0.707106781186551,0.707106781186544,1.03559289828078E-15));
#10865=DIRECTION('',(4.72435329627726E-17,-1.51179305480872E-15,1.));
#10866=DIRECTION('center_axis',(-0.707106781186555,-0.70710678118654,-1.03559289828078E-15));
#10867=DIRECTION('ref_axis',(0.70710678118654,-0.707106781186555,-1.14850829364157E-15));
#10868=DIRECTION('',(4.72435329627726E-17,-1.51179305480872E-15,1.));
#10869=DIRECTION('center_axis',(4.72435329627726E-17,-1.51179305480872E-15,
1.));
#10870=DIRECTION('ref_axis',(-6.05576195250069E-15,1.,1.51179305480872E-15));
#10871=DIRECTION('',(4.72435329627726E-17,-1.51179305480872E-15,1.));
#10872=DIRECTION('center_axis',(2.19688814823756E-15,-1.,-1.51179305480872E-15));
#10873=DIRECTION('ref_axis',(1.,2.19688814823756E-15,-4.27561287159003E-17));
#10874=DIRECTION('',(4.72435329627726E-17,-1.51179305480872E-15,1.));
#10875=DIRECTION('center_axis',(4.72435329627726E-17,-1.51179305480872E-15,
1.));
#10876=DIRECTION('ref_axis',(-0.707106781186554,0.707106781186541,1.10240534333115E-15));
#10877=DIRECTION('',(4.72435329627726E-17,-1.51179305480872E-15,1.));
#10878=DIRECTION('center_axis',(0.707106781186545,-0.70710678118655,-1.10240534333116E-15));
#10879=DIRECTION('ref_axis',(0.70710678118655,0.707106781186545,1.08804199653695E-15));
#10880=DIRECTION('',(4.72435329627726E-17,-1.51179305480872E-15,1.));
#10881=DIRECTION('center_axis',(4.72435329627726E-17,-1.51179305480872E-15,
1.));
#10882=DIRECTION('ref_axis',(-1.,-6.95959186914871E-33,4.72435329627726E-17));
#10883=DIRECTION('',(4.72435329627726E-17,-1.51179305480872E-15,1.));
#10884=DIRECTION('center_axis',(1.,7.27230480942991E-33,-4.72435329627726E-17));
#10885=DIRECTION('ref_axis',(6.74423918730445E-32,1.,1.58147987664997E-15));
#10886=DIRECTION('',(4.72435329627726E-17,-1.51179305480872E-15,1.));
#10887=DIRECTION('center_axis',(4.72435329627726E-17,-1.51179305480872E-15,
1.));
#10888=DIRECTION('ref_axis',(-0.707106781186552,-0.707106781186543,-1.03559289828078E-15));
#10889=DIRECTION('',(4.72435329627726E-17,-1.51179305480872E-15,1.));
#10890=DIRECTION('center_axis',(0.707106781186553,0.707106781186542,1.03559289828078E-15));
#10891=DIRECTION('ref_axis',(-0.707106781186542,0.707106781186553,1.14850829364157E-15));
#10892=DIRECTION('',(4.72435329627726E-17,-1.51179305480872E-15,1.));
#10893=DIRECTION('center_axis',(4.72435329627726E-17,-1.51179305480872E-15,
1.));
#10894=DIRECTION('ref_axis',(8.07434927000092E-15,-1.,-1.51179305480872E-15));
#10895=DIRECTION('center_axis',(4.72435329627726E-17,-1.51179305480872E-15,
1.));
#10896=DIRECTION('ref_axis',(0.707106781186557,-0.707106781186538,-1.10240534333115E-15));
#10897=DIRECTION('',(4.72435329627726E-17,-1.51179305480872E-15,1.));
#10898=DIRECTION('center_axis',(-0.707106781186547,0.707106781186548,1.10240534333116E-15));
#10899=DIRECTION('ref_axis',(-0.707106781186548,-0.707106781186547,-1.08804199653696E-15));
#10900=DIRECTION('',(4.72435329627726E-17,-1.51179305480872E-15,1.));
#10901=DIRECTION('center_axis',(4.72435329627726E-17,-1.51179305480872E-15,
1.));
#10902=DIRECTION('ref_axis',(1.,6.95959186914871E-33,-4.72435329627726E-17));
#10903=DIRECTION('',(4.72435329627726E-17,-1.51179305480872E-15,1.));
#10904=DIRECTION('center_axis',(-1.,5.75127913735406E-16,4.72435329627735E-17));
#10905=DIRECTION('ref_axis',(-5.75127913735406E-16,-1.,-1.58147987664997E-15));
#10906=DIRECTION('',(4.72435329627726E-17,-1.51179305480872E-15,1.));
#10907=DIRECTION('center_axis',(6.44628531485979E-32,1.,1.51179305480872E-15));
#10908=DIRECTION('ref_axis',(-1.,-1.75565294613226E-34,4.27561287159038E-17));
#10909=DIRECTION('',(4.72435329627726E-17,-1.51179305480872E-15,1.));
#10910=DIRECTION('center_axis',(1.,-4.51165939331087E-16,-4.72435329627733E-17));
#10911=DIRECTION('ref_axis',(4.51165939331087E-16,1.,1.58147987664997E-15));
#10912=CARTESIAN_POINT('',(0.,0.,0.));
#10913=CARTESIAN_POINT('Origin',(-42.2999988846481,-486.,69.6999984420836));
#10914=CARTESIAN_POINT('',(-48.8999988846481,-503.,69.6999984420836));
#10915=CARTESIAN_POINT('',(-43.9123308775127,-503.,69.6999984420836));
#10916=CARTESIAN_POINT('',(-61.8280822175809,-503.,69.6999984420836));
#10917=CARTESIAN_POINT('',(-48.8999988846481,-486.,69.6999984420836));
#10918=CARTESIAN_POINT('',(-48.8999988846481,-486.,69.6999984420836));
#10919=CARTESIAN_POINT('',(-43.9123308775127,-486.,69.6999984420836));
#10920=CARTESIAN_POINT('',(-62.3280822175809,-486.,69.6999984420836));
#10921=CARTESIAN_POINT('',(-43.9123308775127,-488.5,69.6999984420836));
#10922=CARTESIAN_POINT('Origin',(-48.8999988846481,-486.,49.6999984420836));
#10923=CARTESIAN_POINT('',(-43.9123308775127,-503.,49.6999984420836));
#10924=CARTESIAN_POINT('',(-48.8999988846481,-503.,49.6999984420836));
#10925=CARTESIAN_POINT('',(-65.1280822175809,-503.,49.6999984420836));
#10926=CARTESIAN_POINT('',(-43.9123308775127,-486.,49.6999984420836));
#10927=CARTESIAN_POINT('',(-43.9123308775127,-488.5,49.6999984420836));
#10928=CARTESIAN_POINT('',(-48.8999988846481,-486.,49.6999984420836));
#10929=CARTESIAN_POINT('',(-65.6280822175809,-486.,49.6999984420836));
#10930=CARTESIAN_POINT('',(-48.8999988846481,-486.,49.6999984420836));
#10931=CARTESIAN_POINT('Origin',(-48.8999988846481,-486.,69.6999984420836));
#10932=CARTESIAN_POINT('',(-48.8999988846481,-503.,73.8499991465365));
#10933=CARTESIAN_POINT('',(-48.8999988846481,-486.,73.8499991465365));
#10934=CARTESIAN_POINT('Origin',(105.899997610599,-486.,95.6999974139035));
#10935=CARTESIAN_POINT('',(105.899997610599,-503.,115.699997413903));
#10936=CARTESIAN_POINT('',(105.899997610599,-503.,95.6999974139035));
#10937=CARTESIAN_POINT('',(105.899997610599,-503.,86.8499986324465));
#10938=CARTESIAN_POINT('',(105.899997610599,-486.,115.699997413903));
#10939=CARTESIAN_POINT('',(105.899997610599,-486.,115.699997413903));
#10940=CARTESIAN_POINT('',(105.899997610599,-486.,95.6999974139035));
#10941=CARTESIAN_POINT('',(105.899997610599,-486.,86.8499986324465));
#10942=CARTESIAN_POINT('',(105.899997610599,-486.,95.6999974139035));
#10943=CARTESIAN_POINT('Origin',(99.2999976105988,-486.,95.6999974139035));
#10944=CARTESIAN_POINT('',(99.2999976105988,-503.,95.6999974139035));
#10945=CARTESIAN_POINT('',(90.3280815805562,-503.,95.6999974139035));
#10946=CARTESIAN_POINT('',(99.2999976105988,-486.,95.6999974139035));
#10947=CARTESIAN_POINT('',(90.8280815805562,-486.,95.6999974139035));
#10948=CARTESIAN_POINT('',(99.2999976105988,-486.,95.6999974139035));
#10949=CARTESIAN_POINT('Origin',(99.2999976105988,-486.,115.699997413903));
#10950=CARTESIAN_POINT('',(99.2999976105988,-503.,115.699997413903));
#10951=CARTESIAN_POINT('',(99.2999976105988,-503.,96.8499986324465));
#10952=CARTESIAN_POINT('',(99.2999976105988,-486.,115.699997413903));
#10953=CARTESIAN_POINT('',(99.2999976105988,-486.,96.8499986324465));
#10954=CARTESIAN_POINT('',(99.2999976105988,-486.,115.699997413903));
#10955=CARTESIAN_POINT('Origin',(105.899997610599,-486.,115.699997413903));
#10956=CARTESIAN_POINT('',(93.6280815805562,-503.,115.699997413903));
#10957=CARTESIAN_POINT('',(94.1280815805562,-486.,115.699997413903));
#10958=CARTESIAN_POINT('Origin',(-77.3999982476234,-486.,70.699997972697));
#10959=CARTESIAN_POINT('',(-70.7999982476234,-503.,70.699997972697));
#10960=CARTESIAN_POINT('',(-77.3999982476234,-503.,70.699997972697));
#10961=CARTESIAN_POINT('',(-79.3780818990685,-503.,70.699997972697));
#10962=CARTESIAN_POINT('',(-70.7999982476234,-486.,70.699997972697));
#10963=CARTESIAN_POINT('',(-70.7999982476234,-486.,70.699997972697));
#10964=CARTESIAN_POINT('',(-77.3999982476234,-486.,70.699997972697));
#10965=CARTESIAN_POINT('',(-79.8780818990685,-486.,70.699997972697));
#10966=CARTESIAN_POINT('',(-77.3999982476234,-486.,70.699997972697));
#10967=CARTESIAN_POINT('Origin',(-77.3999982476234,-486.,90.699997972697));
#10968=CARTESIAN_POINT('',(-77.3999982476234,-503.,90.699997972697));
#10969=CARTESIAN_POINT('',(-77.3999982476234,-503.,84.3499989118433));
#10970=CARTESIAN_POINT('',(-77.3999982476234,-486.,90.699997972697));
#10971=CARTESIAN_POINT('',(-77.3999982476234,-486.,84.3499989118433));
#10972=CARTESIAN_POINT('',(-77.3999982476234,-486.,90.699997972697));
#10973=CARTESIAN_POINT('Origin',(-70.7999982476234,-486.,90.699997972697));
#10974=CARTESIAN_POINT('',(-70.7999982476234,-503.,90.699997972697));
#10975=CARTESIAN_POINT('',(-76.0780818990685,-503.,90.699997972697));
#10976=CARTESIAN_POINT('',(-70.7999982476234,-486.,90.699997972697));
#10977=CARTESIAN_POINT('',(-76.5780818990685,-486.,90.699997972697));
#10978=CARTESIAN_POINT('',(-70.7999982476234,-486.,90.699997972697));
#10979=CARTESIAN_POINT('Origin',(-70.7999982476234,-486.,70.699997972697));
#10980=CARTESIAN_POINT('',(-70.7999982476234,-503.,74.3499989118432));
#10981=CARTESIAN_POINT('',(-70.7999982476234,-486.,74.3499989118432));
#10982=CARTESIAN_POINT('Origin',(42.2999988846481,-486.,49.6999984420836));
#10983=CARTESIAN_POINT('',(48.8999988846481,-503.,49.6999984420836));
#10984=CARTESIAN_POINT('',(43.9123308775127,-503.,49.6999984420836));
#10985=CARTESIAN_POINT('',(61.8280822175809,-503.,49.6999984420836));
#10986=CARTESIAN_POINT('',(48.8999988846481,-486.,49.6999984420836));
#10987=CARTESIAN_POINT('',(48.8999988846481,-486.,49.6999984420836));
#10988=CARTESIAN_POINT('',(43.9123308775127,-486.,49.6999984420836));
#10989=CARTESIAN_POINT('',(62.3280822175809,-486.,49.6999984420836));
#10990=CARTESIAN_POINT('',(43.9123308775127,-488.5,49.6999984420836));
#10991=CARTESIAN_POINT('Origin',(48.8999988846481,-486.,69.6999984420836));
#10992=CARTESIAN_POINT('',(43.9123308775127,-503.,69.6999984420836));
#10993=CARTESIAN_POINT('',(48.8999988846481,-503.,69.6999984420836));
#10994=CARTESIAN_POINT('',(65.1280822175809,-503.,69.6999984420836));
#10995=CARTESIAN_POINT('',(43.9123308775127,-486.,69.6999984420836));
#10996=CARTESIAN_POINT('',(43.9123308775127,-488.5,69.6999984420836));
#10997=CARTESIAN_POINT('',(48.8999988846481,-486.,69.6999984420836));
#10998=CARTESIAN_POINT('',(65.6280822175809,-486.,69.6999984420836));
#10999=CARTESIAN_POINT('',(48.8999988846481,-486.,69.6999984420836));
#11000=CARTESIAN_POINT('Origin',(48.8999988846481,-486.,49.6999984420836));
#11001=CARTESIAN_POINT('',(48.8999988846481,-503.,63.8499991465365));
#11002=CARTESIAN_POINT('',(48.8999988846481,-486.,63.8499991465365));
#11003=CARTESIAN_POINT('Origin',(77.3999982476234,-486.,70.699997972697));
#11004=CARTESIAN_POINT('',(77.3999982476234,-503.,90.699997972697));
#11005=CARTESIAN_POINT('',(77.3999982476234,-503.,70.699997972697));
#11006=CARTESIAN_POINT('',(77.3999982476234,-503.,74.3499989118432));
#11007=CARTESIAN_POINT('',(77.3999982476234,-486.,90.699997972697));
#11008=CARTESIAN_POINT('',(77.3999982476234,-486.,90.699997972697));
#11009=CARTESIAN_POINT('',(77.3999982476234,-486.,70.699997972697));
#11010=CARTESIAN_POINT('',(77.3999982476234,-486.,74.3499989118432));
#11011=CARTESIAN_POINT('',(77.3999982476234,-486.,70.699997972697));
#11012=CARTESIAN_POINT('Origin',(70.7999982476234,-486.,70.699997972697));
#11013=CARTESIAN_POINT('',(70.7999982476234,-503.,70.699997972697));
#11014=CARTESIAN_POINT('',(76.0780818990685,-503.,70.699997972697));
#11015=CARTESIAN_POINT('',(70.7999982476234,-486.,70.699997972697));
#11016=CARTESIAN_POINT('',(76.5780818990685,-486.,70.699997972697));
#11017=CARTESIAN_POINT('',(70.7999982476234,-486.,70.699997972697));
#11018=CARTESIAN_POINT('Origin',(70.7999982476234,-486.,90.699997972697));
#11019=CARTESIAN_POINT('',(70.7999982476234,-503.,90.699997972697));
#11020=CARTESIAN_POINT('',(70.7999982476234,-503.,84.3499989118433));
#11021=CARTESIAN_POINT('',(70.7999982476234,-486.,90.699997972697));
#11022=CARTESIAN_POINT('',(70.7999982476234,-486.,84.3499989118433));
#11023=CARTESIAN_POINT('',(70.7999982476234,-486.,90.699997972697));
#11024=CARTESIAN_POINT('Origin',(77.3999982476234,-486.,90.699997972697));
#11025=CARTESIAN_POINT('',(79.3780818990685,-503.,90.699997972697));
#11026=CARTESIAN_POINT('',(79.8780818990685,-486.,90.699997972697));
#11027=CARTESIAN_POINT('Origin',(-105.900000223515,-486.,95.6999998509893));
#11028=CARTESIAN_POINT('',(-99.3000002235148,-503.,95.6999998509893));
#11029=CARTESIAN_POINT('',(-105.900000223515,-503.,95.6999998509893));
#11030=CARTESIAN_POINT('',(-93.6280828870142,-503.,95.6999998509893));
#11031=CARTESIAN_POINT('',(-99.3000002235148,-486.,95.6999998509893));
#11032=CARTESIAN_POINT('',(-99.3000002235148,-486.,95.6999998509893));
#11033=CARTESIAN_POINT('',(-105.900000223515,-486.,95.6999998509893));
#11034=CARTESIAN_POINT('',(-94.1280828870142,-486.,95.6999998509893));
#11035=CARTESIAN_POINT('',(-105.900000223515,-486.,95.6999998509893));
#11036=CARTESIAN_POINT('Origin',(-105.900000223515,-486.,115.699999850989));
#11037=CARTESIAN_POINT('',(-105.900000223515,-503.,115.699999850989));
#11038=CARTESIAN_POINT('',(-105.900000223515,-503.,96.8499998509894));
#11039=CARTESIAN_POINT('',(-105.900000223515,-486.,115.699999850989));
#11040=CARTESIAN_POINT('',(-105.900000223515,-486.,96.8499998509894));
#11041=CARTESIAN_POINT('',(-105.900000223515,-486.,115.699999850989));
#11042=CARTESIAN_POINT('Origin',(-99.3000002235148,-486.,115.699999850989));
#11043=CARTESIAN_POINT('',(-99.3000002235148,-503.,115.699999850989));
#11044=CARTESIAN_POINT('',(-90.3280828870142,-503.,115.699999850989));
#11045=CARTESIAN_POINT('',(-99.3000002235148,-486.,115.699999850989));
#11046=CARTESIAN_POINT('',(-90.8280828870142,-486.,115.699999850989));
#11047=CARTESIAN_POINT('',(-99.3000002235148,-486.,115.699999850989));
#11048=CARTESIAN_POINT('Origin',(-99.3000002235148,-486.,95.6999998509893));
#11049=CARTESIAN_POINT('',(-99.3000002235148,-503.,86.8499998509894));
#11050=CARTESIAN_POINT('',(-99.3000002235148,-486.,86.8499998509894));
#11051=CARTESIAN_POINT('Origin',(-43.9123308775127,-491.,35.2999998509892));
#11052=CARTESIAN_POINT('',(-43.9123308775127,-503.,35.2999998509892));
#11053=CARTESIAN_POINT('',(-43.9123308775127,-503.,95.6999998509897));
#11054=CARTESIAN_POINT('',(-43.9123308775127,-486.,35.2999998509892));
#11055=CARTESIAN_POINT('',(-43.9123308775127,-501.,35.2999998509892));
#11056=CARTESIAN_POINT('',(-43.9123308775127,-486.,95.6999998509897));
#11057=CARTESIAN_POINT('Origin',(-43.9123308775127,-491.,35.2999998509892));
#11058=CARTESIAN_POINT('',(-43.9123308775127,-486.,90.2834807465265));
#11059=CARTESIAN_POINT('',(-43.9123308775127,-486.,95.6999998509897));
#11060=CARTESIAN_POINT('',(-43.9123308775127,-503.,90.2834807465255));
#11061=CARTESIAN_POINT('',(-43.9123308775127,-489.355058337049,90.2834807465263));
#11062=CARTESIAN_POINT('',(-43.9123308775127,-503.,95.6999998509897));
#11063=CARTESIAN_POINT('Origin',(43.9123308775127,-491.,35.2999998509892));
#11064=CARTESIAN_POINT('',(43.9123308775127,-503.,90.3199812298358));
#11065=CARTESIAN_POINT('',(43.9123308775127,-503.,95.6999998509897));
#11066=CARTESIAN_POINT('',(43.9123308775127,-486.,90.3199812298406));
#11067=CARTESIAN_POINT('',(43.9123308775127,-489.355058337052,90.3199812298397));
#11068=CARTESIAN_POINT('',(43.9123308775127,-486.,95.6999998509897));
#11069=CARTESIAN_POINT('Origin',(43.9123308775127,-491.,35.2999998509892));
#11070=CARTESIAN_POINT('',(43.9123308775127,-486.,35.2999998509892));
#11071=CARTESIAN_POINT('',(43.9123308775127,-486.,95.6999998509897));
#11072=CARTESIAN_POINT('',(43.9123308775127,-503.,35.2999998509892));
#11073=CARTESIAN_POINT('',(43.9123308775127,-501.,35.2999998509892));
#11074=CARTESIAN_POINT('',(43.9123308775127,-503.,95.6999998509897));
#11075=CARTESIAN_POINT('Origin',(82.3561655505136,-486.,77.9999998509895));
#11076=CARTESIAN_POINT('',(56.9800857073957,-486.,102.086240528559));
#11077=CARTESIAN_POINT('',(57.9986628928762,-486.,103.003371545796));
#11078=CARTESIAN_POINT('',(55.1894953889769,-486.,102.08624052856));
#11079=CARTESIAN_POINT('',(54.6681256289546,-486.,102.08624052856));
#11080=CARTESIAN_POINT('',(76.4000002235155,-486.,120.69999985099));
#11081=CARTESIAN_POINT('',(76.4000002235155,-486.,120.69999985099));
#11082=CARTESIAN_POINT('',(116.800000223515,-486.,120.69999985099));
#11083=CARTESIAN_POINT('',(116.800000223515,-486.,120.69999985099));
#11084=CARTESIAN_POINT('',(116.799997389317,-486.,58.2324961479195));
#11085=CARTESIAN_POINT('',(116.800000223515,-486.,56.2999998509897));
#11086=CARTESIAN_POINT('',(116.799997389317,-486.,49.9564961479195));
#11087=CARTESIAN_POINT('',(116.800001147389,-486.,13.9782479994545));
#11088=CARTESIAN_POINT('',(116.799998547137,-486.,45.3999989852309));
#11089=CARTESIAN_POINT('',(116.800001147389,-486.,13.9782479994545));
#11090=CARTESIAN_POINT('',(116.799997389317,-486.,-20.0435038520805));
#11091=CARTESIAN_POINT('',(116.799997389317,-486.,-20.0435038520805));
#11092=CARTESIAN_POINT('',(116.799997389317,-486.,-50.0435038520805));
#11093=CARTESIAN_POINT('',(116.799997389317,-486.,-20.0435038520805));
#11094=CARTESIAN_POINT('',(77.0000011473894,-485.999989137053,-50.0435038520805));
#11095=CARTESIAN_POINT('',(116.799997389317,-486.,-50.0435038520805));
#11096=CARTESIAN_POINT('',(76.9999973893166,-486.,-20.0435038520805));
#11097=CARTESIAN_POINT('',(77.0000011473894,-485.999989137053,-50.0435038520805));
#11098=CARTESIAN_POINT('',(76.9999985471368,-485.999989137053,-0.0435038520784133));
#11099=CARTESIAN_POINT('',(77.0000011473894,-485.999989137053,-50.0435038520805));
#11100=CARTESIAN_POINT('',(76.9999985471368,-486.,35.2999989852309));
#11101=CARTESIAN_POINT('',(76.9999973893166,-486.,-20.0435038520805));
#11102=CARTESIAN_POINT('',(77.9999985471368,-486.,35.2999989852309));
#11103=CARTESIAN_POINT('',(79.6780820488252,-486.,35.2999989852309));
#11104=CARTESIAN_POINT('',(77.9999985471368,-486.,45.3999989852309));
#11105=CARTESIAN_POINT('',(77.9999985471368,-486.,59.1749994181102));
#11106=CARTESIAN_POINT('',(57.9999985471368,-486.,45.3999989852309));
#11107=CARTESIAN_POINT('',(76.9999985471368,-486.,45.3999989852309));
#11108=CARTESIAN_POINT('',(57.9999985471368,-486.,35.2999998509892));
#11109=CARTESIAN_POINT('',(57.9999985471368,-486.,61.6999994181102));
#11110=CARTESIAN_POINT('',(45.9123308775127,-486.,35.2999998509892));
#11111=CARTESIAN_POINT('',(86.5000044410117,-486.,70.4000008940697));
#11112=CARTESIAN_POINT('',(106.500004441012,-486.,70.4000008940697));
#11113=CARTESIAN_POINT('',(105.500004441012,-486.,70.4000008940697));
#11114=CARTESIAN_POINT('',(86.5000044410117,-486.,60.0000008940697));
#11115=CARTESIAN_POINT('',(86.5000044410117,-486.,74.2000003725296));
#11116=CARTESIAN_POINT('',(106.500004441012,-486.,60.0000008940697));
#11117=CARTESIAN_POINT('',(93.9280849957627,-486.,60.0000008940697));
#11118=CARTESIAN_POINT('',(106.500004441012,-486.,69.0000003725296));
#11119=CARTESIAN_POINT('',(108.400000223516,-486.,88.6999998509894));
#11120=CARTESIAN_POINT('',(114.800000223516,-486.,88.6999998509897));
#11121=CARTESIAN_POINT('',(108.400000223516,-486.,88.6999998509894));
#11122=CARTESIAN_POINT('',(108.400000223515,-486.,113.299999850989));
#11123=CARTESIAN_POINT('',(108.400000223515,-486.,113.299999850989));
#11124=CARTESIAN_POINT('',(114.800000223515,-486.,113.29999985099));
#11125=CARTESIAN_POINT('',(114.800000223515,-486.,113.29999985099));
#11126=CARTESIAN_POINT('',(114.800000223515,-486.,118.69999985099));
#11127=CARTESIAN_POINT('',(114.800000223515,-486.,118.69999985099));
#11128=CARTESIAN_POINT('',(113.300000223515,-486.,118.69999985099));
#11129=CARTESIAN_POINT('',(113.300000223515,-486.,118.69999985099));
#11130=CARTESIAN_POINT('',(113.300000223515,-486.,114.79999985099));
#11131=CARTESIAN_POINT('',(113.300000223515,-486.,114.79999985099));
#11132=CARTESIAN_POINT('',(108.400000223515,-486.,114.799999850989));
#11133=CARTESIAN_POINT('',(108.400000223515,-486.,114.799999850989));
#11134=CARTESIAN_POINT('',(108.400000223515,-486.,115.699999850989));
#11135=CARTESIAN_POINT('',(108.400000223515,-486.,115.699999850989));
#11136=CARTESIAN_POINT('',(106.900000223515,-486.,115.699999850989));
#11137=CARTESIAN_POINT('',(106.900000223515,-486.,115.699999850989));
#11138=CARTESIAN_POINT('',(106.900000223516,-486.,86.3999998509893));
#11139=CARTESIAN_POINT('',(106.900000223516,-486.,86.3999998509893));
#11140=CARTESIAN_POINT('',(108.400000223516,-486.,86.3999998509894));
#11141=CARTESIAN_POINT('',(108.400000223516,-486.,86.3999998509894));
#11142=CARTESIAN_POINT('',(108.400000223516,-486.,87.1999998509894));
#11143=CARTESIAN_POINT('',(108.400000223516,-486.,87.1999998509894));
#11144=CARTESIAN_POINT('',(113.300000223516,-486.,87.1999998509896));
#11145=CARTESIAN_POINT('',(113.300000223516,-486.,87.1999998509896));
#11146=CARTESIAN_POINT('',(113.300000223517,-486.,83.2999998509896));
#11147=CARTESIAN_POINT('',(113.300000223517,-486.,83.2999998509896));
#11148=CARTESIAN_POINT('',(114.800000223516,-486.,83.2999998509897));
#11149=CARTESIAN_POINT('',(114.800000223516,-486.,83.2999998509897));
#11150=CARTESIAN_POINT('',(114.800000223516,-486.,88.6999998509897));
#11151=CARTESIAN_POINT('',(56.3000002235165,-486.,37.2999998509892));
#11152=CARTESIAN_POINT('',(56.3000002235163,-486.,41.1999998509896));
#11153=CARTESIAN_POINT('',(56.3000002235165,-486.,37.2999998509896));
#11154=CARTESIAN_POINT('',(57.8000002235162,-486.,37.2999998509892));
#11155=CARTESIAN_POINT('',(49.9123308775127,-486.,37.2999998509892));
#11156=CARTESIAN_POINT('',(57.8000002235162,-486.,42.6999998509897));
#11157=CARTESIAN_POINT('',(57.8000002235162,-486.,37.2999998509892));
#11158=CARTESIAN_POINT('',(51.4000002235162,-486.,42.6999998509897));
#11159=CARTESIAN_POINT('',(57.8000002235162,-486.,42.6999998509897));
#11160=CARTESIAN_POINT('',(51.4000002235149,-486.,67.2999998509894));
#11161=CARTESIAN_POINT('',(51.4000002235149,-486.,67.2999998509894));
#11162=CARTESIAN_POINT('',(57.8000002235149,-486.,67.2999998509897));
#11163=CARTESIAN_POINT('',(57.8000002235149,-486.,67.2999998509897));
#11164=CARTESIAN_POINT('',(57.8000002235146,-486.,72.6999998509897));
#11165=CARTESIAN_POINT('',(57.8000002235146,-486.,72.6999998509897));
#11166=CARTESIAN_POINT('',(56.3000002235146,-486.,72.6999998509896));
#11167=CARTESIAN_POINT('',(56.3000002235146,-486.,72.6999998509896));
#11168=CARTESIAN_POINT('',(56.3000002235148,-486.,68.7999998509896));
#11169=CARTESIAN_POINT('',(56.3000002235148,-486.,68.7999998509896));
#11170=CARTESIAN_POINT('',(51.4000002235148,-486.,68.7999998509894));
#11171=CARTESIAN_POINT('',(51.4000002235148,-486.,68.7999998509894));
#11172=CARTESIAN_POINT('',(51.4000002235147,-486.,69.6999998509894));
#11173=CARTESIAN_POINT('',(51.4000002235147,-486.,69.6999998509894));
#11174=CARTESIAN_POINT('',(49.9000002235148,-486.,69.6999998509893));
#11175=CARTESIAN_POINT('',(49.9000002235148,-486.,69.6999998509893));
#11176=CARTESIAN_POINT('',(49.9000002235163,-486.,40.3999998509893));
#11177=CARTESIAN_POINT('',(49.9000002235163,-486.,40.3999998509893));
#11178=CARTESIAN_POINT('',(51.4000002235163,-486.,40.3999998509894));
#11179=CARTESIAN_POINT('',(51.4000002235163,-486.,40.3999998509894));
#11180=CARTESIAN_POINT('',(51.4000002235163,-486.,41.1999998509894));
#11181=CARTESIAN_POINT('',(51.4000002235163,-486.,41.1999998509894));
#11182=CARTESIAN_POINT('',(56.3000002235163,-486.,41.1999998509896));
#11183=CARTESIAN_POINT('',(84.8000002235164,-486.,58.2324961479195));
#11184=CARTESIAN_POINT('',(84.8000002235163,-486.,62.1999998509896));
#11185=CARTESIAN_POINT('',(84.8000002235165,-486.,58.2999998509896));
#11186=CARTESIAN_POINT('',(86.3000002235165,-486.,58.2324961479195));
#11187=CARTESIAN_POINT('',(77.0000011473894,-486.,58.2324961479195));
#11188=CARTESIAN_POINT('',(86.3000002235165,-486.,63.7428304772297));
#11189=CARTESIAN_POINT('',(86.3000002235165,-486.,63.7428304772297));
#11190=CARTESIAN_POINT('',(79.9000002235162,-486.,63.7428304772297));
#11191=CARTESIAN_POINT('',(78.4000002235155,-486.,63.7428304772297));
#11192=CARTESIAN_POINT('',(79.9000002235149,-486.,88.2999998509894));
#11193=CARTESIAN_POINT('',(79.9000002235149,-486.,88.2999998509894));
#11194=CARTESIAN_POINT('',(86.3000002235149,-486.,88.2999998509897));
#11195=CARTESIAN_POINT('',(86.3000002235149,-486.,88.2999998509897));
#11196=CARTESIAN_POINT('',(86.3000002235146,-486.,93.6999998509897));
#11197=CARTESIAN_POINT('',(86.3000002235146,-486.,93.6999998509897));
#11198=CARTESIAN_POINT('',(84.8000002235146,-486.,93.6999998509896));
#11199=CARTESIAN_POINT('',(84.8000002235146,-486.,93.6999998509896));
#11200=CARTESIAN_POINT('',(84.8000002235148,-486.,89.7999998509896));
#11201=CARTESIAN_POINT('',(84.8000002235148,-486.,89.7999998509896));
#11202=CARTESIAN_POINT('',(79.9000002235148,-486.,89.7999998509894));
#11203=CARTESIAN_POINT('',(79.9000002235148,-486.,89.7999998509894));
#11204=CARTESIAN_POINT('',(79.9000002235148,-486.,90.6999998509894));
#11205=CARTESIAN_POINT('',(79.9000002235148,-486.,90.6999998509894));
#11206=CARTESIAN_POINT('',(78.4000002235148,-486.,90.6999998509893));
#11207=CARTESIAN_POINT('',(78.4000002235148,-486.,90.6999998509893));
#11208=CARTESIAN_POINT('',(78.4000002235155,-486.,61.3999998509893));
#11209=CARTESIAN_POINT('',(78.4000002235155,-486.,58.2999998509897));
#11210=CARTESIAN_POINT('',(79.9000002235163,-486.,61.3999998509894));
#11211=CARTESIAN_POINT('',(79.9000002235163,-486.,61.3999998509894));
#11212=CARTESIAN_POINT('',(79.9000002235163,-486.,62.1999998509894));
#11213=CARTESIAN_POINT('',(79.9000002235163,-486.,62.1999998509894));
#11214=CARTESIAN_POINT('',(84.8000002235163,-486.,62.1999998509896));
#11215=CARTESIAN_POINT('Origin',(-82.3561655505136,-486.,77.9999998509895));
#11216=CARTESIAN_POINT('',(-57.9999985471368,-486.,35.2999998509892));
#11217=CARTESIAN_POINT('',(-45.9123308775127,-486.,35.2999998509892));
#11218=CARTESIAN_POINT('',(-57.9999985471368,-486.,45.3999989852309));
#11219=CARTESIAN_POINT('',(-57.9999985471368,-486.,61.6999994181102));
#11220=CARTESIAN_POINT('',(-77.9999985471368,-486.,45.3999989852309));
#11221=CARTESIAN_POINT('',(-76.9999985471368,-486.,45.3999989852309));
#11222=CARTESIAN_POINT('',(-77.9999985471368,-486.,35.2999989852309));
#11223=CARTESIAN_POINT('',(-77.9999985471368,-486.,59.1749994181102));
#11224=CARTESIAN_POINT('',(-76.9999985471368,-486.,35.2999989852309));
#11225=CARTESIAN_POINT('',(-79.6780820488252,-486.,35.2999989852309));
#11226=CARTESIAN_POINT('',(-76.9999985471368,-485.999989137053,-0.0435038520784133));
#11227=CARTESIAN_POINT('',(-76.9999973893166,-486.,-20.0435038520805));
#11228=CARTESIAN_POINT('',(-76.9999973893166,-486.,-20.0435038520805));
#11229=CARTESIAN_POINT('',(-77.0000011473894,-485.999989137053,-50.0435038520805));
#11230=CARTESIAN_POINT('',(-77.0000011473894,-485.999989137053,-50.0435038520805));
#11231=CARTESIAN_POINT('',(-77.0000011473894,-485.999989137053,-50.0435038520805));
#11232=CARTESIAN_POINT('',(-116.799997389317,-486.,-50.0435038520805));
#11233=CARTESIAN_POINT('',(-116.799997389317,-486.,-50.0435038520805));
#11234=CARTESIAN_POINT('',(-116.799997389317,-486.,-20.0435038520805));
#11235=CARTESIAN_POINT('',(-116.799997389317,-486.,-20.0435038520805));
#11236=CARTESIAN_POINT('',(-116.799998547137,-486.,45.3999989852309));
#11237=CARTESIAN_POINT('',(-116.799997389317,-486.,-20.0435038520805));
#11238=CARTESIAN_POINT('',(-116.799997389317,-486.,49.9564961479195));
#11239=CARTESIAN_POINT('',(-116.800001147389,-486.,13.9782479994545));
#11240=CARTESIAN_POINT('',(-116.799997389317,-486.,58.2324961479195));
#11241=CARTESIAN_POINT('',(-116.800001147389,-486.,13.9782479994545));
#11242=CARTESIAN_POINT('',(-116.800000223515,-486.,120.69999985099));
#11243=CARTESIAN_POINT('',(-116.800000223515,-486.,56.2999998509897));
#11244=CARTESIAN_POINT('',(-76.4000002235155,-486.,120.69999985099));
#11245=CARTESIAN_POINT('',(-116.800000223515,-486.,120.69999985099));
#11246=CARTESIAN_POINT('',(-55.189495388982,-486.,102.086240528564));
#11247=CARTESIAN_POINT('',(-76.4000002235155,-486.,120.69999985099));
#11248=CARTESIAN_POINT('',(-57.0206236009662,-486.,102.086240528564));
#11249=CARTESIAN_POINT('',(-69.6883945757399,-486.,102.086240528564));
#11250=CARTESIAN_POINT('',(-43.1651104625755,-486.,89.6106804629352));
#11251=CARTESIAN_POINT('',(-84.8000002235164,-486.,58.2324961479195));
#11252=CARTESIAN_POINT('',(-84.8000002235163,-486.,62.1999998509896));
#11253=CARTESIAN_POINT('',(-84.8000002235165,-486.,58.2999998509896));
#11254=CARTESIAN_POINT('',(-79.9000002235163,-486.,62.1999998509894));
#11255=CARTESIAN_POINT('',(-84.8000002235163,-486.,62.1999998509896));
#11256=CARTESIAN_POINT('',(-79.9000002235163,-486.,61.3999998509894));
#11257=CARTESIAN_POINT('',(-79.9000002235163,-486.,62.1999998509894));
#11258=CARTESIAN_POINT('',(-78.4000002235155,-486.,61.3999998509893));
#11259=CARTESIAN_POINT('',(-79.9000002235163,-486.,61.3999998509894));
#11260=CARTESIAN_POINT('',(-78.4000002235148,-486.,90.6999998509893));
#11261=CARTESIAN_POINT('',(-78.4000002235155,-486.,58.2999998509897));
#11262=CARTESIAN_POINT('',(-79.9000002235148,-486.,90.6999998509894));
#11263=CARTESIAN_POINT('',(-78.4000002235148,-486.,90.6999998509893));
#11264=CARTESIAN_POINT('',(-79.9000002235148,-486.,89.7999998509894));
#11265=CARTESIAN_POINT('',(-79.9000002235148,-486.,90.6999998509894));
#11266=CARTESIAN_POINT('',(-84.8000002235148,-486.,89.7999998509896));
#11267=CARTESIAN_POINT('',(-79.9000002235148,-486.,89.7999998509894));
#11268=CARTESIAN_POINT('',(-84.8000002235146,-486.,93.6999998509896));
#11269=CARTESIAN_POINT('',(-84.8000002235148,-486.,89.7999998509896));
#11270=CARTESIAN_POINT('',(-86.3000002235146,-486.,93.6999998509897));
#11271=CARTESIAN_POINT('',(-84.8000002235146,-486.,93.6999998509896));
#11272=CARTESIAN_POINT('',(-86.3000002235149,-486.,88.2999998509897));
#11273=CARTESIAN_POINT('',(-86.3000002235146,-486.,93.6999998509897));
#11274=CARTESIAN_POINT('',(-79.9000002235149,-486.,88.2999998509894));
#11275=CARTESIAN_POINT('',(-86.3000002235149,-486.,88.2999998509897));
#11276=CARTESIAN_POINT('',(-79.9000002235162,-486.,63.7428304772297));
#11277=CARTESIAN_POINT('',(-79.9000002235149,-486.,88.2999998509894));
#11278=CARTESIAN_POINT('',(-86.3000002235165,-486.,63.7428304772297));
#11279=CARTESIAN_POINT('',(-78.4000002235155,-486.,63.7428304772297));
#11280=CARTESIAN_POINT('',(-86.3000002235165,-486.,58.2324961479195));
#11281=CARTESIAN_POINT('',(-86.3000002235165,-486.,63.7428304772297));
#11282=CARTESIAN_POINT('',(-77.0000011473894,-486.,58.2324961479195));
#11283=CARTESIAN_POINT('',(-56.3000002235165,-486.,37.2999998509892));
#11284=CARTESIAN_POINT('',(-56.3000002235163,-486.,41.1999998509896));
#11285=CARTESIAN_POINT('',(-56.3000002235165,-486.,37.2999998509896));
#11286=CARTESIAN_POINT('',(-51.4000002235163,-486.,41.1999998509894));
#11287=CARTESIAN_POINT('',(-56.3000002235163,-486.,41.1999998509896));
#11288=CARTESIAN_POINT('',(-51.4000002235163,-486.,40.3999998509894));
#11289=CARTESIAN_POINT('',(-51.4000002235163,-486.,41.1999998509894));
#11290=CARTESIAN_POINT('',(-49.9000002235163,-486.,40.3999998509893));
#11291=CARTESIAN_POINT('',(-51.4000002235163,-486.,40.3999998509894));
#11292=CARTESIAN_POINT('',(-49.9000002235148,-486.,69.6999998509893));
#11293=CARTESIAN_POINT('',(-49.9000002235163,-486.,40.3999998509893));
#11294=CARTESIAN_POINT('',(-51.4000002235147,-486.,69.6999998509894));
#11295=CARTESIAN_POINT('',(-49.9000002235148,-486.,69.6999998509893));
#11296=CARTESIAN_POINT('',(-51.4000002235148,-486.,68.7999998509894));
#11297=CARTESIAN_POINT('',(-51.4000002235147,-486.,69.6999998509894));
#11298=CARTESIAN_POINT('',(-56.3000002235148,-486.,68.7999998509896));
#11299=CARTESIAN_POINT('',(-51.4000002235148,-486.,68.7999998509894));
#11300=CARTESIAN_POINT('',(-56.3000002235146,-486.,72.6999998509896));
#11301=CARTESIAN_POINT('',(-56.3000002235148,-486.,68.7999998509896));
#11302=CARTESIAN_POINT('',(-57.8000002235146,-486.,72.6999998509897));
#11303=CARTESIAN_POINT('',(-56.3000002235146,-486.,72.6999998509896));
#11304=CARTESIAN_POINT('',(-57.8000002235149,-486.,67.2999998509897));
#11305=CARTESIAN_POINT('',(-57.8000002235146,-486.,72.6999998509897));
#11306=CARTESIAN_POINT('',(-51.4000002235149,-486.,67.2999998509894));
#11307=CARTESIAN_POINT('',(-57.8000002235149,-486.,67.2999998509897));
#11308=CARTESIAN_POINT('',(-51.4000002235162,-486.,42.6999998509897));
#11309=CARTESIAN_POINT('',(-51.4000002235149,-486.,67.2999998509894));
#11310=CARTESIAN_POINT('',(-57.8000002235162,-486.,42.6999998509897));
#11311=CARTESIAN_POINT('',(-57.8000002235162,-486.,42.6999998509897));
#11312=CARTESIAN_POINT('',(-57.8000002235162,-486.,37.2999998509892));
#11313=CARTESIAN_POINT('',(-57.8000002235162,-486.,37.2999998509892));
#11314=CARTESIAN_POINT('',(-49.9123308775127,-486.,37.2999998509892));
#11315=CARTESIAN_POINT('',(-108.400000223516,-486.,88.6999998509894));
#11316=CARTESIAN_POINT('',(-114.800000223516,-486.,88.6999998509897));
#11317=CARTESIAN_POINT('',(-108.400000223516,-486.,88.6999998509894));
#11318=CARTESIAN_POINT('',(-114.800000223516,-486.,83.2999998509897));
#11319=CARTESIAN_POINT('',(-114.800000223516,-486.,88.6999998509897));
#11320=CARTESIAN_POINT('',(-113.300000223517,-486.,83.2999998509896));
#11321=CARTESIAN_POINT('',(-114.800000223516,-486.,83.2999998509897));
#11322=CARTESIAN_POINT('',(-113.300000223516,-486.,87.1999998509896));
#11323=CARTESIAN_POINT('',(-113.300000223517,-486.,83.2999998509896));
#11324=CARTESIAN_POINT('',(-108.400000223516,-486.,87.1999998509894));
#11325=CARTESIAN_POINT('',(-113.300000223516,-486.,87.1999998509896));
#11326=CARTESIAN_POINT('',(-108.400000223516,-486.,86.3999998509894));
#11327=CARTESIAN_POINT('',(-108.400000223516,-486.,87.1999998509894));
#11328=CARTESIAN_POINT('',(-106.900000223516,-486.,86.3999998509893));
#11329=CARTESIAN_POINT('',(-108.400000223516,-486.,86.3999998509894));
#11330=CARTESIAN_POINT('',(-106.900000223515,-486.,115.699999850989));
#11331=CARTESIAN_POINT('',(-106.900000223516,-486.,86.3999998509893));
#11332=CARTESIAN_POINT('',(-108.400000223515,-486.,115.699999850989));
#11333=CARTESIAN_POINT('',(-106.900000223515,-486.,115.699999850989));
#11334=CARTESIAN_POINT('',(-108.400000223515,-486.,114.799999850989));
#11335=CARTESIAN_POINT('',(-108.400000223515,-486.,115.699999850989));
#11336=CARTESIAN_POINT('',(-113.300000223515,-486.,114.79999985099));
#11337=CARTESIAN_POINT('',(-108.400000223515,-486.,114.799999850989));
#11338=CARTESIAN_POINT('',(-113.300000223515,-486.,118.69999985099));
#11339=CARTESIAN_POINT('',(-113.300000223515,-486.,114.79999985099));
#11340=CARTESIAN_POINT('',(-114.800000223515,-486.,118.69999985099));
#11341=CARTESIAN_POINT('',(-113.300000223515,-486.,118.69999985099));
#11342=CARTESIAN_POINT('',(-114.800000223515,-486.,113.29999985099));
#11343=CARTESIAN_POINT('',(-114.800000223515,-486.,118.69999985099));
#11344=CARTESIAN_POINT('',(-108.400000223515,-486.,113.299999850989));
#11345=CARTESIAN_POINT('',(-114.800000223515,-486.,113.29999985099));
#11346=CARTESIAN_POINT('',(-108.400000223515,-486.,113.299999850989));
#11347=CARTESIAN_POINT('',(-86.5000044410117,-486.,70.4000008940697));
#11348=CARTESIAN_POINT('',(-106.500004441012,-486.,70.4000008940697));
#11349=CARTESIAN_POINT('',(-105.500004441012,-486.,70.4000008940697));
#11350=CARTESIAN_POINT('',(-106.500004441012,-486.,60.0000008940697));
#11351=CARTESIAN_POINT('',(-106.500004441012,-486.,69.0000003725296));
#11352=CARTESIAN_POINT('',(-86.5000044410117,-486.,60.0000008940697));
#11353=CARTESIAN_POINT('',(-93.9280849957627,-486.,60.0000008940697));
#11354=CARTESIAN_POINT('',(-86.5000044410117,-486.,74.2000003725296));
#11355=CARTESIAN_POINT('Origin',(-57.0206236009662,-487.710116674105,102.086240528564));
#11356=CARTESIAN_POINT('',(-55.1894953889787,-503.,102.086240528561));
#11357=CARTESIAN_POINT('',(-55.1894953889813,-489.355058337054,102.086240528564));
#11358=CARTESIAN_POINT('',(-57.0206236009662,-503.,102.086240528564));
#11359=CARTESIAN_POINT('',(-69.1883945757399,-503.,102.086240528561));
#11360=CARTESIAN_POINT('',(-57.0206236009662,-503.000116674081,102.086240528564));
#11361=CARTESIAN_POINT('',(-57.0206236009662,-487.710116674081,102.086240528564));
#11362=CARTESIAN_POINT('',(-46.0206234370534,-503.000116674081,102.086240528564));
#11363=CARTESIAN_POINT('',(-49.5891753461922,-503.000116674081,102.086240528561));
#11364=CARTESIAN_POINT('',(-46.0206234370534,-487.710116674081,102.086240528564));
#11365=CARTESIAN_POINT('',(-46.0206234370534,-487.710116674081,102.086240528564));
#11366=CARTESIAN_POINT('',(-27.0206236009662,-487.710116674102,102.086240528564));
#11367=CARTESIAN_POINT('',(-27.0206236009662,-487.710116674102,102.086240528564));
#11368=CARTESIAN_POINT('',(-27.0206236009674,-477.710116674102,102.086240528566));
#11369=CARTESIAN_POINT('',(-27.0206236009662,-487.710116674102,102.086240528564));
#11370=CARTESIAN_POINT('',(-57.0206236009674,-477.710116674105,102.086240528566));
#11371=CARTESIAN_POINT('',(-27.0206236009674,-477.710116674102,102.086240528566));
#11372=CARTESIAN_POINT('',(-57.0206236009662,-487.710116674081,102.086240528564));
#11373=CARTESIAN_POINT('Origin',(56.9800857073957,-487.710116674091,102.086240528559));
#11374=CARTESIAN_POINT('',(56.9800857073957,-503.,102.086240528559));
#11375=CARTESIAN_POINT('',(57.7225307770617,-503.,102.754741071951));
#11376=CARTESIAN_POINT('',(56.9800857073957,-503.000116674081,102.086240528559));
#11377=CARTESIAN_POINT('',(56.9800857073957,-487.710116674081,102.086240528559));
#11378=CARTESIAN_POINT('',(43.5325582780331,-503.000116674081,89.9780324453509));
#11379=CARTESIAN_POINT('',(49.5486374526239,-503.000116674081,95.3949344649685));
#11380=CARTESIAN_POINT('',(43.5325582780412,-487.710116674091,89.9780324453626));
#11381=CARTESIAN_POINT('',(43.5325582780412,-487.710116674073,89.9780324453626));
#11382=CARTESIAN_POINT('',(27.2542926882999,-487.71011667409,75.3210162742051));
#11383=CARTESIAN_POINT('',(37.9134300259634,-487.710116674091,84.9185466417634));
#11384=CARTESIAN_POINT('',(27.2542926882986,-477.71011667409,75.3210162742068));
#11385=CARTESIAN_POINT('',(27.2542926882999,-487.71011667409,75.3210162742051));
#11386=CARTESIAN_POINT('',(56.9800857073944,-477.710116674091,102.086240528561));
#11387=CARTESIAN_POINT('',(56.9800857073944,-477.710116674091,102.086240528561));
#11388=CARTESIAN_POINT('',(56.9800857073957,-487.710116674081,102.086240528559));
#11389=CARTESIAN_POINT('Origin',(-41.9002693586853,-487.710116674092,91.8358942416141));
#11390=CARTESIAN_POINT('',(-39.8518349525361,-503.000116674081,93.2690433907623));
#11391=CARTESIAN_POINT('',(-43.5730958745808,-503.000116674081,89.9780321779183));
#11392=CARTESIAN_POINT('Origin',(-41.9002693586837,-503.000116674081,91.8358942416118));
#11393=CARTESIAN_POINT('',(-43.5730958745824,-487.710116674102,89.9780321779206));
#11394=CARTESIAN_POINT('',(-43.5730958745824,-487.710116674092,89.9780321779206));
#11395=CARTESIAN_POINT('',(-39.8518349525377,-487.710116674102,93.2690433907646));
#11396=CARTESIAN_POINT('Origin',(-41.9002693586853,-487.710116674101,91.8358942416141));
#11397=CARTESIAN_POINT('',(-39.8518349525377,-487.710116674092,93.2690433907646));
#11398=CARTESIAN_POINT('Origin',(-27.2948305818704,-487.710116674095,75.3210162742096));
#11399=CARTESIAN_POINT('',(-27.2948305818716,-477.710116674095,75.3210162742113));
#11400=CARTESIAN_POINT('',(-57.0206236009674,-477.710116674105,102.086240528566));
#11401=CARTESIAN_POINT('',(-27.2948305818704,-487.710116674095,75.3210162742096));
#11402=CARTESIAN_POINT('',(-27.2948305818704,-487.710116674095,75.3210162742096));
#11403=CARTESIAN_POINT('',(-23.0910714099848,-487.710116674096,71.5359345145897));
#11404=CARTESIAN_POINT('',(-34.7262788366447,-503.000116674081,82.0123223377977));
#11405=CARTESIAN_POINT('',(-42.8889783467591,-503.,89.3620499890926));
#11406=CARTESIAN_POINT('Origin',(-42.1577270914183,-503.000116674081,88.7036284013867));
#11407=CARTESIAN_POINT('',(-32.8800020619654,-503.000116674081,83.304035648601));
#11408=CARTESIAN_POINT('Origin',(41.8597317621441,-487.710116674073,91.835894509056));
#11409=CARTESIAN_POINT('',(39.8112973618808,-503.000116674081,93.2690436666171));
#11410=CARTESIAN_POINT('Origin',(41.859731762136,-503.000116674083,91.8358945090444));
#11411=CARTESIAN_POINT('',(39.811297361889,-487.710116674092,93.2690436666288));
#11412=CARTESIAN_POINT('',(39.811297361889,-487.710116674073,93.2690436666288));
#11413=CARTESIAN_POINT('Origin',(41.8597317621441,-487.710116674121,91.835894509056));
#11414=CARTESIAN_POINT('Origin',(45.9800857073957,-487.710116674081,102.086240528559));
#11415=CARTESIAN_POINT('',(45.9800857073957,-503.000116674081,102.086240528559));
#11416=CARTESIAN_POINT('',(42.2023607160764,-503.000116674081,96.686647760401));
#11417=CARTESIAN_POINT('',(45.9800857073957,-487.710116674081,102.086240528559));
#11418=CARTESIAN_POINT('',(45.9800857073957,-487.710116674081,102.086240528559));
#11419=CARTESIAN_POINT('',(35.2788965804627,-487.710116674091,86.7907747248661));
#11420=CARTESIAN_POINT('Origin',(42.1171891978478,-503.000116674081,88.7036284013823));
#11421=CARTESIAN_POINT('',(34.5486374526217,-503.000116674081,102.086240528557));
#11422=CARTESIAN_POINT('Origin',(-27.2948305818704,-487.710116674081,75.3210162742096));
#11423=CARTESIAN_POINT('',(-25.956538007728,-487.710116674097,73.4081626427574));
#11424=CARTESIAN_POINT('Origin',(-0.0202689467852579,-487.710116674096,
88.7048271521276));
#11425=CARTESIAN_POINT('',(-27.2948305818704,-487.710116674095,75.3210162742096));
#11426=CARTESIAN_POINT('',(26.9800857073957,-487.710116674095,102.086240528559));
#11427=CARTESIAN_POINT('',(26.9800857073957,-487.710116674095,102.086240528559));
#11428=CARTESIAN_POINT('Ctrl Pts',(-27.0206236009662,-487.710116674102,
102.086240528564));
#11429=CARTESIAN_POINT('Ctrl Pts',(-27.0206236009662,-487.710116674102,
101.752907195231));
#11430=CARTESIAN_POINT('Ctrl Pts',(-27.0206236009663,-487.710116674102,
101.419573861897));
#11431=CARTESIAN_POINT('Ctrl Pts',(-27.0206236009664,-487.710116674101,
101.086240528564));
#11432=CARTESIAN_POINT('Ctrl Pts',(-27.0206236009665,-487.710116674101,
100.311191100715));
#11433=CARTESIAN_POINT('Ctrl Pts',(-26.91400786584,-487.710116674101,99.5477374793365));
#11434=CARTESIAN_POINT('Ctrl Pts',(-26.7261976517924,-487.710116674101,
98.812037458926));
#11435=CARTESIAN_POINT('Ctrl Pts',(-26.5386713955872,-487.710116674101,
98.0774497730684));
#11436=CARTESIAN_POINT('Ctrl Pts',(-26.270029729118,-487.710116674101,97.3716950768772));
#11437=CARTESIAN_POINT('Ctrl Pts',(-25.9447872103283,-487.710116674101,
96.703788519725));
#11438=CARTESIAN_POINT('Ctrl Pts',(-25.6194524032192,-487.7101166741,96.0356924425373));
#11439=CARTESIAN_POINT('Ctrl Pts',(-25.2367655041051,-487.7101166741,95.4032552330103));
#11440=CARTESIAN_POINT('Ctrl Pts',(-24.810839447624,-487.7101166741,94.8047116205585));
#11441=CARTESIAN_POINT('Ctrl Pts',(-24.3862104946134,-487.7101166741,94.2079907963237));
#11442=CARTESIAN_POINT('Ctrl Pts',(-23.9184170756573,-487.7101166741,93.6453382148674));
#11443=CARTESIAN_POINT('Ctrl Pts',(-23.4217654974024,-487.7101166741,93.118403110967));
#11444=CARTESIAN_POINT('Ctrl Pts',(-22.9302316764333,-487.7101166741,92.5968978216191));
#11445=CARTESIAN_POINT('Ctrl Pts',(-22.4106815895141,-487.710116674099,
92.108797861512));
#11446=CARTESIAN_POINT('Ctrl Pts',(-21.8457487684792,-487.710116674099,
91.6346864369172));
#11447=CARTESIAN_POINT('Ctrl Pts',(-21.3098901491437,-487.710116674099,
91.184975101454));
#11448=CARTESIAN_POINT('Ctrl Pts',(-20.7374646491852,-487.710116674099,
90.7527640109599));
#11449=CARTESIAN_POINT('Ctrl Pts',(-20.1301341513416,-487.710116674099,
90.3398117030364));
#11450=CARTESIAN_POINT('Ctrl Pts',(-19.0084357392986,-487.710116674099,
89.5771166799938));
#11451=CARTESIAN_POINT('Ctrl Pts',(-17.7656384457467,-487.710116674098,
88.8794341610624));
#11452=CARTESIAN_POINT('Ctrl Pts',(-16.4105656421426,-487.710116674098,
88.2600384622883));
#11453=CARTESIAN_POINT('Ctrl Pts',(-15.1924690284522,-487.710116674098,
87.7032537631898));
#11454=CARTESIAN_POINT('Ctrl Pts',(-13.8826849901205,-487.710116674097,
87.2073688330071));
#11455=CARTESIAN_POINT('Ctrl Pts',(-12.4485781187321,-487.710116674097,
86.7754074906969));
#11456=CARTESIAN_POINT('Ctrl Pts',(-11.1761631720588,-487.710116674097,
86.3921486978507));
#11457=CARTESIAN_POINT('Ctrl Pts',(-9.8115733007049,-487.710116674097,86.0621452963537));
#11458=CARTESIAN_POINT('Ctrl Pts',(-8.35423787292453,-487.710116674097,
85.7982042452604));
#11459=CARTESIAN_POINT('Ctrl Pts',(-7.04402170760948,-487.710116674096,
85.5609082698517));
#11460=CARTESIAN_POINT('Ctrl Pts',(-5.65834564392428,-487.710116674096,
85.3768807093183));
#11461=CARTESIAN_POINT('Ctrl Pts',(-4.19671919181229,-487.710116674096,
85.2554242088645));
#11462=CARTESIAN_POINT('Ctrl Pts',(-2.86785348028909,-487.710116674096,
85.1449997028893));
#11463=CARTESIAN_POINT('Ctrl Pts',(-1.47583623096809,-487.710116674095,
85.0862405285617));
#11464=CARTESIAN_POINT('Ctrl Pts',(-0.0202697590412022,-487.710116674095,
85.0862405285616));
#11465=CARTESIAN_POINT('Ctrl Pts',(1.22416839241763,-487.710116674095,85.0862405285615));
#11466=CARTESIAN_POINT('Ctrl Pts',(2.42215771431103,-487.710116674095,85.1291674696426));
#11467=CARTESIAN_POINT('Ctrl Pts',(3.57394473678092,-487.710116674095,85.2106508582098));
#11468=CARTESIAN_POINT('Ctrl Pts',(3.76935499141171,-487.710116674095,85.2244751932626));
#11469=CARTESIAN_POINT('Ctrl Pts',(3.96343536900322,-487.710116674095,85.2394076121044));
#11470=CARTESIAN_POINT('Ctrl Pts',(4.15618720278384,-487.710116674095,85.25542469966));
#11471=CARTESIAN_POINT('Ctrl Pts',(5.61781182305351,-487.710116674095,85.3768812329499));
#11472=CARTESIAN_POINT('Ctrl Pts',(7.00348825375264,-487.710116674094,85.5609088471165));
#11473=CARTESIAN_POINT('Ctrl Pts',(8.31370666383046,-487.710116674094,85.7982054566631));
#11474=CARTESIAN_POINT('Ctrl Pts',(9.77103822011281,-487.710116674094,86.0621460597191));
#11475=CARTESIAN_POINT('Ctrl Pts',(11.1356273722384,-487.710116674094,86.392149155831));
#11476=CARTESIAN_POINT('Ctrl Pts',(12.4080443106008,-487.710116674094,86.7754087216137));
#11477=CARTESIAN_POINT('Ctrl Pts',(13.8421457394496,-487.710116674094,87.207368619614));
#11478=CARTESIAN_POINT('Ctrl Pts',(15.1519303753741,-487.710116674094,87.7032534188188));
#11479=CARTESIAN_POINT('Ctrl Pts',(16.3700277472836,-487.710116674094,88.2600384634173));
#11480=CARTESIAN_POINT('Ctrl Pts',(17.7250987653056,-487.710116674094,88.8794333448139));
#11481=CARTESIAN_POINT('Ctrl Pts',(18.9678949294079,-487.710116674094,89.5771150120741));
#11482=CARTESIAN_POINT('Ctrl Pts',(20.089592674898,-487.710116674094,90.3398092689746));
#11483=CARTESIAN_POINT('Ctrl Pts',(20.6969226828469,-487.710116674094,90.7527610743681));
#11484=CARTESIAN_POINT('Ctrl Pts',(21.2693478572102,-487.710116674094,91.1849716841786));
#11485=CARTESIAN_POINT('Ctrl Pts',(21.8052062827194,-487.710116674094,91.6346825818086));
#11486=CARTESIAN_POINT('Ctrl Pts',(22.3701388928398,-487.710116674094,92.1087935392993));
#11487=CARTESIAN_POINT('Ctrl Pts',(22.8896889432297,-487.710116674094,92.5968931141246));
#11488=CARTESIAN_POINT('Ctrl Pts',(23.3812227792359,-487.710116674094,93.1183979935705));
#11489=CARTESIAN_POINT('Ctrl Pts',(23.8778745157981,-487.710116674094,93.6453328351409));
#11490=CARTESIAN_POINT('Ctrl Pts',(24.3456681512955,-487.710116674094,94.2079851648836));
#11491=CARTESIAN_POINT('Ctrl Pts',(24.7702973666533,-487.710116674094,94.8047057359287));
#11492=CARTESIAN_POINT('Ctrl Pts',(25.1962238876924,-487.710116674094,95.4032493774527));
#11493=CARTESIAN_POINT('Ctrl Pts',(25.578911262263,-487.710116674094,96.0356866544166));
#11494=CARTESIAN_POINT('Ctrl Pts',(25.9042465512214,-487.710116674094,96.7037828434543));
#11495=CARTESIAN_POINT('Ctrl Pts',(26.229489725573,-487.710116674094,97.3716898694354));
#11496=CARTESIAN_POINT('Ctrl Pts',(26.4981320174445,-487.710116674094,98.0774451810591));
#11497=CARTESIAN_POINT('Ctrl Pts',(26.6856587617754,-487.710116674094,98.8120335610887));
#11498=CARTESIAN_POINT('Ctrl Pts',(26.8734695863565,-487.710116674094,99.5477347533287));
#11499=CARTESIAN_POINT('Ctrl Pts',(26.9800857073957,-487.710116674094,100.311189710468));
#11500=CARTESIAN_POINT('Ctrl Pts',(26.9800857073957,-487.710116674095,101.086240528559));
#11501=CARTESIAN_POINT('Ctrl Pts',(26.9800857073957,-487.710116674095,101.419573861893));
#11502=CARTESIAN_POINT('Ctrl Pts',(26.9800857073957,-487.710116674095,101.752907195226));
#11503=CARTESIAN_POINT('Ctrl Pts',(26.9800857073957,-487.710116674095,102.086240528559));
#11504=CARTESIAN_POINT('Origin',(27.2542926882999,-487.71011667409,75.3210162742051));
#11505=CARTESIAN_POINT('',(-27.2948305818716,-477.710116674095,75.3210162742113));
#11506=CARTESIAN_POINT('Origin',(26.9800857073957,-487.710116674095,102.086240528559));
#11507=CARTESIAN_POINT('',(26.9800857073944,-477.710116674095,102.086240528561));
#11508=CARTESIAN_POINT('',(26.9800857073944,-477.710116674095,102.086240528561));
#11509=CARTESIAN_POINT('',(26.9800857073957,-487.710116674095,102.086240528559));
#11510=CARTESIAN_POINT('',(55.1894953889736,-503.,102.086240528557));
#11511=CARTESIAN_POINT('',(54.1681256289547,-503.,102.086240528557));
#11512=CARTESIAN_POINT('',(55.1894953889763,-489.355058337051,102.086240528559));
#11513=CARTESIAN_POINT('Ctrl Pts',(-27.0206236009662,-487.710116674102,
102.086240528564));
#11514=CARTESIAN_POINT('Ctrl Pts',(-27.0206236009674,-477.710116674102,
102.086240528566));
#11515=CARTESIAN_POINT('Ctrl Pts',(-27.0206236009662,-487.710116674102,
101.752907195231));
#11516=CARTESIAN_POINT('Ctrl Pts',(-27.0206236009675,-477.710116674102,
101.752907195232));
#11517=CARTESIAN_POINT('Ctrl Pts',(-27.0206236009663,-487.710116674102,
101.419573861897));
#11518=CARTESIAN_POINT('Ctrl Pts',(-27.0206236009676,-477.710116674102,
101.419573861899));
#11519=CARTESIAN_POINT('Ctrl Pts',(-27.0206236009664,-487.710116674101,
101.086240528564));
#11520=CARTESIAN_POINT('Ctrl Pts',(-27.0206236009676,-477.710116674101,
101.086240528566));
#11521=CARTESIAN_POINT('Ctrl Pts',(-27.0206236009665,-487.710116674101,
100.311191100715));
#11522=CARTESIAN_POINT('Ctrl Pts',(-27.0206236009678,-477.710116674101,
100.311191100717));
#11523=CARTESIAN_POINT('Ctrl Pts',(-26.91400786584,-487.710116674101,99.5477374793365));
#11524=CARTESIAN_POINT('Ctrl Pts',(-26.9140078658412,-477.710116674101,
99.5477374793382));
#11525=CARTESIAN_POINT('Ctrl Pts',(-26.7261976517924,-487.710116674101,
98.812037458926));
#11526=CARTESIAN_POINT('Ctrl Pts',(-26.7261976517936,-477.710116674101,
98.8120374589276));
#11527=CARTESIAN_POINT('Ctrl Pts',(-26.5386713955872,-487.710116674101,
98.0774497730684));
#11528=CARTESIAN_POINT('Ctrl Pts',(-26.5386713955884,-477.710116674101,
98.0774497730701));
#11529=CARTESIAN_POINT('Ctrl Pts',(-26.270029729118,-487.710116674101,97.3716950768772));
#11530=CARTESIAN_POINT('Ctrl Pts',(-26.2700297291192,-477.710116674101,
97.3716950768788));
#11531=CARTESIAN_POINT('Ctrl Pts',(-25.9447872103283,-487.710116674101,
96.703788519725));
#11532=CARTESIAN_POINT('Ctrl Pts',(-25.9447872103296,-477.710116674101,
96.7037885197267));
#11533=CARTESIAN_POINT('Ctrl Pts',(-25.6194524032192,-487.7101166741,96.0356924425373));
#11534=CARTESIAN_POINT('Ctrl Pts',(-25.6194524032204,-477.7101166741,96.035692442539));
#11535=CARTESIAN_POINT('Ctrl Pts',(-25.2367655041051,-487.7101166741,95.4032552330103));
#11536=CARTESIAN_POINT('Ctrl Pts',(-25.2367655041064,-477.7101166741,95.403255233012));
#11537=CARTESIAN_POINT('Ctrl Pts',(-24.810839447624,-487.7101166741,94.8047116205585));
#11538=CARTESIAN_POINT('Ctrl Pts',(-24.8108394476252,-477.7101166741,94.8047116205602));
#11539=CARTESIAN_POINT('Ctrl Pts',(-24.3862104946134,-487.7101166741,94.2079907963237));
#11540=CARTESIAN_POINT('Ctrl Pts',(-24.3862104946147,-477.7101166741,94.2079907963254));
#11541=CARTESIAN_POINT('Ctrl Pts',(-23.9184170756573,-487.7101166741,93.6453382148674));
#11542=CARTESIAN_POINT('Ctrl Pts',(-23.9184170756585,-477.7101166741,93.6453382148691));
#11543=CARTESIAN_POINT('Ctrl Pts',(-23.4217654974024,-487.7101166741,93.118403110967));
#11544=CARTESIAN_POINT('Ctrl Pts',(-23.4217654974036,-477.7101166741,93.1184031109686));
#11545=CARTESIAN_POINT('Ctrl Pts',(-22.9302316764333,-487.7101166741,92.5968978216191));
#11546=CARTESIAN_POINT('Ctrl Pts',(-22.9302316764346,-477.7101166741,92.5968978216208));
#11547=CARTESIAN_POINT('Ctrl Pts',(-22.4106815895141,-487.710116674099,
92.108797861512));
#11548=CARTESIAN_POINT('Ctrl Pts',(-22.4106815895154,-477.710116674099,
92.1087978615137));
#11549=CARTESIAN_POINT('Ctrl Pts',(-21.8457487684792,-487.710116674099,
91.6346864369172));
#11550=CARTESIAN_POINT('Ctrl Pts',(-21.8457487684805,-477.710116674099,
91.6346864369189));
#11551=CARTESIAN_POINT('Ctrl Pts',(-21.3098901491437,-487.710116674099,
91.184975101454));
#11552=CARTESIAN_POINT('Ctrl Pts',(-21.3098901491449,-477.710116674099,
91.1849751014557));
#11553=CARTESIAN_POINT('Ctrl Pts',(-20.7374646491852,-487.710116674099,
90.7527640109599));
#11554=CARTESIAN_POINT('Ctrl Pts',(-20.7374646491864,-477.710116674099,
90.7527640109616));
#11555=CARTESIAN_POINT('Ctrl Pts',(-20.1301341513416,-487.710116674099,
90.3398117030364));
#11556=CARTESIAN_POINT('Ctrl Pts',(-20.1301341513428,-477.710116674099,
90.3398117030381));
#11557=CARTESIAN_POINT('Ctrl Pts',(-19.0084357392986,-487.710116674099,
89.5771166799938));
#11558=CARTESIAN_POINT('Ctrl Pts',(-19.0084357392999,-477.710116674099,
89.5771166799955));
#11559=CARTESIAN_POINT('Ctrl Pts',(-17.7656384457467,-487.710116674098,
88.8794341610624));
#11560=CARTESIAN_POINT('Ctrl Pts',(-17.765638445748,-477.710116674098,88.879434161064));
#11561=CARTESIAN_POINT('Ctrl Pts',(-16.4105656421426,-487.710116674098,
88.2600384622883));
#11562=CARTESIAN_POINT('Ctrl Pts',(-16.4105656421439,-477.710116674098,
88.26003846229));
#11563=CARTESIAN_POINT('Ctrl Pts',(-15.1924690284522,-487.710116674098,
87.7032537631898));
#11564=CARTESIAN_POINT('Ctrl Pts',(-15.1924690284535,-477.710116674098,
87.7032537631915));
#11565=CARTESIAN_POINT('Ctrl Pts',(-13.8826849901205,-487.710116674097,
87.2073688330071));
#11566=CARTESIAN_POINT('Ctrl Pts',(-13.8826849901218,-477.710116674097,
87.2073688330088));
#11567=CARTESIAN_POINT('Ctrl Pts',(-12.4485781187321,-487.710116674097,
86.7754074906969));
#11568=CARTESIAN_POINT('Ctrl Pts',(-12.4485781187334,-477.710116674097,
86.7754074906986));
#11569=CARTESIAN_POINT('Ctrl Pts',(-11.1761631720588,-487.710116674097,
86.3921486978507));
#11570=CARTESIAN_POINT('Ctrl Pts',(-11.17616317206,-477.710116674097,86.3921486978524));
#11571=CARTESIAN_POINT('Ctrl Pts',(-9.8115733007049,-487.710116674097,86.0621452963537));
#11572=CARTESIAN_POINT('Ctrl Pts',(-9.81157330070615,-477.710116674097,
86.0621452963554));
#11573=CARTESIAN_POINT('Ctrl Pts',(-8.35423787292453,-487.710116674097,
85.7982042452604));
#11574=CARTESIAN_POINT('Ctrl Pts',(-8.35423787292578,-477.710116674097,
85.7982042452621));
#11575=CARTESIAN_POINT('Ctrl Pts',(-7.04402170760948,-487.710116674096,
85.5609082698517));
#11576=CARTESIAN_POINT('Ctrl Pts',(-7.04402170761074,-477.710116674096,
85.5609082698534));
#11577=CARTESIAN_POINT('Ctrl Pts',(-5.65834564392428,-487.710116674096,
85.3768807093183));
#11578=CARTESIAN_POINT('Ctrl Pts',(-5.65834564392553,-477.710116674096,
85.37688070932));
#11579=CARTESIAN_POINT('Ctrl Pts',(-4.19671919181229,-487.710116674096,
85.2554242088645));
#11580=CARTESIAN_POINT('Ctrl Pts',(-4.19671919181354,-477.710116674096,
85.2554242088662));
#11581=CARTESIAN_POINT('Ctrl Pts',(-2.86785348028909,-487.710116674096,
85.1449997028893));
#11582=CARTESIAN_POINT('Ctrl Pts',(-2.86785348029034,-477.710116674096,
85.144999702891));
#11583=CARTESIAN_POINT('Ctrl Pts',(-1.47583623096809,-487.710116674095,
85.0862405285617));
#11584=CARTESIAN_POINT('Ctrl Pts',(-1.47583623096934,-477.710116674095,
85.0862405285634));
#11585=CARTESIAN_POINT('Ctrl Pts',(-0.0202697590412022,-487.710116674095,
85.0862405285616));
#11586=CARTESIAN_POINT('Ctrl Pts',(-0.0202697590424546,-477.710116674095,
85.0862405285633));
#11587=CARTESIAN_POINT('Ctrl Pts',(1.22416839241763,-487.710116674095,85.0862405285615));
#11588=CARTESIAN_POINT('Ctrl Pts',(1.22416839241638,-477.710116674095,85.0862405285632));
#11589=CARTESIAN_POINT('Ctrl Pts',(2.42215771431103,-487.710116674095,85.1291674696426));
#11590=CARTESIAN_POINT('Ctrl Pts',(2.42215771430978,-477.710116674095,85.1291674696443));
#11591=CARTESIAN_POINT('Ctrl Pts',(3.57394473678092,-487.710116674095,85.2106508582098));
#11592=CARTESIAN_POINT('Ctrl Pts',(3.57394473677967,-477.710116674095,85.2106508582115));
#11593=CARTESIAN_POINT('Ctrl Pts',(3.76935499141171,-487.710116674095,85.2244751932626));
#11594=CARTESIAN_POINT('Ctrl Pts',(3.76935499141046,-477.710116674095,85.2244751932643));
#11595=CARTESIAN_POINT('Ctrl Pts',(3.96343536900322,-487.710116674095,85.2394076121044));
#11596=CARTESIAN_POINT('Ctrl Pts',(3.96343536900197,-477.710116674095,85.2394076121061));
#11597=CARTESIAN_POINT('Ctrl Pts',(4.15618720278384,-487.710116674095,85.25542469966));
#11598=CARTESIAN_POINT('Ctrl Pts',(4.15618720278259,-477.710116674095,85.2554246996617));
#11599=CARTESIAN_POINT('Ctrl Pts',(5.61781182305351,-487.710116674095,85.3768812329499));
#11600=CARTESIAN_POINT('Ctrl Pts',(5.61781182305226,-477.710116674095,85.3768812329516));
#11601=CARTESIAN_POINT('Ctrl Pts',(7.00348825375264,-487.710116674094,85.5609088471165));
#11602=CARTESIAN_POINT('Ctrl Pts',(7.00348825375139,-477.710116674094,85.5609088471181));
#11603=CARTESIAN_POINT('Ctrl Pts',(8.31370666383046,-487.710116674094,85.7982054566631));
#11604=CARTESIAN_POINT('Ctrl Pts',(8.31370666382921,-477.710116674094,85.7982054566648));
#11605=CARTESIAN_POINT('Ctrl Pts',(9.77103822011281,-487.710116674094,86.0621460597191));
#11606=CARTESIAN_POINT('Ctrl Pts',(9.77103822011155,-477.710116674094,86.0621460597208));
#11607=CARTESIAN_POINT('Ctrl Pts',(11.1356273722384,-487.710116674094,86.392149155831));
#11608=CARTESIAN_POINT('Ctrl Pts',(11.1356273722372,-477.710116674094,86.3921491558327));
#11609=CARTESIAN_POINT('Ctrl Pts',(12.4080443106008,-487.710116674094,86.7754087216137));
#11610=CARTESIAN_POINT('Ctrl Pts',(12.4080443105996,-477.710116674094,86.7754087216153));
#11611=CARTESIAN_POINT('Ctrl Pts',(13.8421457394496,-487.710116674094,87.207368619614));
#11612=CARTESIAN_POINT('Ctrl Pts',(13.8421457394484,-477.710116674094,87.2073686196157));
#11613=CARTESIAN_POINT('Ctrl Pts',(15.1519303753741,-487.710116674094,87.7032534188188));
#11614=CARTESIAN_POINT('Ctrl Pts',(15.1519303753728,-477.710116674094,87.7032534188205));
#11615=CARTESIAN_POINT('Ctrl Pts',(16.3700277472836,-487.710116674094,88.2600384634173));
#11616=CARTESIAN_POINT('Ctrl Pts',(16.3700277472823,-477.710116674094,88.260038463419));
#11617=CARTESIAN_POINT('Ctrl Pts',(17.7250987653056,-487.710116674094,88.8794333448139));
#11618=CARTESIAN_POINT('Ctrl Pts',(17.7250987653043,-477.710116674094,88.8794333448156));
#11619=CARTESIAN_POINT('Ctrl Pts',(18.9678949294079,-487.710116674094,89.5771150120741));
#11620=CARTESIAN_POINT('Ctrl Pts',(18.9678949294067,-477.710116674094,89.5771150120758));
#11621=CARTESIAN_POINT('Ctrl Pts',(20.089592674898,-487.710116674094,90.3398092689746));
#11622=CARTESIAN_POINT('Ctrl Pts',(20.0895926748968,-477.710116674094,90.3398092689763));
#11623=CARTESIAN_POINT('Ctrl Pts',(20.6969226828469,-487.710116674094,90.7527610743681));
#11624=CARTESIAN_POINT('Ctrl Pts',(20.6969226828456,-477.710116674094,90.7527610743698));
#11625=CARTESIAN_POINT('Ctrl Pts',(21.2693478572102,-487.710116674094,91.1849716841786));
#11626=CARTESIAN_POINT('Ctrl Pts',(21.2693478572089,-477.710116674094,91.1849716841803));
#11627=CARTESIAN_POINT('Ctrl Pts',(21.8052062827194,-487.710116674094,91.6346825818086));
#11628=CARTESIAN_POINT('Ctrl Pts',(21.8052062827182,-477.710116674094,91.6346825818103));
#11629=CARTESIAN_POINT('Ctrl Pts',(22.3701388928398,-487.710116674094,92.1087935392993));
#11630=CARTESIAN_POINT('Ctrl Pts',(22.3701388928386,-477.710116674094,92.108793539301));
#11631=CARTESIAN_POINT('Ctrl Pts',(22.8896889432297,-487.710116674094,92.5968931141246));
#11632=CARTESIAN_POINT('Ctrl Pts',(22.8896889432285,-477.710116674094,92.5968931141263));
#11633=CARTESIAN_POINT('Ctrl Pts',(23.3812227792359,-487.710116674094,93.1183979935705));
#11634=CARTESIAN_POINT('Ctrl Pts',(23.3812227792347,-477.710116674094,93.1183979935722));
#11635=CARTESIAN_POINT('Ctrl Pts',(23.8778745157981,-487.710116674094,93.6453328351409));
#11636=CARTESIAN_POINT('Ctrl Pts',(23.8778745157969,-477.710116674094,93.6453328351426));
#11637=CARTESIAN_POINT('Ctrl Pts',(24.3456681512955,-487.710116674094,94.2079851648836));
#11638=CARTESIAN_POINT('Ctrl Pts',(24.3456681512943,-477.710116674094,94.2079851648853));
#11639=CARTESIAN_POINT('Ctrl Pts',(24.7702973666533,-487.710116674094,94.8047057359287));
#11640=CARTESIAN_POINT('Ctrl Pts',(24.770297366652,-477.710116674094,94.8047057359304));
#11641=CARTESIAN_POINT('Ctrl Pts',(25.1962238876924,-487.710116674094,95.4032493774527));
#11642=CARTESIAN_POINT('Ctrl Pts',(25.1962238876911,-477.710116674094,95.4032493774544));
#11643=CARTESIAN_POINT('Ctrl Pts',(25.578911262263,-487.710116674094,96.0356866544166));
#11644=CARTESIAN_POINT('Ctrl Pts',(25.5789112622618,-477.710116674094,96.0356866544182));
#11645=CARTESIAN_POINT('Ctrl Pts',(25.9042465512214,-487.710116674094,96.7037828434543));
#11646=CARTESIAN_POINT('Ctrl Pts',(25.9042465512201,-477.710116674094,96.703782843456));
#11647=CARTESIAN_POINT('Ctrl Pts',(26.229489725573,-487.710116674094,97.3716898694354));
#11648=CARTESIAN_POINT('Ctrl Pts',(26.2294897255718,-477.710116674094,97.3716898694371));
#11649=CARTESIAN_POINT('Ctrl Pts',(26.4981320174445,-487.710116674094,98.0774451810591));
#11650=CARTESIAN_POINT('Ctrl Pts',(26.4981320174432,-477.710116674094,98.0774451810608));
#11651=CARTESIAN_POINT('Ctrl Pts',(26.6856587617754,-487.710116674094,98.8120335610887));
#11652=CARTESIAN_POINT('Ctrl Pts',(26.6856587617741,-477.710116674094,98.8120335610904));
#11653=CARTESIAN_POINT('Ctrl Pts',(26.8734695863565,-487.710116674094,99.5477347533287));
#11654=CARTESIAN_POINT('Ctrl Pts',(26.8734695863553,-477.710116674094,99.5477347533304));
#11655=CARTESIAN_POINT('Ctrl Pts',(26.9800857073957,-487.710116674094,100.311189710468));
#11656=CARTESIAN_POINT('Ctrl Pts',(26.9800857073944,-477.710116674094,100.31118971047));
#11657=CARTESIAN_POINT('Ctrl Pts',(26.9800857073957,-487.710116674095,101.086240528559));
#11658=CARTESIAN_POINT('Ctrl Pts',(26.9800857073944,-477.710116674095,101.086240528561));
#11659=CARTESIAN_POINT('Ctrl Pts',(26.9800857073957,-487.710116674095,101.419573861893));
#11660=CARTESIAN_POINT('Ctrl Pts',(26.9800857073944,-477.710116674095,101.419573861894));
#11661=CARTESIAN_POINT('Ctrl Pts',(26.9800857073957,-487.710116674095,101.752907195226));
#11662=CARTESIAN_POINT('Ctrl Pts',(26.9800857073944,-477.710116674095,101.752907195228));
#11663=CARTESIAN_POINT('Ctrl Pts',(26.9800857073957,-487.710116674095,102.086240528559));
#11664=CARTESIAN_POINT('Ctrl Pts',(26.9800857073944,-477.710116674095,102.086240528561));
#11665=CARTESIAN_POINT('Ctrl Pts',(-27.0206236009674,-477.710116674102,
102.086240528566));
#11666=CARTESIAN_POINT('Ctrl Pts',(-27.0206236009675,-477.710116674102,
101.752907195232));
#11667=CARTESIAN_POINT('Ctrl Pts',(-27.0206236009676,-477.710116674102,
101.419573861899));
#11668=CARTESIAN_POINT('Ctrl Pts',(-27.0206236009676,-477.710116674101,
101.086240528566));
#11669=CARTESIAN_POINT('Ctrl Pts',(-27.0206236009678,-477.710116674101,
100.311191100717));
#11670=CARTESIAN_POINT('Ctrl Pts',(-26.9140078658412,-477.710116674101,
99.5477374793382));
#11671=CARTESIAN_POINT('Ctrl Pts',(-26.7261976517936,-477.710116674101,
98.8120374589276));
#11672=CARTESIAN_POINT('Ctrl Pts',(-26.5386713955884,-477.710116674101,
98.0774497730701));
#11673=CARTESIAN_POINT('Ctrl Pts',(-26.2700297291192,-477.710116674101,
97.3716950768788));
#11674=CARTESIAN_POINT('Ctrl Pts',(-25.9447872103296,-477.710116674101,
96.7037885197267));
#11675=CARTESIAN_POINT('Ctrl Pts',(-25.6194524032204,-477.7101166741,96.035692442539));
#11676=CARTESIAN_POINT('Ctrl Pts',(-25.2367655041064,-477.7101166741,95.403255233012));
#11677=CARTESIAN_POINT('Ctrl Pts',(-24.8108394476252,-477.7101166741,94.8047116205602));
#11678=CARTESIAN_POINT('Ctrl Pts',(-24.3862104946147,-477.7101166741,94.2079907963254));
#11679=CARTESIAN_POINT('Ctrl Pts',(-23.9184170756585,-477.7101166741,93.6453382148691));
#11680=CARTESIAN_POINT('Ctrl Pts',(-23.4217654974036,-477.7101166741,93.1184031109686));
#11681=CARTESIAN_POINT('Ctrl Pts',(-22.9302316764346,-477.7101166741,92.5968978216208));
#11682=CARTESIAN_POINT('Ctrl Pts',(-22.4106815895154,-477.710116674099,
92.1087978615137));
#11683=CARTESIAN_POINT('Ctrl Pts',(-21.8457487684805,-477.710116674099,
91.6346864369189));
#11684=CARTESIAN_POINT('Ctrl Pts',(-21.3098901491449,-477.710116674099,
91.1849751014557));
#11685=CARTESIAN_POINT('Ctrl Pts',(-20.7374646491864,-477.710116674099,
90.7527640109616));
#11686=CARTESIAN_POINT('Ctrl Pts',(-20.1301341513428,-477.710116674099,
90.3398117030381));
#11687=CARTESIAN_POINT('Ctrl Pts',(-19.0084357392999,-477.710116674099,
89.5771166799955));
#11688=CARTESIAN_POINT('Ctrl Pts',(-17.765638445748,-477.710116674098,88.879434161064));
#11689=CARTESIAN_POINT('Ctrl Pts',(-16.4105656421439,-477.710116674098,
88.26003846229));
#11690=CARTESIAN_POINT('Ctrl Pts',(-15.1924690284535,-477.710116674098,
87.7032537631915));
#11691=CARTESIAN_POINT('Ctrl Pts',(-13.8826849901218,-477.710116674097,
87.2073688330088));
#11692=CARTESIAN_POINT('Ctrl Pts',(-12.4485781187334,-477.710116674097,
86.7754074906986));
#11693=CARTESIAN_POINT('Ctrl Pts',(-11.17616317206,-477.710116674097,86.3921486978524));
#11694=CARTESIAN_POINT('Ctrl Pts',(-9.81157330070615,-477.710116674097,
86.0621452963554));
#11695=CARTESIAN_POINT('Ctrl Pts',(-8.35423787292578,-477.710116674097,
85.7982042452621));
#11696=CARTESIAN_POINT('Ctrl Pts',(-7.04402170761074,-477.710116674096,
85.5609082698534));
#11697=CARTESIAN_POINT('Ctrl Pts',(-5.65834564392553,-477.710116674096,
85.37688070932));
#11698=CARTESIAN_POINT('Ctrl Pts',(-4.19671919181354,-477.710116674096,
85.2554242088662));
#11699=CARTESIAN_POINT('Ctrl Pts',(-2.86785348029034,-477.710116674096,
85.144999702891));
#11700=CARTESIAN_POINT('Ctrl Pts',(-1.47583623096934,-477.710116674095,
85.0862405285634));
#11701=CARTESIAN_POINT('Ctrl Pts',(-0.0202697590424546,-477.710116674095,
85.0862405285633));
#11702=CARTESIAN_POINT('Ctrl Pts',(1.22416839241638,-477.710116674095,85.0862405285632));
#11703=CARTESIAN_POINT('Ctrl Pts',(2.42215771430978,-477.710116674095,85.1291674696443));
#11704=CARTESIAN_POINT('Ctrl Pts',(3.57394473677967,-477.710116674095,85.2106508582115));
#11705=CARTESIAN_POINT('Ctrl Pts',(3.76935499141046,-477.710116674095,85.2244751932643));
#11706=CARTESIAN_POINT('Ctrl Pts',(3.96343536900197,-477.710116674095,85.2394076121061));
#11707=CARTESIAN_POINT('Ctrl Pts',(4.15618720278259,-477.710116674095,85.2554246996617));
#11708=CARTESIAN_POINT('Ctrl Pts',(5.61781182305226,-477.710116674095,85.3768812329516));
#11709=CARTESIAN_POINT('Ctrl Pts',(7.00348825375139,-477.710116674094,85.5609088471181));
#11710=CARTESIAN_POINT('Ctrl Pts',(8.31370666382921,-477.710116674094,85.7982054566648));
#11711=CARTESIAN_POINT('Ctrl Pts',(9.77103822011155,-477.710116674094,86.0621460597208));
#11712=CARTESIAN_POINT('Ctrl Pts',(11.1356273722372,-477.710116674094,86.3921491558327));
#11713=CARTESIAN_POINT('Ctrl Pts',(12.4080443105996,-477.710116674094,86.7754087216153));
#11714=CARTESIAN_POINT('Ctrl Pts',(13.8421457394484,-477.710116674094,87.2073686196157));
#11715=CARTESIAN_POINT('Ctrl Pts',(15.1519303753728,-477.710116674094,87.7032534188205));
#11716=CARTESIAN_POINT('Ctrl Pts',(16.3700277472823,-477.710116674094,88.260038463419));
#11717=CARTESIAN_POINT('Ctrl Pts',(17.7250987653043,-477.710116674094,88.8794333448156));
#11718=CARTESIAN_POINT('Ctrl Pts',(18.9678949294067,-477.710116674094,89.5771150120758));
#11719=CARTESIAN_POINT('Ctrl Pts',(20.0895926748968,-477.710116674094,90.3398092689763));
#11720=CARTESIAN_POINT('Ctrl Pts',(20.6969226828456,-477.710116674094,90.7527610743698));
#11721=CARTESIAN_POINT('Ctrl Pts',(21.2693478572089,-477.710116674094,91.1849716841803));
#11722=CARTESIAN_POINT('Ctrl Pts',(21.8052062827182,-477.710116674094,91.6346825818103));
#11723=CARTESIAN_POINT('Ctrl Pts',(22.3701388928386,-477.710116674094,92.108793539301));
#11724=CARTESIAN_POINT('Ctrl Pts',(22.8896889432285,-477.710116674094,92.5968931141263));
#11725=CARTESIAN_POINT('Ctrl Pts',(23.3812227792347,-477.710116674094,93.1183979935722));
#11726=CARTESIAN_POINT('Ctrl Pts',(23.8778745157969,-477.710116674094,93.6453328351426));
#11727=CARTESIAN_POINT('Ctrl Pts',(24.3456681512943,-477.710116674094,94.2079851648853));
#11728=CARTESIAN_POINT('Ctrl Pts',(24.770297366652,-477.710116674094,94.8047057359304));
#11729=CARTESIAN_POINT('Ctrl Pts',(25.1962238876911,-477.710116674094,95.4032493774544));
#11730=CARTESIAN_POINT('Ctrl Pts',(25.5789112622618,-477.710116674094,96.0356866544182));
#11731=CARTESIAN_POINT('Ctrl Pts',(25.9042465512201,-477.710116674094,96.703782843456));
#11732=CARTESIAN_POINT('Ctrl Pts',(26.2294897255718,-477.710116674094,97.3716898694371));
#11733=CARTESIAN_POINT('Ctrl Pts',(26.4981320174432,-477.710116674094,98.0774451810608));
#11734=CARTESIAN_POINT('Ctrl Pts',(26.6856587617741,-477.710116674094,98.8120335610904));
#11735=CARTESIAN_POINT('Ctrl Pts',(26.8734695863553,-477.710116674094,99.5477347533304));
#11736=CARTESIAN_POINT('Ctrl Pts',(26.9800857073944,-477.710116674094,100.31118971047));
#11737=CARTESIAN_POINT('Ctrl Pts',(26.9800857073944,-477.710116674095,101.086240528561));
#11738=CARTESIAN_POINT('Ctrl Pts',(26.9800857073944,-477.710116674095,101.419573861894));
#11739=CARTESIAN_POINT('Ctrl Pts',(26.9800857073944,-477.710116674095,101.752907195228));
#11740=CARTESIAN_POINT('Ctrl Pts',(26.9800857073944,-477.710116674095,102.086240528561));
#11741=CARTESIAN_POINT('Origin',(-0.0202689467865103,-477.710116674096,
88.7048271521292));
#11742=CARTESIAN_POINT('Origin',(47.9123308775127,-491.,95.6999998509897));
#11743=CARTESIAN_POINT('',(76.4000002235155,-503.,120.69999985099));
#11744=CARTESIAN_POINT('',(52.9714960564493,-503.,100.139784936152));
#11745=CARTESIAN_POINT('',(76.4000002235155,-491.,120.69999985099));
#11746=CARTESIAN_POINT('Origin',(81.3561655505136,-503.,77.9999998509895));
#11747=CARTESIAN_POINT('',(57.9999985471368,-503.,35.2999998509892));
#11748=CARTESIAN_POINT('',(45.9123308775127,-503.,35.2999998509892));
#11749=CARTESIAN_POINT('',(57.9999985471368,-503.,45.3999989852309));
#11750=CARTESIAN_POINT('',(57.9999985471368,-503.,61.6999994181102));
#11751=CARTESIAN_POINT('',(77.9999985471368,-503.000007495284,45.3999989852309));
#11752=CARTESIAN_POINT('',(79.1780820488252,-503.,45.3999989852309));
#11753=CARTESIAN_POINT('',(77.9999985471368,-503.,35.2999989852309));
#11754=CARTESIAN_POINT('',(77.9999985471368,-503.,59.1749994181102));
#11755=CARTESIAN_POINT('',(76.9999985471368,-503.,35.2999998509892));
#11756=CARTESIAN_POINT('',(79.1780820488252,-503.,35.2999989852309));
#11757=CARTESIAN_POINT('',(77.0000011473894,-503.,9.78786625255755));
#11758=CARTESIAN_POINT('',(77.0000011473894,-503.000007495284,-50.0435038520805));
#11759=CARTESIAN_POINT('',(116.799998983903,-503.,9.78786625255754));
#11760=CARTESIAN_POINT('',(79.1780833489515,-503.,9.78786625255754));
#11761=CARTESIAN_POINT('',(116.800000223515,-503.,56.2999998509897));
#11762=CARTESIAN_POINT('',(116.799997389317,-503.000007495284,-50.0435038520805));
#11763=CARTESIAN_POINT('',(116.799997389317,-503.000007495284,59.9564961479195));
#11764=CARTESIAN_POINT('',(116.800000223515,-503.,120.69999985099));
#11765=CARTESIAN_POINT('',(116.800000223515,-503.,120.69999985099));
#11766=CARTESIAN_POINT('',(116.800000223515,-503.,120.69999985099));
#11767=CARTESIAN_POINT('',(116.800000223515,-503.,120.69999985099));
#11768=CARTESIAN_POINT('',(106.500004441012,-503.,70.4000008940697));
#11769=CARTESIAN_POINT('',(86.5000044410117,-503.,70.4000008940697));
#11770=CARTESIAN_POINT('',(93.4280849957627,-503.,70.4000008940697));
#11771=CARTESIAN_POINT('',(106.500004441012,-503.,60.0000008940697));
#11772=CARTESIAN_POINT('',(106.500004441012,-503.,69.0000003725296));
#11773=CARTESIAN_POINT('',(86.5000044410117,-503.,60.0000008940697));
#11774=CARTESIAN_POINT('',(84.9280849957627,-503.,60.0000008940697));
#11775=CARTESIAN_POINT('',(86.5000044410117,-503.,74.2000003725296));
#11776=CARTESIAN_POINT('Origin',(76.9999985471368,-486.,35.2999989852309));
#11777=CARTESIAN_POINT('',(76.9999985471368,-488.5,35.2999989852309));
#11778=CARTESIAN_POINT('',(77.9999985471368,-503.000007495284,35.2999989852309));
#11779=CARTESIAN_POINT('Origin',(77.9999985471368,-494.500003747642,40.3499989852309));
#11780=CARTESIAN_POINT('',(77.9999985471368,-486.,45.3999989852309));
#11781=CARTESIAN_POINT('Origin',(106.500004441012,-491.,60.0000008940697));
#11782=CARTESIAN_POINT('',(106.500004441012,-491.,70.4000008940697));
#11783=CARTESIAN_POINT('',(106.500004441012,-491.,60.0000008940697));
#11784=CARTESIAN_POINT('Origin',(57.9999985471368,-491.,45.3999989852309));
#11785=CARTESIAN_POINT('',(57.9999985471368,-491.,35.2999998509892));
#11786=CARTESIAN_POINT('',(57.9999985471368,-491.,45.3999989852309));
#11787=CARTESIAN_POINT('Origin',(59.9999985471368,-491.,35.2999998509892));
#11788=CARTESIAN_POINT('Origin',(86.5000044410117,-491.,70.4000008940697));
#11789=CARTESIAN_POINT('',(86.5000044410117,-491.,60.0000008940697));
#11790=CARTESIAN_POINT('',(86.5000044410117,-491.,70.4000008940697));
#11791=CARTESIAN_POINT('Origin',(105.500004441012,-491.,70.4000008940697));
#11792=CARTESIAN_POINT('Origin',(76.9999985471368,-491.,45.3999989852309));
#11793=CARTESIAN_POINT('Origin',(76.9999985471368,-491.,35.2999998509892));
#11794=CARTESIAN_POINT('',(77.0000011473894,-522.2809099636,-0.0435038520784133));
#11795=CARTESIAN_POINT('',(76.9999985471368,-488.499994568527,-0.0435038520784126));
#11796=CARTESIAN_POINT('',(77.0000011473894,-535.746316277467,-0.0435038520773112));
#11797=CARTESIAN_POINT('',(77.0000011473894,-507.873158138734,-0.0435038520805175));
#11798=CARTESIAN_POINT('',(77.0000011473894,-535.746316277467,9.78786625255755));
#11799=CARTESIAN_POINT('',(77.0000011473894,-535.746316277467,-38.0435038520794));
#11800=CARTESIAN_POINT('',(77.0000011473894,-503.,9.78786625255755));
#11801=CARTESIAN_POINT('Origin',(96.899999268353,-494.499998316169,58.2324961479195));
#11802=CARTESIAN_POINT('',(86.3000002235165,-501.,58.2324961479195));
#11803=CARTESIAN_POINT('',(86.3000002235165,-492.749999158084,58.2324961479195));
#11804=CARTESIAN_POINT('',(84.8000002235164,-501.,58.2324961479195));
#11805=CARTESIAN_POINT('',(84.8000002235164,-492.749999158084,58.2324961479195));
#11806=CARTESIAN_POINT('',(89.1280824094333,-501.,58.2324961479195));
#11807=CARTESIAN_POINT('Origin',(116.800000223515,-491.,120.69999985099));
#11808=CARTESIAN_POINT('',(116.800000223515,-491.,120.69999985099));
#11809=CARTESIAN_POINT('',(116.799997389317,-503.000007495284,-50.0435038520805));
#11810=CARTESIAN_POINT('',(116.799997389317,-503.000007495284,-50.0435038520805));
#11811=CARTESIAN_POINT('',(116.799997389317,-490.999989137053,-50.0435038520805));
#11812=CARTESIAN_POINT('',(116.799997389317,-503.000007495284,-50.0435038520805));
#11813=CARTESIAN_POINT('',(116.799997389317,-490.999989137053,-50.0435038520805));
#11814=CARTESIAN_POINT('Origin',(72.4000000000001,-617.996316277467,-1.04350385207677));
#11815=CARTESIAN_POINT('',(72.4000000000001,-595.496316277467,-0.946618133258517));
#11816=CARTESIAN_POINT('',(72.4000000000001,-596.69892074501,-1.04350385207677));
#11817=CARTESIAN_POINT('Ctrl Pts',(72.4000000000001,-595.496316277467,-0.946618133258517));
#11818=CARTESIAN_POINT('Ctrl Pts',(72.4000000000001,-595.8933607602,-0.978605325349215));
#11819=CARTESIAN_POINT('Ctrl Pts',(72.4000000000001,-596.290405242934,-1.01059251743989));
#11820=CARTESIAN_POINT('Ctrl Pts',(72.4000000000001,-596.691273398782,-1.04288775704598));
#11821=CARTESIAN_POINT('Ctrl Pts',(72.4000000000001,-596.695097071896,-1.04319580456137));
#11822=CARTESIAN_POINT('Ctrl Pts',(72.4000000000001,-596.69892074501,-1.04350385207676));
#11823=CARTESIAN_POINT('',(72.4000000000001,-595.496316277467,-1.04350385207676));
#11824=CARTESIAN_POINT('',(72.4000000000001,-582.746316277467,-1.04350385207677));
#11825=CARTESIAN_POINT('',(72.4000000000001,-595.496316277467,-1.04350385207676));
#11826=CARTESIAN_POINT('Ctrl Pts',(51.7284271247465,-583.746316277468,0.));
#11827=CARTESIAN_POINT('Ctrl Pts',(58.6189514164977,-596.803507235885,-0.347834617358919));
#11828=CARTESIAN_POINT('Ctrl Pts',(65.5094757082489,-609.860698194303,-0.695669234717838));
#11829=CARTESIAN_POINT('Ctrl Pts',(72.4000000000001,-622.917889152721,-1.04350385207676));
#11830=CARTESIAN_POINT('Ctrl Pts',(60.228427124746,-583.746316277468,2.23295560445726E-14));
#11831=CARTESIAN_POINT('Ctrl Pts',(64.285618083164,-593.209824374718,-0.347834617358903));
#11832=CARTESIAN_POINT('Ctrl Pts',(68.3428090415821,-602.673332471968,-0.695669234717831));
#11833=CARTESIAN_POINT('Ctrl Pts',(72.4000000000001,-612.136840569218,-1.04350385207676));
#11834=CARTESIAN_POINT('Ctrl Pts',(68.7284271247455,-583.746316277468,4.46591120891452E-14));
#11835=CARTESIAN_POINT('Ctrl Pts',(69.9522847498303,-589.61614151355,-0.34783461735889));
#11836=CARTESIAN_POINT('Ctrl Pts',(71.1761423749152,-595.485966749633,-0.695669234717822));
#11837=CARTESIAN_POINT('Ctrl Pts',(72.4000000000001,-601.355791985715,-1.04350385207676));
#11838=CARTESIAN_POINT('Ctrl Pts',(77.2284271247449,-583.746316277468,6.69886681337179E-14));
#11839=CARTESIAN_POINT('Ctrl Pts',(75.6189514164967,-586.022458652383,-0.347834617358874));
#11840=CARTESIAN_POINT('Ctrl Pts',(74.0094757082484,-588.298601027298,-0.695669234717816));
#11841=CARTESIAN_POINT('Ctrl Pts',(72.4000000000001,-590.574743402213,-1.04350385207676));
#11842=CARTESIAN_POINT('',(72.4000000000001,-590.574743402213,-0.550120250035599));
#11843=CARTESIAN_POINT('Ctrl Pts',(72.4000000000001,-595.496316277467,-0.946618133258517));
#11844=CARTESIAN_POINT('Ctrl Pts',(72.4000000000001,-593.855791985715,-0.814452172184223));
#11845=CARTESIAN_POINT('Ctrl Pts',(72.4000000000001,-592.215267693964,-0.682286211109917));
#11846=CARTESIAN_POINT('Ctrl Pts',(72.4000000000001,-590.574743402213,-0.550120250035599));
#11847=CARTESIAN_POINT('',(73.8644660940674,-587.03920949628,-0.336513656684628));
#11848=CARTESIAN_POINT('Ctrl Pts',(72.4000000000002,-590.574743402213,-0.550120250035603));
#11849=CARTESIAN_POINT('Ctrl Pts',(72.4000000000001,-589.970198657368,-0.501416163411235));
#11850=CARTESIAN_POINT('Ctrl Pts',(72.5097057024129,-589.369616215746,-0.463977348747051));
#11851=CARTESIAN_POINT('Ctrl Pts',(72.8570916213774,-588.452944903467,-0.410110884770385));
#11852=CARTESIAN_POINT('Ctrl Pts',(73.0286228657302,-588.11888207336,-0.39161067357662));
#11853=CARTESIAN_POINT('Ctrl Pts',(73.4193891527358,-587.530955878525,-0.360431272142066));
#11854=CARTESIAN_POINT('Ctrl Pts',(73.6299540735943,-587.273721516753,-0.347402490111854));
#11855=CARTESIAN_POINT('Ctrl Pts',(73.8644660940674,-587.03920949628,-0.336513656684621));
#11856=CARTESIAN_POINT('',(76.6928932188135,-584.210782371534,-0.0679940139855641));
#11857=CARTESIAN_POINT('Ctrl Pts',(73.8644660940673,-587.03920949628,-0.336513656684623));
#11858=CARTESIAN_POINT('Ctrl Pts',(74.1003471803858,-586.803328409962,-0.325561254959649));
#11859=CARTESIAN_POINT('Ctrl Pts',(74.3370320932162,-586.566643497132,-0.312384616216074));
#11860=CARTESIAN_POINT('Ctrl Pts',(75.0781430757901,-585.825532514558,-0.261624419385911));
#11861=CARTESIAN_POINT('Ctrl Pts',(75.5474056976064,-585.356269892741,-0.215738809226427));
#11862=CARTESIAN_POINT('Ctrl Pts',(76.2628442845142,-584.640831305833,-0.127250874652417));
#11863=CARTESIAN_POINT('Ctrl Pts',(76.4784395671878,-584.42523602316,-0.098341188861754));
#11864=CARTESIAN_POINT('Ctrl Pts',(76.6928932188135,-584.210782371534,-0.0679940139855485));
#11865=CARTESIAN_POINT('',(77.2284271247449,-583.746316277468,6.66133814775094E-14));
#11866=CARTESIAN_POINT('Ctrl Pts',(76.6928932188135,-584.210782371534,-0.0679940139855571));
#11867=CARTESIAN_POINT('Ctrl Pts',(76.8601206794691,-584.043554910878,-0.0443297818582355));
#11868=CARTESIAN_POINT('Ctrl Pts',(77.0390793750384,-583.888327089748,-0.02170175165424));
#11869=CARTESIAN_POINT('Ctrl Pts',(77.228427124745,-583.746316277468,6.69689997900846E-14));
#11870=CARTESIAN_POINT('',(51.7284271247465,-583.746316277468,0.));
#11871=CARTESIAN_POINT('Ctrl Pts',(77.2284271247449,-583.746316277468,6.69886681337179E-14));
#11872=CARTESIAN_POINT('Ctrl Pts',(68.7284271247455,-583.746316277468,4.46591120891452E-14));
#11873=CARTESIAN_POINT('Ctrl Pts',(60.228427124746,-583.746316277468,2.23295560445726E-14));
#11874=CARTESIAN_POINT('Ctrl Pts',(51.7284271247465,-583.746316277468,0.));
#11875=CARTESIAN_POINT('',(72.4000000000001,-622.917889152721,-1.04350385207679));
#11876=CARTESIAN_POINT('',(51.7284271247465,-583.746316277468,0.));
#11877=CARTESIAN_POINT('',(72.4000000000001,-617.996316277467,-1.04350385207679));
#11878=CARTESIAN_POINT('Ctrl Pts',(72.4000000000001,-622.917889152721,-1.04350385207676));
#11879=CARTESIAN_POINT('Ctrl Pts',(72.4000000000001,-621.277364860969,-1.04350385207676));
#11880=CARTESIAN_POINT('Ctrl Pts',(72.4000000000001,-619.636840569218,-1.04350385207676));
#11881=CARTESIAN_POINT('Ctrl Pts',(72.4000000000001,-617.996316277467,-1.04350385207676));
#11882=CARTESIAN_POINT('',(72.4000000000001,-582.746316277467,-1.04350385207677));
#11883=CARTESIAN_POINT('Origin',(76.9999985471368,-485.999989137053,-50.0435038520805));
#11884=CARTESIAN_POINT('',(63.5000000000004,-496.574743402214,-50.0435038520805));
#11885=CARTESIAN_POINT('',(76.9999985471368,-485.999989137053,-50.0435038520805));
#11886=CARTESIAN_POINT('',(63.5000000000004,-496.574743402214,-0.0435038520804998));
#11887=CARTESIAN_POINT('',(63.5000000000004,-496.574743402214,-47.0435038520805));
#11888=CARTESIAN_POINT('',(76.9999985471368,-485.999989137053,-0.0435038520784133));
#11889=CARTESIAN_POINT('Ctrl Pts',(116.799998983903,-538.,9.78786625255754));
#11890=CARTESIAN_POINT('Ctrl Pts',(115.390523614354,-552.915438759156,13.5107428843464));
#11891=CARTESIAN_POINT('Ctrl Pts',(113.981048244804,-567.830877518311,17.2336195161353));
#11892=CARTESIAN_POINT('Ctrl Pts',(112.571572875254,-582.746316277467,20.9564961479241));
#11893=CARTESIAN_POINT('Ctrl Pts',(107.332107459153,-538.,9.78786625255754));
#11894=CARTESIAN_POINT('Ctrl Pts',(106.781754500603,-548.563041773016,13.5107428843462));
#11895=CARTESIAN_POINT('Ctrl Pts',(106.231401542053,-559.126083546033,17.2336195161348));
#11896=CARTESIAN_POINT('Ctrl Pts',(105.681048583503,-569.689125319049,20.9564961479234));
#11897=CARTESIAN_POINT('Ctrl Pts',(97.8642159344025,-538.,9.78786625255755));
#11898=CARTESIAN_POINT('Ctrl Pts',(98.1729853868522,-544.210644786877,13.5107428843459));
#11899=CARTESIAN_POINT('Ctrl Pts',(98.4817548393018,-550.421289573754,17.2336195161343));
#11900=CARTESIAN_POINT('Ctrl Pts',(98.7905242917515,-556.631934360631,20.9564961479226));
#11901=CARTESIAN_POINT('Ctrl Pts',(88.3963244096521,-538.,9.78786625255755));
#11902=CARTESIAN_POINT('Ctrl Pts',(89.5642162731015,-539.858247800738,13.5107428843457));
#11903=CARTESIAN_POINT('Ctrl Pts',(90.7321081365509,-541.716495601476,17.2336195161338));
#11904=CARTESIAN_POINT('Ctrl Pts',(91.9000000000002,-543.574743402214,20.9564961479219));
#11905=CARTESIAN_POINT('',(90.435533905933,-540.039209496281,12.9844524437134));
#11906=CARTESIAN_POINT('',(91.9000000000003,-543.574743402214,19.5937254232913));
#11907=CARTESIAN_POINT('Ctrl Pts',(90.435533905933,-540.039209496281,12.9844524437135));
#11908=CARTESIAN_POINT('Ctrl Pts',(90.8731671894963,-540.476842779844,13.4701142456505));
#11909=CARTESIAN_POINT('Ctrl Pts',(91.1930202808896,-540.960309133231,14.015036760511));
#11910=CARTESIAN_POINT('Ctrl Pts',(91.6866906423827,-541.997180839116,15.3529396210548));
#11911=CARTESIAN_POINT('Ctrl Pts',(91.8030521523741,-542.518473367086,16.1495703163231));
#11912=CARTESIAN_POINT('Ctrl Pts',(91.9031487900596,-543.264071567359,17.855247775773));
#11913=CARTESIAN_POINT('Ctrl Pts',(91.9000000000003,-543.494349750583,18.7117817099012));
#11914=CARTESIAN_POINT('Ctrl Pts',(91.9000000000003,-543.574743402214,19.5937254232912));
#11915=CARTESIAN_POINT('',(92.3088505048412,-544.349494188819,20.9564961479219));
#11916=CARTESIAN_POINT('Ctrl Pts',(91.9000000000003,-543.574743402214,19.5937254232913));
#11917=CARTESIAN_POINT('Ctrl Pts',(92.035286898576,-543.831105152653,20.0446604780894));
#11918=CARTESIAN_POINT('Ctrl Pts',(92.1705737971519,-544.087466903092,20.4955955328873));
#11919=CARTESIAN_POINT('Ctrl Pts',(92.3068572987649,-544.345717165292,20.9498524410984));
#11920=CARTESIAN_POINT('Ctrl Pts',(92.307853901803,-544.347605677055,20.9531742945101));
#11921=CARTESIAN_POINT('Ctrl Pts',(92.3088505048412,-544.349494188819,20.9564961479219));
#11922=CARTESIAN_POINT('',(112.571572875254,-582.746316277467,20.9564961479241));
#11923=CARTESIAN_POINT('',(112.571572875254,-582.746316277467,20.9564961479241));
#11924=CARTESIAN_POINT('',(116.799998983903,-538.,9.78786625255754));
#11925=CARTESIAN_POINT('',(116.799998983903,-538.,9.78786625255754));
#11926=CARTESIAN_POINT('',(88.3963244096521,-538.,9.78786625255755));
#11927=CARTESIAN_POINT('',(116.799998983903,-538.,9.78786625255754));
#11928=CARTESIAN_POINT('Ctrl Pts',(88.3963244096521,-538.,9.78786625255754));
#11929=CARTESIAN_POINT('Ctrl Pts',(89.1070099801086,-538.710685570457,11.2116778140463));
#11930=CARTESIAN_POINT('Ctrl Pts',(89.7530490768451,-539.356724667193,12.2270676095648));
#11931=CARTESIAN_POINT('Ctrl Pts',(90.435533905933,-540.039209496281,12.9844524437135));
#11932=CARTESIAN_POINT('Origin',(116.799997389317,-538.,-50.0435038520805));
#11933=CARTESIAN_POINT('',(116.799997389317,-538.,-50.0435038520805));
#11934=CARTESIAN_POINT('',(116.800000223515,-538.,56.2999998509897));
#11935=CARTESIAN_POINT('',(112.571572875254,-582.746316277467,-50.0435038520768));
#11936=CARTESIAN_POINT('',(112.571572875254,-582.746316277467,-1.04350385207677));
#11937=CARTESIAN_POINT('',(116.799997389317,-538.,-50.0435038520805));
#11938=CARTESIAN_POINT('Origin',(39.5000000000004,-512.746316277468,-50.0435038520805));
#11939=CARTESIAN_POINT('',(116.799997389317,-503.,-50.0435038520805));
#11940=CARTESIAN_POINT('',(116.107106781187,-584.210782371534,-50.0435038520768));
#11941=CARTESIAN_POINT('Origin',(112.571572875254,-587.746316277467,-50.0435038520768));
#11942=CARTESIAN_POINT('',(118.935533905933,-587.03920949628,-50.0435038520768));
#11943=CARTESIAN_POINT('',(118.935533905933,-587.03920949628,-50.0435038520768));
#11944=CARTESIAN_POINT('',(120.4,-590.574743402213,-50.0435038520768));
#11945=CARTESIAN_POINT('Origin',(115.4,-590.574743402213,-50.0435038520768));
#11946=CARTESIAN_POINT('',(120.4,-622.917889152721,-50.0435038520768));
#11947=CARTESIAN_POINT('',(120.4,-630.746316277467,-50.0435038520768));
#11948=CARTESIAN_POINT('',(118.935533905933,-626.453423058653,-50.0435038520768));
#11949=CARTESIAN_POINT('Origin',(115.4,-622.917889152721,-50.0435038520768));
#11950=CARTESIAN_POINT('',(116.107106781187,-629.281850183399,-50.0435038520768));
#11951=CARTESIAN_POINT('',(116.107106781187,-629.281850183399,-50.0435038520768));
#11952=CARTESIAN_POINT('',(112.571572875254,-630.746316277467,-50.0435038520768));
#11953=CARTESIAN_POINT('Origin',(112.571572875254,-625.746316277467,-50.0435038520768));
#11954=CARTESIAN_POINT('',(80.2284271247464,-630.746316277467,-50.0435038520768));
#11955=CARTESIAN_POINT('',(72.4000000000001,-630.746316277467,-50.0435038520768));
#11956=CARTESIAN_POINT('',(76.6928932188135,-629.281850183399,-50.0435038520768));
#11957=CARTESIAN_POINT('Origin',(80.2284271247463,-625.746316277467,-50.0435038520768));
#11958=CARTESIAN_POINT('',(73.8644660940674,-626.453423058653,-50.0435038520768));
#11959=CARTESIAN_POINT('',(73.8644660940674,-626.453423058653,-50.0435038520768));
#11960=CARTESIAN_POINT('',(72.4000000000001,-622.917889152721,-50.0435038520768));
#11961=CARTESIAN_POINT('Origin',(77.4000000000001,-622.917889152721,-50.0435038520768));
#11962=CARTESIAN_POINT('',(51.7284271247465,-583.746316277467,-50.0435038520782));
#11963=CARTESIAN_POINT('',(51.7284271247465,-583.746316277468,-50.0435038520773));
#11964=CARTESIAN_POINT('',(48.1928932188137,-582.2818501834,-50.0435038520782));
#11965=CARTESIAN_POINT('Origin',(51.7284271247465,-578.746316277468,-50.0435038520782));
#11966=CARTESIAN_POINT('',(45.3644660940676,-579.453423058654,-50.0435038520782));
#11967=CARTESIAN_POINT('',(45.3644660940676,-579.453423058654,-50.0435038520782));
#11968=CARTESIAN_POINT('',(43.9000000000003,-575.917889152722,-50.0435038520782));
#11969=CARTESIAN_POINT('Origin',(48.9000000000003,-575.917889152722,-50.0435038520782));
#11970=CARTESIAN_POINT('',(23.3284271247466,-536.746316277468,-50.0435038520805));
#11971=CARTESIAN_POINT('',(43.9000000000003,-575.917889152722,-50.0435038520782));
#11972=CARTESIAN_POINT('',(19.7928932188138,-535.281850183401,-50.0435038520805));
#11973=CARTESIAN_POINT('Origin',(23.3284271247466,-531.746316277468,-50.0435038520805));
#11974=CARTESIAN_POINT('',(16.9644660940677,-532.453423058655,-50.0435038520805));
#11975=CARTESIAN_POINT('',(16.9644660940677,-532.453423058655,-50.0435038520805));
#11976=CARTESIAN_POINT('',(15.5000000000004,-528.917889152722,-50.0435038520805));
#11977=CARTESIAN_POINT('Origin',(20.5000000000004,-528.917889152722,-50.0435038520805));
#11978=CARTESIAN_POINT('',(15.5000000000004,-496.574743402214,-50.0435038520805));
#11979=CARTESIAN_POINT('',(15.5000000000004,-488.746316277468,-50.0435038520805));
#11980=CARTESIAN_POINT('',(16.9644660940676,-493.039209496281,-50.0435038520805));
#11981=CARTESIAN_POINT('Origin',(20.5000000000004,-496.574743402214,-50.0435038520805));
#11982=CARTESIAN_POINT('',(19.7928932188138,-490.210782371535,-50.0435038520805));
#11983=CARTESIAN_POINT('',(19.7928932188138,-490.210782371535,-50.0435038520805));
#11984=CARTESIAN_POINT('',(23.3284271247466,-488.746316277468,-50.0435038520805));
#11985=CARTESIAN_POINT('Origin',(23.3284271247466,-493.746316277468,-50.0435038520805));
#11986=CARTESIAN_POINT('',(55.6715728752542,-488.746316277468,-50.0435038520805));
#11987=CARTESIAN_POINT('',(63.5000000000004,-488.746316277468,-50.0435038520805));
#11988=CARTESIAN_POINT('',(59.2071067811869,-490.210782371535,-50.0435038520805));
#11989=CARTESIAN_POINT('Origin',(55.6715728752542,-493.746316277468,-50.0435038520805));
#11990=CARTESIAN_POINT('',(62.0355339059331,-493.039209496281,-50.0435038520805));
#11991=CARTESIAN_POINT('',(62.0355339059331,-493.039209496281,-50.0435038520805));
#11992=CARTESIAN_POINT('Origin',(58.5000000000004,-496.574743402214,-50.0435038520805));
#11993=CARTESIAN_POINT('Origin',(116.799998983903,-503.,9.78786625255754));
#11994=CARTESIAN_POINT('',(116.799998983903,-503.,9.78786625255754));
#11995=CARTESIAN_POINT('Origin',(77.0000011473894,-503.,9.78786625255755));
#11996=CARTESIAN_POINT('',(84.0715728752541,-535.746316277467,9.78786625255755));
#11997=CARTESIAN_POINT('',(64.3642141360679,-535.746316277467,9.78786625255755));
#11998=CARTESIAN_POINT('',(87.6071067811868,-537.210782371535,9.78786625255755));
#11999=CARTESIAN_POINT('Origin',(84.0715728752541,-540.746316277467,9.78786625255749));
#12000=CARTESIAN_POINT('',(76.4026347798538,-526.006310370202,9.78786625255755));
#12001=CARTESIAN_POINT('Origin',(84.8000002235163,-491.,62.1999998509896));
#12002=CARTESIAN_POINT('',(84.8000002235163,-501.,62.1999998509896));
#12003=CARTESIAN_POINT('',(84.8000002235164,-501.,59.9564961479195));
#12004=CARTESIAN_POINT('',(84.8000002235163,-491.,62.1999998509896));
#12005=CARTESIAN_POINT('Origin',(81.3561655505136,-501.,77.9999998509895));
#12006=CARTESIAN_POINT('',(86.3000002235165,-501.,63.7428304772297));
#12007=CARTESIAN_POINT('',(86.3000002235165,-501.,63.7428304772297));
#12008=CARTESIAN_POINT('',(79.9000002235163,-501.,62.1999998509894));
#12009=CARTESIAN_POINT('',(84.8000002235163,-501.,62.1999998509896));
#12010=CARTESIAN_POINT('',(79.9000002235163,-501.,61.3999998509894));
#12011=CARTESIAN_POINT('',(79.9000002235163,-501.,62.1999998509894));
#12012=CARTESIAN_POINT('',(78.4000002235155,-501.,61.3999998509893));
#12013=CARTESIAN_POINT('',(79.9000002235163,-501.,61.3999998509894));
#12014=CARTESIAN_POINT('',(78.4000002235148,-501.,90.6999998509893));
#12015=CARTESIAN_POINT('',(78.4000002235155,-501.,58.2999998509897));
#12016=CARTESIAN_POINT('',(79.9000002235148,-501.,90.6999998509894));
#12017=CARTESIAN_POINT('',(78.4000002235148,-501.,90.6999998509893));
#12018=CARTESIAN_POINT('',(79.9000002235148,-501.,89.7999998509894));
#12019=CARTESIAN_POINT('',(79.9000002235148,-501.,90.6999998509894));
#12020=CARTESIAN_POINT('',(84.8000002235148,-501.,89.7999998509896));
#12021=CARTESIAN_POINT('',(79.9000002235148,-501.,89.7999998509894));
#12022=CARTESIAN_POINT('',(84.8000002235146,-501.,93.6999998509896));
#12023=CARTESIAN_POINT('',(84.8000002235148,-501.,89.7999998509896));
#12024=CARTESIAN_POINT('',(86.3000002235146,-501.,93.6999998509897));
#12025=CARTESIAN_POINT('',(84.8000002235146,-501.,93.6999998509896));
#12026=CARTESIAN_POINT('',(86.3000002235149,-501.,88.2999998509897));
#12027=CARTESIAN_POINT('',(86.3000002235146,-501.,93.6999998509897));
#12028=CARTESIAN_POINT('',(79.9000002235149,-501.,88.2999998509894));
#12029=CARTESIAN_POINT('',(86.3000002235149,-501.,88.2999998509897));
#12030=CARTESIAN_POINT('',(79.9000002235162,-501.,63.7428304772297));
#12031=CARTESIAN_POINT('',(79.9000002235149,-501.,88.2999998509894));
#12032=CARTESIAN_POINT('',(78.4000002235155,-501.,63.7428304772297));
#12033=CARTESIAN_POINT('Origin',(81.3561655505136,-501.,77.9999998509895));
#12034=CARTESIAN_POINT('',(114.800000223516,-501.,83.2999998509897));
#12035=CARTESIAN_POINT('',(114.800000223516,-501.,88.6999998509897));
#12036=CARTESIAN_POINT('',(114.800000223516,-501.,88.6999998509897));
#12037=CARTESIAN_POINT('',(113.300000223517,-501.,83.2999998509896));
#12038=CARTESIAN_POINT('',(114.800000223516,-501.,83.2999998509897));
#12039=CARTESIAN_POINT('',(113.300000223516,-501.,87.1999998509896));
#12040=CARTESIAN_POINT('',(113.300000223517,-501.,83.2999998509896));
#12041=CARTESIAN_POINT('',(108.400000223516,-501.,87.1999998509894));
#12042=CARTESIAN_POINT('',(113.300000223516,-501.,87.1999998509896));
#12043=CARTESIAN_POINT('',(108.400000223516,-501.,86.3999998509894));
#12044=CARTESIAN_POINT('',(108.400000223516,-501.,87.1999998509894));
#12045=CARTESIAN_POINT('',(106.900000223516,-501.,86.3999998509893));
#12046=CARTESIAN_POINT('',(108.400000223516,-501.,86.3999998509894));
#12047=CARTESIAN_POINT('',(106.900000223515,-501.,115.699999850989));
#12048=CARTESIAN_POINT('',(106.900000223516,-501.,86.3999998509893));
#12049=CARTESIAN_POINT('',(108.400000223515,-501.,115.699999850989));
#12050=CARTESIAN_POINT('',(106.900000223515,-501.,115.699999850989));
#12051=CARTESIAN_POINT('',(108.400000223515,-501.,114.799999850989));
#12052=CARTESIAN_POINT('',(108.400000223515,-501.,115.699999850989));
#12053=CARTESIAN_POINT('',(113.300000223515,-501.,114.79999985099));
#12054=CARTESIAN_POINT('',(108.400000223515,-501.,114.799999850989));
#12055=CARTESIAN_POINT('',(113.300000223515,-501.,118.69999985099));
#12056=CARTESIAN_POINT('',(113.300000223515,-501.,114.79999985099));
#12057=CARTESIAN_POINT('',(114.800000223515,-501.,118.69999985099));
#12058=CARTESIAN_POINT('',(113.300000223515,-501.,118.69999985099));
#12059=CARTESIAN_POINT('',(114.800000223515,-501.,113.29999985099));
#12060=CARTESIAN_POINT('',(114.800000223515,-501.,118.69999985099));
#12061=CARTESIAN_POINT('',(108.400000223515,-501.,113.299999850989));
#12062=CARTESIAN_POINT('',(114.800000223515,-501.,113.29999985099));
#12063=CARTESIAN_POINT('',(108.400000223516,-501.,88.6999998509894));
#12064=CARTESIAN_POINT('',(108.400000223515,-501.,113.299999850989));
#12065=CARTESIAN_POINT('',(108.400000223516,-501.,88.6999998509894));
#12066=CARTESIAN_POINT('Origin',(81.3561655505136,-501.,77.9999998509895));
#12067=CARTESIAN_POINT('',(51.4000002235163,-501.,41.1999998509894));
#12068=CARTESIAN_POINT('',(56.3000002235163,-501.,41.1999998509896));
#12069=CARTESIAN_POINT('',(56.3000002235163,-501.,41.1999998509896));
#12070=CARTESIAN_POINT('',(51.4000002235163,-501.,40.3999998509894));
#12071=CARTESIAN_POINT('',(51.4000002235163,-501.,41.1999998509894));
#12072=CARTESIAN_POINT('',(49.9000002235163,-501.,40.3999998509893));
#12073=CARTESIAN_POINT('',(51.4000002235163,-501.,40.3999998509894));
#12074=CARTESIAN_POINT('',(49.9000002235148,-501.,69.6999998509893));
#12075=CARTESIAN_POINT('',(49.9000002235163,-501.,40.3999998509893));
#12076=CARTESIAN_POINT('',(51.4000002235147,-501.,69.6999998509894));
#12077=CARTESIAN_POINT('',(49.9000002235148,-501.,69.6999998509893));
#12078=CARTESIAN_POINT('',(51.4000002235148,-501.,68.7999998509894));
#12079=CARTESIAN_POINT('',(51.4000002235147,-501.,69.6999998509894));
#12080=CARTESIAN_POINT('',(56.3000002235148,-501.,68.7999998509896));
#12081=CARTESIAN_POINT('',(51.4000002235148,-501.,68.7999998509894));
#12082=CARTESIAN_POINT('',(56.3000002235146,-501.,72.6999998509896));
#12083=CARTESIAN_POINT('',(56.3000002235148,-501.,68.7999998509896));
#12084=CARTESIAN_POINT('',(57.8000002235146,-501.,72.6999998509897));
#12085=CARTESIAN_POINT('',(56.3000002235146,-501.,72.6999998509896));
#12086=CARTESIAN_POINT('',(57.8000002235149,-501.,67.2999998509897));
#12087=CARTESIAN_POINT('',(57.8000002235146,-501.,72.6999998509897));
#12088=CARTESIAN_POINT('',(51.4000002235149,-501.,67.2999998509894));
#12089=CARTESIAN_POINT('',(57.8000002235149,-501.,67.2999998509897));
#12090=CARTESIAN_POINT('',(51.4000002235162,-501.,42.6999998509897));
#12091=CARTESIAN_POINT('',(51.4000002235149,-501.,67.2999998509894));
#12092=CARTESIAN_POINT('',(57.8000002235162,-501.,42.6999998509897));
#12093=CARTESIAN_POINT('',(57.8000002235162,-501.,42.6999998509897));
#12094=CARTESIAN_POINT('',(57.8000002235162,-501.,37.2999998509892));
#12095=CARTESIAN_POINT('',(57.8000002235162,-501.,37.2999998509892));
#12096=CARTESIAN_POINT('',(56.3000002235165,-501.,37.2999998509892));
#12097=CARTESIAN_POINT('',(49.9123308775127,-501.,37.2999998509892));
#12098=CARTESIAN_POINT('',(56.3000002235165,-501.,37.2999998509896));
#12099=CARTESIAN_POINT('Origin',(51.4000002235163,-491.,41.1999998509894));
#12100=CARTESIAN_POINT('',(56.3000002235163,-491.,41.1999998509896));
#12101=CARTESIAN_POINT('',(51.4000002235163,-491.,41.1999998509894));
#12102=CARTESIAN_POINT('Origin',(51.4000002235163,-491.,40.3999998509894));
#12103=CARTESIAN_POINT('',(51.4000002235163,-491.,40.3999998509894));
#12104=CARTESIAN_POINT('Origin',(49.9000002235163,-491.,40.3999998509893));
#12105=CARTESIAN_POINT('',(49.9000002235163,-491.,40.3999998509893));
#12106=CARTESIAN_POINT('Origin',(49.9000002235148,-491.,69.6999998509893));
#12107=CARTESIAN_POINT('',(49.9000002235148,-491.,69.6999998509893));
#12108=CARTESIAN_POINT('Origin',(51.4000002235147,-491.,69.6999998509894));
#12109=CARTESIAN_POINT('',(51.4000002235147,-491.,69.6999998509894));
#12110=CARTESIAN_POINT('Origin',(51.4000002235148,-491.,68.7999998509894));
#12111=CARTESIAN_POINT('',(51.4000002235148,-491.,68.7999998509894));
#12112=CARTESIAN_POINT('Origin',(56.3000002235148,-491.,68.7999998509896));
#12113=CARTESIAN_POINT('',(56.3000002235148,-491.,68.7999998509896));
#12114=CARTESIAN_POINT('Origin',(56.3000002235146,-491.,72.6999998509896));
#12115=CARTESIAN_POINT('',(56.3000002235146,-491.,72.6999998509896));
#12116=CARTESIAN_POINT('Origin',(57.8000002235146,-491.,72.6999998509897));
#12117=CARTESIAN_POINT('',(57.8000002235146,-491.,72.6999998509897));
#12118=CARTESIAN_POINT('Origin',(57.8000002235149,-491.,67.2999998509897));
#12119=CARTESIAN_POINT('',(57.8000002235149,-491.,67.2999998509897));
#12120=CARTESIAN_POINT('Origin',(51.4000002235149,-491.,67.2999998509894));
#12121=CARTESIAN_POINT('',(51.4000002235149,-491.,67.2999998509894));
#12122=CARTESIAN_POINT('Origin',(51.4000002235162,-491.,42.6999998509897));
#12123=CARTESIAN_POINT('',(51.4000002235162,-491.,42.6999998509897));
#12124=CARTESIAN_POINT('Origin',(57.8000002235162,-491.,42.6999998509897));
#12125=CARTESIAN_POINT('',(57.8000002235162,-491.,42.6999998509897));
#12126=CARTESIAN_POINT('Origin',(57.8000002235162,-491.,37.2999998509892));
#12127=CARTESIAN_POINT('',(57.8000002235162,-491.,37.2999998509892));
#12128=CARTESIAN_POINT('Origin',(56.3000002235165,-491.,37.2999998509892));
#12129=CARTESIAN_POINT('',(56.3000002235165,-491.,37.2999998509892));
#12130=CARTESIAN_POINT('Origin',(56.3000002235163,-491.,41.1999998509896));
#12131=CARTESIAN_POINT('Origin',(88.5000044410117,-491.,60.0000008940697));
#12132=CARTESIAN_POINT('Origin',(114.800000223516,-491.,83.2999998509897));
#12133=CARTESIAN_POINT('',(114.800000223516,-491.,88.6999998509897));
#12134=CARTESIAN_POINT('',(114.800000223516,-491.,83.2999998509897));
#12135=CARTESIAN_POINT('Origin',(113.300000223517,-491.,83.2999998509896));
#12136=CARTESIAN_POINT('',(113.300000223517,-491.,83.2999998509896));
#12137=CARTESIAN_POINT('Origin',(113.300000223516,-491.,87.1999998509896));
#12138=CARTESIAN_POINT('',(113.300000223516,-491.,87.1999998509896));
#12139=CARTESIAN_POINT('Origin',(108.400000223516,-491.,87.1999998509894));
#12140=CARTESIAN_POINT('',(108.400000223516,-491.,87.1999998509894));
#12141=CARTESIAN_POINT('Origin',(108.400000223516,-491.,86.3999998509894));
#12142=CARTESIAN_POINT('',(108.400000223516,-491.,86.3999998509894));
#12143=CARTESIAN_POINT('Origin',(106.900000223516,-491.,86.3999998509893));
#12144=CARTESIAN_POINT('',(106.900000223516,-491.,86.3999998509893));
#12145=CARTESIAN_POINT('Origin',(106.900000223515,-491.,115.699999850989));
#12146=CARTESIAN_POINT('',(106.900000223515,-491.,115.699999850989));
#12147=CARTESIAN_POINT('Origin',(108.400000223515,-491.,115.699999850989));
#12148=CARTESIAN_POINT('',(108.400000223515,-491.,115.699999850989));
#12149=CARTESIAN_POINT('Origin',(108.400000223515,-491.,114.799999850989));
#12150=CARTESIAN_POINT('',(108.400000223515,-491.,114.799999850989));
#12151=CARTESIAN_POINT('Origin',(113.300000223515,-491.,114.79999985099));
#12152=CARTESIAN_POINT('',(113.300000223515,-491.,114.79999985099));
#12153=CARTESIAN_POINT('Origin',(113.300000223515,-491.,118.69999985099));
#12154=CARTESIAN_POINT('',(113.300000223515,-491.,118.69999985099));
#12155=CARTESIAN_POINT('Origin',(114.800000223515,-491.,118.69999985099));
#12156=CARTESIAN_POINT('',(114.800000223515,-491.,118.69999985099));
#12157=CARTESIAN_POINT('Origin',(114.800000223515,-491.,113.29999985099));
#12158=CARTESIAN_POINT('',(114.800000223515,-491.,113.29999985099));
#12159=CARTESIAN_POINT('Origin',(108.400000223515,-491.,113.299999850989));
#12160=CARTESIAN_POINT('',(108.400000223515,-491.,113.299999850989));
#12161=CARTESIAN_POINT('Origin',(108.400000223516,-491.,88.6999998509894));
#12162=CARTESIAN_POINT('',(108.400000223516,-491.,88.6999998509894));
#12163=CARTESIAN_POINT('Origin',(114.800000223516,-491.,88.6999998509897));
#12164=CARTESIAN_POINT('Origin',(79.9000002235163,-491.,62.1999998509894));
#12165=CARTESIAN_POINT('',(79.9000002235163,-491.,62.1999998509894));
#12166=CARTESIAN_POINT('Origin',(79.9000002235163,-491.,61.3999998509894));
#12167=CARTESIAN_POINT('',(79.9000002235163,-491.,61.3999998509894));
#12168=CARTESIAN_POINT('Origin',(78.4000002235163,-491.,61.3999998509893));
#12169=CARTESIAN_POINT('',(78.4000002235155,-491.,61.3999998509893));
#12170=CARTESIAN_POINT('Origin',(78.4000002235155,-491.,90.6999998509893));
#12171=CARTESIAN_POINT('',(78.4000002235148,-491.,90.6999998509893));
#12172=CARTESIAN_POINT('Origin',(79.9000002235148,-491.,90.6999998509894));
#12173=CARTESIAN_POINT('',(79.9000002235148,-491.,90.6999998509894));
#12174=CARTESIAN_POINT('Origin',(79.9000002235148,-491.,89.7999998509894));
#12175=CARTESIAN_POINT('',(79.9000002235148,-491.,89.7999998509894));
#12176=CARTESIAN_POINT('Origin',(84.8000002235148,-491.,89.7999998509896));
#12177=CARTESIAN_POINT('',(84.8000002235148,-491.,89.7999998509896));
#12178=CARTESIAN_POINT('Origin',(84.8000002235146,-491.,93.6999998509896));
#12179=CARTESIAN_POINT('',(84.8000002235146,-491.,93.6999998509896));
#12180=CARTESIAN_POINT('Origin',(86.3000002235146,-491.,93.6999998509897));
#12181=CARTESIAN_POINT('',(86.3000002235146,-491.,93.6999998509897));
#12182=CARTESIAN_POINT('Origin',(86.3000002235149,-491.,88.2999998509897));
#12183=CARTESIAN_POINT('',(86.3000002235149,-491.,88.2999998509897));
#12184=CARTESIAN_POINT('Origin',(79.9000002235149,-491.,88.2999998509894));
#12185=CARTESIAN_POINT('',(79.9000002235149,-491.,88.2999998509894));
#12186=CARTESIAN_POINT('Origin',(79.9000002235162,-491.,63.7428304772297));
#12187=CARTESIAN_POINT('',(79.9000002235162,-491.,63.7428304772297));
#12188=CARTESIAN_POINT('Origin',(86.3000002235165,-491.,63.7428304772297));
#12189=CARTESIAN_POINT('',(86.3000002235165,-491.,63.7428304772297));
#12190=CARTESIAN_POINT('Origin',(86.3000002235165,-491.,58.2999998509897));
#12191=CARTESIAN_POINT('Origin',(76.4000002235155,-491.,120.69999985099));
#12192=CARTESIAN_POINT('Origin',(51.7284271247465,-535.746316277467,-26.0435038520781));
#12193=CARTESIAN_POINT('',(51.7284271247465,-535.746316277467,-0.043503852080562));
#12194=CARTESIAN_POINT('',(67.9000000000003,-535.746316277467,-0.0435038520773112));
#12195=CARTESIAN_POINT('',(51.7284271247465,-535.746316277467,20.9564961479219));
#12196=CARTESIAN_POINT('',(51.7284271247465,-535.746316277467,-26.0435038520782));
#12197=CARTESIAN_POINT('',(84.0715728752541,-535.746316277467,20.9564961479219));
#12198=CARTESIAN_POINT('',(84.0715728752541,-535.746316277467,20.9564961479219));
#12199=CARTESIAN_POINT('',(84.0715728752541,-535.746316277467,-26.0435038520782));
#12200=CARTESIAN_POINT('Origin',(84.0715728752541,-540.746316277467,-26.0435038520781));
#12201=CARTESIAN_POINT('',(87.6071067811868,-537.210782371535,20.9564961479219));
#12202=CARTESIAN_POINT('Origin',(84.0715728752541,-540.746316277467,20.9564961479219));
#12203=CARTESIAN_POINT('',(87.6071067811868,-537.210782371535,-26.0435038520782));
#12204=CARTESIAN_POINT('Origin',(87.6071067811868,-537.210782371535,-26.0435038520781));
#12205=CARTESIAN_POINT('',(90.435533905933,-540.039209496281,20.9564961479219));
#12206=CARTESIAN_POINT('',(90.435533905933,-540.039209496281,20.9564961479219));
#12207=CARTESIAN_POINT('',(90.435533905933,-540.039209496281,-26.0435038520782));
#12208=CARTESIAN_POINT('Ctrl Pts',(43.9000000000003,-543.574743402214,-26.0435038520781));
#12209=CARTESIAN_POINT('Ctrl Pts',(45.5094757082488,-541.298601027298,-26.3656289480974));
#12210=CARTESIAN_POINT('Ctrl Pts',(47.1189514164973,-539.022458652383,-26.6877540441166));
#12211=CARTESIAN_POINT('Ctrl Pts',(48.7284271247458,-536.746316277468,-27.0098791401358));
#12212=CARTESIAN_POINT('Ctrl Pts',(43.9000000000003,-554.355791985716,-26.0435038520781));
#12213=CARTESIAN_POINT('Ctrl Pts',(42.6872534860266,-548.485966749634,-26.3656289480974));
#12214=CARTESIAN_POINT('Ctrl Pts',(41.474506972053,-542.616141513551,-26.6877540441166));
#12215=CARTESIAN_POINT('Ctrl Pts',(40.2617604580794,-536.746316277468,-27.0098791401359));
#12216=CARTESIAN_POINT('Ctrl Pts',(43.9000000000003,-565.136840569219,-26.0435038520782));
#12217=CARTESIAN_POINT('Ctrl Pts',(39.8650312638045,-555.673332471969,-26.3656289480974));
#12218=CARTESIAN_POINT('Ctrl Pts',(35.8300625276087,-546.209824374718,-26.6877540441166));
#12219=CARTESIAN_POINT('Ctrl Pts',(31.795093791413,-536.746316277468,-27.0098791401359));
#12220=CARTESIAN_POINT('Ctrl Pts',(43.9000000000003,-575.917889152722,-26.0435038520782));
#12221=CARTESIAN_POINT('Ctrl Pts',(37.0428090415824,-562.860698194304,-26.3656289480974));
#12222=CARTESIAN_POINT('Ctrl Pts',(30.1856180831645,-549.803507235886,-26.6877540441167));
#12223=CARTESIAN_POINT('Ctrl Pts',(23.3284271247466,-536.746316277468,-27.0098791401359));
#12224=CARTESIAN_POINT('',(48.1928932188137,-537.210782371535,-26.9469218262156));
#12225=CARTESIAN_POINT('',(48.7284271247458,-536.746316277468,-27.0098791401358));
#12226=CARTESIAN_POINT('Ctrl Pts',(48.1928932188136,-537.210782371535,-26.9469218262156));
#12227=CARTESIAN_POINT('Ctrl Pts',(48.3601307823264,-537.043544808022,-26.9688311836043));
#12228=CARTESIAN_POINT('Ctrl Pts',(48.5390898480984,-536.888319234954,-26.9897825430077));
#12229=CARTESIAN_POINT('Ctrl Pts',(48.7284271247457,-536.746316277468,-27.0098791401358));
#12230=CARTESIAN_POINT('',(23.3284271247466,-536.746316277468,-27.0098791401359));
#12231=CARTESIAN_POINT('Ctrl Pts',(48.7284271247458,-536.746316277468,-27.0098791401358));
#12232=CARTESIAN_POINT('Ctrl Pts',(40.2617604580794,-536.746316277468,-27.0098791401359));
#12233=CARTESIAN_POINT('Ctrl Pts',(31.795093791413,-536.746316277468,-27.0098791401359));
#12234=CARTESIAN_POINT('Ctrl Pts',(23.3284271247466,-536.746316277468,-27.0098791401359));
#12235=CARTESIAN_POINT('',(43.9000000000003,-575.917889152722,-26.0435038520782));
#12236=CARTESIAN_POINT('',(43.9000000000003,-575.917889152722,-26.0435038520782));
#12237=CARTESIAN_POINT('',(43.9000000000003,-570.996316277467,-26.0435038520782));
#12238=CARTESIAN_POINT('Ctrl Pts',(43.9000000000003,-575.917889152722,-26.0435038520782));
#12239=CARTESIAN_POINT('Ctrl Pts',(43.9000000000003,-574.27736486097,-26.0435038520782));
#12240=CARTESIAN_POINT('Ctrl Pts',(43.9000000000003,-572.636840569219,-26.0435038520782));
#12241=CARTESIAN_POINT('Ctrl Pts',(43.9000000000003,-570.996316277467,-26.0435038520782));
#12242=CARTESIAN_POINT('',(43.9000000000003,-549.723031679432,-26.0435038520781));
#12243=CARTESIAN_POINT('',(43.9000000000003,-535.746316277467,-26.0435038520782));
#12244=CARTESIAN_POINT('',(43.9000000000003,-543.574743402214,-26.5013665446713));
#12245=CARTESIAN_POINT('Ctrl Pts',(43.9000000000003,-549.723031679432,-26.0435038520781));
#12246=CARTESIAN_POINT('Ctrl Pts',(43.9000000000003,-549.719193355137,-26.043789691879));
#12247=CARTESIAN_POINT('Ctrl Pts',(43.9000000000003,-549.715355030842,-26.0440755316799));
#12248=CARTESIAN_POINT('Ctrl Pts',(43.9000000000003,-547.665925605102,-26.1966964292109));
#12249=CARTESIAN_POINT('Ctrl Pts',(43.9000000000003,-545.620334503658,-26.3490314869411));
#12250=CARTESIAN_POINT('Ctrl Pts',(43.9000000000003,-543.574743402214,-26.5013665446713));
#12251=CARTESIAN_POINT('',(45.3644660940675,-540.039209496281,-26.6987036573698));
#12252=CARTESIAN_POINT('Ctrl Pts',(43.9000000000003,-543.574743402214,-26.5013665446713));
#12253=CARTESIAN_POINT('Ctrl Pts',(43.9000000000003,-542.973081403251,-26.5461722809113));
#12254=CARTESIAN_POINT('Ctrl Pts',(44.0086525814684,-542.375466228074,-26.5806440384299));
#12255=CARTESIAN_POINT('Ctrl Pts',(44.3538536573873,-541.459611774937,-26.6304150432705));
#12256=CARTESIAN_POINT('Ctrl Pts',(44.525662908467,-541.123920797834,-26.6475946494811));
#12257=CARTESIAN_POINT('Ctrl Pts',(44.9175794185481,-540.533166595251,-26.6765338354136));
#12258=CARTESIAN_POINT('Ctrl Pts',(45.1289474564958,-540.274728133853,-26.6886187849193));
#12259=CARTESIAN_POINT('Ctrl Pts',(45.3644660940675,-540.039209496281,-26.6987036573699));
#12260=CARTESIAN_POINT('Ctrl Pts',(45.3644660940675,-540.039209496281,-26.6987036573699));
#12261=CARTESIAN_POINT('Ctrl Pts',(45.6003264147275,-539.803349175621,-26.7088031606386));
#12262=CARTESIAN_POINT('Ctrl Pts',(45.8370258283235,-539.566649762026,-26.7209580837005));
#12263=CARTESIAN_POINT('Ctrl Pts',(46.5720605695574,-538.831615020792,-26.7674234370329));
#12264=CARTESIAN_POINT('Ctrl Pts',(47.0362474357044,-538.367428154644,-26.8091772367389));
#12265=CARTESIAN_POINT('Ctrl Pts',(47.7517230393931,-537.651952550955,-26.8906903751722));
#12266=CARTESIAN_POINT('Ctrl Pts',(47.9729173636812,-537.430758226667,-26.9181033626734));
#12267=CARTESIAN_POINT('Ctrl Pts',(48.1928932188136,-537.210782371535,-26.9469218262156));
#12268=CARTESIAN_POINT('Origin',(43.9000000000003,-575.917889152722,-26.0435038520782));
#12269=CARTESIAN_POINT('',(43.9000000000003,-575.917889152722,-26.0435038520782));
#12270=CARTESIAN_POINT('',(23.3284271247466,-536.746316277468,-47.0435038520805));
#12271=CARTESIAN_POINT('Origin',(51.7284271247464,-540.746316277467,-26.0435038520781));
#12272=CARTESIAN_POINT('',(48.1928932188136,-537.210782371535,20.9564961479219));
#12273=CARTESIAN_POINT('',(48.1928932188137,-537.210782371535,-26.0435038520782));
#12274=CARTESIAN_POINT('Origin',(51.7284271247464,-540.746316277467,20.9564961479219));
#12275=CARTESIAN_POINT('',(48.7284271247458,-536.746316277468,-0.043503852080562));
#12276=CARTESIAN_POINT('Origin',(51.7284271247464,-540.746316277467,-0.0435038520805664));
#12277=CARTESIAN_POINT('',(48.7284271247459,-536.746316277468,-29.0435038520782));
#12278=CARTESIAN_POINT('Origin',(43.9000000000003,-575.917889152721,-26.0435038520782));
#12279=CARTESIAN_POINT('',(43.9000000000003,-575.917889152722,20.9564961479218));
#12280=CARTESIAN_POINT('',(43.9000000000003,-575.917889152722,-26.0435038520782));
#12281=CARTESIAN_POINT('',(43.9000000000003,-570.996316277468,20.9564961479218));
#12282=CARTESIAN_POINT('',(43.9000000000003,-570.996316277468,20.9564961479218));
#12283=CARTESIAN_POINT('',(43.9000000000003,-570.996316277467,-26.0435038520782));
#12284=CARTESIAN_POINT('Origin',(51.7284271247465,-583.746316277468,-50.0435038520773));
#12285=CARTESIAN_POINT('',(51.7284271247465,-583.746316277467,-26.0435038520782));
#12286=CARTESIAN_POINT('',(72.4000000000001,-622.917889152721,-1.04350385207677));
#12287=CARTESIAN_POINT('Origin',(75.2000000000001,-595.496316277467,-1.04350385207676));
#12288=CARTESIAN_POINT('',(72.4000000000001,-595.496316277467,45.9564961479232));
#12289=CARTESIAN_POINT('',(72.4000000000001,-595.496316277467,-1.04350385207676));
#12290=CARTESIAN_POINT('',(75.2000000000001,-595.496316277467,-1.04350385207676));
#12291=CARTESIAN_POINT('',(72.4000000000001,-595.496316277467,-1.04350385207676));
#12292=CARTESIAN_POINT('',(75.2000000000001,-595.496316277467,45.9564961479232));
#12293=CARTESIAN_POINT('',(75.2000000000001,-595.496316277467,-1.04350385207676));
#12294=CARTESIAN_POINT('',(72.4000000000001,-595.496316277467,45.9564961479232));
#12295=CARTESIAN_POINT('Origin',(72.4000000000001,-622.91788915272,-1.0435038520768));
#12296=CARTESIAN_POINT('',(72.4000000000001,-590.574743402213,45.9564961479233));
#12297=CARTESIAN_POINT('',(72.4000000000001,-590.574743402213,45.9564961479233));
#12298=CARTESIAN_POINT('',(72.4000000000001,-590.574743402213,-1.04350385207677));
#12299=CARTESIAN_POINT('Origin',(72.4000000000001,-622.91788915272,-1.0435038520768));
#12300=CARTESIAN_POINT('',(72.4000000000001,-622.917889152721,45.9564961479232));
#12301=CARTESIAN_POINT('',(72.4000000000001,-622.917889152721,-1.04350385207677));
#12302=CARTESIAN_POINT('',(72.4000000000001,-617.996316277467,45.9564961479232));
#12303=CARTESIAN_POINT('',(72.4000000000001,-617.996316277467,45.9564961479232));
#12304=CARTESIAN_POINT('',(72.4000000000001,-617.996316277467,-1.04350385207679));
#12305=CARTESIAN_POINT('Origin',(77.4000000000001,-590.574743402213,-1.04350385207675));
#12306=CARTESIAN_POINT('',(73.8644660940674,-587.03920949628,45.9564961479233));
#12307=CARTESIAN_POINT('Origin',(77.4000000000001,-590.574743402213,45.9564961479233));
#12308=CARTESIAN_POINT('',(73.8644660940674,-587.03920949628,-1.04350385207677));
#12309=CARTESIAN_POINT('Origin',(73.8644660940674,-587.03920949628,-1.04350385207675));
#12310=CARTESIAN_POINT('',(76.6928932188135,-584.210782371534,45.9564961479233));
#12311=CARTESIAN_POINT('',(76.6928932188135,-584.210782371534,45.9564961479233));
#12312=CARTESIAN_POINT('',(76.6928932188135,-584.210782371534,-1.04350385207677));
#12313=CARTESIAN_POINT('Origin',(80.2284271247463,-587.746316277467,-1.04350385207675));
#12314=CARTESIAN_POINT('',(80.2284271247463,-582.746316277467,45.9564961479233));
#12315=CARTESIAN_POINT('Origin',(80.2284271247463,-587.746316277467,45.9564961479233));
#12316=CARTESIAN_POINT('',(80.2284271247463,-582.746316277467,20.9564961479218));
#12317=CARTESIAN_POINT('',(80.2284271247463,-582.746316277467,-1.04350385207677));
#12318=CARTESIAN_POINT('',(77.2284271247449,-583.746316277468,20.9564961479218));
#12319=CARTESIAN_POINT('Origin',(80.2284271247463,-587.746316277467,20.9564961479218));
#12320=CARTESIAN_POINT('',(77.2284271247451,-583.746316277468,-4.04350385207677));
#12321=CARTESIAN_POINT('Origin',(84.0715728752541,-583.746316277468,-26.0435038520782));
#12322=CARTESIAN_POINT('',(51.7284271247465,-583.746316277468,20.9564961479218));
#12323=CARTESIAN_POINT('',(51.7284271247465,-583.746316277468,20.9564961479218));
#12324=CARTESIAN_POINT('',(51.7284271247465,-583.746316277467,-26.0435038520782));
#12325=CARTESIAN_POINT('Origin',(23.3284271247466,-533.946316277468,-47.0435038520806));
#12326=CARTESIAN_POINT('',(23.3284271247466,-533.946316277468,-0.043503852080562));
#12327=CARTESIAN_POINT('',(55.6715728752542,-533.946316277468,-0.043503852080562));
#12328=CARTESIAN_POINT('',(47.5857864376273,-533.946316277468,-0.0435038520805575));
#12329=CARTESIAN_POINT('',(55.6715728752542,-533.946316277468,-47.0435038520806));
#12330=CARTESIAN_POINT('',(55.6715728752542,-533.946316277468,-47.0435038520806));
#12331=CARTESIAN_POINT('',(23.3284271247466,-533.946316277468,-47.0435038520806));
#12332=CARTESIAN_POINT('',(23.3284271247466,-533.946316277468,-47.0435038520806));
#12333=CARTESIAN_POINT('',(23.3284271247466,-533.946316277468,-47.0435038520806));
#12334=CARTESIAN_POINT('Origin',(112.571572875254,-582.746316277467,-4.04350385207589));
#12335=CARTESIAN_POINT('',(91.9000000000003,-543.574743402214,20.9564961479219));
#12336=CARTESIAN_POINT('',(91.9000000000003,-543.574743402214,-26.0435038520782));
#12337=CARTESIAN_POINT('',(112.571572875254,-582.746316277467,20.9564961479241));
#12338=CARTESIAN_POINT('Origin',(51.7284271247465,-580.946316277468,-26.0435038520782));
#12339=CARTESIAN_POINT('',(84.0715728752541,-580.946316277468,-26.0435038520782));
#12340=CARTESIAN_POINT('',(84.0715728752541,-580.946316277468,20.9564961479218));
#12341=CARTESIAN_POINT('',(84.0715728752541,-580.946316277468,-26.0435038520782));
#12342=CARTESIAN_POINT('',(51.7284271247465,-580.946316277468,-26.0435038520782));
#12343=CARTESIAN_POINT('',(51.7284271247465,-580.946316277468,-26.0435038520782));
#12344=CARTESIAN_POINT('',(51.7284271247465,-580.946316277468,20.9564961479218));
#12345=CARTESIAN_POINT('',(51.7284271247465,-580.946316277468,-26.0435038520782));
#12346=CARTESIAN_POINT('',(75.9857864376272,-580.946316277468,20.9564961479218));
#12347=CARTESIAN_POINT('Origin',(80.2284271247463,-582.746316277467,-1.04350385207674));
#12348=CARTESIAN_POINT('',(96.4000000000001,-582.746316277467,20.9564961479241));
#12349=CARTESIAN_POINT('',(112.571572875254,-582.746316277467,45.9564961479233));
#12350=CARTESIAN_POINT('',(112.571572875254,-582.746316277467,45.9564961479233));
#12351=CARTESIAN_POINT('',(112.571572875254,-582.746316277467,-1.04350385207677));
#12352=CARTESIAN_POINT('Origin',(96.4000000000001,-606.746316277467,-1.04350385207677));
#12353=CARTESIAN_POINT('',(75.2000000000001,-617.996316277467,-1.04350385207679));
#12354=CARTESIAN_POINT('',(72.4000000000001,-617.996316277467,-1.04350385207679));
#12355=CARTESIAN_POINT('',(75.2000000000001,-622.91788915272,-1.0435038520768));
#12356=CARTESIAN_POINT('',(75.2000000000001,-615.196316277467,-1.04350385207679));
#12357=CARTESIAN_POINT('',(75.8443650813897,-624.473524071331,-1.0435038520768));
#12358=CARTESIAN_POINT('Origin',(77.4000000000001,-622.91788915272,-1.0435038520768));
#12359=CARTESIAN_POINT('',(78.6727922061359,-627.301951196077,-1.04350385207681));
#12360=CARTESIAN_POINT('',(75.8443650813897,-624.473524071331,-1.0435038520768));
#12361=CARTESIAN_POINT('',(80.2284271247463,-627.946316277467,-1.04350385207681));
#12362=CARTESIAN_POINT('Origin',(80.2284271247463,-625.746316277467,-1.04350385207681));
#12363=CARTESIAN_POINT('',(112.571572875254,-627.946316277467,-1.04350385207681));
#12364=CARTESIAN_POINT('',(80.2284271247463,-627.946316277467,-1.04350385207681));
#12365=CARTESIAN_POINT('',(114.127207793864,-627.301951196077,-1.04350385207681));
#12366=CARTESIAN_POINT('Origin',(112.571572875254,-625.746316277467,-1.0435038520768));
#12367=CARTESIAN_POINT('',(116.955634918611,-624.473524071331,-1.0435038520768));
#12368=CARTESIAN_POINT('',(114.127207793864,-627.301951196077,-1.04350385207681));
#12369=CARTESIAN_POINT('',(117.6,-622.91788915272,-1.0435038520768));
#12370=CARTESIAN_POINT('Origin',(115.4,-622.91788915272,-1.0435038520768));
#12371=CARTESIAN_POINT('',(117.6,-590.574743402213,-1.04350385207675));
#12372=CARTESIAN_POINT('',(117.6,-622.91788915272,-1.0435038520768));
#12373=CARTESIAN_POINT('',(116.955634918611,-589.019108483602,-1.04350385207675));
#12374=CARTESIAN_POINT('Origin',(115.4,-590.574743402213,-1.04350385207675));
#12375=CARTESIAN_POINT('',(114.127207793864,-586.190681358856,-1.04350385207674));
#12376=CARTESIAN_POINT('',(116.955634918611,-589.019108483602,-1.04350385207675));
#12377=CARTESIAN_POINT('',(112.571572875254,-585.546316277467,-1.04350385207674));
#12378=CARTESIAN_POINT('Origin',(112.571572875254,-587.746316277467,-1.04350385207675));
#12379=CARTESIAN_POINT('',(80.2284271247463,-585.546316277467,-1.04350385207674));
#12380=CARTESIAN_POINT('',(112.571572875254,-585.546316277467,-1.04350385207674));
#12381=CARTESIAN_POINT('',(78.6727922061359,-586.190681358856,-1.04350385207675));
#12382=CARTESIAN_POINT('Origin',(80.2284271247463,-587.746316277467,-1.04350385207675));
#12383=CARTESIAN_POINT('',(75.8443650813897,-589.019108483602,-1.04350385207675));
#12384=CARTESIAN_POINT('',(78.6727922061359,-586.190681358856,-1.04350385207675));
#12385=CARTESIAN_POINT('',(75.2000000000001,-590.574743402213,-1.04350385207675));
#12386=CARTESIAN_POINT('Origin',(77.4000000000001,-590.574743402213,-1.04350385207675));
#12387=CARTESIAN_POINT('',(75.2000000000001,-590.574743402213,-1.04350385207675));
#12388=CARTESIAN_POINT('Origin',(77.4000000000001,-622.91788915272,-1.0435038520768));
#12389=CARTESIAN_POINT('',(73.8644660940674,-626.453423058653,45.9564961479232));
#12390=CARTESIAN_POINT('',(73.8644660940674,-626.453423058653,-1.04350385207677));
#12391=CARTESIAN_POINT('Origin',(77.4000000000001,-622.917889152721,45.9564961479232));
#12392=CARTESIAN_POINT('Origin',(76.6928932188135,-629.281850183399,-1.04350385207681));
#12393=CARTESIAN_POINT('',(76.6928932188135,-629.281850183399,45.9564961479232));
#12394=CARTESIAN_POINT('',(76.6928932188135,-629.281850183399,-1.04350385207677));
#12395=CARTESIAN_POINT('',(73.8644660940674,-626.453423058653,45.9564961479232));
#12396=CARTESIAN_POINT('Origin',(80.2284271247463,-625.746316277467,-1.04350385207681));
#12397=CARTESIAN_POINT('',(80.2284271247464,-630.746316277467,45.9564961479232));
#12398=CARTESIAN_POINT('',(80.2284271247464,-630.746316277467,-1.04350385207677));
#12399=CARTESIAN_POINT('Origin',(80.2284271247463,-625.746316277467,45.9564961479232));
#12400=CARTESIAN_POINT('Origin',(112.571572875254,-630.746316277467,-1.04350385207681));
#12401=CARTESIAN_POINT('',(112.571572875254,-630.746316277467,45.9564961479232));
#12402=CARTESIAN_POINT('',(112.571572875254,-630.746316277467,-1.04350385207677));
#12403=CARTESIAN_POINT('',(80.2284271247464,-630.746316277467,45.9564961479232));
#12404=CARTESIAN_POINT('Origin',(112.571572875254,-625.746316277467,-1.0435038520768));
#12405=CARTESIAN_POINT('',(116.107106781187,-629.281850183399,45.9564961479232));
#12406=CARTESIAN_POINT('',(116.107106781187,-629.281850183399,-1.04350385207677));
#12407=CARTESIAN_POINT('Origin',(112.571572875254,-625.746316277467,45.9564961479232));
#12408=CARTESIAN_POINT('Origin',(118.935533905933,-626.453423058653,-1.0435038520768));
#12409=CARTESIAN_POINT('',(118.935533905933,-626.453423058653,45.9564961479232));
#12410=CARTESIAN_POINT('',(118.935533905933,-626.453423058653,-1.04350385207677));
#12411=CARTESIAN_POINT('',(116.107106781187,-629.281850183399,45.9564961479232));
#12412=CARTESIAN_POINT('Origin',(115.4,-622.91788915272,-1.0435038520768));
#12413=CARTESIAN_POINT('',(120.4,-622.917889152721,45.9564961479232));
#12414=CARTESIAN_POINT('',(120.4,-622.917889152721,-1.04350385207677));
#12415=CARTESIAN_POINT('Origin',(115.4,-622.917889152721,45.9564961479232));
#12416=CARTESIAN_POINT('Origin',(120.4,-590.574743402213,-1.04350385207675));
#12417=CARTESIAN_POINT('',(120.4,-590.574743402213,45.9564961479233));
#12418=CARTESIAN_POINT('',(120.4,-590.574743402213,-1.04350385207677));
#12419=CARTESIAN_POINT('',(120.4,-622.917889152721,45.9564961479232));
#12420=CARTESIAN_POINT('Origin',(115.4,-590.574743402213,-1.04350385207675));
#12421=CARTESIAN_POINT('',(118.935533905933,-587.03920949628,45.9564961479233));
#12422=CARTESIAN_POINT('',(118.935533905933,-587.03920949628,-1.04350385207677));
#12423=CARTESIAN_POINT('Origin',(115.4,-590.574743402213,45.9564961479233));
#12424=CARTESIAN_POINT('Origin',(116.107106781187,-584.210782371534,-1.04350385207674));
#12425=CARTESIAN_POINT('',(116.107106781187,-584.210782371534,45.9564961479233));
#12426=CARTESIAN_POINT('',(116.107106781187,-584.210782371534,-1.04350385207677));
#12427=CARTESIAN_POINT('',(118.935533905933,-587.03920949628,45.9564961479233));
#12428=CARTESIAN_POINT('Origin',(112.571572875254,-587.746316277467,-1.04350385207675));
#12429=CARTESIAN_POINT('Origin',(112.571572875254,-587.746316277467,45.9564961479233));
#12430=CARTESIAN_POINT('Origin',(75.2000000000001,-590.574743402213,-1.04350385207675));
#12431=CARTESIAN_POINT('',(75.2000000000001,-590.574743402213,45.9564961479233));
#12432=CARTESIAN_POINT('',(75.2000000000001,-590.574743402213,-1.04350385207675));
#12433=CARTESIAN_POINT('',(75.2000000000001,-590.574743402213,45.9564961479233));
#12434=CARTESIAN_POINT('Origin',(77.4000000000001,-590.574743402213,-1.04350385207675));
#12435=CARTESIAN_POINT('',(75.8443650813897,-589.019108483602,45.9564961479233));
#12436=CARTESIAN_POINT('',(75.8443650813897,-589.019108483602,-1.04350385207675));
#12437=CARTESIAN_POINT('Origin',(77.4000000000001,-590.574743402213,45.9564961479233));
#12438=CARTESIAN_POINT('Origin',(78.6727922061359,-586.190681358856,-1.04350385207675));
#12439=CARTESIAN_POINT('',(78.6727922061359,-586.190681358856,45.9564961479233));
#12440=CARTESIAN_POINT('',(78.6727922061359,-586.190681358856,-1.04350385207675));
#12441=CARTESIAN_POINT('',(78.6727922061359,-586.190681358856,45.9564961479233));
#12442=CARTESIAN_POINT('Origin',(80.2284271247463,-587.746316277467,-1.04350385207675));
#12443=CARTESIAN_POINT('',(80.2284271247463,-585.546316277467,45.9564961479233));
#12444=CARTESIAN_POINT('',(80.2284271247463,-585.546316277467,-1.04350385207674));
#12445=CARTESIAN_POINT('Origin',(80.2284271247463,-587.746316277467,45.9564961479233));
#12446=CARTESIAN_POINT('Origin',(112.571572875254,-585.546316277467,-1.04350385207674));
#12447=CARTESIAN_POINT('',(112.571572875254,-585.546316277467,45.9564961479233));
#12448=CARTESIAN_POINT('',(112.571572875254,-585.546316277467,-1.04350385207674));
#12449=CARTESIAN_POINT('',(112.571572875254,-585.546316277467,45.9564961479233));
#12450=CARTESIAN_POINT('Origin',(112.571572875254,-587.746316277467,-1.04350385207675));
#12451=CARTESIAN_POINT('',(114.127207793864,-586.190681358856,45.9564961479233));
#12452=CARTESIAN_POINT('',(114.127207793864,-586.190681358856,-1.04350385207674));
#12453=CARTESIAN_POINT('Origin',(112.571572875254,-587.746316277467,45.9564961479233));
#12454=CARTESIAN_POINT('Origin',(116.955634918611,-589.019108483602,-1.04350385207675));
#12455=CARTESIAN_POINT('',(116.955634918611,-589.019108483602,45.9564961479233));
#12456=CARTESIAN_POINT('',(116.955634918611,-589.019108483602,-1.04350385207675));
#12457=CARTESIAN_POINT('',(116.955634918611,-589.019108483602,45.9564961479233));
#12458=CARTESIAN_POINT('Origin',(115.4,-590.574743402213,-1.04350385207675));
#12459=CARTESIAN_POINT('',(117.6,-590.574743402213,45.9564961479233));
#12460=CARTESIAN_POINT('',(117.6,-590.574743402213,-1.04350385207675));
#12461=CARTESIAN_POINT('Origin',(115.4,-590.574743402213,45.9564961479233));
#12462=CARTESIAN_POINT('Origin',(117.6,-622.91788915272,-1.0435038520768));
#12463=CARTESIAN_POINT('',(117.6,-622.917889152721,45.9564961479232));
#12464=CARTESIAN_POINT('',(117.6,-622.91788915272,-1.0435038520768));
#12465=CARTESIAN_POINT('',(117.6,-622.917889152721,45.9564961479232));
#12466=CARTESIAN_POINT('Origin',(115.4,-622.91788915272,-1.0435038520768));
#12467=CARTESIAN_POINT('',(116.955634918611,-624.473524071331,45.9564961479232));
#12468=CARTESIAN_POINT('',(116.955634918611,-624.473524071331,-1.0435038520768));
#12469=CARTESIAN_POINT('Origin',(115.4,-622.917889152721,45.9564961479232));
#12470=CARTESIAN_POINT('Origin',(114.127207793864,-627.301951196077,-1.04350385207681));
#12471=CARTESIAN_POINT('',(114.127207793864,-627.301951196077,45.9564961479232));
#12472=CARTESIAN_POINT('',(114.127207793864,-627.301951196077,-1.04350385207681));
#12473=CARTESIAN_POINT('',(114.127207793864,-627.301951196077,45.9564961479232));
#12474=CARTESIAN_POINT('Origin',(112.571572875254,-625.746316277467,-1.0435038520768));
#12475=CARTESIAN_POINT('',(112.571572875254,-627.946316277467,45.9564961479232));
#12476=CARTESIAN_POINT('',(112.571572875254,-627.946316277467,-1.04350385207681));
#12477=CARTESIAN_POINT('Origin',(112.571572875254,-625.746316277467,45.9564961479232));
#12478=CARTESIAN_POINT('Origin',(80.2284271247463,-627.946316277467,-1.04350385207681));
#12479=CARTESIAN_POINT('',(80.2284271247463,-627.946316277467,45.9564961479232));
#12480=CARTESIAN_POINT('',(80.2284271247463,-627.946316277467,-1.04350385207681));
#12481=CARTESIAN_POINT('',(80.2284271247463,-627.946316277467,45.9564961479232));
#12482=CARTESIAN_POINT('Origin',(80.2284271247463,-625.746316277467,-1.04350385207681));
#12483=CARTESIAN_POINT('',(78.6727922061359,-627.301951196077,45.9564961479232));
#12484=CARTESIAN_POINT('',(78.6727922061359,-627.301951196077,-1.04350385207681));
#12485=CARTESIAN_POINT('Origin',(80.2284271247463,-625.746316277467,45.9564961479232));
#12486=CARTESIAN_POINT('Origin',(75.8443650813897,-624.473524071331,-1.0435038520768));
#12487=CARTESIAN_POINT('',(75.8443650813897,-624.473524071331,45.9564961479232));
#12488=CARTESIAN_POINT('',(75.8443650813897,-624.473524071331,-1.0435038520768));
#12489=CARTESIAN_POINT('',(75.8443650813897,-624.473524071331,45.9564961479232));
#12490=CARTESIAN_POINT('Origin',(77.4000000000001,-622.91788915272,-1.0435038520768));
#12491=CARTESIAN_POINT('',(75.2000000000001,-622.917889152721,45.9564961479232));
#12492=CARTESIAN_POINT('',(75.2000000000001,-622.91788915272,-1.0435038520768));
#12493=CARTESIAN_POINT('Origin',(77.4000000000001,-622.917889152721,45.9564961479232));
#12494=CARTESIAN_POINT('Origin',(75.2000000000001,-617.996316277467,-1.04350385207679));
#12495=CARTESIAN_POINT('',(75.2000000000001,-617.996316277467,45.9564961479232));
#12496=CARTESIAN_POINT('',(75.2000000000001,-617.996316277467,-1.04350385207679));
#12497=CARTESIAN_POINT('',(75.2000000000001,-615.196316277467,45.9564961479232));
#12498=CARTESIAN_POINT('Origin',(72.4000000000001,-617.996316277467,-1.04350385207679));
#12499=CARTESIAN_POINT('',(72.4000000000001,-617.996316277467,45.9564961479232));
#12500=CARTESIAN_POINT('Origin',(96.4000000000001,-606.746316277467,45.9564961479232));
#12501=CARTESIAN_POINT('Origin',(67.9000000000003,-559.746316277468,20.9564961479218));
#12502=CARTESIAN_POINT('',(85.6272077938646,-580.301951196078,20.9564961479218));
#12503=CARTESIAN_POINT('',(88.4556349186107,-577.473524071332,20.9564961479218));
#12504=CARTESIAN_POINT('',(85.6272077938645,-580.301951196078,20.9564961479218));
#12505=CARTESIAN_POINT('Origin',(84.0715728752541,-578.746316277468,20.9564961479218));
#12506=CARTESIAN_POINT('',(50.172792206136,-580.301951196078,20.9564961479218));
#12507=CARTESIAN_POINT('Origin',(51.7284271247465,-578.746316277468,20.9564961479218));
#12508=CARTESIAN_POINT('',(47.3443650813898,-577.473524071332,20.9564961479218));
#12509=CARTESIAN_POINT('',(47.3443650813898,-577.473524071332,20.9564961479218));
#12510=CARTESIAN_POINT('',(46.7000000000003,-575.917889152722,20.9564961479218));
#12511=CARTESIAN_POINT('Origin',(48.9000000000003,-575.917889152722,20.9564961479218));
#12512=CARTESIAN_POINT('',(46.7000000000003,-570.996316277468,20.9564961479218));
#12513=CARTESIAN_POINT('',(46.7000000000003,-568.196316277468,20.9564961479218));
#12514=CARTESIAN_POINT('',(43.9000000000003,-570.996316277468,20.9564961479218));
#12515=CARTESIAN_POINT('',(45.3644660940676,-579.453423058654,20.9564961479218));
#12516=CARTESIAN_POINT('Origin',(48.9000000000003,-575.917889152722,20.9564961479218));
#12517=CARTESIAN_POINT('',(48.1928932188137,-582.2818501834,20.9564961479218));
#12518=CARTESIAN_POINT('',(45.3644660940676,-579.453423058654,20.9564961479218));
#12519=CARTESIAN_POINT('Origin',(51.7284271247465,-578.746316277468,20.9564961479218));
#12520=CARTESIAN_POINT('Origin',(86.9000000000003,-543.574743402214,20.9564961479219));
#12521=CARTESIAN_POINT('',(45.3644660940675,-540.039209496281,20.9564961479219));
#12522=CARTESIAN_POINT('',(48.1928932188136,-537.210782371535,20.9564961479219));
#12523=CARTESIAN_POINT('',(43.9000000000003,-543.574743402214,20.9564961479219));
#12524=CARTESIAN_POINT('Origin',(48.9000000000003,-543.574743402214,20.9564961479219));
#12525=CARTESIAN_POINT('',(43.9000000000003,-548.496316277468,20.9564961479219));
#12526=CARTESIAN_POINT('',(43.9000000000003,-543.574743402214,20.9564961479219));
#12527=CARTESIAN_POINT('',(46.7000000000003,-548.496316277468,20.9564961479219));
#12528=CARTESIAN_POINT('',(43.9000000000003,-548.496316277468,20.9564961479219));
#12529=CARTESIAN_POINT('',(46.7000000000003,-543.574743402214,20.9564961479219));
#12530=CARTESIAN_POINT('',(46.7000000000003,-543.574743402214,20.9564961479219));
#12531=CARTESIAN_POINT('',(47.3443650813899,-542.019108483603,20.9564961479219));
#12532=CARTESIAN_POINT('Origin',(48.9000000000003,-543.574743402214,20.9564961479219));
#12533=CARTESIAN_POINT('',(50.172792206136,-539.190681358857,20.9564961479219));
#12534=CARTESIAN_POINT('',(50.172792206136,-539.190681358857,20.9564961479219));
#12535=CARTESIAN_POINT('',(51.7284271247465,-538.546316277467,20.9564961479219));
#12536=CARTESIAN_POINT('Origin',(51.7284271247464,-540.746316277467,20.9564961479219));
#12537=CARTESIAN_POINT('',(84.0715728752541,-538.546316277468,20.9564961479219));
#12538=CARTESIAN_POINT('',(84.0715728752541,-538.546316277468,20.9564961479219));
#12539=CARTESIAN_POINT('',(85.6272077938645,-539.190681358857,20.9564961479219));
#12540=CARTESIAN_POINT('Origin',(84.0715728752541,-540.746316277467,20.9564961479219));
#12541=CARTESIAN_POINT('',(88.4556349186107,-542.019108483603,20.9564961479219));
#12542=CARTESIAN_POINT('',(88.4556349186107,-542.019108483603,20.9564961479219));
#12543=CARTESIAN_POINT('',(89.1000000000003,-543.574743402214,20.9564961479219));
#12544=CARTESIAN_POINT('Origin',(86.9000000000003,-543.574743402214,20.9564961479219));
#12545=CARTESIAN_POINT('',(89.1000000000003,-575.917889152722,20.9564961479218));
#12546=CARTESIAN_POINT('',(89.1000000000003,-575.917889152722,20.9564961479218));
#12547=CARTESIAN_POINT('Origin',(86.9000000000003,-575.917889152722,20.9564961479218));
#12548=CARTESIAN_POINT('Origin',(67.9000000000003,-559.746316277468,-26.0435038520782));
#12549=CARTESIAN_POINT('',(46.7000000000003,-570.996316277467,-26.0435038520782));
#12550=CARTESIAN_POINT('',(43.9000000000003,-570.996316277467,-26.0435038520782));
#12551=CARTESIAN_POINT('',(46.7000000000003,-575.917889152721,-26.0435038520782));
#12552=CARTESIAN_POINT('',(46.7000000000003,-568.196316277468,-26.0435038520782));
#12553=CARTESIAN_POINT('',(47.3443650813899,-577.473524071332,-26.0435038520782));
#12554=CARTESIAN_POINT('Origin',(48.9000000000003,-575.917889152721,-26.0435038520782));
#12555=CARTESIAN_POINT('',(50.1727922061361,-580.301951196078,-26.0435038520782));
#12556=CARTESIAN_POINT('',(47.3443650813899,-577.473524071332,-26.0435038520782));
#12557=CARTESIAN_POINT('Origin',(51.7284271247465,-578.746316277468,-26.0435038520782));
#12558=CARTESIAN_POINT('',(85.6272077938646,-580.301951196078,-26.0435038520782));
#12559=CARTESIAN_POINT('Origin',(84.0715728752541,-578.746316277468,-26.0435038520782));
#12560=CARTESIAN_POINT('',(88.4556349186107,-577.473524071332,-26.0435038520782));
#12561=CARTESIAN_POINT('',(85.6272077938645,-580.301951196078,-26.0435038520782));
#12562=CARTESIAN_POINT('',(89.1000000000003,-575.917889152721,-26.0435038520782));
#12563=CARTESIAN_POINT('Origin',(86.9000000000003,-575.917889152721,-26.0435038520782));
#12564=CARTESIAN_POINT('',(89.1000000000003,-543.574743402214,-26.0435038520781));
#12565=CARTESIAN_POINT('',(89.1000000000003,-575.917889152721,-26.0435038520782));
#12566=CARTESIAN_POINT('',(88.4556349186107,-542.019108483603,-26.0435038520781));
#12567=CARTESIAN_POINT('Origin',(86.9000000000003,-543.574743402214,-26.0435038520781));
#12568=CARTESIAN_POINT('',(85.6272077938645,-539.190681358857,-26.0435038520781));
#12569=CARTESIAN_POINT('',(88.4556349186107,-542.019108483603,-26.0435038520781));
#12570=CARTESIAN_POINT('',(84.0715728752541,-538.546316277467,-26.0435038520781));
#12571=CARTESIAN_POINT('Origin',(84.0715728752541,-540.746316277467,-26.0435038520781));
#12572=CARTESIAN_POINT('',(51.7284271247465,-538.546316277467,-26.0435038520781));
#12573=CARTESIAN_POINT('',(84.0715728752541,-538.546316277467,-26.0435038520781));
#12574=CARTESIAN_POINT('',(50.172792206136,-539.190681358857,-26.0435038520781));
#12575=CARTESIAN_POINT('Origin',(51.7284271247464,-540.746316277467,-26.0435038520781));
#12576=CARTESIAN_POINT('',(47.3443650813899,-542.019108483603,-26.0435038520781));
#12577=CARTESIAN_POINT('',(50.172792206136,-539.190681358857,-26.0435038520781));
#12578=CARTESIAN_POINT('',(46.7000000000003,-543.574743402214,-26.0435038520781));
#12579=CARTESIAN_POINT('Origin',(48.9000000000003,-543.574743402214,-26.0435038520781));
#12580=CARTESIAN_POINT('',(46.7000000000003,-548.496316277467,-26.0435038520781));
#12581=CARTESIAN_POINT('',(46.7000000000003,-543.574743402214,-26.0435038520781));
#12582=CARTESIAN_POINT('',(43.9000000000003,-548.496316277467,-26.0435038520781));
#12583=CARTESIAN_POINT('',(43.9000000000003,-548.496316277467,-26.0435038520781));
#12584=CARTESIAN_POINT('',(43.9000000000003,-535.746316277467,-26.0435038520782));
#12585=CARTESIAN_POINT('Origin',(48.9000000000003,-575.917889152721,-26.0435038520782));
#12586=CARTESIAN_POINT('',(45.3644660940676,-579.453423058654,-26.0435038520782));
#12587=CARTESIAN_POINT('Origin',(48.1928932188137,-582.2818501834,-26.0435038520782));
#12588=CARTESIAN_POINT('',(48.1928932188137,-582.2818501834,-26.0435038520782));
#12589=CARTESIAN_POINT('Origin',(51.7284271247465,-578.746316277468,-26.0435038520782));
#12590=CARTESIAN_POINT('Origin',(86.9000000000003,-543.574743402214,-26.0435038520781));
#12591=CARTESIAN_POINT('Origin',(45.3644660940675,-540.039209496281,-26.0435038520781));
#12592=CARTESIAN_POINT('',(45.3644660940675,-540.039209496281,-26.0435038520782));
#12593=CARTESIAN_POINT('Origin',(48.9000000000003,-543.574743402214,-26.0435038520781));
#12594=CARTESIAN_POINT('',(43.9000000000003,-543.574743402214,-26.0435038520782));
#12595=CARTESIAN_POINT('Origin',(46.7000000000003,-548.496316277467,-26.0435038520781));
#12596=CARTESIAN_POINT('',(46.7000000000003,-548.496316277467,-26.0435038520781));
#12597=CARTESIAN_POINT('',(43.9000000000003,-548.496316277467,-26.0435038520781));
#12598=CARTESIAN_POINT('Origin',(46.7000000000003,-543.574743402214,-26.0435038520781));
#12599=CARTESIAN_POINT('',(46.7000000000003,-543.574743402214,-26.0435038520781));
#12600=CARTESIAN_POINT('Origin',(48.9000000000003,-543.574743402214,-26.0435038520781));
#12601=CARTESIAN_POINT('',(47.3443650813899,-542.019108483603,-26.0435038520781));
#12602=CARTESIAN_POINT('Origin',(50.172792206136,-539.190681358857,-26.0435038520781));
#12603=CARTESIAN_POINT('',(50.172792206136,-539.190681358857,-26.0435038520781));
#12604=CARTESIAN_POINT('Origin',(51.7284271247464,-540.746316277467,-26.0435038520781));
#12605=CARTESIAN_POINT('',(51.7284271247465,-538.546316277467,-26.0435038520781));
#12606=CARTESIAN_POINT('Origin',(84.0715728752541,-538.546316277467,-26.0435038520781));
#12607=CARTESIAN_POINT('',(84.0715728752541,-538.546316277467,-26.0435038520781));
#12608=CARTESIAN_POINT('Origin',(84.0715728752541,-540.746316277467,-26.0435038520781));
#12609=CARTESIAN_POINT('',(85.6272077938645,-539.190681358857,-26.0435038520781));
#12610=CARTESIAN_POINT('Origin',(88.4556349186107,-542.019108483603,-26.0435038520781));
#12611=CARTESIAN_POINT('',(88.4556349186107,-542.019108483603,-26.0435038520781));
#12612=CARTESIAN_POINT('Origin',(86.9000000000003,-543.574743402214,-26.0435038520781));
#12613=CARTESIAN_POINT('',(89.1000000000003,-543.574743402214,-26.0435038520781));
#12614=CARTESIAN_POINT('Origin',(89.1000000000003,-575.917889152721,-26.0435038520782));
#12615=CARTESIAN_POINT('',(89.1000000000003,-575.917889152721,-26.0435038520782));
#12616=CARTESIAN_POINT('Origin',(86.9000000000003,-575.917889152721,-26.0435038520782));
#12617=CARTESIAN_POINT('',(88.4556349186107,-577.473524071332,-26.0435038520782));
#12618=CARTESIAN_POINT('Origin',(85.6272077938645,-580.301951196078,-26.0435038520782));
#12619=CARTESIAN_POINT('',(85.6272077938646,-580.301951196078,-26.0435038520782));
#12620=CARTESIAN_POINT('Origin',(84.0715728752541,-578.746316277468,-26.0435038520782));
#12621=CARTESIAN_POINT('Origin',(51.7284271247465,-578.746316277468,-26.0435038520782));
#12622=CARTESIAN_POINT('',(50.1727922061361,-580.301951196078,-26.0435038520782));
#12623=CARTESIAN_POINT('Origin',(47.3443650813899,-577.473524071332,-26.0435038520782));
#12624=CARTESIAN_POINT('',(47.3443650813899,-577.473524071332,-26.0435038520782));
#12625=CARTESIAN_POINT('Origin',(48.9000000000003,-575.917889152721,-26.0435038520782));
#12626=CARTESIAN_POINT('',(46.7000000000003,-575.917889152721,-26.0435038520782));
#12627=CARTESIAN_POINT('Origin',(46.7000000000003,-570.996316277467,-26.0435038520782));
#12628=CARTESIAN_POINT('',(46.7000000000003,-570.996316277467,-26.0435038520782));
#12629=CARTESIAN_POINT('Origin',(43.9000000000003,-570.996316277467,-26.0435038520782));
#12630=CARTESIAN_POINT('Origin',(43.9000000000003,-575.917889152721,-26.0435038520782));
#12631=CARTESIAN_POINT('Origin',(39.5000000000004,-512.746316277468,-0.0435038520805264));
#12632=CARTESIAN_POINT('',(57.2272077938647,-533.301951196078,-0.043503852080562));
#12633=CARTESIAN_POINT('',(60.0556349186108,-530.473524071332,-0.0435038520805531));
#12634=CARTESIAN_POINT('',(57.2272077938646,-533.301951196078,-0.043503852080562));
#12635=CARTESIAN_POINT('Origin',(55.6715728752542,-531.746316277468,-0.0435038520805264));
#12636=CARTESIAN_POINT('',(21.7727922061361,-533.301951196078,-0.043503852080562));
#12637=CARTESIAN_POINT('Origin',(23.3284271247466,-531.746316277468,-0.043503852080562));
#12638=CARTESIAN_POINT('',(18.94436508139,-530.473524071332,-0.0435038520805531));
#12639=CARTESIAN_POINT('',(18.94436508139,-530.473524071332,-0.0435038520805531));
#12640=CARTESIAN_POINT('',(18.3000000000004,-528.917889152722,-0.0435038520805531));
#12641=CARTESIAN_POINT('Origin',(20.5000000000004,-528.917889152722,-0.0435038520805531));
#12642=CARTESIAN_POINT('',(18.3000000000004,-523.996316277468,-0.0435038520805442));
#12643=CARTESIAN_POINT('',(18.3000000000004,-521.196316277468,-0.0435038520805442));
#12644=CARTESIAN_POINT('',(15.5000000000004,-523.996316277468,-0.0435038520805442));
#12645=CARTESIAN_POINT('',(15.5000000000004,-523.996316277468,-0.0435038520805442));
#12646=CARTESIAN_POINT('',(15.5000000000004,-528.917889152722,-0.0435038520805531));
#12647=CARTESIAN_POINT('',(15.5000000000004,-523.996316277468,-0.0435038520805442));
#12648=CARTESIAN_POINT('',(16.9644660940677,-532.453423058655,-0.043503852080562));
#12649=CARTESIAN_POINT('Origin',(20.5000000000004,-528.917889152722,-0.0435038520805531));
#12650=CARTESIAN_POINT('',(19.7928932188138,-535.281850183401,-0.043503852080562));
#12651=CARTESIAN_POINT('',(16.9644660940677,-532.453423058655,-0.043503852080562));
#12652=CARTESIAN_POINT('',(23.3284271247466,-536.746316277468,-0.043503852080562));
#12653=CARTESIAN_POINT('Origin',(23.3284271247466,-531.746316277468,-0.043503852080562));
#12654=CARTESIAN_POINT('',(23.3284271247466,-536.746316277468,-0.043503852080562));
#12655=CARTESIAN_POINT('',(62.0355339059331,-493.039209496281,-0.0435038520804909));
#12656=CARTESIAN_POINT('Origin',(58.5000000000004,-496.574743402214,-0.0435038520804998));
#12657=CARTESIAN_POINT('',(59.2071067811869,-490.210782371535,-0.0435038520804909));
#12658=CARTESIAN_POINT('',(62.0355339059331,-493.039209496281,-0.0435038520804909));
#12659=CARTESIAN_POINT('',(55.6715728752542,-488.746316277468,-0.0435038520804909));
#12660=CARTESIAN_POINT('Origin',(55.6715728752542,-493.746316277468,-0.0435038520804998));
#12661=CARTESIAN_POINT('',(23.3284271247466,-488.746316277468,-0.0435038520804909));
#12662=CARTESIAN_POINT('',(55.6715728752542,-488.746316277468,-0.0435038520804909));
#12663=CARTESIAN_POINT('',(19.7928932188137,-490.210782371535,-0.0435038520804909));
#12664=CARTESIAN_POINT('Origin',(23.3284271247465,-493.746316277468,-0.0435038520804998));
#12665=CARTESIAN_POINT('',(16.9644660940676,-493.039209496281,-0.0435038520804998));
#12666=CARTESIAN_POINT('',(19.7928932188137,-490.210782371535,-0.0435038520804909));
#12667=CARTESIAN_POINT('',(15.5000000000004,-496.574743402214,-0.0435038520804998));
#12668=CARTESIAN_POINT('Origin',(20.5000000000004,-496.574743402214,-0.0435038520804998));
#12669=CARTESIAN_POINT('',(15.5000000000004,-501.496316277468,-0.0435038520805087));
#12670=CARTESIAN_POINT('',(15.5000000000004,-496.574743402214,-0.0435038520804998));
#12671=CARTESIAN_POINT('',(18.3000000000004,-501.496316277468,-0.0435038520805087));
#12672=CARTESIAN_POINT('',(15.5000000000004,-501.496316277468,-0.0435038520805087));
#12673=CARTESIAN_POINT('',(18.3000000000004,-496.574743402214,-0.0435038520804998));
#12674=CARTESIAN_POINT('',(18.3000000000004,-496.574743402214,-0.0435038520804998));
#12675=CARTESIAN_POINT('',(18.94436508139,-495.019108483604,-0.0435038520804998));
#12676=CARTESIAN_POINT('Origin',(20.5000000000004,-496.574743402214,-0.0435038520804998));
#12677=CARTESIAN_POINT('',(21.7727922061361,-492.190681358858,-0.0435038520804998));
#12678=CARTESIAN_POINT('',(21.7727922061361,-492.190681358858,-0.0435038520804998));
#12679=CARTESIAN_POINT('',(23.3284271247466,-491.546316277468,-0.0435038520804909));
#12680=CARTESIAN_POINT('Origin',(23.3284271247465,-493.746316277468,-0.0435038520804998));
#12681=CARTESIAN_POINT('',(55.6715728752542,-491.546316277468,-0.0435038520804909));
#12682=CARTESIAN_POINT('',(55.6715728752542,-491.546316277468,-0.0435038520804909));
#12683=CARTESIAN_POINT('',(57.2272077938646,-492.190681358858,-0.0435038520804909));
#12684=CARTESIAN_POINT('Origin',(55.6715728752542,-493.746316277468,-0.0435038520804998));
#12685=CARTESIAN_POINT('',(60.0556349186108,-495.019108483604,-0.0435038520804998));
#12686=CARTESIAN_POINT('',(60.0556349186108,-495.019108483604,-0.0435038520804998));
#12687=CARTESIAN_POINT('',(60.7000000000004,-496.574743402214,-0.0435038520804998));
#12688=CARTESIAN_POINT('Origin',(58.5000000000004,-496.574743402214,-0.0435038520804998));
#12689=CARTESIAN_POINT('',(60.7000000000004,-528.917889152722,-0.0435038520805531));
#12690=CARTESIAN_POINT('',(60.7000000000004,-528.917889152722,-0.0435038520805531));
#12691=CARTESIAN_POINT('Origin',(58.5000000000004,-528.917889152722,-0.0435038520805531));
#12692=CARTESIAN_POINT('Origin',(55.6715728752542,-536.746316277468,-47.0435038520806));
#12693=CARTESIAN_POINT('',(23.3284271247466,-536.746316277468,-47.0435038520805));
#12694=CARTESIAN_POINT('Origin',(39.5000000000004,-512.746316277468,-47.0435038520805));
#12695=CARTESIAN_POINT('',(15.5000000000004,-523.996316277468,-47.0435038520805));
#12696=CARTESIAN_POINT('',(18.3000000000004,-523.996316277468,-47.0435038520805));
#12697=CARTESIAN_POINT('',(15.5000000000004,-523.996316277468,-47.0435038520805));
#12698=CARTESIAN_POINT('',(18.3000000000004,-528.917889152722,-47.0435038520806));
#12699=CARTESIAN_POINT('',(18.3000000000004,-521.196316277468,-47.0435038520805));
#12700=CARTESIAN_POINT('',(18.94436508139,-530.473524071332,-47.0435038520806));
#12701=CARTESIAN_POINT('Origin',(20.5000000000004,-528.917889152722,-47.0435038520806));
#12702=CARTESIAN_POINT('',(21.7727922061361,-533.301951196078,-47.0435038520806));
#12703=CARTESIAN_POINT('',(18.94436508139,-530.473524071332,-47.0435038520806));
#12704=CARTESIAN_POINT('Origin',(23.3284271247466,-531.746316277468,-47.0435038520806));
#12705=CARTESIAN_POINT('',(57.2272077938647,-533.301951196078,-47.0435038520806));
#12706=CARTESIAN_POINT('Origin',(55.6715728752542,-531.746316277468,-47.0435038520806));
#12707=CARTESIAN_POINT('',(60.0556349186108,-530.473524071332,-47.0435038520806));
#12708=CARTESIAN_POINT('',(57.2272077938646,-533.301951196078,-47.0435038520806));
#12709=CARTESIAN_POINT('',(60.7000000000004,-528.917889152722,-47.0435038520806));
#12710=CARTESIAN_POINT('Origin',(58.5000000000004,-528.917889152722,-47.0435038520806));
#12711=CARTESIAN_POINT('',(60.7000000000004,-496.574743402214,-47.0435038520805));
#12712=CARTESIAN_POINT('',(60.7000000000004,-528.917889152722,-47.0435038520806));
#12713=CARTESIAN_POINT('',(60.0556349186108,-495.019108483604,-47.0435038520805));
#12714=CARTESIAN_POINT('Origin',(58.5000000000004,-496.574743402214,-47.0435038520805));
#12715=CARTESIAN_POINT('',(57.2272077938646,-492.190681358857,-47.0435038520805));
#12716=CARTESIAN_POINT('',(60.0556349186108,-495.019108483604,-47.0435038520805));
#12717=CARTESIAN_POINT('',(55.6715728752542,-491.546316277468,-47.0435038520805));
#12718=CARTESIAN_POINT('Origin',(55.6715728752542,-493.746316277468,-47.0435038520805));
#12719=CARTESIAN_POINT('',(23.3284271247466,-491.546316277468,-47.0435038520805));
#12720=CARTESIAN_POINT('',(55.6715728752542,-491.546316277468,-47.0435038520805));
#12721=CARTESIAN_POINT('',(21.7727922061361,-492.190681358857,-47.0435038520805));
#12722=CARTESIAN_POINT('Origin',(23.3284271247466,-493.746316277468,-47.0435038520805));
#12723=CARTESIAN_POINT('',(18.94436508139,-495.019108483604,-47.0435038520805));
#12724=CARTESIAN_POINT('',(21.7727922061361,-492.190681358857,-47.0435038520805));
#12725=CARTESIAN_POINT('',(18.3000000000004,-496.574743402214,-47.0435038520805));
#12726=CARTESIAN_POINT('Origin',(20.5000000000004,-496.574743402214,-47.0435038520805));
#12727=CARTESIAN_POINT('',(18.3000000000004,-501.496316277468,-47.0435038520805));
#12728=CARTESIAN_POINT('',(18.3000000000004,-496.574743402214,-47.0435038520805));
#12729=CARTESIAN_POINT('',(15.5000000000004,-501.496316277468,-47.0435038520805));
#12730=CARTESIAN_POINT('',(15.5000000000004,-501.496316277468,-47.0435038520805));
#12731=CARTESIAN_POINT('',(15.5000000000004,-488.746316277468,-47.0435038520805));
#12732=CARTESIAN_POINT('Origin',(20.5000000000004,-528.917889152722,-47.0435038520806));
#12733=CARTESIAN_POINT('',(15.5000000000004,-528.917889152722,-47.0435038520805));
#12734=CARTESIAN_POINT('',(16.9644660940677,-532.453423058655,-47.0435038520805));
#12735=CARTESIAN_POINT('Origin',(19.7928932188138,-535.281850183401,-47.0435038520806));
#12736=CARTESIAN_POINT('',(19.7928932188138,-535.281850183401,-47.0435038520805));
#12737=CARTESIAN_POINT('Origin',(23.3284271247466,-531.746316277468,-47.0435038520806));
#12738=CARTESIAN_POINT('Origin',(58.5000000000004,-496.574743402214,-47.0435038520805));
#12739=CARTESIAN_POINT('',(62.0355339059331,-493.039209496281,-47.0435038520805));
#12740=CARTESIAN_POINT('Origin',(59.2071067811869,-490.210782371535,-47.0435038520805));
#12741=CARTESIAN_POINT('',(59.2071067811869,-490.210782371535,-47.0435038520805));
#12742=CARTESIAN_POINT('Origin',(55.6715728752542,-493.746316277468,-47.0435038520805));
#12743=CARTESIAN_POINT('',(55.6715728752542,-488.746316277468,-47.0435038520805));
#12744=CARTESIAN_POINT('Origin',(23.3284271247466,-488.746316277468,-47.0435038520805));
#12745=CARTESIAN_POINT('',(23.3284271247466,-488.746316277468,-47.0435038520805));
#12746=CARTESIAN_POINT('Origin',(23.3284271247466,-493.746316277468,-47.0435038520805));
#12747=CARTESIAN_POINT('',(19.7928932188138,-490.210782371535,-47.0435038520805));
#12748=CARTESIAN_POINT('Origin',(16.9644660940676,-493.039209496281,-47.0435038520805));
#12749=CARTESIAN_POINT('',(16.9644660940676,-493.039209496281,-47.0435038520805));
#12750=CARTESIAN_POINT('Origin',(20.5000000000004,-496.574743402214,-47.0435038520805));
#12751=CARTESIAN_POINT('',(15.5000000000004,-496.574743402214,-47.0435038520805));
#12752=CARTESIAN_POINT('Origin',(18.3000000000004,-501.496316277468,-47.0435038520805));
#12753=CARTESIAN_POINT('',(18.3000000000004,-501.496316277468,-47.0435038520805));
#12754=CARTESIAN_POINT('',(15.5000000000004,-501.496316277468,-47.0435038520805));
#12755=CARTESIAN_POINT('Origin',(18.3000000000004,-496.574743402214,-47.0435038520805));
#12756=CARTESIAN_POINT('',(18.3000000000004,-496.574743402214,-47.0435038520805));
#12757=CARTESIAN_POINT('Origin',(20.5000000000004,-496.574743402214,-47.0435038520805));
#12758=CARTESIAN_POINT('',(18.94436508139,-495.019108483604,-47.0435038520805));
#12759=CARTESIAN_POINT('Origin',(21.7727922061361,-492.190681358857,-47.0435038520805));
#12760=CARTESIAN_POINT('',(21.7727922061361,-492.190681358857,-47.0435038520805));
#12761=CARTESIAN_POINT('Origin',(23.3284271247466,-493.746316277468,-47.0435038520805));
#12762=CARTESIAN_POINT('',(23.3284271247466,-491.546316277468,-47.0435038520805));
#12763=CARTESIAN_POINT('Origin',(55.6715728752542,-491.546316277468,-47.0435038520805));
#12764=CARTESIAN_POINT('',(55.6715728752542,-491.546316277468,-47.0435038520805));
#12765=CARTESIAN_POINT('Origin',(55.6715728752542,-493.746316277468,-47.0435038520805));
#12766=CARTESIAN_POINT('',(57.2272077938646,-492.190681358857,-47.0435038520805));
#12767=CARTESIAN_POINT('Origin',(60.0556349186108,-495.019108483604,-47.0435038520805));
#12768=CARTESIAN_POINT('',(60.0556349186108,-495.019108483604,-47.0435038520805));
#12769=CARTESIAN_POINT('Origin',(58.5000000000004,-496.574743402214,-47.0435038520805));
#12770=CARTESIAN_POINT('',(60.7000000000004,-496.574743402214,-47.0435038520805));
#12771=CARTESIAN_POINT('Origin',(60.7000000000004,-528.917889152722,-47.0435038520806));
#12772=CARTESIAN_POINT('',(60.7000000000004,-528.917889152722,-47.0435038520806));
#12773=CARTESIAN_POINT('Origin',(58.5000000000004,-528.917889152722,-47.0435038520806));
#12774=CARTESIAN_POINT('',(60.0556349186108,-530.473524071332,-47.0435038520806));
#12775=CARTESIAN_POINT('Origin',(57.2272077938647,-533.301951196078,-47.0435038520806));
#12776=CARTESIAN_POINT('',(57.2272077938647,-533.301951196078,-47.0435038520806));
#12777=CARTESIAN_POINT('Origin',(55.6715728752542,-531.746316277468,-47.0435038520806));
#12778=CARTESIAN_POINT('Origin',(23.3284271247466,-531.746316277468,-47.0435038520806));
#12779=CARTESIAN_POINT('',(21.7727922061361,-533.301951196078,-47.0435038520806));
#12780=CARTESIAN_POINT('Origin',(18.94436508139,-530.473524071332,-47.0435038520806));
#12781=CARTESIAN_POINT('',(18.94436508139,-530.473524071332,-47.0435038520806));
#12782=CARTESIAN_POINT('Origin',(20.5000000000004,-528.917889152722,-47.0435038520806));
#12783=CARTESIAN_POINT('',(18.3000000000004,-528.917889152722,-47.0435038520806));
#12784=CARTESIAN_POINT('Origin',(18.3000000000004,-523.996316277468,-47.0435038520805));
#12785=CARTESIAN_POINT('',(18.3000000000004,-523.996316277468,-47.0435038520805));
#12786=CARTESIAN_POINT('Origin',(15.5000000000004,-523.996316277468,-47.0435038520805));
#12787=CARTESIAN_POINT('',(15.5000000000004,-523.996316277468,-47.0435038520805));
#12788=CARTESIAN_POINT('Origin',(15.5000000000004,-528.917889152722,-47.0435038520806));
#12789=CARTESIAN_POINT('Origin',(-76.9999985471368,-486.,35.2999989852309));
#12790=CARTESIAN_POINT('',(-76.9999985471368,-503.,35.2999998509892));
#12791=CARTESIAN_POINT('',(-76.9999985471368,-488.5,35.2999989852309));
#12792=CARTESIAN_POINT('',(-77.9999985471368,-503.,35.2999989852309));
#12793=CARTESIAN_POINT('',(-77.9999985471368,-503.000007495284,35.2999989852309));
#12794=CARTESIAN_POINT('',(-79.1780820488252,-503.,35.2999989852309));
#12795=CARTESIAN_POINT('Origin',(-77.9999985471368,-494.500003747642,40.3499989852309));
#12796=CARTESIAN_POINT('',(-77.9999985471368,-503.000007495284,45.3999989852309));
#12797=CARTESIAN_POINT('',(-77.9999985471368,-486.,45.3999989852309));
#12798=CARTESIAN_POINT('',(-77.9999985471368,-503.,59.1749994181102));
#12799=CARTESIAN_POINT('Origin',(-106.500004441012,-491.,60.0000008940697));
#12800=CARTESIAN_POINT('',(-106.500004441012,-503.,70.4000008940697));
#12801=CARTESIAN_POINT('',(-106.500004441012,-491.,70.4000008940697));
#12802=CARTESIAN_POINT('',(-106.500004441012,-503.,60.0000008940697));
#12803=CARTESIAN_POINT('',(-106.500004441012,-503.,69.0000003725296));
#12804=CARTESIAN_POINT('',(-106.500004441012,-491.,60.0000008940697));
#12805=CARTESIAN_POINT('Origin',(-57.9999985471368,-491.,45.3999989852309));
#12806=CARTESIAN_POINT('',(-57.9999985471368,-503.,35.2999998509892));
#12807=CARTESIAN_POINT('',(-57.9999985471368,-491.,35.2999998509892));
#12808=CARTESIAN_POINT('',(-57.9999985471368,-503.,45.3999989852309));
#12809=CARTESIAN_POINT('',(-57.9999985471368,-503.,61.6999994181102));
#12810=CARTESIAN_POINT('',(-57.9999985471368,-491.,45.3999989852309));
#12811=CARTESIAN_POINT('Origin',(-59.9999985471368,-491.,35.2999998509892));
#12812=CARTESIAN_POINT('',(-45.9123308775127,-503.,35.2999998509892));
#12813=CARTESIAN_POINT('Origin',(-86.5000044410117,-491.,70.4000008940697));
#12814=CARTESIAN_POINT('',(-86.5000044410117,-503.,60.0000008940697));
#12815=CARTESIAN_POINT('',(-86.5000044410117,-491.,60.0000008940697));
#12816=CARTESIAN_POINT('',(-86.5000044410117,-503.,70.4000008940697));
#12817=CARTESIAN_POINT('',(-86.5000044410117,-503.,74.2000003725296));
#12818=CARTESIAN_POINT('',(-86.5000044410117,-491.,70.4000008940697));
#12819=CARTESIAN_POINT('Origin',(-81.3561655505136,-503.,77.9999998509895));
#12820=CARTESIAN_POINT('',(-76.4000002235155,-503.,120.69999985099));
#12821=CARTESIAN_POINT('',(-52.9714960564493,-503.,100.139784936152));
#12822=CARTESIAN_POINT('',(-116.800000223515,-503.,120.69999985099));
#12823=CARTESIAN_POINT('',(-116.800000223515,-503.,120.69999985099));
#12824=CARTESIAN_POINT('',(-116.799997389317,-503.000007495284,59.9564961479195));
#12825=CARTESIAN_POINT('',(-116.800000223515,-503.,120.69999985099));
#12826=CARTESIAN_POINT('',(-116.800000223515,-503.,56.2999998509897));
#12827=CARTESIAN_POINT('',(-116.800000223515,-503.,120.69999985099));
#12828=CARTESIAN_POINT('',(-116.799998983903,-503.,9.78786625255754));
#12829=CARTESIAN_POINT('',(-116.799997389317,-503.000007495284,-50.0435038520805));
#12830=CARTESIAN_POINT('',(-77.0000011473894,-503.,9.78786625255755));
#12831=CARTESIAN_POINT('',(-79.1780833489515,-503.,9.78786625255754));
#12832=CARTESIAN_POINT('',(-77.0000011473894,-503.000007495284,-50.0435038520805));
#12833=CARTESIAN_POINT('',(-79.1780820488252,-503.,45.3999989852309));
#12834=CARTESIAN_POINT('',(-93.4280849957627,-503.,70.4000008940697));
#12835=CARTESIAN_POINT('',(-84.9280849957627,-503.,60.0000008940697));
#12836=CARTESIAN_POINT('Origin',(-105.500004441012,-491.,70.4000008940697));
#12837=CARTESIAN_POINT('Origin',(-76.9999985471368,-491.,45.3999989852309));
#12838=CARTESIAN_POINT('Origin',(-76.9999985471368,-491.,35.2999998509892));
#12839=CARTESIAN_POINT('',(-77.0000011473894,-535.746316277467,9.78786625255755));
#12840=CARTESIAN_POINT('',(-77.0000011473894,-503.,9.78786625255755));
#12841=CARTESIAN_POINT('',(-77.0000011473894,-535.746316277467,-0.0435038520773112));
#12842=CARTESIAN_POINT('',(-77.0000011473894,-535.746316277467,-38.0435038520794));
#12843=CARTESIAN_POINT('',(-77.0000011473894,-522.2809099636,-0.0435038520784133));
#12844=CARTESIAN_POINT('',(-77.0000011473894,-507.873158138734,-0.0435038520805175));
#12845=CARTESIAN_POINT('',(-76.9999985471368,-488.499994568527,-0.0435038520784126));
#12846=CARTESIAN_POINT('Origin',(-96.899999268353,-494.499998316169,58.2324961479195));
#12847=CARTESIAN_POINT('',(-86.3000002235165,-501.,58.2324961479195));
#12848=CARTESIAN_POINT('',(-86.3000002235165,-492.749999158084,58.2324961479195));
#12849=CARTESIAN_POINT('',(-84.8000002235164,-501.,58.2324961479195));
#12850=CARTESIAN_POINT('',(-89.1280824094333,-501.,58.2324961479195));
#12851=CARTESIAN_POINT('',(-84.8000002235164,-492.749999158084,58.2324961479195));
#12852=CARTESIAN_POINT('Origin',(-116.800000223515,-491.,120.69999985099));
#12853=CARTESIAN_POINT('',(-116.799997389317,-490.999989137053,-50.0435038520805));
#12854=CARTESIAN_POINT('',(-116.799997389317,-490.999989137053,-50.0435038520805));
#12855=CARTESIAN_POINT('',(-116.799997389317,-503.000007495284,-50.0435038520805));
#12856=CARTESIAN_POINT('',(-116.799997389317,-503.000007495284,-50.0435038520805));
#12857=CARTESIAN_POINT('',(-116.799997389317,-503.000007495284,-50.0435038520805));
#12858=CARTESIAN_POINT('',(-116.800000223515,-491.,120.69999985099));
#12859=CARTESIAN_POINT('Origin',(-72.4000000000001,-617.996316277467,-1.04350385207677));
#12860=CARTESIAN_POINT('',(-72.4000000000001,-595.496316277467,-0.946618133258517));
#12861=CARTESIAN_POINT('',(-72.4000000000001,-596.69892074501,-1.04350385207677));
#12862=CARTESIAN_POINT('Ctrl Pts',(-72.4000000000001,-595.496316277467,
-0.946618133258517));
#12863=CARTESIAN_POINT('Ctrl Pts',(-72.4000000000001,-595.8933607602,-0.978605325349215));
#12864=CARTESIAN_POINT('Ctrl Pts',(-72.4000000000001,-596.290405242934,
-1.01059251743989));
#12865=CARTESIAN_POINT('Ctrl Pts',(-72.4000000000001,-596.691273398782,
-1.04288775704598));
#12866=CARTESIAN_POINT('Ctrl Pts',(-72.4000000000001,-596.695097071896,
-1.04319580456137));
#12867=CARTESIAN_POINT('Ctrl Pts',(-72.4000000000001,-596.69892074501,-1.04350385207676));
#12868=CARTESIAN_POINT('',(-72.4000000000001,-595.496316277467,-1.04350385207676));
#12869=CARTESIAN_POINT('',(-72.4000000000001,-595.496316277467,-1.04350385207676));
#12870=CARTESIAN_POINT('',(-72.4000000000001,-582.746316277467,-1.04350385207677));
#12871=CARTESIAN_POINT('Ctrl Pts',(-51.7284271247465,-583.746316277468,
0.));
#12872=CARTESIAN_POINT('Ctrl Pts',(-58.6189514164977,-596.803507235885,
-0.347834617358919));
#12873=CARTESIAN_POINT('Ctrl Pts',(-65.5094757082489,-609.860698194303,
-0.695669234717838));
#12874=CARTESIAN_POINT('Ctrl Pts',(-72.4000000000001,-622.917889152721,
-1.04350385207676));
#12875=CARTESIAN_POINT('Ctrl Pts',(-60.228427124746,-583.746316277468,2.23295560445726E-14));
#12876=CARTESIAN_POINT('Ctrl Pts',(-64.285618083164,-593.209824374718,-0.347834617358903));
#12877=CARTESIAN_POINT('Ctrl Pts',(-68.3428090415821,-602.673332471968,
-0.695669234717831));
#12878=CARTESIAN_POINT('Ctrl Pts',(-72.4000000000001,-612.136840569218,
-1.04350385207676));
#12879=CARTESIAN_POINT('Ctrl Pts',(-68.7284271247455,-583.746316277468,
4.46591120891452E-14));
#12880=CARTESIAN_POINT('Ctrl Pts',(-69.9522847498303,-589.61614151355,-0.34783461735889));
#12881=CARTESIAN_POINT('Ctrl Pts',(-71.1761423749152,-595.485966749633,
-0.695669234717822));
#12882=CARTESIAN_POINT('Ctrl Pts',(-72.4000000000001,-601.355791985715,
-1.04350385207676));
#12883=CARTESIAN_POINT('Ctrl Pts',(-77.2284271247449,-583.746316277468,
6.69886681337179E-14));
#12884=CARTESIAN_POINT('Ctrl Pts',(-75.6189514164967,-586.022458652383,
-0.347834617358874));
#12885=CARTESIAN_POINT('Ctrl Pts',(-74.0094757082484,-588.298601027298,
-0.695669234717816));
#12886=CARTESIAN_POINT('Ctrl Pts',(-72.4000000000001,-590.574743402213,
-1.04350385207676));
#12887=CARTESIAN_POINT('',(-72.4000000000001,-617.996316277467,-1.04350385207679));
#12888=CARTESIAN_POINT('',(-72.4000000000001,-582.746316277467,-1.04350385207677));
#12889=CARTESIAN_POINT('',(-72.4000000000001,-622.917889152721,-1.04350385207679));
#12890=CARTESIAN_POINT('Ctrl Pts',(-72.4000000000001,-622.917889152721,
-1.04350385207676));
#12891=CARTESIAN_POINT('Ctrl Pts',(-72.4000000000001,-621.277364860969,
-1.04350385207676));
#12892=CARTESIAN_POINT('Ctrl Pts',(-72.4000000000001,-619.636840569218,
-1.04350385207676));
#12893=CARTESIAN_POINT('Ctrl Pts',(-72.4000000000001,-617.996316277467,
-1.04350385207676));
#12894=CARTESIAN_POINT('',(-51.7284271247465,-583.746316277468,0.));
#12895=CARTESIAN_POINT('',(-51.7284271247465,-583.746316277468,0.));
#12896=CARTESIAN_POINT('',(-77.2284271247449,-583.746316277468,6.66133814775094E-14));
#12897=CARTESIAN_POINT('Ctrl Pts',(-77.2284271247449,-583.746316277468,
6.69886681337179E-14));
#12898=CARTESIAN_POINT('Ctrl Pts',(-68.7284271247455,-583.746316277468,
4.46591120891452E-14));
#12899=CARTESIAN_POINT('Ctrl Pts',(-60.228427124746,-583.746316277468,2.23295560445726E-14));
#12900=CARTESIAN_POINT('Ctrl Pts',(-51.7284271247465,-583.746316277468,
0.));
#12901=CARTESIAN_POINT('',(-76.6928932188135,-584.210782371534,-0.0679940139855641));
#12902=CARTESIAN_POINT('Ctrl Pts',(-76.6928932188135,-584.210782371534,
-0.0679940139855571));
#12903=CARTESIAN_POINT('Ctrl Pts',(-76.8601206794691,-584.043554910878,
-0.0443297818582355));
#12904=CARTESIAN_POINT('Ctrl Pts',(-77.0390793750384,-583.888327089748,
-0.02170175165424));
#12905=CARTESIAN_POINT('Ctrl Pts',(-77.228427124745,-583.746316277468,6.69689997900846E-14));
#12906=CARTESIAN_POINT('',(-73.8644660940674,-587.03920949628,-0.336513656684628));
#12907=CARTESIAN_POINT('Ctrl Pts',(-73.8644660940673,-587.03920949628,-0.336513656684623));
#12908=CARTESIAN_POINT('Ctrl Pts',(-74.1003471803858,-586.803328409962,
-0.325561254959649));
#12909=CARTESIAN_POINT('Ctrl Pts',(-74.3370320932162,-586.566643497132,
-0.312384616216074));
#12910=CARTESIAN_POINT('Ctrl Pts',(-75.0781430757901,-585.825532514558,
-0.261624419385911));
#12911=CARTESIAN_POINT('Ctrl Pts',(-75.5474056976064,-585.356269892741,
-0.215738809226427));
#12912=CARTESIAN_POINT('Ctrl Pts',(-76.2628442845142,-584.640831305833,
-0.127250874652417));
#12913=CARTESIAN_POINT('Ctrl Pts',(-76.4784395671878,-584.42523602316,-0.098341188861754));
#12914=CARTESIAN_POINT('Ctrl Pts',(-76.6928932188135,-584.210782371534,
-0.0679940139855485));
#12915=CARTESIAN_POINT('',(-72.4000000000001,-590.574743402213,-0.550120250035599));
#12916=CARTESIAN_POINT('Ctrl Pts',(-72.4000000000002,-590.574743402213,
-0.550120250035603));
#12917=CARTESIAN_POINT('Ctrl Pts',(-72.4000000000001,-589.970198657368,
-0.501416163411235));
#12918=CARTESIAN_POINT('Ctrl Pts',(-72.5097057024129,-589.369616215746,
-0.463977348747051));
#12919=CARTESIAN_POINT('Ctrl Pts',(-72.8570916213774,-588.452944903467,
-0.410110884770385));
#12920=CARTESIAN_POINT('Ctrl Pts',(-73.0286228657302,-588.11888207336,-0.39161067357662));
#12921=CARTESIAN_POINT('Ctrl Pts',(-73.4193891527358,-587.530955878525,
-0.360431272142066));
#12922=CARTESIAN_POINT('Ctrl Pts',(-73.6299540735943,-587.273721516753,
-0.347402490111854));
#12923=CARTESIAN_POINT('Ctrl Pts',(-73.8644660940674,-587.03920949628,-0.336513656684621));
#12924=CARTESIAN_POINT('Ctrl Pts',(-72.4000000000001,-595.496316277467,
-0.946618133258517));
#12925=CARTESIAN_POINT('Ctrl Pts',(-72.4000000000001,-593.855791985715,
-0.814452172184223));
#12926=CARTESIAN_POINT('Ctrl Pts',(-72.4000000000001,-592.215267693964,
-0.682286211109917));
#12927=CARTESIAN_POINT('Ctrl Pts',(-72.4000000000001,-590.574743402213,
-0.550120250035599));
#12928=CARTESIAN_POINT('Origin',(-76.9999985471368,-485.999989137053,-50.0435038520805));
#12929=CARTESIAN_POINT('',(-63.5000000000004,-496.574743402214,-0.0435038520804998));
#12930=CARTESIAN_POINT('',(-76.9999985471368,-485.999989137053,-0.0435038520784133));
#12931=CARTESIAN_POINT('',(-63.5000000000004,-496.574743402214,-50.0435038520805));
#12932=CARTESIAN_POINT('',(-63.5000000000004,-496.574743402214,-47.0435038520805));
#12933=CARTESIAN_POINT('',(-76.9999985471368,-485.999989137053,-50.0435038520805));
#12934=CARTESIAN_POINT('Ctrl Pts',(-116.799998983903,-538.,9.78786625255754));
#12935=CARTESIAN_POINT('Ctrl Pts',(-115.390523614354,-552.915438759156,
13.5107428843464));
#12936=CARTESIAN_POINT('Ctrl Pts',(-113.981048244804,-567.830877518311,
17.2336195161353));
#12937=CARTESIAN_POINT('Ctrl Pts',(-112.571572875254,-582.746316277467,
20.9564961479241));
#12938=CARTESIAN_POINT('Ctrl Pts',(-107.332107459153,-538.,9.78786625255754));
#12939=CARTESIAN_POINT('Ctrl Pts',(-106.781754500603,-548.563041773016,
13.5107428843462));
#12940=CARTESIAN_POINT('Ctrl Pts',(-106.231401542053,-559.126083546033,
17.2336195161348));
#12941=CARTESIAN_POINT('Ctrl Pts',(-105.681048583503,-569.689125319049,
20.9564961479234));
#12942=CARTESIAN_POINT('Ctrl Pts',(-97.8642159344025,-538.,9.78786625255755));
#12943=CARTESIAN_POINT('Ctrl Pts',(-98.1729853868522,-544.210644786877,
13.5107428843459));
#12944=CARTESIAN_POINT('Ctrl Pts',(-98.4817548393018,-550.421289573754,
17.2336195161343));
#12945=CARTESIAN_POINT('Ctrl Pts',(-98.7905242917515,-556.631934360631,
20.9564961479226));
#12946=CARTESIAN_POINT('Ctrl Pts',(-88.3963244096521,-538.,9.78786625255755));
#12947=CARTESIAN_POINT('Ctrl Pts',(-89.5642162731015,-539.858247800738,
13.5107428843457));
#12948=CARTESIAN_POINT('Ctrl Pts',(-90.7321081365509,-541.716495601476,
17.2336195161338));
#12949=CARTESIAN_POINT('Ctrl Pts',(-91.9000000000002,-543.574743402214,
20.9564961479219));
#12950=CARTESIAN_POINT('',(-90.435533905933,-540.039209496281,12.9844524437134));
#12951=CARTESIAN_POINT('',(-91.9000000000003,-543.574743402214,19.5937254232913));
#12952=CARTESIAN_POINT('Ctrl Pts',(-90.435533905933,-540.039209496281,12.9844524437135));
#12953=CARTESIAN_POINT('Ctrl Pts',(-90.8731671894963,-540.476842779844,
13.4701142456505));
#12954=CARTESIAN_POINT('Ctrl Pts',(-91.1930202808896,-540.960309133231,
14.015036760511));
#12955=CARTESIAN_POINT('Ctrl Pts',(-91.6866906423827,-541.997180839116,
15.3529396210548));
#12956=CARTESIAN_POINT('Ctrl Pts',(-91.8030521523741,-542.518473367086,
16.1495703163231));
#12957=CARTESIAN_POINT('Ctrl Pts',(-91.9031487900596,-543.264071567359,
17.855247775773));
#12958=CARTESIAN_POINT('Ctrl Pts',(-91.9000000000003,-543.494349750583,
18.7117817099012));
#12959=CARTESIAN_POINT('Ctrl Pts',(-91.9000000000003,-543.574743402214,
19.5937254232912));
#12960=CARTESIAN_POINT('',(-88.3963244096521,-538.,9.78786625255755));
#12961=CARTESIAN_POINT('Ctrl Pts',(-88.3963244096521,-538.,9.78786625255754));
#12962=CARTESIAN_POINT('Ctrl Pts',(-89.1070099801086,-538.710685570457,
11.2116778140463));
#12963=CARTESIAN_POINT('Ctrl Pts',(-89.7530490768451,-539.356724667193,
12.2270676095648));
#12964=CARTESIAN_POINT('Ctrl Pts',(-90.435533905933,-540.039209496281,12.9844524437135));
#12965=CARTESIAN_POINT('',(-116.799998983903,-538.,9.78786625255754));
#12966=CARTESIAN_POINT('',(-116.799998983903,-538.,9.78786625255754));
#12967=CARTESIAN_POINT('',(-112.571572875254,-582.746316277467,20.9564961479241));
#12968=CARTESIAN_POINT('',(-116.799998983903,-538.,9.78786625255754));
#12969=CARTESIAN_POINT('',(-92.3088505048412,-544.349494188819,20.9564961479219));
#12970=CARTESIAN_POINT('',(-112.571572875254,-582.746316277467,20.9564961479241));
#12971=CARTESIAN_POINT('Ctrl Pts',(-91.9000000000003,-543.574743402214,
19.5937254232913));
#12972=CARTESIAN_POINT('Ctrl Pts',(-92.035286898576,-543.831105152653,20.0446604780894));
#12973=CARTESIAN_POINT('Ctrl Pts',(-92.1705737971519,-544.087466903092,
20.4955955328873));
#12974=CARTESIAN_POINT('Ctrl Pts',(-92.3068572987649,-544.345717165292,
20.9498524410984));
#12975=CARTESIAN_POINT('Ctrl Pts',(-92.307853901803,-544.347605677055,20.9531742945101));
#12976=CARTESIAN_POINT('Ctrl Pts',(-92.3088505048412,-544.349494188819,
20.9564961479219));
#12977=CARTESIAN_POINT('Origin',(-116.799997389317,-538.,-50.0435038520805));
#12978=CARTESIAN_POINT('',(-116.799997389317,-538.,-50.0435038520805));
#12979=CARTESIAN_POINT('',(-116.800000223515,-538.,56.2999998509897));
#12980=CARTESIAN_POINT('',(-112.571572875254,-582.746316277467,-50.0435038520768));
#12981=CARTESIAN_POINT('',(-116.799997389317,-538.,-50.0435038520805));
#12982=CARTESIAN_POINT('',(-112.571572875254,-582.746316277467,-1.04350385207677));
#12983=CARTESIAN_POINT('Origin',(-39.5000000000004,-512.746316277468,-50.0435038520805));
#12984=CARTESIAN_POINT('',(-62.0355339059331,-493.039209496281,-50.0435038520805));
#12985=CARTESIAN_POINT('Origin',(-58.5000000000004,-496.574743402214,-50.0435038520805));
#12986=CARTESIAN_POINT('',(-59.2071067811869,-490.210782371535,-50.0435038520805));
#12987=CARTESIAN_POINT('',(-62.0355339059331,-493.039209496281,-50.0435038520805));
#12988=CARTESIAN_POINT('',(-55.6715728752542,-488.746316277468,-50.0435038520805));
#12989=CARTESIAN_POINT('Origin',(-55.6715728752542,-493.746316277468,-50.0435038520805));
#12990=CARTESIAN_POINT('',(-23.3284271247466,-488.746316277468,-50.0435038520805));
#12991=CARTESIAN_POINT('',(-63.5000000000004,-488.746316277468,-50.0435038520805));
#12992=CARTESIAN_POINT('',(-19.7928932188138,-490.210782371535,-50.0435038520805));
#12993=CARTESIAN_POINT('Origin',(-23.3284271247466,-493.746316277468,-50.0435038520805));
#12994=CARTESIAN_POINT('',(-16.9644660940676,-493.039209496281,-50.0435038520805));
#12995=CARTESIAN_POINT('',(-19.7928932188138,-490.210782371535,-50.0435038520805));
#12996=CARTESIAN_POINT('',(-15.5000000000004,-496.574743402214,-50.0435038520805));
#12997=CARTESIAN_POINT('Origin',(-20.5000000000004,-496.574743402214,-50.0435038520805));
#12998=CARTESIAN_POINT('',(-15.5000000000004,-528.917889152722,-50.0435038520805));
#12999=CARTESIAN_POINT('',(-15.5000000000004,-488.746316277468,-50.0435038520805));
#13000=CARTESIAN_POINT('',(-16.9644660940677,-532.453423058655,-50.0435038520805));
#13001=CARTESIAN_POINT('Origin',(-20.5000000000004,-528.917889152722,-50.0435038520805));
#13002=CARTESIAN_POINT('',(-19.7928932188138,-535.281850183401,-50.0435038520805));
#13003=CARTESIAN_POINT('',(-16.9644660940677,-532.453423058655,-50.0435038520805));
#13004=CARTESIAN_POINT('',(-23.3284271247466,-536.746316277468,-50.0435038520805));
#13005=CARTESIAN_POINT('Origin',(-23.3284271247466,-531.746316277468,-50.0435038520805));
#13006=CARTESIAN_POINT('',(-43.9000000000003,-575.917889152722,-50.0435038520782));
#13007=CARTESIAN_POINT('',(-43.9000000000003,-575.917889152722,-50.0435038520782));
#13008=CARTESIAN_POINT('',(-45.3644660940676,-579.453423058654,-50.0435038520782));
#13009=CARTESIAN_POINT('Origin',(-48.9000000000003,-575.917889152722,-50.0435038520782));
#13010=CARTESIAN_POINT('',(-48.1928932188137,-582.2818501834,-50.0435038520782));
#13011=CARTESIAN_POINT('',(-45.3644660940676,-579.453423058654,-50.0435038520782));
#13012=CARTESIAN_POINT('',(-51.7284271247465,-583.746316277467,-50.0435038520782));
#13013=CARTESIAN_POINT('Origin',(-51.7284271247465,-578.746316277468,-50.0435038520782));
#13014=CARTESIAN_POINT('',(-72.4000000000001,-622.917889152721,-50.0435038520768));
#13015=CARTESIAN_POINT('',(-51.7284271247465,-583.746316277468,-50.0435038520773));
#13016=CARTESIAN_POINT('',(-73.8644660940674,-626.453423058653,-50.0435038520768));
#13017=CARTESIAN_POINT('Origin',(-77.4000000000001,-622.917889152721,-50.0435038520768));
#13018=CARTESIAN_POINT('',(-76.6928932188135,-629.281850183399,-50.0435038520768));
#13019=CARTESIAN_POINT('',(-73.8644660940674,-626.453423058653,-50.0435038520768));
#13020=CARTESIAN_POINT('',(-80.2284271247464,-630.746316277467,-50.0435038520768));
#13021=CARTESIAN_POINT('Origin',(-80.2284271247463,-625.746316277467,-50.0435038520768));
#13022=CARTESIAN_POINT('',(-112.571572875254,-630.746316277467,-50.0435038520768));
#13023=CARTESIAN_POINT('',(-72.4000000000001,-630.746316277467,-50.0435038520768));
#13024=CARTESIAN_POINT('',(-116.107106781187,-629.281850183399,-50.0435038520768));
#13025=CARTESIAN_POINT('Origin',(-112.571572875254,-625.746316277467,-50.0435038520768));
#13026=CARTESIAN_POINT('',(-118.935533905933,-626.453423058653,-50.0435038520768));
#13027=CARTESIAN_POINT('',(-116.107106781187,-629.281850183399,-50.0435038520768));
#13028=CARTESIAN_POINT('',(-120.4,-622.917889152721,-50.0435038520768));
#13029=CARTESIAN_POINT('Origin',(-115.4,-622.917889152721,-50.0435038520768));
#13030=CARTESIAN_POINT('',(-120.4,-590.574743402213,-50.0435038520768));
#13031=CARTESIAN_POINT('',(-120.4,-630.746316277467,-50.0435038520768));
#13032=CARTESIAN_POINT('',(-118.935533905933,-587.03920949628,-50.0435038520768));
#13033=CARTESIAN_POINT('Origin',(-115.4,-590.574743402213,-50.0435038520768));
#13034=CARTESIAN_POINT('',(-116.107106781187,-584.210782371534,-50.0435038520768));
#13035=CARTESIAN_POINT('',(-118.935533905933,-587.03920949628,-50.0435038520768));
#13036=CARTESIAN_POINT('Origin',(-112.571572875254,-587.746316277467,-50.0435038520768));
#13037=CARTESIAN_POINT('',(-116.799997389317,-503.,-50.0435038520805));
#13038=CARTESIAN_POINT('Origin',(-116.799998983903,-503.,9.78786625255754));
#13039=CARTESIAN_POINT('',(-116.799998983903,-503.,9.78786625255754));
#13040=CARTESIAN_POINT('Origin',(-77.0000011473894,-503.,9.78786625255755));
#13041=CARTESIAN_POINT('',(-84.0715728752541,-535.746316277467,9.78786625255755));
#13042=CARTESIAN_POINT('',(-64.3642141360679,-535.746316277467,9.78786625255755));
#13043=CARTESIAN_POINT('',(-87.6071067811868,-537.210782371535,9.78786625255755));
#13044=CARTESIAN_POINT('',(-76.4026347798538,-526.006310370202,9.78786625255755));
#13045=CARTESIAN_POINT('Origin',(-84.0715728752541,-540.746316277467,9.78786625255749));
#13046=CARTESIAN_POINT('Origin',(-84.8000002235163,-491.,62.1999998509896));
#13047=CARTESIAN_POINT('',(-84.8000002235163,-501.,62.1999998509896));
#13048=CARTESIAN_POINT('',(-84.8000002235164,-501.,59.9564961479195));
#13049=CARTESIAN_POINT('',(-84.8000002235163,-491.,62.1999998509896));
#13050=CARTESIAN_POINT('Origin',(-81.3561655505136,-501.,77.9999998509895));
#13051=CARTESIAN_POINT('',(-86.3000002235165,-501.,63.7428304772297));
#13052=CARTESIAN_POINT('',(-86.3000002235165,-501.,63.7428304772297));
#13053=CARTESIAN_POINT('',(-79.9000002235162,-501.,63.7428304772297));
#13054=CARTESIAN_POINT('',(-78.4000002235155,-501.,63.7428304772297));
#13055=CARTESIAN_POINT('',(-79.9000002235149,-501.,88.2999998509894));
#13056=CARTESIAN_POINT('',(-79.9000002235149,-501.,88.2999998509894));
#13057=CARTESIAN_POINT('',(-86.3000002235149,-501.,88.2999998509897));
#13058=CARTESIAN_POINT('',(-86.3000002235149,-501.,88.2999998509897));
#13059=CARTESIAN_POINT('',(-86.3000002235146,-501.,93.6999998509897));
#13060=CARTESIAN_POINT('',(-86.3000002235146,-501.,93.6999998509897));
#13061=CARTESIAN_POINT('',(-84.8000002235146,-501.,93.6999998509896));
#13062=CARTESIAN_POINT('',(-84.8000002235146,-501.,93.6999998509896));
#13063=CARTESIAN_POINT('',(-84.8000002235148,-501.,89.7999998509896));
#13064=CARTESIAN_POINT('',(-84.8000002235148,-501.,89.7999998509896));
#13065=CARTESIAN_POINT('',(-79.9000002235148,-501.,89.7999998509894));
#13066=CARTESIAN_POINT('',(-79.9000002235148,-501.,89.7999998509894));
#13067=CARTESIAN_POINT('',(-79.9000002235148,-501.,90.6999998509894));
#13068=CARTESIAN_POINT('',(-79.9000002235148,-501.,90.6999998509894));
#13069=CARTESIAN_POINT('',(-78.4000002235148,-501.,90.6999998509893));
#13070=CARTESIAN_POINT('',(-78.4000002235148,-501.,90.6999998509893));
#13071=CARTESIAN_POINT('',(-78.4000002235155,-501.,61.3999998509893));
#13072=CARTESIAN_POINT('',(-78.4000002235155,-501.,58.2999998509897));
#13073=CARTESIAN_POINT('',(-79.9000002235163,-501.,61.3999998509894));
#13074=CARTESIAN_POINT('',(-79.9000002235163,-501.,61.3999998509894));
#13075=CARTESIAN_POINT('',(-79.9000002235163,-501.,62.1999998509894));
#13076=CARTESIAN_POINT('',(-79.9000002235163,-501.,62.1999998509894));
#13077=CARTESIAN_POINT('',(-84.8000002235163,-501.,62.1999998509896));
#13078=CARTESIAN_POINT('Origin',(-81.3561655505136,-501.,77.9999998509895));
#13079=CARTESIAN_POINT('',(-114.800000223516,-501.,83.2999998509897));
#13080=CARTESIAN_POINT('',(-114.800000223516,-501.,88.6999998509897));
#13081=CARTESIAN_POINT('',(-114.800000223516,-501.,88.6999998509897));
#13082=CARTESIAN_POINT('',(-108.400000223516,-501.,88.6999998509894));
#13083=CARTESIAN_POINT('',(-108.400000223516,-501.,88.6999998509894));
#13084=CARTESIAN_POINT('',(-108.400000223515,-501.,113.299999850989));
#13085=CARTESIAN_POINT('',(-108.400000223515,-501.,113.299999850989));
#13086=CARTESIAN_POINT('',(-114.800000223515,-501.,113.29999985099));
#13087=CARTESIAN_POINT('',(-114.800000223515,-501.,113.29999985099));
#13088=CARTESIAN_POINT('',(-114.800000223515,-501.,118.69999985099));
#13089=CARTESIAN_POINT('',(-114.800000223515,-501.,118.69999985099));
#13090=CARTESIAN_POINT('',(-113.300000223515,-501.,118.69999985099));
#13091=CARTESIAN_POINT('',(-113.300000223515,-501.,118.69999985099));
#13092=CARTESIAN_POINT('',(-113.300000223515,-501.,114.79999985099));
#13093=CARTESIAN_POINT('',(-113.300000223515,-501.,114.79999985099));
#13094=CARTESIAN_POINT('',(-108.400000223515,-501.,114.799999850989));
#13095=CARTESIAN_POINT('',(-108.400000223515,-501.,114.799999850989));
#13096=CARTESIAN_POINT('',(-108.400000223515,-501.,115.699999850989));
#13097=CARTESIAN_POINT('',(-108.400000223515,-501.,115.699999850989));
#13098=CARTESIAN_POINT('',(-106.900000223515,-501.,115.699999850989));
#13099=CARTESIAN_POINT('',(-106.900000223515,-501.,115.699999850989));
#13100=CARTESIAN_POINT('',(-106.900000223516,-501.,86.3999998509893));
#13101=CARTESIAN_POINT('',(-106.900000223516,-501.,86.3999998509893));
#13102=CARTESIAN_POINT('',(-108.400000223516,-501.,86.3999998509894));
#13103=CARTESIAN_POINT('',(-108.400000223516,-501.,86.3999998509894));
#13104=CARTESIAN_POINT('',(-108.400000223516,-501.,87.1999998509894));
#13105=CARTESIAN_POINT('',(-108.400000223516,-501.,87.1999998509894));
#13106=CARTESIAN_POINT('',(-113.300000223516,-501.,87.1999998509896));
#13107=CARTESIAN_POINT('',(-113.300000223516,-501.,87.1999998509896));
#13108=CARTESIAN_POINT('',(-113.300000223517,-501.,83.2999998509896));
#13109=CARTESIAN_POINT('',(-113.300000223517,-501.,83.2999998509896));
#13110=CARTESIAN_POINT('',(-114.800000223516,-501.,83.2999998509897));
#13111=CARTESIAN_POINT('Origin',(-81.3561655505136,-501.,77.9999998509895));
#13112=CARTESIAN_POINT('',(-51.4000002235163,-501.,41.1999998509894));
#13113=CARTESIAN_POINT('',(-56.3000002235163,-501.,41.1999998509896));
#13114=CARTESIAN_POINT('',(-56.3000002235163,-501.,41.1999998509896));
#13115=CARTESIAN_POINT('',(-56.3000002235165,-501.,37.2999998509892));
#13116=CARTESIAN_POINT('',(-56.3000002235165,-501.,37.2999998509896));
#13117=CARTESIAN_POINT('',(-57.8000002235162,-501.,37.2999998509892));
#13118=CARTESIAN_POINT('',(-49.9123308775127,-501.,37.2999998509892));
#13119=CARTESIAN_POINT('',(-57.8000002235162,-501.,42.6999998509897));
#13120=CARTESIAN_POINT('',(-57.8000002235162,-501.,37.2999998509892));
#13121=CARTESIAN_POINT('',(-51.4000002235162,-501.,42.6999998509897));
#13122=CARTESIAN_POINT('',(-57.8000002235162,-501.,42.6999998509897));
#13123=CARTESIAN_POINT('',(-51.4000002235149,-501.,67.2999998509894));
#13124=CARTESIAN_POINT('',(-51.4000002235149,-501.,67.2999998509894));
#13125=CARTESIAN_POINT('',(-57.8000002235149,-501.,67.2999998509897));
#13126=CARTESIAN_POINT('',(-57.8000002235149,-501.,67.2999998509897));
#13127=CARTESIAN_POINT('',(-57.8000002235146,-501.,72.6999998509897));
#13128=CARTESIAN_POINT('',(-57.8000002235146,-501.,72.6999998509897));
#13129=CARTESIAN_POINT('',(-56.3000002235146,-501.,72.6999998509896));
#13130=CARTESIAN_POINT('',(-56.3000002235146,-501.,72.6999998509896));
#13131=CARTESIAN_POINT('',(-56.3000002235148,-501.,68.7999998509896));
#13132=CARTESIAN_POINT('',(-56.3000002235148,-501.,68.7999998509896));
#13133=CARTESIAN_POINT('',(-51.4000002235148,-501.,68.7999998509894));
#13134=CARTESIAN_POINT('',(-51.4000002235148,-501.,68.7999998509894));
#13135=CARTESIAN_POINT('',(-51.4000002235147,-501.,69.6999998509894));
#13136=CARTESIAN_POINT('',(-51.4000002235147,-501.,69.6999998509894));
#13137=CARTESIAN_POINT('',(-49.9000002235148,-501.,69.6999998509893));
#13138=CARTESIAN_POINT('',(-49.9000002235148,-501.,69.6999998509893));
#13139=CARTESIAN_POINT('',(-49.9000002235163,-501.,40.3999998509893));
#13140=CARTESIAN_POINT('',(-49.9000002235163,-501.,40.3999998509893));
#13141=CARTESIAN_POINT('',(-51.4000002235163,-501.,40.3999998509894));
#13142=CARTESIAN_POINT('',(-51.4000002235163,-501.,40.3999998509894));
#13143=CARTESIAN_POINT('',(-51.4000002235163,-501.,41.1999998509894));
#13144=CARTESIAN_POINT('Origin',(-51.4000002235163,-491.,41.1999998509894));
#13145=CARTESIAN_POINT('',(-56.3000002235163,-491.,41.1999998509896));
#13146=CARTESIAN_POINT('',(-51.4000002235163,-491.,41.1999998509894));
#13147=CARTESIAN_POINT('Origin',(-51.4000002235163,-491.,40.3999998509894));
#13148=CARTESIAN_POINT('',(-51.4000002235163,-491.,40.3999998509894));
#13149=CARTESIAN_POINT('Origin',(-49.9000002235163,-491.,40.3999998509893));
#13150=CARTESIAN_POINT('',(-49.9000002235163,-491.,40.3999998509893));
#13151=CARTESIAN_POINT('Origin',(-49.9000002235148,-491.,69.6999998509893));
#13152=CARTESIAN_POINT('',(-49.9000002235148,-491.,69.6999998509893));
#13153=CARTESIAN_POINT('Origin',(-51.4000002235147,-491.,69.6999998509894));
#13154=CARTESIAN_POINT('',(-51.4000002235147,-491.,69.6999998509894));
#13155=CARTESIAN_POINT('Origin',(-51.4000002235148,-491.,68.7999998509894));
#13156=CARTESIAN_POINT('',(-51.4000002235148,-491.,68.7999998509894));
#13157=CARTESIAN_POINT('Origin',(-56.3000002235148,-491.,68.7999998509896));
#13158=CARTESIAN_POINT('',(-56.3000002235148,-491.,68.7999998509896));
#13159=CARTESIAN_POINT('Origin',(-56.3000002235146,-491.,72.6999998509896));
#13160=CARTESIAN_POINT('',(-56.3000002235146,-491.,72.6999998509896));
#13161=CARTESIAN_POINT('Origin',(-57.8000002235146,-491.,72.6999998509897));
#13162=CARTESIAN_POINT('',(-57.8000002235146,-491.,72.6999998509897));
#13163=CARTESIAN_POINT('Origin',(-57.8000002235149,-491.,67.2999998509897));
#13164=CARTESIAN_POINT('',(-57.8000002235149,-491.,67.2999998509897));
#13165=CARTESIAN_POINT('Origin',(-51.4000002235149,-491.,67.2999998509894));
#13166=CARTESIAN_POINT('',(-51.4000002235149,-491.,67.2999998509894));
#13167=CARTESIAN_POINT('Origin',(-51.4000002235162,-491.,42.6999998509897));
#13168=CARTESIAN_POINT('',(-51.4000002235162,-491.,42.6999998509897));
#13169=CARTESIAN_POINT('Origin',(-57.8000002235162,-491.,42.6999998509897));
#13170=CARTESIAN_POINT('',(-57.8000002235162,-491.,42.6999998509897));
#13171=CARTESIAN_POINT('Origin',(-57.8000002235162,-491.,37.2999998509892));
#13172=CARTESIAN_POINT('',(-57.8000002235162,-491.,37.2999998509892));
#13173=CARTESIAN_POINT('Origin',(-56.3000002235165,-491.,37.2999998509892));
#13174=CARTESIAN_POINT('',(-56.3000002235165,-491.,37.2999998509892));
#13175=CARTESIAN_POINT('Origin',(-56.3000002235163,-491.,41.1999998509896));
#13176=CARTESIAN_POINT('Origin',(-88.5000044410117,-491.,60.0000008940697));
#13177=CARTESIAN_POINT('Origin',(-114.800000223516,-491.,83.2999998509897));
#13178=CARTESIAN_POINT('',(-114.800000223516,-491.,88.6999998509897));
#13179=CARTESIAN_POINT('',(-114.800000223516,-491.,83.2999998509897));
#13180=CARTESIAN_POINT('Origin',(-113.300000223517,-491.,83.2999998509896));
#13181=CARTESIAN_POINT('',(-113.300000223517,-491.,83.2999998509896));
#13182=CARTESIAN_POINT('Origin',(-113.300000223516,-491.,87.1999998509896));
#13183=CARTESIAN_POINT('',(-113.300000223516,-491.,87.1999998509896));
#13184=CARTESIAN_POINT('Origin',(-108.400000223516,-491.,87.1999998509894));
#13185=CARTESIAN_POINT('',(-108.400000223516,-491.,87.1999998509894));
#13186=CARTESIAN_POINT('Origin',(-108.400000223516,-491.,86.3999998509894));
#13187=CARTESIAN_POINT('',(-108.400000223516,-491.,86.3999998509894));
#13188=CARTESIAN_POINT('Origin',(-106.900000223516,-491.,86.3999998509893));
#13189=CARTESIAN_POINT('',(-106.900000223516,-491.,86.3999998509893));
#13190=CARTESIAN_POINT('Origin',(-106.900000223515,-491.,115.699999850989));
#13191=CARTESIAN_POINT('',(-106.900000223515,-491.,115.699999850989));
#13192=CARTESIAN_POINT('Origin',(-108.400000223515,-491.,115.699999850989));
#13193=CARTESIAN_POINT('',(-108.400000223515,-491.,115.699999850989));
#13194=CARTESIAN_POINT('Origin',(-108.400000223515,-491.,114.799999850989));
#13195=CARTESIAN_POINT('',(-108.400000223515,-491.,114.799999850989));
#13196=CARTESIAN_POINT('Origin',(-113.300000223515,-491.,114.79999985099));
#13197=CARTESIAN_POINT('',(-113.300000223515,-491.,114.79999985099));
#13198=CARTESIAN_POINT('Origin',(-113.300000223515,-491.,118.69999985099));
#13199=CARTESIAN_POINT('',(-113.300000223515,-491.,118.69999985099));
#13200=CARTESIAN_POINT('Origin',(-114.800000223515,-491.,118.69999985099));
#13201=CARTESIAN_POINT('',(-114.800000223515,-491.,118.69999985099));
#13202=CARTESIAN_POINT('Origin',(-114.800000223515,-491.,113.29999985099));
#13203=CARTESIAN_POINT('',(-114.800000223515,-491.,113.29999985099));
#13204=CARTESIAN_POINT('Origin',(-108.400000223515,-491.,113.299999850989));
#13205=CARTESIAN_POINT('',(-108.400000223515,-491.,113.299999850989));
#13206=CARTESIAN_POINT('Origin',(-108.400000223516,-491.,88.6999998509894));
#13207=CARTESIAN_POINT('',(-108.400000223516,-491.,88.6999998509894));
#13208=CARTESIAN_POINT('Origin',(-114.800000223516,-491.,88.6999998509897));
#13209=CARTESIAN_POINT('Origin',(-79.9000002235163,-491.,62.1999998509894));
#13210=CARTESIAN_POINT('',(-79.9000002235163,-491.,62.1999998509894));
#13211=CARTESIAN_POINT('Origin',(-79.9000002235163,-491.,61.3999998509894));
#13212=CARTESIAN_POINT('',(-79.9000002235163,-491.,61.3999998509894));
#13213=CARTESIAN_POINT('Origin',(-78.4000002235163,-491.,61.3999998509893));
#13214=CARTESIAN_POINT('',(-78.4000002235155,-491.,61.3999998509893));
#13215=CARTESIAN_POINT('Origin',(-78.4000002235155,-491.,90.6999998509893));
#13216=CARTESIAN_POINT('',(-78.4000002235148,-491.,90.6999998509893));
#13217=CARTESIAN_POINT('Origin',(-79.9000002235148,-491.,90.6999998509894));
#13218=CARTESIAN_POINT('',(-79.9000002235148,-491.,90.6999998509894));
#13219=CARTESIAN_POINT('Origin',(-79.9000002235148,-491.,89.7999998509894));
#13220=CARTESIAN_POINT('',(-79.9000002235148,-491.,89.7999998509894));
#13221=CARTESIAN_POINT('Origin',(-84.8000002235148,-491.,89.7999998509896));
#13222=CARTESIAN_POINT('',(-84.8000002235148,-491.,89.7999998509896));
#13223=CARTESIAN_POINT('Origin',(-84.8000002235146,-491.,93.6999998509896));
#13224=CARTESIAN_POINT('',(-84.8000002235146,-491.,93.6999998509896));
#13225=CARTESIAN_POINT('Origin',(-86.3000002235146,-491.,93.6999998509897));
#13226=CARTESIAN_POINT('',(-86.3000002235146,-491.,93.6999998509897));
#13227=CARTESIAN_POINT('Origin',(-86.3000002235149,-491.,88.2999998509897));
#13228=CARTESIAN_POINT('',(-86.3000002235149,-491.,88.2999998509897));
#13229=CARTESIAN_POINT('Origin',(-79.9000002235149,-491.,88.2999998509894));
#13230=CARTESIAN_POINT('',(-79.9000002235149,-491.,88.2999998509894));
#13231=CARTESIAN_POINT('Origin',(-79.9000002235162,-491.,63.7428304772297));
#13232=CARTESIAN_POINT('',(-79.9000002235162,-491.,63.7428304772297));
#13233=CARTESIAN_POINT('Origin',(-86.3000002235165,-491.,63.7428304772297));
#13234=CARTESIAN_POINT('',(-86.3000002235165,-491.,63.7428304772297));
#13235=CARTESIAN_POINT('Origin',(-86.3000002235165,-491.,58.2999998509897));
#13236=CARTESIAN_POINT('Origin',(-76.4000002235155,-491.,120.69999985099));
#13237=CARTESIAN_POINT('',(-76.4000002235155,-491.,120.69999985099));
#13238=CARTESIAN_POINT('Origin',(-47.9123308775127,-491.,95.6999998509897));
#13239=CARTESIAN_POINT('Origin',(-51.7284271247465,-535.746316277467,-26.0435038520781));
#13240=CARTESIAN_POINT('',(-84.0715728752541,-535.746316277467,20.9564961479219));
#13241=CARTESIAN_POINT('',(-84.0715728752541,-535.746316277467,-26.0435038520782));
#13242=CARTESIAN_POINT('',(-51.7284271247465,-535.746316277467,20.9564961479219));
#13243=CARTESIAN_POINT('',(-84.0715728752541,-535.746316277467,20.9564961479219));
#13244=CARTESIAN_POINT('',(-51.7284271247465,-535.746316277467,-0.043503852080562));
#13245=CARTESIAN_POINT('',(-51.7284271247465,-535.746316277467,-26.0435038520782));
#13246=CARTESIAN_POINT('',(-67.9000000000003,-535.746316277467,-0.0435038520773112));
#13247=CARTESIAN_POINT('Origin',(-84.0715728752541,-540.746316277467,-26.0435038520781));
#13248=CARTESIAN_POINT('',(-87.6071067811868,-537.210782371535,20.9564961479219));
#13249=CARTESIAN_POINT('',(-87.6071067811868,-537.210782371535,-26.0435038520782));
#13250=CARTESIAN_POINT('Origin',(-84.0715728752541,-540.746316277467,20.9564961479219));
#13251=CARTESIAN_POINT('Origin',(-87.6071067811868,-537.210782371535,-26.0435038520781));
#13252=CARTESIAN_POINT('',(-90.435533905933,-540.039209496281,20.9564961479219));
#13253=CARTESIAN_POINT('',(-90.435533905933,-540.039209496281,-26.0435038520782));
#13254=CARTESIAN_POINT('',(-90.435533905933,-540.039209496281,20.9564961479219));
#13255=CARTESIAN_POINT('Ctrl Pts',(-43.9000000000003,-543.574743402214,
-26.0435038520781));
#13256=CARTESIAN_POINT('Ctrl Pts',(-45.5094757082488,-541.298601027298,
-26.3656289480974));
#13257=CARTESIAN_POINT('Ctrl Pts',(-47.1189514164973,-539.022458652383,
-26.6877540441166));
#13258=CARTESIAN_POINT('Ctrl Pts',(-48.7284271247458,-536.746316277468,
-27.0098791401358));
#13259=CARTESIAN_POINT('Ctrl Pts',(-43.9000000000003,-554.355791985716,
-26.0435038520781));
#13260=CARTESIAN_POINT('Ctrl Pts',(-42.6872534860266,-548.485966749634,
-26.3656289480974));
#13261=CARTESIAN_POINT('Ctrl Pts',(-41.474506972053,-542.616141513551,-26.6877540441166));
#13262=CARTESIAN_POINT('Ctrl Pts',(-40.2617604580794,-536.746316277468,
-27.0098791401359));
#13263=CARTESIAN_POINT('Ctrl Pts',(-43.9000000000003,-565.136840569219,
-26.0435038520782));
#13264=CARTESIAN_POINT('Ctrl Pts',(-39.8650312638045,-555.673332471969,
-26.3656289480974));
#13265=CARTESIAN_POINT('Ctrl Pts',(-35.8300625276087,-546.209824374718,
-26.6877540441166));
#13266=CARTESIAN_POINT('Ctrl Pts',(-31.795093791413,-536.746316277468,-27.0098791401359));
#13267=CARTESIAN_POINT('Ctrl Pts',(-43.9000000000003,-575.917889152722,
-26.0435038520782));
#13268=CARTESIAN_POINT('Ctrl Pts',(-37.0428090415824,-562.860698194304,
-26.3656289480974));
#13269=CARTESIAN_POINT('Ctrl Pts',(-30.1856180831645,-549.803507235886,
-26.6877540441167));
#13270=CARTESIAN_POINT('Ctrl Pts',(-23.3284271247466,-536.746316277468,
-27.0098791401359));
#13271=CARTESIAN_POINT('',(-48.1928932188137,-537.210782371535,-26.9469218262156));
#13272=CARTESIAN_POINT('',(-48.7284271247458,-536.746316277468,-27.0098791401358));
#13273=CARTESIAN_POINT('Ctrl Pts',(-48.1928932188136,-537.210782371535,
-26.9469218262156));
#13274=CARTESIAN_POINT('Ctrl Pts',(-48.3601307823264,-537.043544808022,
-26.9688311836043));
#13275=CARTESIAN_POINT('Ctrl Pts',(-48.5390898480984,-536.888319234954,
-26.9897825430077));
#13276=CARTESIAN_POINT('Ctrl Pts',(-48.7284271247457,-536.746316277468,
-27.0098791401358));
#13277=CARTESIAN_POINT('',(-45.3644660940675,-540.039209496281,-26.6987036573698));
#13278=CARTESIAN_POINT('Ctrl Pts',(-45.3644660940675,-540.039209496281,
-26.6987036573699));
#13279=CARTESIAN_POINT('Ctrl Pts',(-45.6003264147275,-539.803349175621,
-26.7088031606386));
#13280=CARTESIAN_POINT('Ctrl Pts',(-45.8370258283235,-539.566649762026,
-26.7209580837005));
#13281=CARTESIAN_POINT('Ctrl Pts',(-46.5720605695574,-538.831615020792,
-26.7674234370329));
#13282=CARTESIAN_POINT('Ctrl Pts',(-47.0362474357044,-538.367428154644,
-26.8091772367389));
#13283=CARTESIAN_POINT('Ctrl Pts',(-47.7517230393931,-537.651952550955,
-26.8906903751722));
#13284=CARTESIAN_POINT('Ctrl Pts',(-47.9729173636812,-537.430758226667,
-26.9181033626734));
#13285=CARTESIAN_POINT('Ctrl Pts',(-48.1928932188136,-537.210782371535,
-26.9469218262156));
#13286=CARTESIAN_POINT('',(-43.9000000000003,-543.574743402214,-26.5013665446713));
#13287=CARTESIAN_POINT('Ctrl Pts',(-43.9000000000003,-543.574743402214,
-26.5013665446713));
#13288=CARTESIAN_POINT('Ctrl Pts',(-43.9000000000003,-542.973081403251,
-26.5461722809113));
#13289=CARTESIAN_POINT('Ctrl Pts',(-44.0086525814684,-542.375466228074,
-26.5806440384299));
#13290=CARTESIAN_POINT('Ctrl Pts',(-44.3538536573873,-541.459611774937,
-26.6304150432705));
#13291=CARTESIAN_POINT('Ctrl Pts',(-44.525662908467,-541.123920797834,-26.6475946494811));
#13292=CARTESIAN_POINT('Ctrl Pts',(-44.9175794185481,-540.533166595251,
-26.6765338354136));
#13293=CARTESIAN_POINT('Ctrl Pts',(-45.1289474564958,-540.274728133853,
-26.6886187849193));
#13294=CARTESIAN_POINT('Ctrl Pts',(-45.3644660940675,-540.039209496281,
-26.6987036573699));
#13295=CARTESIAN_POINT('',(-43.9000000000003,-549.723031679432,-26.0435038520781));
#13296=CARTESIAN_POINT('Ctrl Pts',(-43.9000000000003,-549.723031679432,
-26.0435038520781));
#13297=CARTESIAN_POINT('Ctrl Pts',(-43.9000000000003,-549.719193355137,
-26.043789691879));
#13298=CARTESIAN_POINT('Ctrl Pts',(-43.9000000000003,-549.715355030842,
-26.0440755316799));
#13299=CARTESIAN_POINT('Ctrl Pts',(-43.9000000000003,-547.665925605102,
-26.1966964292109));
#13300=CARTESIAN_POINT('Ctrl Pts',(-43.9000000000003,-545.620334503658,
-26.3490314869411));
#13301=CARTESIAN_POINT('Ctrl Pts',(-43.9000000000003,-543.574743402214,
-26.5013665446713));
#13302=CARTESIAN_POINT('',(-43.9000000000003,-570.996316277467,-26.0435038520782));
#13303=CARTESIAN_POINT('',(-43.9000000000003,-535.746316277467,-26.0435038520782));
#13304=CARTESIAN_POINT('',(-43.9000000000003,-575.917889152722,-26.0435038520782));
#13305=CARTESIAN_POINT('Ctrl Pts',(-43.9000000000003,-575.917889152722,
-26.0435038520782));
#13306=CARTESIAN_POINT('Ctrl Pts',(-43.9000000000003,-574.27736486097,-26.0435038520782));
#13307=CARTESIAN_POINT('Ctrl Pts',(-43.9000000000003,-572.636840569219,
-26.0435038520782));
#13308=CARTESIAN_POINT('Ctrl Pts',(-43.9000000000003,-570.996316277467,
-26.0435038520782));
#13309=CARTESIAN_POINT('',(-23.3284271247466,-536.746316277468,-27.0098791401359));
#13310=CARTESIAN_POINT('',(-43.9000000000003,-575.917889152722,-26.0435038520782));
#13311=CARTESIAN_POINT('Ctrl Pts',(-48.7284271247458,-536.746316277468,
-27.0098791401358));
#13312=CARTESIAN_POINT('Ctrl Pts',(-40.2617604580794,-536.746316277468,
-27.0098791401359));
#13313=CARTESIAN_POINT('Ctrl Pts',(-31.795093791413,-536.746316277468,-27.0098791401359));
#13314=CARTESIAN_POINT('Ctrl Pts',(-23.3284271247466,-536.746316277468,
-27.0098791401359));
#13315=CARTESIAN_POINT('Origin',(-43.9000000000003,-575.917889152722,-26.0435038520782));
#13316=CARTESIAN_POINT('',(-43.9000000000003,-575.917889152722,-26.0435038520782));
#13317=CARTESIAN_POINT('',(-23.3284271247466,-536.746316277468,-47.0435038520805));
#13318=CARTESIAN_POINT('Origin',(-51.7284271247464,-540.746316277467,-26.0435038520781));
#13319=CARTESIAN_POINT('',(-48.7284271247458,-536.746316277468,-0.043503852080562));
#13320=CARTESIAN_POINT('',(-48.7284271247459,-536.746316277468,-29.0435038520782));
#13321=CARTESIAN_POINT('Origin',(-51.7284271247464,-540.746316277467,-0.0435038520805664));
#13322=CARTESIAN_POINT('',(-48.1928932188136,-537.210782371535,20.9564961479219));
#13323=CARTESIAN_POINT('Origin',(-51.7284271247464,-540.746316277467,20.9564961479219));
#13324=CARTESIAN_POINT('',(-48.1928932188137,-537.210782371535,-26.0435038520782));
#13325=CARTESIAN_POINT('Origin',(-43.9000000000003,-575.917889152721,-26.0435038520782));
#13326=CARTESIAN_POINT('',(-43.9000000000003,-570.996316277468,20.9564961479218));
#13327=CARTESIAN_POINT('',(-43.9000000000003,-570.996316277467,-26.0435038520782));
#13328=CARTESIAN_POINT('',(-43.9000000000003,-575.917889152722,20.9564961479218));
#13329=CARTESIAN_POINT('',(-43.9000000000003,-570.996316277468,20.9564961479218));
#13330=CARTESIAN_POINT('',(-43.9000000000003,-575.917889152722,-26.0435038520782));
#13331=CARTESIAN_POINT('Origin',(-51.7284271247465,-583.746316277468,-50.0435038520773));
#13332=CARTESIAN_POINT('',(-51.7284271247465,-583.746316277467,-26.0435038520782));
#13333=CARTESIAN_POINT('',(-72.4000000000001,-622.917889152721,-1.04350385207677));
#13334=CARTESIAN_POINT('Origin',(-75.2000000000001,-595.496316277467,-1.04350385207676));
#13335=CARTESIAN_POINT('',(-72.4000000000001,-595.496316277467,45.9564961479232));
#13336=CARTESIAN_POINT('',(-72.4000000000001,-595.496316277467,-1.04350385207676));
#13337=CARTESIAN_POINT('',(-75.2000000000001,-595.496316277467,45.9564961479232));
#13338=CARTESIAN_POINT('',(-72.4000000000001,-595.496316277467,45.9564961479232));
#13339=CARTESIAN_POINT('',(-75.2000000000001,-595.496316277467,-1.04350385207676));
#13340=CARTESIAN_POINT('',(-75.2000000000001,-595.496316277467,-1.04350385207676));
#13341=CARTESIAN_POINT('',(-72.4000000000001,-595.496316277467,-1.04350385207676));
#13342=CARTESIAN_POINT('Origin',(-72.4000000000001,-622.91788915272,-1.0435038520768));
#13343=CARTESIAN_POINT('',(-72.4000000000001,-590.574743402213,45.9564961479233));
#13344=CARTESIAN_POINT('',(-72.4000000000001,-590.574743402213,-1.04350385207677));
#13345=CARTESIAN_POINT('',(-72.4000000000001,-590.574743402213,45.9564961479233));
#13346=CARTESIAN_POINT('Origin',(-72.4000000000001,-622.91788915272,-1.0435038520768));
#13347=CARTESIAN_POINT('',(-72.4000000000001,-617.996316277467,45.9564961479232));
#13348=CARTESIAN_POINT('',(-72.4000000000001,-617.996316277467,-1.04350385207679));
#13349=CARTESIAN_POINT('',(-72.4000000000001,-622.917889152721,45.9564961479232));
#13350=CARTESIAN_POINT('',(-72.4000000000001,-617.996316277467,45.9564961479232));
#13351=CARTESIAN_POINT('',(-72.4000000000001,-622.917889152721,-1.04350385207677));
#13352=CARTESIAN_POINT('Origin',(-77.4000000000001,-590.574743402213,-1.04350385207675));
#13353=CARTESIAN_POINT('',(-73.8644660940674,-587.03920949628,45.9564961479233));
#13354=CARTESIAN_POINT('',(-73.8644660940674,-587.03920949628,-1.04350385207677));
#13355=CARTESIAN_POINT('Origin',(-77.4000000000001,-590.574743402213,45.9564961479233));
#13356=CARTESIAN_POINT('Origin',(-73.8644660940674,-587.03920949628,-1.04350385207675));
#13357=CARTESIAN_POINT('',(-76.6928932188135,-584.210782371534,45.9564961479233));
#13358=CARTESIAN_POINT('',(-76.6928932188135,-584.210782371534,-1.04350385207677));
#13359=CARTESIAN_POINT('',(-76.6928932188135,-584.210782371534,45.9564961479233));
#13360=CARTESIAN_POINT('Origin',(-80.2284271247463,-587.746316277467,-1.04350385207675));
#13361=CARTESIAN_POINT('',(-77.2284271247449,-583.746316277468,20.9564961479218));
#13362=CARTESIAN_POINT('',(-77.2284271247451,-583.746316277468,-4.04350385207677));
#13363=CARTESIAN_POINT('',(-80.2284271247463,-582.746316277467,20.9564961479218));
#13364=CARTESIAN_POINT('Origin',(-80.2284271247463,-587.746316277467,20.9564961479218));
#13365=CARTESIAN_POINT('',(-80.2284271247463,-582.746316277467,45.9564961479233));
#13366=CARTESIAN_POINT('',(-80.2284271247463,-582.746316277467,-1.04350385207677));
#13367=CARTESIAN_POINT('Origin',(-80.2284271247463,-587.746316277467,45.9564961479233));
#13368=CARTESIAN_POINT('Origin',(-84.0715728752541,-583.746316277468,-26.0435038520782));
#13369=CARTESIAN_POINT('',(-51.7284271247465,-583.746316277468,20.9564961479218));
#13370=CARTESIAN_POINT('',(-51.7284271247465,-583.746316277467,-26.0435038520782));
#13371=CARTESIAN_POINT('',(-51.7284271247465,-583.746316277468,20.9564961479218));
#13372=CARTESIAN_POINT('Origin',(-23.3284271247466,-533.946316277468,-47.0435038520806));
#13373=CARTESIAN_POINT('',(-23.3284271247466,-533.946316277468,-0.043503852080562));
#13374=CARTESIAN_POINT('',(-55.6715728752542,-533.946316277468,-0.043503852080562));
#13375=CARTESIAN_POINT('',(-47.5857864376273,-533.946316277468,-0.0435038520805575));
#13376=CARTESIAN_POINT('',(-23.3284271247466,-533.946316277468,-47.0435038520806));
#13377=CARTESIAN_POINT('',(-23.3284271247466,-533.946316277468,-47.0435038520806));
#13378=CARTESIAN_POINT('',(-55.6715728752542,-533.946316277468,-47.0435038520806));
#13379=CARTESIAN_POINT('',(-23.3284271247466,-533.946316277468,-47.0435038520806));
#13380=CARTESIAN_POINT('',(-55.6715728752542,-533.946316277468,-47.0435038520806));
#13381=CARTESIAN_POINT('Origin',(-112.571572875254,-582.746316277467,-4.04350385207589));
#13382=CARTESIAN_POINT('',(-91.9000000000003,-543.574743402214,20.9564961479219));
#13383=CARTESIAN_POINT('',(-112.571572875254,-582.746316277467,20.9564961479241));
#13384=CARTESIAN_POINT('',(-91.9000000000003,-543.574743402214,-26.0435038520782));
#13385=CARTESIAN_POINT('Origin',(-51.7284271247465,-580.946316277468,-26.0435038520782));
#13386=CARTESIAN_POINT('',(-84.0715728752541,-580.946316277468,-26.0435038520782));
#13387=CARTESIAN_POINT('',(-84.0715728752541,-580.946316277468,20.9564961479218));
#13388=CARTESIAN_POINT('',(-84.0715728752541,-580.946316277468,-26.0435038520782));
#13389=CARTESIAN_POINT('',(-51.7284271247465,-580.946316277468,20.9564961479218));
#13390=CARTESIAN_POINT('',(-75.9857864376272,-580.946316277468,20.9564961479218));
#13391=CARTESIAN_POINT('',(-51.7284271247465,-580.946316277468,-26.0435038520782));
#13392=CARTESIAN_POINT('',(-51.7284271247465,-580.946316277468,-26.0435038520782));
#13393=CARTESIAN_POINT('',(-51.7284271247465,-580.946316277468,-26.0435038520782));
#13394=CARTESIAN_POINT('Origin',(-80.2284271247463,-582.746316277467,-1.04350385207674));
#13395=CARTESIAN_POINT('',(-96.4000000000001,-582.746316277467,20.9564961479241));
#13396=CARTESIAN_POINT('',(-112.571572875254,-582.746316277467,45.9564961479233));
#13397=CARTESIAN_POINT('',(-112.571572875254,-582.746316277467,-1.04350385207677));
#13398=CARTESIAN_POINT('',(-112.571572875254,-582.746316277467,45.9564961479233));
#13399=CARTESIAN_POINT('Origin',(-96.4000000000001,-606.746316277467,-1.04350385207677));
#13400=CARTESIAN_POINT('',(-75.2000000000001,-617.996316277467,-1.04350385207679));
#13401=CARTESIAN_POINT('',(-72.4000000000001,-617.996316277467,-1.04350385207679));
#13402=CARTESIAN_POINT('',(-75.2000000000001,-590.574743402213,-1.04350385207675));
#13403=CARTESIAN_POINT('',(-75.2000000000001,-590.574743402213,-1.04350385207675));
#13404=CARTESIAN_POINT('',(-75.8443650813897,-589.019108483602,-1.04350385207675));
#13405=CARTESIAN_POINT('Origin',(-77.4000000000001,-590.574743402213,-1.04350385207675));
#13406=CARTESIAN_POINT('',(-78.6727922061359,-586.190681358856,-1.04350385207675));
#13407=CARTESIAN_POINT('',(-78.6727922061359,-586.190681358856,-1.04350385207675));
#13408=CARTESIAN_POINT('',(-80.2284271247463,-585.546316277467,-1.04350385207674));
#13409=CARTESIAN_POINT('Origin',(-80.2284271247463,-587.746316277467,-1.04350385207675));
#13410=CARTESIAN_POINT('',(-112.571572875254,-585.546316277467,-1.04350385207674));
#13411=CARTESIAN_POINT('',(-112.571572875254,-585.546316277467,-1.04350385207674));
#13412=CARTESIAN_POINT('',(-114.127207793864,-586.190681358856,-1.04350385207674));
#13413=CARTESIAN_POINT('Origin',(-112.571572875254,-587.746316277467,-1.04350385207675));
#13414=CARTESIAN_POINT('',(-116.955634918611,-589.019108483602,-1.04350385207675));
#13415=CARTESIAN_POINT('',(-116.955634918611,-589.019108483602,-1.04350385207675));
#13416=CARTESIAN_POINT('',(-117.6,-590.574743402213,-1.04350385207675));
#13417=CARTESIAN_POINT('Origin',(-115.4,-590.574743402213,-1.04350385207675));
#13418=CARTESIAN_POINT('',(-117.6,-622.91788915272,-1.0435038520768));
#13419=CARTESIAN_POINT('',(-117.6,-622.91788915272,-1.0435038520768));
#13420=CARTESIAN_POINT('',(-116.955634918611,-624.473524071331,-1.0435038520768));
#13421=CARTESIAN_POINT('Origin',(-115.4,-622.91788915272,-1.0435038520768));
#13422=CARTESIAN_POINT('',(-114.127207793864,-627.301951196077,-1.04350385207681));
#13423=CARTESIAN_POINT('',(-114.127207793864,-627.301951196077,-1.04350385207681));
#13424=CARTESIAN_POINT('',(-112.571572875254,-627.946316277467,-1.04350385207681));
#13425=CARTESIAN_POINT('Origin',(-112.571572875254,-625.746316277467,-1.0435038520768));
#13426=CARTESIAN_POINT('',(-80.2284271247463,-627.946316277467,-1.04350385207681));
#13427=CARTESIAN_POINT('',(-80.2284271247463,-627.946316277467,-1.04350385207681));
#13428=CARTESIAN_POINT('',(-78.6727922061359,-627.301951196077,-1.04350385207681));
#13429=CARTESIAN_POINT('Origin',(-80.2284271247463,-625.746316277467,-1.04350385207681));
#13430=CARTESIAN_POINT('',(-75.8443650813897,-624.473524071331,-1.0435038520768));
#13431=CARTESIAN_POINT('',(-75.8443650813897,-624.473524071331,-1.0435038520768));
#13432=CARTESIAN_POINT('',(-75.2000000000001,-622.91788915272,-1.0435038520768));
#13433=CARTESIAN_POINT('Origin',(-77.4000000000001,-622.91788915272,-1.0435038520768));
#13434=CARTESIAN_POINT('',(-75.2000000000001,-615.196316277467,-1.04350385207679));
#13435=CARTESIAN_POINT('Origin',(-77.4000000000001,-622.91788915272,-1.0435038520768));
#13436=CARTESIAN_POINT('',(-73.8644660940674,-626.453423058653,45.9564961479232));
#13437=CARTESIAN_POINT('Origin',(-77.4000000000001,-622.917889152721,45.9564961479232));
#13438=CARTESIAN_POINT('',(-73.8644660940674,-626.453423058653,-1.04350385207677));
#13439=CARTESIAN_POINT('Origin',(-76.6928932188135,-629.281850183399,-1.04350385207681));
#13440=CARTESIAN_POINT('',(-76.6928932188135,-629.281850183399,45.9564961479232));
#13441=CARTESIAN_POINT('',(-73.8644660940674,-626.453423058653,45.9564961479232));
#13442=CARTESIAN_POINT('',(-76.6928932188135,-629.281850183399,-1.04350385207677));
#13443=CARTESIAN_POINT('Origin',(-80.2284271247463,-625.746316277467,-1.04350385207681));
#13444=CARTESIAN_POINT('',(-80.2284271247464,-630.746316277467,45.9564961479232));
#13445=CARTESIAN_POINT('Origin',(-80.2284271247463,-625.746316277467,45.9564961479232));
#13446=CARTESIAN_POINT('',(-80.2284271247464,-630.746316277467,-1.04350385207677));
#13447=CARTESIAN_POINT('Origin',(-112.571572875254,-630.746316277467,-1.04350385207681));
#13448=CARTESIAN_POINT('',(-112.571572875254,-630.746316277467,45.9564961479232));
#13449=CARTESIAN_POINT('',(-80.2284271247464,-630.746316277467,45.9564961479232));
#13450=CARTESIAN_POINT('',(-112.571572875254,-630.746316277467,-1.04350385207677));
#13451=CARTESIAN_POINT('Origin',(-112.571572875254,-625.746316277467,-1.0435038520768));
#13452=CARTESIAN_POINT('',(-116.107106781187,-629.281850183399,45.9564961479232));
#13453=CARTESIAN_POINT('Origin',(-112.571572875254,-625.746316277467,45.9564961479232));
#13454=CARTESIAN_POINT('',(-116.107106781187,-629.281850183399,-1.04350385207677));
#13455=CARTESIAN_POINT('Origin',(-118.935533905933,-626.453423058653,-1.0435038520768));
#13456=CARTESIAN_POINT('',(-118.935533905933,-626.453423058653,45.9564961479232));
#13457=CARTESIAN_POINT('',(-116.107106781187,-629.281850183399,45.9564961479232));
#13458=CARTESIAN_POINT('',(-118.935533905933,-626.453423058653,-1.04350385207677));
#13459=CARTESIAN_POINT('Origin',(-115.4,-622.91788915272,-1.0435038520768));
#13460=CARTESIAN_POINT('',(-120.4,-622.917889152721,45.9564961479232));
#13461=CARTESIAN_POINT('Origin',(-115.4,-622.917889152721,45.9564961479232));
#13462=CARTESIAN_POINT('',(-120.4,-622.917889152721,-1.04350385207677));
#13463=CARTESIAN_POINT('Origin',(-120.4,-590.574743402213,-1.04350385207675));
#13464=CARTESIAN_POINT('',(-120.4,-590.574743402213,45.9564961479233));
#13465=CARTESIAN_POINT('',(-120.4,-622.917889152721,45.9564961479232));
#13466=CARTESIAN_POINT('',(-120.4,-590.574743402213,-1.04350385207677));
#13467=CARTESIAN_POINT('Origin',(-115.4,-590.574743402213,-1.04350385207675));
#13468=CARTESIAN_POINT('',(-118.935533905933,-587.03920949628,45.9564961479233));
#13469=CARTESIAN_POINT('Origin',(-115.4,-590.574743402213,45.9564961479233));
#13470=CARTESIAN_POINT('',(-118.935533905933,-587.03920949628,-1.04350385207677));
#13471=CARTESIAN_POINT('Origin',(-116.107106781187,-584.210782371534,-1.04350385207674));
#13472=CARTESIAN_POINT('',(-116.107106781187,-584.210782371534,45.9564961479233));
#13473=CARTESIAN_POINT('',(-118.935533905933,-587.03920949628,45.9564961479233));
#13474=CARTESIAN_POINT('',(-116.107106781187,-584.210782371534,-1.04350385207677));
#13475=CARTESIAN_POINT('Origin',(-112.571572875254,-587.746316277467,-1.04350385207675));
#13476=CARTESIAN_POINT('Origin',(-112.571572875254,-587.746316277467,45.9564961479233));
#13477=CARTESIAN_POINT('Origin',(-75.2000000000001,-590.574743402213,-1.04350385207675));
#13478=CARTESIAN_POINT('',(-75.2000000000001,-590.574743402213,45.9564961479233));
#13479=CARTESIAN_POINT('',(-75.2000000000001,-590.574743402213,45.9564961479233));
#13480=CARTESIAN_POINT('',(-75.2000000000001,-590.574743402213,-1.04350385207675));
#13481=CARTESIAN_POINT('Origin',(-77.4000000000001,-590.574743402213,-1.04350385207675));
#13482=CARTESIAN_POINT('',(-75.8443650813897,-589.019108483602,45.9564961479233));
#13483=CARTESIAN_POINT('Origin',(-77.4000000000001,-590.574743402213,45.9564961479233));
#13484=CARTESIAN_POINT('',(-75.8443650813897,-589.019108483602,-1.04350385207675));
#13485=CARTESIAN_POINT('Origin',(-78.6727922061359,-586.190681358856,-1.04350385207675));
#13486=CARTESIAN_POINT('',(-78.6727922061359,-586.190681358856,45.9564961479233));
#13487=CARTESIAN_POINT('',(-78.6727922061359,-586.190681358856,45.9564961479233));
#13488=CARTESIAN_POINT('',(-78.6727922061359,-586.190681358856,-1.04350385207675));
#13489=CARTESIAN_POINT('Origin',(-80.2284271247463,-587.746316277467,-1.04350385207675));
#13490=CARTESIAN_POINT('',(-80.2284271247463,-585.546316277467,45.9564961479233));
#13491=CARTESIAN_POINT('Origin',(-80.2284271247463,-587.746316277467,45.9564961479233));
#13492=CARTESIAN_POINT('',(-80.2284271247463,-585.546316277467,-1.04350385207674));
#13493=CARTESIAN_POINT('Origin',(-112.571572875254,-585.546316277467,-1.04350385207674));
#13494=CARTESIAN_POINT('',(-112.571572875254,-585.546316277467,45.9564961479233));
#13495=CARTESIAN_POINT('',(-112.571572875254,-585.546316277467,45.9564961479233));
#13496=CARTESIAN_POINT('',(-112.571572875254,-585.546316277467,-1.04350385207674));
#13497=CARTESIAN_POINT('Origin',(-112.571572875254,-587.746316277467,-1.04350385207675));
#13498=CARTESIAN_POINT('',(-114.127207793864,-586.190681358856,45.9564961479233));
#13499=CARTESIAN_POINT('Origin',(-112.571572875254,-587.746316277467,45.9564961479233));
#13500=CARTESIAN_POINT('',(-114.127207793864,-586.190681358856,-1.04350385207674));
#13501=CARTESIAN_POINT('Origin',(-116.955634918611,-589.019108483602,-1.04350385207675));
#13502=CARTESIAN_POINT('',(-116.955634918611,-589.019108483602,45.9564961479233));
#13503=CARTESIAN_POINT('',(-116.955634918611,-589.019108483602,45.9564961479233));
#13504=CARTESIAN_POINT('',(-116.955634918611,-589.019108483602,-1.04350385207675));
#13505=CARTESIAN_POINT('Origin',(-115.4,-590.574743402213,-1.04350385207675));
#13506=CARTESIAN_POINT('',(-117.6,-590.574743402213,45.9564961479233));
#13507=CARTESIAN_POINT('Origin',(-115.4,-590.574743402213,45.9564961479233));
#13508=CARTESIAN_POINT('',(-117.6,-590.574743402213,-1.04350385207675));
#13509=CARTESIAN_POINT('Origin',(-117.6,-622.91788915272,-1.0435038520768));
#13510=CARTESIAN_POINT('',(-117.6,-622.917889152721,45.9564961479232));
#13511=CARTESIAN_POINT('',(-117.6,-622.917889152721,45.9564961479232));
#13512=CARTESIAN_POINT('',(-117.6,-622.91788915272,-1.0435038520768));
#13513=CARTESIAN_POINT('Origin',(-115.4,-622.91788915272,-1.0435038520768));
#13514=CARTESIAN_POINT('',(-116.955634918611,-624.473524071331,45.9564961479232));
#13515=CARTESIAN_POINT('Origin',(-115.4,-622.917889152721,45.9564961479232));
#13516=CARTESIAN_POINT('',(-116.955634918611,-624.473524071331,-1.0435038520768));
#13517=CARTESIAN_POINT('Origin',(-114.127207793864,-627.301951196077,-1.04350385207681));
#13518=CARTESIAN_POINT('',(-114.127207793864,-627.301951196077,45.9564961479232));
#13519=CARTESIAN_POINT('',(-114.127207793864,-627.301951196077,45.9564961479232));
#13520=CARTESIAN_POINT('',(-114.127207793864,-627.301951196077,-1.04350385207681));
#13521=CARTESIAN_POINT('Origin',(-112.571572875254,-625.746316277467,-1.0435038520768));
#13522=CARTESIAN_POINT('',(-112.571572875254,-627.946316277467,45.9564961479232));
#13523=CARTESIAN_POINT('Origin',(-112.571572875254,-625.746316277467,45.9564961479232));
#13524=CARTESIAN_POINT('',(-112.571572875254,-627.946316277467,-1.04350385207681));
#13525=CARTESIAN_POINT('Origin',(-80.2284271247463,-627.946316277467,-1.04350385207681));
#13526=CARTESIAN_POINT('',(-80.2284271247463,-627.946316277467,45.9564961479232));
#13527=CARTESIAN_POINT('',(-80.2284271247463,-627.946316277467,45.9564961479232));
#13528=CARTESIAN_POINT('',(-80.2284271247463,-627.946316277467,-1.04350385207681));
#13529=CARTESIAN_POINT('Origin',(-80.2284271247463,-625.746316277467,-1.04350385207681));
#13530=CARTESIAN_POINT('',(-78.6727922061359,-627.301951196077,45.9564961479232));
#13531=CARTESIAN_POINT('Origin',(-80.2284271247463,-625.746316277467,45.9564961479232));
#13532=CARTESIAN_POINT('',(-78.6727922061359,-627.301951196077,-1.04350385207681));
#13533=CARTESIAN_POINT('Origin',(-75.8443650813897,-624.473524071331,-1.0435038520768));
#13534=CARTESIAN_POINT('',(-75.8443650813897,-624.473524071331,45.9564961479232));
#13535=CARTESIAN_POINT('',(-75.8443650813897,-624.473524071331,45.9564961479232));
#13536=CARTESIAN_POINT('',(-75.8443650813897,-624.473524071331,-1.0435038520768));
#13537=CARTESIAN_POINT('Origin',(-77.4000000000001,-622.91788915272,-1.0435038520768));
#13538=CARTESIAN_POINT('',(-75.2000000000001,-622.917889152721,45.9564961479232));
#13539=CARTESIAN_POINT('Origin',(-77.4000000000001,-622.917889152721,45.9564961479232));
#13540=CARTESIAN_POINT('',(-75.2000000000001,-622.91788915272,-1.0435038520768));
#13541=CARTESIAN_POINT('Origin',(-75.2000000000001,-617.996316277467,-1.04350385207679));
#13542=CARTESIAN_POINT('',(-75.2000000000001,-617.996316277467,45.9564961479232));
#13543=CARTESIAN_POINT('',(-75.2000000000001,-615.196316277467,45.9564961479232));
#13544=CARTESIAN_POINT('',(-75.2000000000001,-617.996316277467,-1.04350385207679));
#13545=CARTESIAN_POINT('Origin',(-72.4000000000001,-617.996316277467,-1.04350385207679));
#13546=CARTESIAN_POINT('',(-72.4000000000001,-617.996316277467,45.9564961479232));
#13547=CARTESIAN_POINT('Origin',(-96.4000000000001,-606.746316277467,45.9564961479232));
#13548=CARTESIAN_POINT('Origin',(-67.9000000000003,-559.746316277468,20.9564961479218));
#13549=CARTESIAN_POINT('',(-85.6272077938646,-580.301951196078,20.9564961479218));
#13550=CARTESIAN_POINT('',(-88.4556349186107,-577.473524071332,20.9564961479218));
#13551=CARTESIAN_POINT('',(-85.6272077938645,-580.301951196078,20.9564961479218));
#13552=CARTESIAN_POINT('',(-89.1000000000003,-575.917889152722,20.9564961479218));
#13553=CARTESIAN_POINT('Origin',(-86.9000000000003,-575.917889152722,20.9564961479218));
#13554=CARTESIAN_POINT('',(-89.1000000000003,-543.574743402214,20.9564961479219));
#13555=CARTESIAN_POINT('',(-89.1000000000003,-575.917889152722,20.9564961479218));
#13556=CARTESIAN_POINT('',(-88.4556349186107,-542.019108483603,20.9564961479219));
#13557=CARTESIAN_POINT('Origin',(-86.9000000000003,-543.574743402214,20.9564961479219));
#13558=CARTESIAN_POINT('',(-85.6272077938645,-539.190681358857,20.9564961479219));
#13559=CARTESIAN_POINT('',(-88.4556349186107,-542.019108483603,20.9564961479219));
#13560=CARTESIAN_POINT('',(-84.0715728752541,-538.546316277468,20.9564961479219));
#13561=CARTESIAN_POINT('Origin',(-84.0715728752541,-540.746316277467,20.9564961479219));
#13562=CARTESIAN_POINT('',(-51.7284271247465,-538.546316277467,20.9564961479219));
#13563=CARTESIAN_POINT('',(-84.0715728752541,-538.546316277468,20.9564961479219));
#13564=CARTESIAN_POINT('',(-50.172792206136,-539.190681358857,20.9564961479219));
#13565=CARTESIAN_POINT('Origin',(-51.7284271247464,-540.746316277467,20.9564961479219));
#13566=CARTESIAN_POINT('',(-47.3443650813899,-542.019108483603,20.9564961479219));
#13567=CARTESIAN_POINT('',(-50.172792206136,-539.190681358857,20.9564961479219));
#13568=CARTESIAN_POINT('',(-46.7000000000003,-543.574743402214,20.9564961479219));
#13569=CARTESIAN_POINT('Origin',(-48.9000000000003,-543.574743402214,20.9564961479219));
#13570=CARTESIAN_POINT('',(-46.7000000000003,-548.496316277468,20.9564961479219));
#13571=CARTESIAN_POINT('',(-46.7000000000003,-543.574743402214,20.9564961479219));
#13572=CARTESIAN_POINT('',(-43.9000000000003,-548.496316277468,20.9564961479219));
#13573=CARTESIAN_POINT('',(-43.9000000000003,-548.496316277468,20.9564961479219));
#13574=CARTESIAN_POINT('',(-43.9000000000003,-543.574743402214,20.9564961479219));
#13575=CARTESIAN_POINT('',(-43.9000000000003,-543.574743402214,20.9564961479219));
#13576=CARTESIAN_POINT('',(-45.3644660940675,-540.039209496281,20.9564961479219));
#13577=CARTESIAN_POINT('Origin',(-48.9000000000003,-543.574743402214,20.9564961479219));
#13578=CARTESIAN_POINT('',(-48.1928932188136,-537.210782371535,20.9564961479219));
#13579=CARTESIAN_POINT('Origin',(-86.9000000000003,-543.574743402214,20.9564961479219));
#13580=CARTESIAN_POINT('',(-48.1928932188137,-582.2818501834,20.9564961479218));
#13581=CARTESIAN_POINT('Origin',(-51.7284271247465,-578.746316277468,20.9564961479218));
#13582=CARTESIAN_POINT('',(-45.3644660940676,-579.453423058654,20.9564961479218));
#13583=CARTESIAN_POINT('',(-45.3644660940676,-579.453423058654,20.9564961479218));
#13584=CARTESIAN_POINT('Origin',(-48.9000000000003,-575.917889152722,20.9564961479218));
#13585=CARTESIAN_POINT('',(-46.7000000000003,-570.996316277468,20.9564961479218));
#13586=CARTESIAN_POINT('',(-43.9000000000003,-570.996316277468,20.9564961479218));
#13587=CARTESIAN_POINT('',(-46.7000000000003,-575.917889152722,20.9564961479218));
#13588=CARTESIAN_POINT('',(-46.7000000000003,-568.196316277468,20.9564961479218));
#13589=CARTESIAN_POINT('',(-47.3443650813898,-577.473524071332,20.9564961479218));
#13590=CARTESIAN_POINT('Origin',(-48.9000000000003,-575.917889152722,20.9564961479218));
#13591=CARTESIAN_POINT('',(-50.172792206136,-580.301951196078,20.9564961479218));
#13592=CARTESIAN_POINT('',(-47.3443650813898,-577.473524071332,20.9564961479218));
#13593=CARTESIAN_POINT('Origin',(-51.7284271247465,-578.746316277468,20.9564961479218));
#13594=CARTESIAN_POINT('Origin',(-84.0715728752541,-578.746316277468,20.9564961479218));
#13595=CARTESIAN_POINT('Origin',(-67.9000000000003,-559.746316277468,-26.0435038520782));
#13596=CARTESIAN_POINT('',(-46.7000000000003,-570.996316277467,-26.0435038520782));
#13597=CARTESIAN_POINT('',(-43.9000000000003,-570.996316277467,-26.0435038520782));
#13598=CARTESIAN_POINT('',(-43.9000000000003,-548.496316277467,-26.0435038520781));
#13599=CARTESIAN_POINT('',(-43.9000000000003,-535.746316277467,-26.0435038520782));
#13600=CARTESIAN_POINT('',(-46.7000000000003,-548.496316277467,-26.0435038520781));
#13601=CARTESIAN_POINT('',(-43.9000000000003,-548.496316277467,-26.0435038520781));
#13602=CARTESIAN_POINT('',(-46.7000000000003,-543.574743402214,-26.0435038520781));
#13603=CARTESIAN_POINT('',(-46.7000000000003,-543.574743402214,-26.0435038520781));
#13604=CARTESIAN_POINT('',(-47.3443650813899,-542.019108483603,-26.0435038520781));
#13605=CARTESIAN_POINT('Origin',(-48.9000000000003,-543.574743402214,-26.0435038520781));
#13606=CARTESIAN_POINT('',(-50.172792206136,-539.190681358857,-26.0435038520781));
#13607=CARTESIAN_POINT('',(-50.172792206136,-539.190681358857,-26.0435038520781));
#13608=CARTESIAN_POINT('',(-51.7284271247465,-538.546316277467,-26.0435038520781));
#13609=CARTESIAN_POINT('Origin',(-51.7284271247464,-540.746316277467,-26.0435038520781));
#13610=CARTESIAN_POINT('',(-84.0715728752541,-538.546316277467,-26.0435038520781));
#13611=CARTESIAN_POINT('',(-84.0715728752541,-538.546316277467,-26.0435038520781));
#13612=CARTESIAN_POINT('',(-85.6272077938645,-539.190681358857,-26.0435038520781));
#13613=CARTESIAN_POINT('Origin',(-84.0715728752541,-540.746316277467,-26.0435038520781));
#13614=CARTESIAN_POINT('',(-88.4556349186107,-542.019108483603,-26.0435038520781));
#13615=CARTESIAN_POINT('',(-88.4556349186107,-542.019108483603,-26.0435038520781));
#13616=CARTESIAN_POINT('',(-89.1000000000003,-543.574743402214,-26.0435038520781));
#13617=CARTESIAN_POINT('Origin',(-86.9000000000003,-543.574743402214,-26.0435038520781));
#13618=CARTESIAN_POINT('',(-89.1000000000003,-575.917889152721,-26.0435038520782));
#13619=CARTESIAN_POINT('',(-89.1000000000003,-575.917889152721,-26.0435038520782));
#13620=CARTESIAN_POINT('',(-88.4556349186107,-577.473524071332,-26.0435038520782));
#13621=CARTESIAN_POINT('Origin',(-86.9000000000003,-575.917889152721,-26.0435038520782));
#13622=CARTESIAN_POINT('',(-85.6272077938646,-580.301951196078,-26.0435038520782));
#13623=CARTESIAN_POINT('',(-85.6272077938645,-580.301951196078,-26.0435038520782));
#13624=CARTESIAN_POINT('Origin',(-84.0715728752541,-578.746316277468,-26.0435038520782));
#13625=CARTESIAN_POINT('',(-50.1727922061361,-580.301951196078,-26.0435038520782));
#13626=CARTESIAN_POINT('Origin',(-51.7284271247465,-578.746316277468,-26.0435038520782));
#13627=CARTESIAN_POINT('',(-47.3443650813899,-577.473524071332,-26.0435038520782));
#13628=CARTESIAN_POINT('',(-47.3443650813899,-577.473524071332,-26.0435038520782));
#13629=CARTESIAN_POINT('',(-46.7000000000003,-575.917889152721,-26.0435038520782));
#13630=CARTESIAN_POINT('Origin',(-48.9000000000003,-575.917889152721,-26.0435038520782));
#13631=CARTESIAN_POINT('',(-46.7000000000003,-568.196316277468,-26.0435038520782));
#13632=CARTESIAN_POINT('Origin',(-48.9000000000003,-575.917889152721,-26.0435038520782));
#13633=CARTESIAN_POINT('',(-45.3644660940676,-579.453423058654,-26.0435038520782));
#13634=CARTESIAN_POINT('Origin',(-48.1928932188137,-582.2818501834,-26.0435038520782));
#13635=CARTESIAN_POINT('',(-48.1928932188137,-582.2818501834,-26.0435038520782));
#13636=CARTESIAN_POINT('Origin',(-51.7284271247465,-578.746316277468,-26.0435038520782));
#13637=CARTESIAN_POINT('Origin',(-86.9000000000003,-543.574743402214,-26.0435038520781));
#13638=CARTESIAN_POINT('Origin',(-45.3644660940675,-540.039209496281,-26.0435038520781));
#13639=CARTESIAN_POINT('',(-45.3644660940675,-540.039209496281,-26.0435038520782));
#13640=CARTESIAN_POINT('Origin',(-48.9000000000003,-543.574743402214,-26.0435038520781));
#13641=CARTESIAN_POINT('',(-43.9000000000003,-543.574743402214,-26.0435038520782));
#13642=CARTESIAN_POINT('Origin',(-46.7000000000003,-548.496316277467,-26.0435038520781));
#13643=CARTESIAN_POINT('',(-43.9000000000003,-548.496316277467,-26.0435038520781));
#13644=CARTESIAN_POINT('',(-46.7000000000003,-548.496316277467,-26.0435038520781));
#13645=CARTESIAN_POINT('Origin',(-46.7000000000003,-543.574743402214,-26.0435038520781));
#13646=CARTESIAN_POINT('',(-46.7000000000003,-543.574743402214,-26.0435038520781));
#13647=CARTESIAN_POINT('Origin',(-48.9000000000003,-543.574743402214,-26.0435038520781));
#13648=CARTESIAN_POINT('',(-47.3443650813899,-542.019108483603,-26.0435038520781));
#13649=CARTESIAN_POINT('Origin',(-50.172792206136,-539.190681358857,-26.0435038520781));
#13650=CARTESIAN_POINT('',(-50.172792206136,-539.190681358857,-26.0435038520781));
#13651=CARTESIAN_POINT('Origin',(-51.7284271247464,-540.746316277467,-26.0435038520781));
#13652=CARTESIAN_POINT('',(-51.7284271247465,-538.546316277467,-26.0435038520781));
#13653=CARTESIAN_POINT('Origin',(-84.0715728752541,-538.546316277467,-26.0435038520781));
#13654=CARTESIAN_POINT('',(-84.0715728752541,-538.546316277467,-26.0435038520781));
#13655=CARTESIAN_POINT('Origin',(-84.0715728752541,-540.746316277467,-26.0435038520781));
#13656=CARTESIAN_POINT('',(-85.6272077938645,-539.190681358857,-26.0435038520781));
#13657=CARTESIAN_POINT('Origin',(-88.4556349186107,-542.019108483603,-26.0435038520781));
#13658=CARTESIAN_POINT('',(-88.4556349186107,-542.019108483603,-26.0435038520781));
#13659=CARTESIAN_POINT('Origin',(-86.9000000000003,-543.574743402214,-26.0435038520781));
#13660=CARTESIAN_POINT('',(-89.1000000000003,-543.574743402214,-26.0435038520781));
#13661=CARTESIAN_POINT('Origin',(-89.1000000000003,-575.917889152721,-26.0435038520782));
#13662=CARTESIAN_POINT('',(-89.1000000000003,-575.917889152721,-26.0435038520782));
#13663=CARTESIAN_POINT('Origin',(-86.9000000000003,-575.917889152721,-26.0435038520782));
#13664=CARTESIAN_POINT('',(-88.4556349186107,-577.473524071332,-26.0435038520782));
#13665=CARTESIAN_POINT('Origin',(-85.6272077938645,-580.301951196078,-26.0435038520782));
#13666=CARTESIAN_POINT('',(-85.6272077938646,-580.301951196078,-26.0435038520782));
#13667=CARTESIAN_POINT('Origin',(-84.0715728752541,-578.746316277468,-26.0435038520782));
#13668=CARTESIAN_POINT('Origin',(-51.7284271247465,-578.746316277468,-26.0435038520782));
#13669=CARTESIAN_POINT('',(-50.1727922061361,-580.301951196078,-26.0435038520782));
#13670=CARTESIAN_POINT('Origin',(-47.3443650813899,-577.473524071332,-26.0435038520782));
#13671=CARTESIAN_POINT('',(-47.3443650813899,-577.473524071332,-26.0435038520782));
#13672=CARTESIAN_POINT('Origin',(-48.9000000000003,-575.917889152721,-26.0435038520782));
#13673=CARTESIAN_POINT('',(-46.7000000000003,-575.917889152721,-26.0435038520782));
#13674=CARTESIAN_POINT('Origin',(-46.7000000000003,-570.996316277467,-26.0435038520782));
#13675=CARTESIAN_POINT('',(-46.7000000000003,-570.996316277467,-26.0435038520782));
#13676=CARTESIAN_POINT('Origin',(-43.9000000000003,-570.996316277467,-26.0435038520782));
#13677=CARTESIAN_POINT('Origin',(-43.9000000000003,-575.917889152721,-26.0435038520782));
#13678=CARTESIAN_POINT('Origin',(-39.5000000000004,-512.746316277468,-0.0435038520805264));
#13679=CARTESIAN_POINT('',(-57.2272077938647,-533.301951196078,-0.043503852080562));
#13680=CARTESIAN_POINT('',(-60.0556349186108,-530.473524071332,-0.0435038520805531));
#13681=CARTESIAN_POINT('',(-57.2272077938646,-533.301951196078,-0.043503852080562));
#13682=CARTESIAN_POINT('',(-60.7000000000004,-528.917889152722,-0.0435038520805531));
#13683=CARTESIAN_POINT('Origin',(-58.5000000000004,-528.917889152722,-0.0435038520805531));
#13684=CARTESIAN_POINT('',(-60.7000000000004,-496.574743402214,-0.0435038520804998));
#13685=CARTESIAN_POINT('',(-60.7000000000004,-528.917889152722,-0.0435038520805531));
#13686=CARTESIAN_POINT('',(-60.0556349186108,-495.019108483604,-0.0435038520804998));
#13687=CARTESIAN_POINT('Origin',(-58.5000000000004,-496.574743402214,-0.0435038520804998));
#13688=CARTESIAN_POINT('',(-57.2272077938646,-492.190681358858,-0.0435038520804909));
#13689=CARTESIAN_POINT('',(-60.0556349186108,-495.019108483604,-0.0435038520804998));
#13690=CARTESIAN_POINT('',(-55.6715728752542,-491.546316277468,-0.0435038520804909));
#13691=CARTESIAN_POINT('Origin',(-55.6715728752542,-493.746316277468,-0.0435038520804998));
#13692=CARTESIAN_POINT('',(-23.3284271247466,-491.546316277468,-0.0435038520804909));
#13693=CARTESIAN_POINT('',(-55.6715728752542,-491.546316277468,-0.0435038520804909));
#13694=CARTESIAN_POINT('',(-21.7727922061361,-492.190681358858,-0.0435038520804998));
#13695=CARTESIAN_POINT('Origin',(-23.3284271247465,-493.746316277468,-0.0435038520804998));
#13696=CARTESIAN_POINT('',(-18.94436508139,-495.019108483604,-0.0435038520804998));
#13697=CARTESIAN_POINT('',(-21.7727922061361,-492.190681358858,-0.0435038520804998));
#13698=CARTESIAN_POINT('',(-18.3000000000004,-496.574743402214,-0.0435038520804998));
#13699=CARTESIAN_POINT('Origin',(-20.5000000000004,-496.574743402214,-0.0435038520804998));
#13700=CARTESIAN_POINT('',(-18.3000000000004,-501.496316277468,-0.0435038520805087));
#13701=CARTESIAN_POINT('',(-18.3000000000004,-496.574743402214,-0.0435038520804998));
#13702=CARTESIAN_POINT('',(-15.5000000000004,-501.496316277468,-0.0435038520805087));
#13703=CARTESIAN_POINT('',(-15.5000000000004,-501.496316277468,-0.0435038520805087));
#13704=CARTESIAN_POINT('',(-15.5000000000004,-496.574743402214,-0.0435038520804998));
#13705=CARTESIAN_POINT('',(-15.5000000000004,-496.574743402214,-0.0435038520804998));
#13706=CARTESIAN_POINT('',(-16.9644660940676,-493.039209496281,-0.0435038520804998));
#13707=CARTESIAN_POINT('Origin',(-20.5000000000004,-496.574743402214,-0.0435038520804998));
#13708=CARTESIAN_POINT('',(-19.7928932188137,-490.210782371535,-0.0435038520804909));
#13709=CARTESIAN_POINT('',(-19.7928932188137,-490.210782371535,-0.0435038520804909));
#13710=CARTESIAN_POINT('',(-23.3284271247466,-488.746316277468,-0.0435038520804909));
#13711=CARTESIAN_POINT('Origin',(-23.3284271247465,-493.746316277468,-0.0435038520804998));
#13712=CARTESIAN_POINT('',(-55.6715728752542,-488.746316277468,-0.0435038520804909));
#13713=CARTESIAN_POINT('',(-55.6715728752542,-488.746316277468,-0.0435038520804909));
#13714=CARTESIAN_POINT('',(-59.2071067811869,-490.210782371535,-0.0435038520804909));
#13715=CARTESIAN_POINT('Origin',(-55.6715728752542,-493.746316277468,-0.0435038520804998));
#13716=CARTESIAN_POINT('',(-62.0355339059331,-493.039209496281,-0.0435038520804909));
#13717=CARTESIAN_POINT('',(-62.0355339059331,-493.039209496281,-0.0435038520804909));
#13718=CARTESIAN_POINT('Origin',(-58.5000000000004,-496.574743402214,-0.0435038520804998));
#13719=CARTESIAN_POINT('',(-23.3284271247466,-536.746316277468,-0.043503852080562));
#13720=CARTESIAN_POINT('',(-23.3284271247466,-536.746316277468,-0.043503852080562));
#13721=CARTESIAN_POINT('',(-19.7928932188138,-535.281850183401,-0.043503852080562));
#13722=CARTESIAN_POINT('Origin',(-23.3284271247466,-531.746316277468,-0.043503852080562));
#13723=CARTESIAN_POINT('',(-16.9644660940677,-532.453423058655,-0.043503852080562));
#13724=CARTESIAN_POINT('',(-16.9644660940677,-532.453423058655,-0.043503852080562));
#13725=CARTESIAN_POINT('',(-15.5000000000004,-528.917889152722,-0.0435038520805531));
#13726=CARTESIAN_POINT('Origin',(-20.5000000000004,-528.917889152722,-0.0435038520805531));
#13727=CARTESIAN_POINT('',(-15.5000000000004,-523.996316277468,-0.0435038520805442));
#13728=CARTESIAN_POINT('',(-15.5000000000004,-523.996316277468,-0.0435038520805442));
#13729=CARTESIAN_POINT('',(-18.3000000000004,-523.996316277468,-0.0435038520805442));
#13730=CARTESIAN_POINT('',(-15.5000000000004,-523.996316277468,-0.0435038520805442));
#13731=CARTESIAN_POINT('',(-18.3000000000004,-528.917889152722,-0.0435038520805531));
#13732=CARTESIAN_POINT('',(-18.3000000000004,-521.196316277468,-0.0435038520805442));
#13733=CARTESIAN_POINT('',(-18.94436508139,-530.473524071332,-0.0435038520805531));
#13734=CARTESIAN_POINT('Origin',(-20.5000000000004,-528.917889152722,-0.0435038520805531));
#13735=CARTESIAN_POINT('',(-21.7727922061361,-533.301951196078,-0.043503852080562));
#13736=CARTESIAN_POINT('',(-18.94436508139,-530.473524071332,-0.0435038520805531));
#13737=CARTESIAN_POINT('Origin',(-23.3284271247466,-531.746316277468,-0.043503852080562));
#13738=CARTESIAN_POINT('Origin',(-55.6715728752542,-531.746316277468,-0.0435038520805264));
#13739=CARTESIAN_POINT('Origin',(-55.6715728752542,-536.746316277468,-47.0435038520806));
#13740=CARTESIAN_POINT('',(-23.3284271247466,-536.746316277468,-47.0435038520805));
#13741=CARTESIAN_POINT('Origin',(-39.5000000000004,-512.746316277468,-47.0435038520805));
#13742=CARTESIAN_POINT('',(-15.5000000000004,-523.996316277468,-47.0435038520805));
#13743=CARTESIAN_POINT('',(-18.3000000000004,-523.996316277468,-47.0435038520805));
#13744=CARTESIAN_POINT('',(-15.5000000000004,-523.996316277468,-47.0435038520805));
#13745=CARTESIAN_POINT('',(-15.5000000000004,-501.496316277468,-47.0435038520805));
#13746=CARTESIAN_POINT('',(-15.5000000000004,-488.746316277468,-47.0435038520805));
#13747=CARTESIAN_POINT('',(-18.3000000000004,-501.496316277468,-47.0435038520805));
#13748=CARTESIAN_POINT('',(-15.5000000000004,-501.496316277468,-47.0435038520805));
#13749=CARTESIAN_POINT('',(-18.3000000000004,-496.574743402214,-47.0435038520805));
#13750=CARTESIAN_POINT('',(-18.3000000000004,-496.574743402214,-47.0435038520805));
#13751=CARTESIAN_POINT('',(-18.94436508139,-495.019108483604,-47.0435038520805));
#13752=CARTESIAN_POINT('Origin',(-20.5000000000004,-496.574743402214,-47.0435038520805));
#13753=CARTESIAN_POINT('',(-21.7727922061361,-492.190681358857,-47.0435038520805));
#13754=CARTESIAN_POINT('',(-21.7727922061361,-492.190681358857,-47.0435038520805));
#13755=CARTESIAN_POINT('',(-23.3284271247466,-491.546316277468,-47.0435038520805));
#13756=CARTESIAN_POINT('Origin',(-23.3284271247466,-493.746316277468,-47.0435038520805));
#13757=CARTESIAN_POINT('',(-55.6715728752542,-491.546316277468,-47.0435038520805));
#13758=CARTESIAN_POINT('',(-55.6715728752542,-491.546316277468,-47.0435038520805));
#13759=CARTESIAN_POINT('',(-57.2272077938646,-492.190681358857,-47.0435038520805));
#13760=CARTESIAN_POINT('Origin',(-55.6715728752542,-493.746316277468,-47.0435038520805));
#13761=CARTESIAN_POINT('',(-60.0556349186108,-495.019108483604,-47.0435038520805));
#13762=CARTESIAN_POINT('',(-60.0556349186108,-495.019108483604,-47.0435038520805));
#13763=CARTESIAN_POINT('',(-60.7000000000004,-496.574743402214,-47.0435038520805));
#13764=CARTESIAN_POINT('Origin',(-58.5000000000004,-496.574743402214,-47.0435038520805));
#13765=CARTESIAN_POINT('',(-60.7000000000004,-528.917889152722,-47.0435038520806));
#13766=CARTESIAN_POINT('',(-60.7000000000004,-528.917889152722,-47.0435038520806));
#13767=CARTESIAN_POINT('',(-60.0556349186108,-530.473524071332,-47.0435038520806));
#13768=CARTESIAN_POINT('Origin',(-58.5000000000004,-528.917889152722,-47.0435038520806));
#13769=CARTESIAN_POINT('',(-57.2272077938647,-533.301951196078,-47.0435038520806));
#13770=CARTESIAN_POINT('',(-57.2272077938646,-533.301951196078,-47.0435038520806));
#13771=CARTESIAN_POINT('Origin',(-55.6715728752542,-531.746316277468,-47.0435038520806));
#13772=CARTESIAN_POINT('',(-21.7727922061361,-533.301951196078,-47.0435038520806));
#13773=CARTESIAN_POINT('Origin',(-23.3284271247466,-531.746316277468,-47.0435038520806));
#13774=CARTESIAN_POINT('',(-18.94436508139,-530.473524071332,-47.0435038520806));
#13775=CARTESIAN_POINT('',(-18.94436508139,-530.473524071332,-47.0435038520806));
#13776=CARTESIAN_POINT('',(-18.3000000000004,-528.917889152722,-47.0435038520806));
#13777=CARTESIAN_POINT('Origin',(-20.5000000000004,-528.917889152722,-47.0435038520806));
#13778=CARTESIAN_POINT('',(-18.3000000000004,-521.196316277468,-47.0435038520805));
#13779=CARTESIAN_POINT('Origin',(-20.5000000000004,-528.917889152722,-47.0435038520806));
#13780=CARTESIAN_POINT('',(-15.5000000000004,-528.917889152722,-47.0435038520805));
#13781=CARTESIAN_POINT('',(-16.9644660940677,-532.453423058655,-47.0435038520805));
#13782=CARTESIAN_POINT('Origin',(-19.7928932188138,-535.281850183401,-47.0435038520806));
#13783=CARTESIAN_POINT('',(-19.7928932188138,-535.281850183401,-47.0435038520805));
#13784=CARTESIAN_POINT('Origin',(-23.3284271247466,-531.746316277468,-47.0435038520806));
#13785=CARTESIAN_POINT('Origin',(-58.5000000000004,-496.574743402214,-47.0435038520805));
#13786=CARTESIAN_POINT('',(-62.0355339059331,-493.039209496281,-47.0435038520805));
#13787=CARTESIAN_POINT('Origin',(-59.2071067811869,-490.210782371535,-47.0435038520805));
#13788=CARTESIAN_POINT('',(-59.2071067811869,-490.210782371535,-47.0435038520805));
#13789=CARTESIAN_POINT('Origin',(-55.6715728752542,-493.746316277468,-47.0435038520805));
#13790=CARTESIAN_POINT('',(-55.6715728752542,-488.746316277468,-47.0435038520805));
#13791=CARTESIAN_POINT('Origin',(-23.3284271247466,-488.746316277468,-47.0435038520805));
#13792=CARTESIAN_POINT('',(-23.3284271247466,-488.746316277468,-47.0435038520805));
#13793=CARTESIAN_POINT('Origin',(-23.3284271247466,-493.746316277468,-47.0435038520805));
#13794=CARTESIAN_POINT('',(-19.7928932188138,-490.210782371535,-47.0435038520805));
#13795=CARTESIAN_POINT('Origin',(-16.9644660940676,-493.039209496281,-47.0435038520805));
#13796=CARTESIAN_POINT('',(-16.9644660940676,-493.039209496281,-47.0435038520805));
#13797=CARTESIAN_POINT('Origin',(-20.5000000000004,-496.574743402214,-47.0435038520805));
#13798=CARTESIAN_POINT('',(-15.5000000000004,-496.574743402214,-47.0435038520805));
#13799=CARTESIAN_POINT('Origin',(-18.3000000000004,-501.496316277468,-47.0435038520805));
#13800=CARTESIAN_POINT('',(-15.5000000000004,-501.496316277468,-47.0435038520805));
#13801=CARTESIAN_POINT('',(-18.3000000000004,-501.496316277468,-47.0435038520805));
#13802=CARTESIAN_POINT('Origin',(-18.3000000000004,-496.574743402214,-47.0435038520805));
#13803=CARTESIAN_POINT('',(-18.3000000000004,-496.574743402214,-47.0435038520805));
#13804=CARTESIAN_POINT('Origin',(-20.5000000000004,-496.574743402214,-47.0435038520805));
#13805=CARTESIAN_POINT('',(-18.94436508139,-495.019108483604,-47.0435038520805));
#13806=CARTESIAN_POINT('Origin',(-21.7727922061361,-492.190681358857,-47.0435038520805));
#13807=CARTESIAN_POINT('',(-21.7727922061361,-492.190681358857,-47.0435038520805));
#13808=CARTESIAN_POINT('Origin',(-23.3284271247466,-493.746316277468,-47.0435038520805));
#13809=CARTESIAN_POINT('',(-23.3284271247466,-491.546316277468,-47.0435038520805));
#13810=CARTESIAN_POINT('Origin',(-55.6715728752542,-491.546316277468,-47.0435038520805));
#13811=CARTESIAN_POINT('',(-55.6715728752542,-491.546316277468,-47.0435038520805));
#13812=CARTESIAN_POINT('Origin',(-55.6715728752542,-493.746316277468,-47.0435038520805));
#13813=CARTESIAN_POINT('',(-57.2272077938646,-492.190681358857,-47.0435038520805));
#13814=CARTESIAN_POINT('Origin',(-60.0556349186108,-495.019108483604,-47.0435038520805));
#13815=CARTESIAN_POINT('',(-60.0556349186108,-495.019108483604,-47.0435038520805));
#13816=CARTESIAN_POINT('Origin',(-58.5000000000004,-496.574743402214,-47.0435038520805));
#13817=CARTESIAN_POINT('',(-60.7000000000004,-496.574743402214,-47.0435038520805));
#13818=CARTESIAN_POINT('Origin',(-60.7000000000004,-528.917889152722,-47.0435038520806));
#13819=CARTESIAN_POINT('',(-60.7000000000004,-528.917889152722,-47.0435038520806));
#13820=CARTESIAN_POINT('Origin',(-58.5000000000004,-528.917889152722,-47.0435038520806));
#13821=CARTESIAN_POINT('',(-60.0556349186108,-530.473524071332,-47.0435038520806));
#13822=CARTESIAN_POINT('Origin',(-57.2272077938647,-533.301951196078,-47.0435038520806));
#13823=CARTESIAN_POINT('',(-57.2272077938647,-533.301951196078,-47.0435038520806));
#13824=CARTESIAN_POINT('Origin',(-55.6715728752542,-531.746316277468,-47.0435038520806));
#13825=CARTESIAN_POINT('Origin',(-23.3284271247466,-531.746316277468,-47.0435038520806));
#13826=CARTESIAN_POINT('',(-21.7727922061361,-533.301951196078,-47.0435038520806));
#13827=CARTESIAN_POINT('Origin',(-18.94436508139,-530.473524071332,-47.0435038520806));
#13828=CARTESIAN_POINT('',(-18.94436508139,-530.473524071332,-47.0435038520806));
#13829=CARTESIAN_POINT('Origin',(-20.5000000000004,-528.917889152722,-47.0435038520806));
#13830=CARTESIAN_POINT('',(-18.3000000000004,-528.917889152722,-47.0435038520806));
#13831=CARTESIAN_POINT('Origin',(-18.3000000000004,-523.996316277468,-47.0435038520805));
#13832=CARTESIAN_POINT('',(-18.3000000000004,-523.996316277468,-47.0435038520805));
#13833=CARTESIAN_POINT('Origin',(-15.5000000000004,-523.996316277468,-47.0435038520805));
#13834=CARTESIAN_POINT('',(-15.5000000000004,-523.996316277468,-47.0435038520805));
#13835=CARTESIAN_POINT('Origin',(-15.5000000000004,-528.917889152722,-47.0435038520806));
#13836=UNCERTAINTY_MEASURE_WITH_UNIT(LENGTH_MEASURE(0.01),#13840,
'DISTANCE_ACCURACY_VALUE',
'Maximum model space distance between geometric entities at asserted c
onnectivities');
#13837=UNCERTAINTY_MEASURE_WITH_UNIT(LENGTH_MEASURE(0.01),#13840,
'DISTANCE_ACCURACY_VALUE',
'Maximum model space distance between geometric entities at asserted c
onnectivities');
#13838=(
GEOMETRIC_REPRESENTATION_CONTEXT(3)
GLOBAL_UNCERTAINTY_ASSIGNED_CONTEXT((#13836))
GLOBAL_UNIT_ASSIGNED_CONTEXT((#13840,#13842,#13843))
REPRESENTATION_CONTEXT('','3D')
);
#13839=(
GEOMETRIC_REPRESENTATION_CONTEXT(3)
GLOBAL_UNCERTAINTY_ASSIGNED_CONTEXT((#13837))
GLOBAL_UNIT_ASSIGNED_CONTEXT((#13840,#13842,#13843))
REPRESENTATION_CONTEXT('','3D')
);
#13840=(
LENGTH_UNIT()
NAMED_UNIT(*)
SI_UNIT(.MILLI.,.METRE.)
);
#13841=(
LENGTH_UNIT()
NAMED_UNIT(*)
SI_UNIT($,.METRE.)
);
#13842=(
NAMED_UNIT(*)
PLANE_ANGLE_UNIT()
SI_UNIT($,.RADIAN.)
);
#13843=(
NAMED_UNIT(*)
SI_UNIT($,.STERADIAN.)
SOLID_ANGLE_UNIT()
);
#13844=SHAPE_DEFINITION_REPRESENTATION(#13845,#13846);
#13845=PRODUCT_DEFINITION_SHAPE('',$,#13848);
#13846=SHAPE_REPRESENTATION('',(#8210),#13838);
#13847=PRODUCT_DEFINITION_CONTEXT('part definition',#13852,'design');
#13848=PRODUCT_DEFINITION('FullStepperHolder','FullStepperHolder v2',#13849,
#13847);
#13849=PRODUCT_DEFINITION_FORMATION('',$,#13854);
#13850=PRODUCT_RELATED_PRODUCT_CATEGORY('FullStepperHolder v2',
'FullStepperHolder v2',(#13854));
#13851=APPLICATION_PROTOCOL_DEFINITION('international standard',
'automotive_design',2009,#13852);
#13852=APPLICATION_CONTEXT(
'Core Data for Automotive Mechanical Design Process');
#13853=PRODUCT_CONTEXT('part definition',#13852,'mechanical');
#13854=PRODUCT('FullStepperHolder','FullStepperHolder v2',$,(#13853));
#13855=PRESENTATION_STYLE_ASSIGNMENT((#13856));
#13856=SURFACE_STYLE_USAGE(.BOTH.,#13857);
#13857=SURFACE_SIDE_STYLE('',(#13858));
#13858=SURFACE_STYLE_FILL_AREA(#13859);
#13859=FILL_AREA_STYLE('Steel - Satin',(#13860));
#13860=FILL_AREA_STYLE_COLOUR('Steel - Satin',#13861);
#13861=COLOUR_RGB('Steel - Satin',0.627450980392157,0.627450980392157,0.627450980392157);
ENDSEC;
END-ISO-10303-21;
