ISO-10303-21;
HEADER;
/* Generated by software containing ST-Developer
 * from STEP Tools, Inc. (www.steptools.com) 
 */

FILE_DESCRIPTION(
/* description */ (''),
/* implementation_level */ '2;1');

FILE_NAME(
/* name */ 'Gantry.step',
/* time_stamp */ '2026-02-04T07:50:08+02:00',
/* author */ (''),
/* organization */ (''),
/* preprocessor_version */ 'ST-DEVELOPER v20.1',
/* originating_system */ 'Autodesk Translation Framework v14.21.0.0',
/* authorisation */ '');

FILE_SCHEMA (('AUTOMOTIVE_DESIGN { 1 0 10303 214 3 1 1 }'));
ENDSEC;

DATA;
#10=MECHANICAL_DESIGN_GEOMETRIC_PRESENTATION_REPRESENTATION('',(#24,#25,
#26,#27,#28,#29,#30,#31,#32),#5235);
#11=ITEM_DEFINED_TRANSFORMATION($,$,#3071,#3380);
#12=(
REPRESENTATION_RELATIONSHIP($,$,#5246,#5245)
REPRESENTATION_RELATIONSHIP_WITH_TRANSFORMATION(#11)
SHAPE_REPRESENTATION_RELATIONSHIP()
);
#13=CONTEXT_DEPENDENT_SHAPE_REPRESENTATION(#12,#5244);
#14=NEXT_ASSEMBLY_USAGE_OCCURRENCE('PressV4 v3:1','PressV4 v3:1',
'PressV4 v3:1',#5248,#5249,'PressV4 v3:1');
#15=SHAPE_REPRESENTATION_RELATIONSHIP('SRR','None',#5246,#17);
#16=SHAPE_REPRESENTATION_RELATIONSHIP('SRR','None',#5245,#18);
#17=ADVANCED_BREP_SHAPE_REPRESENTATION('',(#33,#34,#35,#36),#5234);
#18=ADVANCED_BREP_SHAPE_REPRESENTATION('',(#37,#38,#39,#40,#41),#5233);
#19=B_SPLINE_CURVE_WITH_KNOTS('',3,(#4421,#4422,#4423,#4424,#4425,#4426,
#4427,#4428,#4429,#4430,#4431,#4432,#4433,#4434,#4435,#4436,#4437,#4438,
#4439,#4440,#4441,#4442,#4443,#4444,#4445,#4446,#4447,#4448,#4449,#4450,
#4451,#4452,#4453,#4454),.UNSPECIFIED.,.T.,.F.,(4,2,2,2,2,2,2,2,2,2,2,2,
2,2,2,2,4),(0.,0.057737280132221,0.115474560264442,0.173054445763352,0.230634331262262,
0.288214216761172,0.345794102260082,0.403531382392303,0.461268662524524,
0.519005942656745,0.576743222788966,0.634323108287876,0.691902993786786,
0.749482879285696,0.807062764784605,0.864800044916826,0.922537325049047),
 .UNSPECIFIED.);
#20=B_SPLINE_CURVE_WITH_KNOTS('',3,(#4458,#4459,#4460,#4461,#4462,#4463,
#4464,#4465,#4466,#4467),.UNSPECIFIED.,.F.,.F.,(4,2,2,2,4),(0.230634331262262,
0.288214216761172,0.345794102260082,0.403531382392303,0.461268662524524),
 .UNSPECIFIED.);
#21=B_SPLINE_CURVE_WITH_KNOTS('',3,(#4469,#4470,#4471,#4472,#4473,#4474,
#4475,#4476,#4477,#4478),.UNSPECIFIED.,.F.,.F.,(4,2,2,2,4),(0.,0.0577372801322209,
0.115474560264442,0.173054445763352,0.230634331262262),.UNSPECIFIED.);
#22=B_SPLINE_CURVE_WITH_KNOTS('',3,(#4480,#4481,#4482,#4483,#4484,#4485,
#4486,#4487,#4488,#4489),.UNSPECIFIED.,.F.,.F.,(4,2,2,2,4),(0.691902993786785,
0.749482879285695,0.807062764784605,0.864800044916826,0.922537325049047),
 .UNSPECIFIED.);
#23=B_SPLINE_CURVE_WITH_KNOTS('',3,(#4490,#4491,#4492,#4493,#4494,#4495,
#4496,#4497,#4498,#4499),.UNSPECIFIED.,.F.,.F.,(4,2,2,2,4),(0.461268662524524,
0.519005942656745,0.576743222788966,0.634323108287876,0.691902993786785),
 .UNSPECIFIED.);
#24=STYLED_ITEM('',(#5259),#33);
#25=STYLED_ITEM('',(#5259),#34);
#26=STYLED_ITEM('',(#5259),#35);
#27=STYLED_ITEM('',(#5259),#36);
#28=STYLED_ITEM('',(#5259),#37);
#29=STYLED_ITEM('',(#5259),#38);
#30=STYLED_ITEM('',(#5259),#39);
#31=STYLED_ITEM('',(#5259),#40);
#32=STYLED_ITEM('',(#5259),#41);
#33=MANIFOLD_SOLID_BREP('Body1',#3049);
#34=MANIFOLD_SOLID_BREP('Body7',#3050);
#35=MANIFOLD_SOLID_BREP('Body8',#3051);
#36=MANIFOLD_SOLID_BREP('Body19',#3052);
#37=MANIFOLD_SOLID_BREP('Body10',#3053);
#38=MANIFOLD_SOLID_BREP('Body12',#3054);
#39=MANIFOLD_SOLID_BREP('Body13',#3055);
#40=MANIFOLD_SOLID_BREP('Body16',#3056);
#41=MANIFOLD_SOLID_BREP('Body25',#3057);
#42=FACE_BOUND('',#378,.T.);
#43=FACE_BOUND('',#380,.T.);
#44=FACE_BOUND('',#405,.T.);
#45=FACE_BOUND('',#409,.T.);
#46=FACE_BOUND('',#412,.T.);
#47=FACE_BOUND('',#419,.T.);
#48=FACE_BOUND('',#423,.T.);
#49=FACE_BOUND('',#424,.T.);
#50=FACE_BOUND('',#428,.T.);
#51=FACE_BOUND('',#434,.T.);
#52=FACE_BOUND('',#438,.T.);
#53=FACE_BOUND('',#442,.T.);
#54=FACE_BOUND('',#443,.T.);
#55=FACE_BOUND('',#460,.T.);
#56=FACE_BOUND('',#462,.T.);
#57=FACE_BOUND('',#466,.T.);
#58=FACE_BOUND('',#468,.T.);
#59=FACE_BOUND('',#472,.T.);
#60=FACE_BOUND('',#474,.T.);
#61=FACE_BOUND('',#478,.T.);
#62=FACE_BOUND('',#480,.T.);
#63=FACE_BOUND('',#522,.T.);
#64=FACE_BOUND('',#523,.T.);
#65=FACE_BOUND('',#524,.T.);
#66=FACE_BOUND('',#525,.T.);
#67=FACE_BOUND('',#538,.T.);
#68=FACE_BOUND('',#544,.T.);
#69=FACE_BOUND('',#551,.T.);
#70=FACE_BOUND('',#557,.T.);
#71=FACE_BOUND('',#563,.T.);
#72=FACE_BOUND('',#569,.T.);
#73=FACE_BOUND('',#575,.T.);
#74=FACE_BOUND('',#581,.T.);
#75=PLANE('',#3078);
#76=PLANE('',#3079);
#77=PLANE('',#3080);
#78=PLANE('',#3081);
#79=PLANE('',#3086);
#80=PLANE('',#3090);
#81=PLANE('',#3094);
#82=PLANE('',#3096);
#83=PLANE('',#3100);
#84=PLANE('',#3101);
#85=PLANE('',#3102);
#86=PLANE('',#3103);
#87=PLANE('',#3107);
#88=PLANE('',#3113);
#89=PLANE('',#3114);
#90=PLANE('',#3115);
#91=PLANE('',#3123);
#92=PLANE('',#3124);
#93=PLANE('',#3126);
#94=PLANE('',#3129);
#95=PLANE('',#3142);
#96=PLANE('',#3144);
#97=PLANE('',#3145);
#98=PLANE('',#3147);
#99=PLANE('',#3148);
#100=PLANE('',#3149);
#101=PLANE('',#3151);
#102=PLANE('',#3152);
#103=PLANE('',#3153);
#104=PLANE('',#3162);
#105=PLANE('',#3163);
#106=PLANE('',#3164);
#107=PLANE('',#3165);
#108=PLANE('',#3166);
#109=PLANE('',#3167);
#110=PLANE('',#3168);
#111=PLANE('',#3169);
#112=PLANE('',#3170);
#113=PLANE('',#3171);
#114=PLANE('',#3176);
#115=PLANE('',#3180);
#116=PLANE('',#3184);
#117=PLANE('',#3187);
#118=PLANE('',#3191);
#119=PLANE('',#3195);
#120=PLANE('',#3202);
#121=PLANE('',#3203);
#122=PLANE('',#3210);
#123=PLANE('',#3211);
#124=PLANE('',#3218);
#125=PLANE('',#3219);
#126=PLANE('',#3226);
#127=PLANE('',#3227);
#128=PLANE('',#3231);
#129=PLANE('',#3232);
#130=PLANE('',#3242);
#131=PLANE('',#3245);
#132=PLANE('',#3250);
#133=PLANE('',#3253);
#134=PLANE('',#3256);
#135=PLANE('',#3258);
#136=PLANE('',#3260);
#137=PLANE('',#3264);
#138=PLANE('',#3268);
#139=PLANE('',#3269);
#140=PLANE('',#3270);
#141=PLANE('',#3271);
#142=PLANE('',#3272);
#143=PLANE('',#3273);
#144=PLANE('',#3274);
#145=PLANE('',#3275);
#146=PLANE('',#3276);
#147=PLANE('',#3277);
#148=PLANE('',#3278);
#149=PLANE('',#3279);
#150=PLANE('',#3283);
#151=PLANE('',#3287);
#152=PLANE('',#3291);
#153=PLANE('',#3295);
#154=PLANE('',#3296);
#155=PLANE('',#3297);
#156=PLANE('',#3298);
#157=PLANE('',#3300);
#158=PLANE('',#3302);
#159=PLANE('',#3304);
#160=PLANE('',#3306);
#161=PLANE('',#3307);
#162=PLANE('',#3309);
#163=PLANE('',#3311);
#164=PLANE('',#3313);
#165=PLANE('',#3315);
#166=PLANE('',#3318);
#167=PLANE('',#3321);
#168=PLANE('',#3327);
#169=PLANE('',#3328);
#170=PLANE('',#3331);
#171=PLANE('',#3338);
#172=PLANE('',#3339);
#173=PLANE('',#3341);
#174=PLANE('',#3349);
#175=PLANE('',#3352);
#176=PLANE('',#3353);
#177=PLANE('',#3359);
#178=PLANE('',#3360);
#179=PLANE('',#3361);
#180=PLANE('',#3362);
#181=PLANE('',#3363);
#182=PLANE('',#3364);
#183=PLANE('',#3365);
#184=PLANE('',#3366);
#185=PLANE('',#3367);
#186=PLANE('',#3368);
#187=PLANE('',#3369);
#188=PLANE('',#3370);
#189=PLANE('',#3371);
#190=PLANE('',#3372);
#191=PLANE('',#3373);
#192=PLANE('',#3374);
#193=PLANE('',#3375);
#194=PLANE('',#3376);
#195=PLANE('',#3377);
#196=PLANE('',#3378);
#197=PLANE('',#3379);
#198=FACE_OUTER_BOUND('',#375,.T.);
#199=FACE_OUTER_BOUND('',#376,.T.);
#200=FACE_OUTER_BOUND('',#377,.T.);
#201=FACE_OUTER_BOUND('',#379,.T.);
#202=FACE_OUTER_BOUND('',#381,.T.);
#203=FACE_OUTER_BOUND('',#382,.T.);
#204=FACE_OUTER_BOUND('',#383,.T.);
#205=FACE_OUTER_BOUND('',#384,.T.);
#206=FACE_OUTER_BOUND('',#385,.T.);
#207=FACE_OUTER_BOUND('',#386,.T.);
#208=FACE_OUTER_BOUND('',#387,.T.);
#209=FACE_OUTER_BOUND('',#388,.T.);
#210=FACE_OUTER_BOUND('',#389,.T.);
#211=FACE_OUTER_BOUND('',#390,.T.);
#212=FACE_OUTER_BOUND('',#391,.T.);
#213=FACE_OUTER_BOUND('',#392,.T.);
#214=FACE_OUTER_BOUND('',#393,.T.);
#215=FACE_OUTER_BOUND('',#394,.T.);
#216=FACE_OUTER_BOUND('',#395,.T.);
#217=FACE_OUTER_BOUND('',#396,.T.);
#218=FACE_OUTER_BOUND('',#397,.T.);
#219=FACE_OUTER_BOUND('',#398,.T.);
#220=FACE_OUTER_BOUND('',#399,.T.);
#221=FACE_OUTER_BOUND('',#400,.T.);
#222=FACE_OUTER_BOUND('',#401,.T.);
#223=FACE_OUTER_BOUND('',#402,.T.);
#224=FACE_OUTER_BOUND('',#403,.T.);
#225=FACE_OUTER_BOUND('',#404,.T.);
#226=FACE_OUTER_BOUND('',#406,.T.);
#227=FACE_OUTER_BOUND('',#407,.T.);
#228=FACE_OUTER_BOUND('',#408,.T.);
#229=FACE_OUTER_BOUND('',#410,.T.);
#230=FACE_OUTER_BOUND('',#411,.T.);
#231=FACE_OUTER_BOUND('',#413,.T.);
#232=FACE_OUTER_BOUND('',#414,.T.);
#233=FACE_OUTER_BOUND('',#415,.T.);
#234=FACE_OUTER_BOUND('',#416,.T.);
#235=FACE_OUTER_BOUND('',#417,.T.);
#236=FACE_OUTER_BOUND('',#418,.T.);
#237=FACE_OUTER_BOUND('',#420,.T.);
#238=FACE_OUTER_BOUND('',#421,.T.);
#239=FACE_OUTER_BOUND('',#422,.T.);
#240=FACE_OUTER_BOUND('',#425,.T.);
#241=FACE_OUTER_BOUND('',#426,.T.);
#242=FACE_OUTER_BOUND('',#427,.T.);
#243=FACE_OUTER_BOUND('',#429,.T.);
#244=FACE_OUTER_BOUND('',#430,.T.);
#245=FACE_OUTER_BOUND('',#431,.T.);
#246=FACE_OUTER_BOUND('',#432,.T.);
#247=FACE_OUTER_BOUND('',#433,.T.);
#248=FACE_OUTER_BOUND('',#435,.T.);
#249=FACE_OUTER_BOUND('',#436,.T.);
#250=FACE_OUTER_BOUND('',#437,.T.);
#251=FACE_OUTER_BOUND('',#439,.T.);
#252=FACE_OUTER_BOUND('',#440,.T.);
#253=FACE_OUTER_BOUND('',#441,.T.);
#254=FACE_OUTER_BOUND('',#444,.T.);
#255=FACE_OUTER_BOUND('',#445,.T.);
#256=FACE_OUTER_BOUND('',#446,.T.);
#257=FACE_OUTER_BOUND('',#447,.T.);
#258=FACE_OUTER_BOUND('',#448,.T.);
#259=FACE_OUTER_BOUND('',#449,.T.);
#260=FACE_OUTER_BOUND('',#450,.T.);
#261=FACE_OUTER_BOUND('',#451,.T.);
#262=FACE_OUTER_BOUND('',#452,.T.);
#263=FACE_OUTER_BOUND('',#453,.T.);
#264=FACE_OUTER_BOUND('',#454,.T.);
#265=FACE_OUTER_BOUND('',#455,.T.);
#266=FACE_OUTER_BOUND('',#456,.T.);
#267=FACE_OUTER_BOUND('',#457,.T.);
#268=FACE_OUTER_BOUND('',#458,.T.);
#269=FACE_OUTER_BOUND('',#459,.T.);
#270=FACE_OUTER_BOUND('',#461,.T.);
#271=FACE_OUTER_BOUND('',#463,.T.);
#272=FACE_OUTER_BOUND('',#464,.T.);
#273=FACE_OUTER_BOUND('',#465,.T.);
#274=FACE_OUTER_BOUND('',#467,.T.);
#275=FACE_OUTER_BOUND('',#469,.T.);
#276=FACE_OUTER_BOUND('',#470,.T.);
#277=FACE_OUTER_BOUND('',#471,.T.);
#278=FACE_OUTER_BOUND('',#473,.T.);
#279=FACE_OUTER_BOUND('',#475,.T.);
#280=FACE_OUTER_BOUND('',#476,.T.);
#281=FACE_OUTER_BOUND('',#477,.T.);
#282=FACE_OUTER_BOUND('',#479,.T.);
#283=FACE_OUTER_BOUND('',#481,.T.);
#284=FACE_OUTER_BOUND('',#482,.T.);
#285=FACE_OUTER_BOUND('',#483,.T.);
#286=FACE_OUTER_BOUND('',#484,.T.);
#287=FACE_OUTER_BOUND('',#485,.T.);
#288=FACE_OUTER_BOUND('',#486,.T.);
#289=FACE_OUTER_BOUND('',#487,.T.);
#290=FACE_OUTER_BOUND('',#488,.T.);
#291=FACE_OUTER_BOUND('',#489,.T.);
#292=FACE_OUTER_BOUND('',#490,.T.);
#293=FACE_OUTER_BOUND('',#491,.T.);
#294=FACE_OUTER_BOUND('',#492,.T.);
#295=FACE_OUTER_BOUND('',#493,.T.);
#296=FACE_OUTER_BOUND('',#494,.T.);
#297=FACE_OUTER_BOUND('',#495,.T.);
#298=FACE_OUTER_BOUND('',#496,.T.);
#299=FACE_OUTER_BOUND('',#497,.T.);
#300=FACE_OUTER_BOUND('',#498,.T.);
#301=FACE_OUTER_BOUND('',#499,.T.);
#302=FACE_OUTER_BOUND('',#500,.T.);
#303=FACE_OUTER_BOUND('',#501,.T.);
#304=FACE_OUTER_BOUND('',#502,.T.);
#305=FACE_OUTER_BOUND('',#503,.T.);
#306=FACE_OUTER_BOUND('',#504,.T.);
#307=FACE_OUTER_BOUND('',#505,.T.);
#308=FACE_OUTER_BOUND('',#506,.T.);
#309=FACE_OUTER_BOUND('',#507,.T.);
#310=FACE_OUTER_BOUND('',#508,.T.);
#311=FACE_OUTER_BOUND('',#509,.T.);
#312=FACE_OUTER_BOUND('',#510,.T.);
#313=FACE_OUTER_BOUND('',#511,.T.);
#314=FACE_OUTER_BOUND('',#512,.T.);
#315=FACE_OUTER_BOUND('',#513,.T.);
#316=FACE_OUTER_BOUND('',#514,.T.);
#317=FACE_OUTER_BOUND('',#515,.T.);
#318=FACE_OUTER_BOUND('',#516,.T.);
#319=FACE_OUTER_BOUND('',#517,.T.);
#320=FACE_OUTER_BOUND('',#518,.T.);
#321=FACE_OUTER_BOUND('',#519,.T.);
#322=FACE_OUTER_BOUND('',#520,.T.);
#323=FACE_OUTER_BOUND('',#521,.T.);
#324=FACE_OUTER_BOUND('',#526,.T.);
#325=FACE_OUTER_BOUND('',#527,.T.);
#326=FACE_OUTER_BOUND('',#528,.T.);
#327=FACE_OUTER_BOUND('',#529,.T.);
#328=FACE_OUTER_BOUND('',#530,.T.);
#329=FACE_OUTER_BOUND('',#531,.T.);
#330=FACE_OUTER_BOUND('',#532,.T.);
#331=FACE_OUTER_BOUND('',#533,.T.);
#332=FACE_OUTER_BOUND('',#534,.T.);
#333=FACE_OUTER_BOUND('',#535,.T.);
#334=FACE_OUTER_BOUND('',#536,.T.);
#335=FACE_OUTER_BOUND('',#537,.T.);
#336=FACE_OUTER_BOUND('',#539,.T.);
#337=FACE_OUTER_BOUND('',#540,.T.);
#338=FACE_OUTER_BOUND('',#541,.T.);
#339=FACE_OUTER_BOUND('',#542,.T.);
#340=FACE_OUTER_BOUND('',#543,.T.);
#341=FACE_OUTER_BOUND('',#545,.T.);
#342=FACE_OUTER_BOUND('',#546,.T.);
#343=FACE_OUTER_BOUND('',#547,.T.);
#344=FACE_OUTER_BOUND('',#548,.T.);
#345=FACE_OUTER_BOUND('',#549,.T.);
#346=FACE_OUTER_BOUND('',#550,.T.);
#347=FACE_OUTER_BOUND('',#552,.T.);
#348=FACE_OUTER_BOUND('',#553,.T.);
#349=FACE_OUTER_BOUND('',#554,.T.);
#350=FACE_OUTER_BOUND('',#555,.T.);
#351=FACE_OUTER_BOUND('',#556,.T.);
#352=FACE_OUTER_BOUND('',#558,.T.);
#353=FACE_OUTER_BOUND('',#559,.T.);
#354=FACE_OUTER_BOUND('',#560,.T.);
#355=FACE_OUTER_BOUND('',#561,.T.);
#356=FACE_OUTER_BOUND('',#562,.T.);
#357=FACE_OUTER_BOUND('',#564,.T.);
#358=FACE_OUTER_BOUND('',#565,.T.);
#359=FACE_OUTER_BOUND('',#566,.T.);
#360=FACE_OUTER_BOUND('',#567,.T.);
#361=FACE_OUTER_BOUND('',#568,.T.);
#362=FACE_OUTER_BOUND('',#570,.T.);
#363=FACE_OUTER_BOUND('',#571,.T.);
#364=FACE_OUTER_BOUND('',#572,.T.);
#365=FACE_OUTER_BOUND('',#573,.T.);
#366=FACE_OUTER_BOUND('',#574,.T.);
#367=FACE_OUTER_BOUND('',#576,.T.);
#368=FACE_OUTER_BOUND('',#577,.T.);
#369=FACE_OUTER_BOUND('',#578,.T.);
#370=FACE_OUTER_BOUND('',#579,.T.);
#371=FACE_OUTER_BOUND('',#580,.T.);
#372=FACE_OUTER_BOUND('',#582,.T.);
#373=FACE_OUTER_BOUND('',#583,.T.);
#374=FACE_OUTER_BOUND('',#584,.T.);
#375=EDGE_LOOP('',(#1978,#1979,#1980,#1981));
#376=EDGE_LOOP('',(#1982,#1983,#1984,#1985));
#377=EDGE_LOOP('',(#1986));
#378=EDGE_LOOP('',(#1987));
#379=EDGE_LOOP('',(#1988));
#380=EDGE_LOOP('',(#1989));
#381=EDGE_LOOP('',(#1990,#1991,#1992,#1993,#1994));
#382=EDGE_LOOP('',(#1995,#1996,#1997,#1998));
#383=EDGE_LOOP('',(#1999,#2000,#2001,#2002));
#384=EDGE_LOOP('',(#2003,#2004,#2005,#2006));
#385=EDGE_LOOP('',(#2007,#2008,#2009,#2010));
#386=EDGE_LOOP('',(#2011,#2012,#2013,#2014));
#387=EDGE_LOOP('',(#2015,#2016,#2017,#2018));
#388=EDGE_LOOP('',(#2019,#2020,#2021,#2022));
#389=EDGE_LOOP('',(#2023,#2024,#2025));
#390=EDGE_LOOP('',(#2026,#2027,#2028,#2029,#2030));
#391=EDGE_LOOP('',(#2031,#2032,#2033,#2034));
#392=EDGE_LOOP('',(#2035,#2036,#2037,#2038));
#393=EDGE_LOOP('',(#2039,#2040,#2041));
#394=EDGE_LOOP('',(#2042,#2043,#2044,#2045,#2046,#2047));
#395=EDGE_LOOP('',(#2048,#2049,#2050,#2051));
#396=EDGE_LOOP('',(#2052,#2053,#2054,#2055));
#397=EDGE_LOOP('',(#2056,#2057,#2058,#2059));
#398=EDGE_LOOP('',(#2060,#2061,#2062,#2063));
#399=EDGE_LOOP('',(#2064,#2065,#2066,#2067));
#400=EDGE_LOOP('',(#2068,#2069,#2070,#2071,#2072,#2073,#2074,#2075,#2076,
#2077,#2078,#2079,#2080,#2081,#2082));
#401=EDGE_LOOP('',(#2083,#2084,#2085,#2086,#2087,#2088,#2089,#2090,#2091,
#2092,#2093,#2094,#2095,#2096,#2097));
#402=EDGE_LOOP('',(#2098,#2099,#2100,#2101));
#403=EDGE_LOOP('',(#2102,#2103,#2104,#2105,#2106,#2107,#2108));
#404=EDGE_LOOP('',(#2109,#2110,#2111,#2112,#2113,#2114,#2115,#2116,#2117,
#2118));
#405=EDGE_LOOP('',(#2119));
#406=EDGE_LOOP('',(#2120));
#407=EDGE_LOOP('',(#2121));
#408=EDGE_LOOP('',(#2122));
#409=EDGE_LOOP('',(#2123));
#410=EDGE_LOOP('',(#2124,#2125,#2126,#2127));
#411=EDGE_LOOP('',(#2128));
#412=EDGE_LOOP('',(#2129));
#413=EDGE_LOOP('',(#2130,#2131,#2132,#2133));
#414=EDGE_LOOP('',(#2134,#2135,#2136,#2137));
#415=EDGE_LOOP('',(#2138,#2139,#2140,#2141));
#416=EDGE_LOOP('',(#2142,#2143,#2144,#2145));
#417=EDGE_LOOP('',(#2146,#2147,#2148,#2149));
#418=EDGE_LOOP('',(#2150,#2151,#2152,#2153));
#419=EDGE_LOOP('',(#2154));
#420=EDGE_LOOP('',(#2155,#2156,#2157,#2158));
#421=EDGE_LOOP('',(#2159,#2160,#2161,#2162));
#422=EDGE_LOOP('',(#2163,#2164,#2165,#2166,#2167,#2168,#2169,#2170,#2171,
#2172,#2173,#2174,#2175,#2176,#2177,#2178,#2179,#2180,#2181,#2182,#2183,
#2184));
#423=EDGE_LOOP('',(#2185));
#424=EDGE_LOOP('',(#2186));
#425=EDGE_LOOP('',(#2187,#2188,#2189,#2190));
#426=EDGE_LOOP('',(#2191,#2192,#2193,#2194));
#427=EDGE_LOOP('',(#2195,#2196,#2197,#2198));
#428=EDGE_LOOP('',(#2199));
#429=EDGE_LOOP('',(#2200,#2201,#2202,#2203));
#430=EDGE_LOOP('',(#2204,#2205,#2206,#2207,#2208,#2209,#2210,#2211,#2212,
#2213,#2214,#2215,#2216,#2217,#2218,#2219,#2220,#2221,#2222,#2223));
#431=EDGE_LOOP('',(#2224,#2225,#2226,#2227));
#432=EDGE_LOOP('',(#2228,#2229,#2230,#2231));
#433=EDGE_LOOP('',(#2232,#2233,#2234,#2235));
#434=EDGE_LOOP('',(#2236));
#435=EDGE_LOOP('',(#2237,#2238,#2239,#2240));
#436=EDGE_LOOP('',(#2241,#2242,#2243,#2244));
#437=EDGE_LOOP('',(#2245,#2246,#2247,#2248));
#438=EDGE_LOOP('',(#2249));
#439=EDGE_LOOP('',(#2250,#2251,#2252,#2253));
#440=EDGE_LOOP('',(#2254,#2255,#2256,#2257));
#441=EDGE_LOOP('',(#2258,#2259,#2260,#2261,#2262,#2263,#2264,#2265,#2266,
#2267,#2268,#2269,#2270,#2271,#2272,#2273,#2274,#2275,#2276,#2277,#2278,
#2279));
#442=EDGE_LOOP('',(#2280));
#443=EDGE_LOOP('',(#2281));
#444=EDGE_LOOP('',(#2282,#2283,#2284,#2285));
#445=EDGE_LOOP('',(#2286,#2287,#2288,#2289));
#446=EDGE_LOOP('',(#2290,#2291,#2292,#2293));
#447=EDGE_LOOP('',(#2294,#2295,#2296,#2297));
#448=EDGE_LOOP('',(#2298,#2299,#2300,#2301));
#449=EDGE_LOOP('',(#2302,#2303,#2304,#2305));
#450=EDGE_LOOP('',(#2306,#2307,#2308,#2309));
#451=EDGE_LOOP('',(#2310,#2311,#2312,#2313));
#452=EDGE_LOOP('',(#2314,#2315,#2316,#2317));
#453=EDGE_LOOP('',(#2318,#2319,#2320,#2321));
#454=EDGE_LOOP('',(#2322,#2323,#2324,#2325));
#455=EDGE_LOOP('',(#2326,#2327,#2328,#2329));
#456=EDGE_LOOP('',(#2330,#2331,#2332,#2333));
#457=EDGE_LOOP('',(#2334,#2335,#2336,#2337));
#458=EDGE_LOOP('',(#2338,#2339,#2340,#2341));
#459=EDGE_LOOP('',(#2342));
#460=EDGE_LOOP('',(#2343));
#461=EDGE_LOOP('',(#2344));
#462=EDGE_LOOP('',(#2345));
#463=EDGE_LOOP('',(#2346,#2347,#2348,#2349));
#464=EDGE_LOOP('',(#2350,#2351,#2352,#2353));
#465=EDGE_LOOP('',(#2354));
#466=EDGE_LOOP('',(#2355));
#467=EDGE_LOOP('',(#2356));
#468=EDGE_LOOP('',(#2357));
#469=EDGE_LOOP('',(#2358,#2359,#2360,#2361));
#470=EDGE_LOOP('',(#2362,#2363,#2364,#2365));
#471=EDGE_LOOP('',(#2366));
#472=EDGE_LOOP('',(#2367));
#473=EDGE_LOOP('',(#2368));
#474=EDGE_LOOP('',(#2369));
#475=EDGE_LOOP('',(#2370,#2371,#2372,#2373));
#476=EDGE_LOOP('',(#2374,#2375,#2376,#2377));
#477=EDGE_LOOP('',(#2378));
#478=EDGE_LOOP('',(#2379));
#479=EDGE_LOOP('',(#2380));
#480=EDGE_LOOP('',(#2381));
#481=EDGE_LOOP('',(#2382,#2383,#2384,#2385));
#482=EDGE_LOOP('',(#2386,#2387,#2388,#2389));
#483=EDGE_LOOP('',(#2390,#2391,#2392,#2393,#2394,#2395,#2396,#2397,#2398,
#2399,#2400,#2401,#2402,#2403,#2404,#2405,#2406,#2407,#2408,#2409,#2410,
#2411,#2412,#2413));
#484=EDGE_LOOP('',(#2414,#2415,#2416,#2417));
#485=EDGE_LOOP('',(#2418,#2419,#2420,#2421));
#486=EDGE_LOOP('',(#2422,#2423,#2424,#2425));
#487=EDGE_LOOP('',(#2426,#2427,#2428,#2429));
#488=EDGE_LOOP('',(#2430,#2431,#2432,#2433));
#489=EDGE_LOOP('',(#2434,#2435,#2436,#2437));
#490=EDGE_LOOP('',(#2438,#2439,#2440,#2441));
#491=EDGE_LOOP('',(#2442,#2443,#2444,#2445,#2446,#2447,#2448,#2449,#2450,
#2451,#2452,#2453));
#492=EDGE_LOOP('',(#2454,#2455,#2456,#2457));
#493=EDGE_LOOP('',(#2458,#2459,#2460,#2461));
#494=EDGE_LOOP('',(#2462,#2463,#2464,#2465,#2466,#2467));
#495=EDGE_LOOP('',(#2468,#2469,#2470,#2471));
#496=EDGE_LOOP('',(#2472,#2473,#2474,#2475));
#497=EDGE_LOOP('',(#2476,#2477,#2478,#2479));
#498=EDGE_LOOP('',(#2480,#2481,#2482,#2483));
#499=EDGE_LOOP('',(#2484,#2485,#2486,#2487));
#500=EDGE_LOOP('',(#2488,#2489,#2490,#2491));
#501=EDGE_LOOP('',(#2492,#2493,#2494,#2495));
#502=EDGE_LOOP('',(#2496,#2497,#2498,#2499));
#503=EDGE_LOOP('',(#2500,#2501,#2502,#2503));
#504=EDGE_LOOP('',(#2504,#2505,#2506,#2507));
#505=EDGE_LOOP('',(#2508,#2509,#2510,#2511));
#506=EDGE_LOOP('',(#2512,#2513,#2514,#2515,#2516,#2517,#2518,#2519,#2520,
#2521,#2522,#2523,#2524,#2525,#2526,#2527,#2528,#2529));
#507=EDGE_LOOP('',(#2530,#2531,#2532,#2533));
#508=EDGE_LOOP('',(#2534,#2535,#2536,#2537));
#509=EDGE_LOOP('',(#2538,#2539,#2540,#2541));
#510=EDGE_LOOP('',(#2542,#2543,#2544,#2545,#2546,#2547,#2548,#2549,#2550,
#2551,#2552,#2553));
#511=EDGE_LOOP('',(#2554,#2555,#2556,#2557,#2558,#2559));
#512=EDGE_LOOP('',(#2560,#2561,#2562,#2563,#2564,#2565,#2566,#2567));
#513=EDGE_LOOP('',(#2568,#2569,#2570,#2571));
#514=EDGE_LOOP('',(#2572));
#515=EDGE_LOOP('',(#2573,#2574,#2575,#2576));
#516=EDGE_LOOP('',(#2577));
#517=EDGE_LOOP('',(#2578,#2579,#2580,#2581));
#518=EDGE_LOOP('',(#2582));
#519=EDGE_LOOP('',(#2583,#2584,#2585,#2586));
#520=EDGE_LOOP('',(#2587));
#521=EDGE_LOOP('',(#2588,#2589,#2590,#2591));
#522=EDGE_LOOP('',(#2592,#2593,#2594,#2595));
#523=EDGE_LOOP('',(#2596,#2597,#2598,#2599));
#524=EDGE_LOOP('',(#2600,#2601,#2602,#2603));
#525=EDGE_LOOP('',(#2604,#2605,#2606,#2607));
#526=EDGE_LOOP('',(#2608,#2609,#2610,#2611,#2612,#2613,#2614,#2615,#2616,
#2617,#2618,#2619,#2620,#2621,#2622,#2623,#2624,#2625));
#527=EDGE_LOOP('',(#2626,#2627));
#528=EDGE_LOOP('',(#2628,#2629,#2630));
#529=EDGE_LOOP('',(#2631,#2632));
#530=EDGE_LOOP('',(#2633,#2634,#2635));
#531=EDGE_LOOP('',(#2636,#2637,#2638,#2639,#2640,#2641,#2642,#2643));
#532=EDGE_LOOP('',(#2644,#2645));
#533=EDGE_LOOP('',(#2646,#2647));
#534=EDGE_LOOP('',(#2648,#2649,#2650));
#535=EDGE_LOOP('',(#2651,#2652,#2653));
#536=EDGE_LOOP('',(#2654,#2655,#2656));
#537=EDGE_LOOP('',(#2657));
#538=EDGE_LOOP('',(#2658));
#539=EDGE_LOOP('',(#2659,#2660));
#540=EDGE_LOOP('',(#2661,#2662,#2663,#2664,#2665,#2666,#2667,#2668));
#541=EDGE_LOOP('',(#2669,#2670,#2671,#2672));
#542=EDGE_LOOP('',(#2673));
#543=EDGE_LOOP('',(#2674));
#544=EDGE_LOOP('',(#2675));
#545=EDGE_LOOP('',(#2676,#2677,#2678));
#546=EDGE_LOOP('',(#2679,#2680,#2681,#2682,#2683,#2684,#2685,#2686));
#547=EDGE_LOOP('',(#2687,#2688,#2689,#2690));
#548=EDGE_LOOP('',(#2691));
#549=EDGE_LOOP('',(#2692,#2693));
#550=EDGE_LOOP('',(#2694));
#551=EDGE_LOOP('',(#2695));
#552=EDGE_LOOP('',(#2696,#2697,#2698,#2699,#2700,#2701,#2702,#2703));
#553=EDGE_LOOP('',(#2704,#2705,#2706,#2707));
#554=EDGE_LOOP('',(#2708,#2709,#2710,#2711,#2712,#2713,#2714,#2715,#2716,
#2717));
#555=EDGE_LOOP('',(#2718));
#556=EDGE_LOOP('',(#2719));
#557=EDGE_LOOP('',(#2720));
#558=EDGE_LOOP('',(#2721,#2722,#2723,#2724,#2725,#2726,#2727,#2728));
#559=EDGE_LOOP('',(#2729,#2730,#2731,#2732));
#560=EDGE_LOOP('',(#2733));
#561=EDGE_LOOP('',(#2734,#2735,#2736,#2737));
#562=EDGE_LOOP('',(#2738,#2739,#2740,#2741));
#563=EDGE_LOOP('',(#2742));
#564=EDGE_LOOP('',(#2743,#2744,#2745,#2746));
#565=EDGE_LOOP('',(#2747,#2748,#2749,#2750));
#566=EDGE_LOOP('',(#2751,#2752,#2753,#2754));
#567=EDGE_LOOP('',(#2755,#2756,#2757,#2758));
#568=EDGE_LOOP('',(#2759,#2760,#2761,#2762));
#569=EDGE_LOOP('',(#2763));
#570=EDGE_LOOP('',(#2764,#2765,#2766,#2767));
#571=EDGE_LOOP('',(#2768,#2769,#2770,#2771));
#572=EDGE_LOOP('',(#2772,#2773,#2774,#2775));
#573=EDGE_LOOP('',(#2776,#2777,#2778,#2779));
#574=EDGE_LOOP('',(#2780,#2781,#2782,#2783));
#575=EDGE_LOOP('',(#2784));
#576=EDGE_LOOP('',(#2785,#2786,#2787,#2788));
#577=EDGE_LOOP('',(#2789,#2790,#2791,#2792));
#578=EDGE_LOOP('',(#2793,#2794,#2795,#2796));
#579=EDGE_LOOP('',(#2797,#2798,#2799,#2800));
#580=EDGE_LOOP('',(#2801,#2802,#2803,#2804));
#581=EDGE_LOOP('',(#2805));
#582=EDGE_LOOP('',(#2806,#2807,#2808,#2809));
#583=EDGE_LOOP('',(#2810,#2811,#2812,#2813));
#584=EDGE_LOOP('',(#2814,#2815,#2816,#2817));
#585=LINE('',#4293,#869);
#586=LINE('',#4299,#870);
#587=LINE('',#4306,#871);
#588=LINE('',#4308,#872);
#589=LINE('',#4310,#873);
#590=LINE('',#4312,#874);
#591=LINE('',#4313,#875);
#592=LINE('',#4317,#876);
#593=LINE('',#4321,#877);
#594=LINE('',#4325,#878);
#595=LINE('',#4327,#879);
#596=LINE('',#4331,#880);
#597=LINE('',#4333,#881);
#598=LINE('',#4337,#882);
#599=LINE('',#4339,#883);
#600=LINE('',#4343,#884);
#601=LINE('',#4345,#885);
#602=LINE('',#4349,#886);
#603=LINE('',#4351,#887);
#604=LINE('',#4355,#888);
#605=LINE('',#4357,#889);
#606=LINE('',#4362,#890);
#607=LINE('',#4365,#891);
#608=LINE('',#4367,#892);
#609=LINE('',#4370,#893);
#610=LINE('',#4371,#894);
#611=LINE('',#4373,#895);
#612=LINE('',#4375,#896);
#613=LINE('',#4376,#897);
#614=LINE('',#4380,#898);
#615=LINE('',#4383,#899);
#616=LINE('',#4386,#900);
#617=LINE('',#4389,#901);
#618=LINE('',#4392,#902);
#619=LINE('',#4395,#903);
#620=LINE('',#4398,#904);
#621=LINE('',#4401,#905);
#622=LINE('',#4404,#906);
#623=LINE('',#4406,#907);
#624=LINE('',#4409,#908);
#625=LINE('',#4410,#909);
#626=LINE('',#4417,#910);
#627=LINE('',#4456,#911);
#628=LINE('',#4503,#912);
#629=LINE('',#4505,#913);
#630=LINE('',#4514,#914);
#631=LINE('',#4521,#915);
#632=LINE('',#4527,#916);
#633=LINE('',#4533,#917);
#634=LINE('',#4539,#918);
#635=LINE('',#4546,#919);
#636=LINE('',#4548,#920);
#637=LINE('',#4549,#921);
#638=LINE('',#4552,#922);
#639=LINE('',#4554,#923);
#640=LINE('',#4555,#924);
#641=LINE('',#4560,#925);
#642=LINE('',#4561,#926);
#643=LINE('',#4563,#927);
#644=LINE('',#4566,#928);
#645=LINE('',#4568,#929);
#646=LINE('',#4570,#930);
#647=LINE('',#4572,#931);
#648=LINE('',#4574,#932);
#649=LINE('',#4576,#933);
#650=LINE('',#4578,#934);
#651=LINE('',#4580,#935);
#652=LINE('',#4582,#936);
#653=LINE('',#4584,#937);
#654=LINE('',#4586,#938);
#655=LINE('',#4588,#939);
#656=LINE('',#4590,#940);
#657=LINE('',#4592,#941);
#658=LINE('',#4594,#942);
#659=LINE('',#4596,#943);
#660=LINE('',#4598,#944);
#661=LINE('',#4600,#945);
#662=LINE('',#4601,#946);
#663=LINE('',#4607,#947);
#664=LINE('',#4609,#948);
#665=LINE('',#4610,#949);
#666=LINE('',#4613,#950);
#667=LINE('',#4615,#951);
#668=LINE('',#4616,#952);
#669=LINE('',#4619,#953);
#670=LINE('',#4620,#954);
#671=LINE('',#4624,#955);
#672=LINE('',#4629,#956);
#673=LINE('',#4634,#957);
#674=LINE('',#4638,#958);
#675=LINE('',#4641,#959);
#676=LINE('',#4643,#960);
#677=LINE('',#4647,#961);
#678=LINE('',#4649,#962);
#679=LINE('',#4650,#963);
#680=LINE('',#4653,#964);
#681=LINE('',#4655,#965);
#682=LINE('',#4656,#966);
#683=LINE('',#4658,#967);
#684=LINE('',#4660,#968);
#685=LINE('',#4663,#969);
#686=LINE('',#4664,#970);
#687=LINE('',#4667,#971);
#688=LINE('',#4668,#972);
#689=LINE('',#4670,#973);
#690=LINE('',#4674,#974);
#691=LINE('',#4676,#975);
#692=LINE('',#4678,#976);
#693=LINE('',#4680,#977);
#694=LINE('',#4682,#978);
#695=LINE('',#4684,#979);
#696=LINE('',#4686,#980);
#697=LINE('',#4688,#981);
#698=LINE('',#4690,#982);
#699=LINE('',#4692,#983);
#700=LINE('',#4694,#984);
#701=LINE('',#4696,#985);
#702=LINE('',#4697,#986);
#703=LINE('',#4727,#987);
#704=LINE('',#4733,#988);
#705=LINE('',#4741,#989);
#706=LINE('',#4747,#990);
#707=LINE('',#4755,#991);
#708=LINE('',#4761,#992);
#709=LINE('',#4769,#993);
#710=LINE('',#4775,#994);
#711=LINE('',#4784,#995);
#712=LINE('',#4787,#996);
#713=LINE('',#4790,#997);
#714=LINE('',#4792,#998);
#715=LINE('',#4793,#999);
#716=LINE('',#4796,#1000);
#717=LINE('',#4800,#1001);
#718=LINE('',#4802,#1002);
#719=LINE('',#4804,#1003);
#720=LINE('',#4808,#1004);
#721=LINE('',#4812,#1005);
#722=LINE('',#4814,#1006);
#723=LINE('',#4816,#1007);
#724=LINE('',#4818,#1008);
#725=LINE('',#4820,#1009);
#726=LINE('',#4822,#1010);
#727=LINE('',#4824,#1011);
#728=LINE('',#4826,#1012);
#729=LINE('',#4828,#1013);
#730=LINE('',#4832,#1014);
#731=LINE('',#4836,#1015);
#732=LINE('',#4837,#1016);
#733=LINE('',#4842,#1017);
#734=LINE('',#4843,#1018);
#735=LINE('',#4848,#1019);
#736=LINE('',#4849,#1020);
#737=LINE('',#4852,#1021);
#738=LINE('',#4853,#1022);
#739=LINE('',#4858,#1023);
#740=LINE('',#4859,#1024);
#741=LINE('',#4861,#1025);
#742=LINE('',#4864,#1026);
#743=LINE('',#4867,#1027);
#744=LINE('',#4872,#1028);
#745=LINE('',#4873,#1029);
#746=LINE('',#4875,#1030);
#747=LINE('',#4877,#1031);
#748=LINE('',#4879,#1032);
#749=LINE('',#4881,#1033);
#750=LINE('',#4885,#1034);
#751=LINE('',#4889,#1035);
#752=LINE('',#4891,#1036);
#753=LINE('',#4892,#1037);
#754=LINE('',#4894,#1038);
#755=LINE('',#4899,#1039);
#756=LINE('',#4900,#1040);
#757=LINE('',#4903,#1041);
#758=LINE('',#4907,#1042);
#759=LINE('',#4909,#1043);
#760=LINE('',#4910,#1044);
#761=LINE('',#4912,#1045);
#762=LINE('',#4914,#1046);
#763=LINE('',#4916,#1047);
#764=LINE('',#4922,#1048);
#765=LINE('',#4925,#1049);
#766=LINE('',#4928,#1050);
#767=LINE('',#4930,#1051);
#768=LINE('',#4931,#1052);
#769=LINE('',#4937,#1053);
#770=LINE('',#4940,#1054);
#771=LINE('',#4942,#1055);
#772=LINE('',#4943,#1056);
#773=LINE('',#4946,#1057);
#774=LINE('',#4948,#1058);
#775=LINE('',#4951,#1059);
#776=LINE('',#4952,#1060);
#777=LINE('',#4955,#1061);
#778=LINE('',#4957,#1062);
#779=LINE('',#4959,#1063);
#780=LINE('',#4961,#1064);
#781=LINE('',#4963,#1065);
#782=LINE('',#4965,#1066);
#783=LINE('',#4967,#1067);
#784=LINE('',#4968,#1068);
#785=LINE('',#4970,#1069);
#786=LINE('',#4973,#1070);
#787=LINE('',#4975,#1071);
#788=LINE('',#4976,#1072);
#789=LINE('',#4979,#1073);
#790=LINE('',#4980,#1074);
#791=LINE('',#4982,#1075);
#792=LINE('',#4983,#1076);
#793=LINE('',#4985,#1077);
#794=LINE('',#4988,#1078);
#795=LINE('',#4989,#1079);
#796=LINE('',#4994,#1080);
#797=LINE('',#5001,#1081);
#798=LINE('',#5008,#1082);
#799=LINE('',#5015,#1083);
#800=LINE('',#5020,#1084);
#801=LINE('',#5021,#1085);
#802=LINE('',#5024,#1086);
#803=LINE('',#5026,#1087);
#804=LINE('',#5028,#1088);
#805=LINE('',#5029,#1089);
#806=LINE('',#5032,#1090);
#807=LINE('',#5034,#1091);
#808=LINE('',#5036,#1092);
#809=LINE('',#5037,#1093);
#810=LINE('',#5040,#1094);
#811=LINE('',#5042,#1095);
#812=LINE('',#5044,#1096);
#813=LINE('',#5045,#1097);
#814=LINE('',#5048,#1098);
#815=LINE('',#5050,#1099);
#816=LINE('',#5052,#1100);
#817=LINE('',#5053,#1101);
#818=LINE('',#5056,#1102);
#819=LINE('',#5058,#1103);
#820=LINE('',#5060,#1104);
#821=LINE('',#5062,#1105);
#822=LINE('',#5064,#1106);
#823=LINE('',#5065,#1107);
#824=LINE('',#5075,#1108);
#825=LINE('',#5078,#1109);
#826=LINE('',#5080,#1110);
#827=LINE('',#5082,#1111);
#828=LINE('',#5083,#1112);
#829=LINE('',#5105,#1113);
#830=LINE('',#5109,#1114);
#831=LINE('',#5122,#1115);
#832=LINE('',#5126,#1116);
#833=LINE('',#5139,#1117);
#834=LINE('',#5143,#1118);
#835=LINE('',#5155,#1119);
#836=LINE('',#5159,#1120);
#837=LINE('',#5163,#1121);
#838=LINE('',#5165,#1122);
#839=LINE('',#5166,#1123);
#840=LINE('',#5169,#1124);
#841=LINE('',#5171,#1125);
#842=LINE('',#5172,#1126);
#843=LINE('',#5174,#1127);
#844=LINE('',#5175,#1128);
#845=LINE('',#5180,#1129);
#846=LINE('',#5182,#1130);
#847=LINE('',#5183,#1131);
#848=LINE('',#5186,#1132);
#849=LINE('',#5188,#1133);
#850=LINE('',#5189,#1134);
#851=LINE('',#5191,#1135);
#852=LINE('',#5192,#1136);
#853=LINE('',#5197,#1137);
#854=LINE('',#5199,#1138);
#855=LINE('',#5200,#1139);
#856=LINE('',#5203,#1140);
#857=LINE('',#5205,#1141);
#858=LINE('',#5206,#1142);
#859=LINE('',#5208,#1143);
#860=LINE('',#5209,#1144);
#861=LINE('',#5214,#1145);
#862=LINE('',#5216,#1146);
#863=LINE('',#5217,#1147);
#864=LINE('',#5220,#1148);
#865=LINE('',#5222,#1149);
#866=LINE('',#5223,#1150);
#867=LINE('',#5225,#1151);
#868=LINE('',#5226,#1152);
#869=VECTOR('',#3389,3.);
#870=VECTOR('',#3396,6.);
#871=VECTOR('',#3405,10.);
#872=VECTOR('',#3406,10.);
#873=VECTOR('',#3407,10.);
#874=VECTOR('',#3408,10.);
#875=VECTOR('',#3409,10.);
#876=VECTOR('',#3412,10.);
#877=VECTOR('',#3415,10.);
#878=VECTOR('',#3420,10.);
#879=VECTOR('',#3421,10.);
#880=VECTOR('',#3426,10.);
#881=VECTOR('',#3427,10.);
#882=VECTOR('',#3432,10.);
#883=VECTOR('',#3433,10.);
#884=VECTOR('',#3438,10.);
#885=VECTOR('',#3439,10.);
#886=VECTOR('',#3444,10.);
#887=VECTOR('',#3445,10.);
#888=VECTOR('',#3450,10.);
#889=VECTOR('',#3451,10.);
#890=VECTOR('',#3458,10.);
#891=VECTOR('',#3461,10.);
#892=VECTOR('',#3464,10.);
#893=VECTOR('',#3467,10.);
#894=VECTOR('',#3468,10.);
#895=VECTOR('',#3471,10.);
#896=VECTOR('',#3472,10.);
#897=VECTOR('',#3473,10.);
#898=VECTOR('',#3478,10.);
#899=VECTOR('',#3481,10.);
#900=VECTOR('',#3484,10.);
#901=VECTOR('',#3487,10.);
#902=VECTOR('',#3490,10.);
#903=VECTOR('',#3493,10.);
#904=VECTOR('',#3496,10.);
#905=VECTOR('',#3499,10.);
#906=VECTOR('',#3502,10.);
#907=VECTOR('',#3503,10.);
#908=VECTOR('',#3508,10.);
#909=VECTOR('',#3509,10.);
#910=VECTOR('',#3518,5.);
#911=VECTOR('',#3523,1.5);
#912=VECTOR('',#3528,3.);
#913=VECTOR('',#3529,3.);
#914=VECTOR('',#3542,3.1);
#915=VECTOR('',#3551,2.5);
#916=VECTOR('',#3558,2.5);
#917=VECTOR('',#3565,2.5);
#918=VECTOR('',#3572,2.5);
#919=VECTOR('',#3579,10.);
#920=VECTOR('',#3580,10.);
#921=VECTOR('',#3581,10.);
#922=VECTOR('',#3584,10.);
#923=VECTOR('',#3585,10.);
#924=VECTOR('',#3586,10.);
#925=VECTOR('',#3591,10.);
#926=VECTOR('',#3592,10.);
#927=VECTOR('',#3595,10.);
#928=VECTOR('',#3598,10.);
#929=VECTOR('',#3599,10.);
#930=VECTOR('',#3600,10.);
#931=VECTOR('',#3601,10.);
#932=VECTOR('',#3602,10.);
#933=VECTOR('',#3603,10.);
#934=VECTOR('',#3604,10.);
#935=VECTOR('',#3605,10.);
#936=VECTOR('',#3606,10.);
#937=VECTOR('',#3607,10.);
#938=VECTOR('',#3608,10.);
#939=VECTOR('',#3609,10.);
#940=VECTOR('',#3610,10.);
#941=VECTOR('',#3611,10.);
#942=VECTOR('',#3612,10.);
#943=VECTOR('',#3613,10.);
#944=VECTOR('',#3614,10.);
#945=VECTOR('',#3615,10.);
#946=VECTOR('',#3616,10.);
#947=VECTOR('',#3621,10.);
#948=VECTOR('',#3622,10.);
#949=VECTOR('',#3623,10.);
#950=VECTOR('',#3626,10.);
#951=VECTOR('',#3627,10.);
#952=VECTOR('',#3628,10.);
#953=VECTOR('',#3631,10.);
#954=VECTOR('',#3632,10.);
#955=VECTOR('',#3637,10.);
#956=VECTOR('',#3642,10.);
#957=VECTOR('',#3647,10.);
#958=VECTOR('',#3650,10.);
#959=VECTOR('',#3653,10.);
#960=VECTOR('',#3654,10.);
#961=VECTOR('',#3659,10.);
#962=VECTOR('',#3660,10.);
#963=VECTOR('',#3661,10.);
#964=VECTOR('',#3664,10.);
#965=VECTOR('',#3665,10.);
#966=VECTOR('',#3666,10.);
#967=VECTOR('',#3669,10.);
#968=VECTOR('',#3672,10.);
#969=VECTOR('',#3675,10.);
#970=VECTOR('',#3676,10.);
#971=VECTOR('',#3679,10.);
#972=VECTOR('',#3680,10.);
#973=VECTOR('',#3683,10.);
#974=VECTOR('',#3688,10.);
#975=VECTOR('',#3689,10.);
#976=VECTOR('',#3690,10.);
#977=VECTOR('',#3691,10.);
#978=VECTOR('',#3692,10.);
#979=VECTOR('',#3693,10.);
#980=VECTOR('',#3694,10.);
#981=VECTOR('',#3695,10.);
#982=VECTOR('',#3696,10.);
#983=VECTOR('',#3697,10.);
#984=VECTOR('',#3698,10.);
#985=VECTOR('',#3699,10.);
#986=VECTOR('',#3700,10.);
#987=VECTOR('',#3755,4.00000005960465);
#988=VECTOR('',#3762,15.8113885364499);
#989=VECTOR('',#3773,4.00000005960465);
#990=VECTOR('',#3780,15.8113885364499);
#991=VECTOR('',#3791,4.00000005960465);
#992=VECTOR('',#3798,15.8113885364499);
#993=VECTOR('',#3809,4.00000005960465);
#994=VECTOR('',#3816,15.8113885364499);
#995=VECTOR('',#3827,6.);
#996=VECTOR('',#3830,10.);
#997=VECTOR('',#3833,10.);
#998=VECTOR('',#3834,10.);
#999=VECTOR('',#3835,10.);
#1000=VECTOR('',#3838,10.);
#1001=VECTOR('',#3841,10.);
#1002=VECTOR('',#3842,10.);
#1003=VECTOR('',#3843,10.);
#1004=VECTOR('',#3846,10.);
#1005=VECTOR('',#3849,10.);
#1006=VECTOR('',#3850,10.);
#1007=VECTOR('',#3851,10.);
#1008=VECTOR('',#3852,10.);
#1009=VECTOR('',#3853,10.);
#1010=VECTOR('',#3854,10.);
#1011=VECTOR('',#3855,10.);
#1012=VECTOR('',#3856,10.);
#1013=VECTOR('',#3857,10.);
#1014=VECTOR('',#3860,10.);
#1015=VECTOR('',#3863,10.);
#1016=VECTOR('',#3864,10.);
#1017=VECTOR('',#3869,6.);
#1018=VECTOR('',#3870,10.);
#1019=VECTOR('',#3875,10.);
#1020=VECTOR('',#3876,10.);
#1021=VECTOR('',#3879,10.);
#1022=VECTOR('',#3880,10.);
#1023=VECTOR('',#3885,10.);
#1024=VECTOR('',#3886,10.);
#1025=VECTOR('',#3889,10.);
#1026=VECTOR('',#3892,3.);
#1027=VECTOR('',#3895,10.);
#1028=VECTOR('',#3900,10.);
#1029=VECTOR('',#3901,10.);
#1030=VECTOR('',#3904,10.);
#1031=VECTOR('',#3905,10.);
#1032=VECTOR('',#3906,10.);
#1033=VECTOR('',#3907,10.);
#1034=VECTOR('',#3910,10.);
#1035=VECTOR('',#3913,10.);
#1036=VECTOR('',#3914,10.);
#1037=VECTOR('',#3915,10.);
#1038=VECTOR('',#3918,10.);
#1039=VECTOR('',#3923,10.);
#1040=VECTOR('',#3924,10.);
#1041=VECTOR('',#3927,10.);
#1042=VECTOR('',#3930,10.);
#1043=VECTOR('',#3931,10.);
#1044=VECTOR('',#3932,10.);
#1045=VECTOR('',#3935,10.);
#1046=VECTOR('',#3938,10.);
#1047=VECTOR('',#3941,10.);
#1048=VECTOR('',#3946,10.);
#1049=VECTOR('',#3949,10.);
#1050=VECTOR('',#3952,10.);
#1051=VECTOR('',#3953,10.);
#1052=VECTOR('',#3954,10.);
#1053=VECTOR('',#3959,10.);
#1054=VECTOR('',#3962,10.);
#1055=VECTOR('',#3965,10.);
#1056=VECTOR('',#3966,10.);
#1057=VECTOR('',#3971,10.);
#1058=VECTOR('',#3974,10.);
#1059=VECTOR('',#3977,10.);
#1060=VECTOR('',#3978,10.);
#1061=VECTOR('',#3981,10.);
#1062=VECTOR('',#3982,10.);
#1063=VECTOR('',#3983,10.);
#1064=VECTOR('',#3984,10.);
#1065=VECTOR('',#3985,10.);
#1066=VECTOR('',#3986,10.);
#1067=VECTOR('',#3987,10.);
#1068=VECTOR('',#3988,10.);
#1069=VECTOR('',#3991,10.);
#1070=VECTOR('',#3994,10.);
#1071=VECTOR('',#3995,10.);
#1072=VECTOR('',#3996,10.);
#1073=VECTOR('',#3999,10.);
#1074=VECTOR('',#4000,10.);
#1075=VECTOR('',#4003,10.);
#1076=VECTOR('',#4004,10.);
#1077=VECTOR('',#4007,10.);
#1078=VECTOR('',#4010,10.);
#1079=VECTOR('',#4011,10.);
#1080=VECTOR('',#4016,2.5);
#1081=VECTOR('',#4025,2.5);
#1082=VECTOR('',#4034,2.5);
#1083=VECTOR('',#4043,2.5);
#1084=VECTOR('',#4050,10.);
#1085=VECTOR('',#4051,10.);
#1086=VECTOR('',#4052,10.);
#1087=VECTOR('',#4053,10.);
#1088=VECTOR('',#4054,10.);
#1089=VECTOR('',#4055,10.);
#1090=VECTOR('',#4056,10.);
#1091=VECTOR('',#4057,10.);
#1092=VECTOR('',#4058,10.);
#1093=VECTOR('',#4059,10.);
#1094=VECTOR('',#4060,10.);
#1095=VECTOR('',#4061,10.);
#1096=VECTOR('',#4062,10.);
#1097=VECTOR('',#4063,10.);
#1098=VECTOR('',#4064,10.);
#1099=VECTOR('',#4065,10.);
#1100=VECTOR('',#4066,10.);
#1101=VECTOR('',#4067,10.);
#1102=VECTOR('',#4070,10.);
#1103=VECTOR('',#4071,10.);
#1104=VECTOR('',#4072,10.);
#1105=VECTOR('',#4073,10.);
#1106=VECTOR('',#4074,10.);
#1107=VECTOR('',#4075,10.);
#1108=VECTOR('',#4092,10.);
#1109=VECTOR('',#4095,10.);
#1110=VECTOR('',#4096,10.);
#1111=VECTOR('',#4097,10.);
#1112=VECTOR('',#4098,10.);
#1113=VECTOR('',#4135,11.0000001639128);
#1114=VECTOR('',#4140,4.00000005960464);
#1115=VECTOR('',#4159,11.0000001639128);
#1116=VECTOR('',#4164,4.00000005960464);
#1117=VECTOR('',#4183,11.0000001639128);
#1118=VECTOR('',#4188,4.00000005960464);
#1119=VECTOR('',#4205,11.0000001639128);
#1120=VECTOR('',#4210,4.00000005960464);
#1121=VECTOR('',#4215,10.);
#1122=VECTOR('',#4216,10.);
#1123=VECTOR('',#4217,10.);
#1124=VECTOR('',#4220,10.);
#1125=VECTOR('',#4221,10.);
#1126=VECTOR('',#4222,10.);
#1127=VECTOR('',#4225,10.);
#1128=VECTOR('',#4226,10.);
#1129=VECTOR('',#4233,10.);
#1130=VECTOR('',#4234,10.);
#1131=VECTOR('',#4235,10.);
#1132=VECTOR('',#4238,10.);
#1133=VECTOR('',#4239,10.);
#1134=VECTOR('',#4240,10.);
#1135=VECTOR('',#4243,10.);
#1136=VECTOR('',#4244,10.);
#1137=VECTOR('',#4251,10.);
#1138=VECTOR('',#4252,10.);
#1139=VECTOR('',#4253,10.);
#1140=VECTOR('',#4256,10.);
#1141=VECTOR('',#4257,10.);
#1142=VECTOR('',#4258,10.);
#1143=VECTOR('',#4261,10.);
#1144=VECTOR('',#4262,10.);
#1145=VECTOR('',#4269,10.);
#1146=VECTOR('',#4270,10.);
#1147=VECTOR('',#4271,10.);
#1148=VECTOR('',#4274,10.);
#1149=VECTOR('',#4275,10.);
#1150=VECTOR('',#4276,10.);
#1151=VECTOR('',#4279,10.);
#1152=VECTOR('',#4280,10.);
#1153=CIRCLE('',#3073,3.);
#1154=CIRCLE('',#3074,3.);
#1155=CIRCLE('',#3076,6.);
#1156=CIRCLE('',#3077,6.);
#1157=CIRCLE('',#3082,7.50000011175873);
#1158=CIRCLE('',#3083,5.);
#1159=CIRCLE('',#3085,5.);
#1160=CIRCLE('',#3087,6.1);
#1161=CIRCLE('',#3089,6.1);
#1162=CIRCLE('',#3091,4.);
#1163=CIRCLE('',#3093,4.);
#1164=CIRCLE('',#3095,6.);
#1165=CIRCLE('',#3097,7.5);
#1166=CIRCLE('',#3099,7.5);
#1167=CIRCLE('',#3104,2.15);
#1168=CIRCLE('',#3106,2.15);
#1169=CIRCLE('',#3108,0.75);
#1170=CIRCLE('',#3110,0.75);
#1171=CIRCLE('',#3112,6.);
#1172=CIRCLE('',#3117,5.);
#1173=CIRCLE('',#3118,5.);
#1174=CIRCLE('',#3121,3.);
#1175=CIRCLE('',#3122,3.);
#1176=CIRCLE('',#3125,3.1);
#1177=CIRCLE('',#3128,3.1);
#1178=CIRCLE('',#3131,2.5);
#1179=CIRCLE('',#3132,2.5);
#1180=CIRCLE('',#3134,2.5);
#1181=CIRCLE('',#3135,2.5);
#1182=CIRCLE('',#3137,2.5);
#1183=CIRCLE('',#3138,2.5);
#1184=CIRCLE('',#3140,2.5);
#1185=CIRCLE('',#3141,2.5);
#1186=CIRCLE('',#3143,7.5);
#1187=CIRCLE('',#3146,7.5);
#1188=CIRCLE('',#3150,7.5);
#1189=CIRCLE('',#3154,7.5);
#1190=CIRCLE('',#3156,7.5);
#1191=CIRCLE('',#3157,7.5);
#1192=CIRCLE('',#3158,7.50000011175873);
#1193=CIRCLE('',#3159,7.5);
#1194=CIRCLE('',#3160,7.5);
#1195=CIRCLE('',#3161,7.5);
#1196=CIRCLE('',#3172,6.);
#1197=CIRCLE('',#3173,4.);
#1198=CIRCLE('',#3175,4.);
#1199=CIRCLE('',#3177,6.1);
#1200=CIRCLE('',#3179,6.1);
#1201=CIRCLE('',#3181,5.);
#1202=CIRCLE('',#3183,5.);
#1203=CIRCLE('',#3186,6.);
#1204=CIRCLE('',#3188,2.15);
#1205=CIRCLE('',#3190,2.15);
#1206=CIRCLE('',#3192,0.75);
#1207=CIRCLE('',#3194,0.75);
#1208=CIRCLE('',#3197,4.00000005960465);
#1209=CIRCLE('',#3198,4.00000005960465);
#1210=CIRCLE('',#3200,15.8113885364499);
#1211=CIRCLE('',#3201,15.8113885364499);
#1212=CIRCLE('',#3205,4.00000005960465);
#1213=CIRCLE('',#3206,4.00000005960465);
#1214=CIRCLE('',#3208,15.8113885364499);
#1215=CIRCLE('',#3209,15.8113885364499);
#1216=CIRCLE('',#3213,4.00000005960465);
#1217=CIRCLE('',#3214,4.00000005960465);
#1218=CIRCLE('',#3216,15.8113885364499);
#1219=CIRCLE('',#3217,15.8113885364499);
#1220=CIRCLE('',#3221,4.00000005960465);
#1221=CIRCLE('',#3222,4.00000005960465);
#1222=CIRCLE('',#3224,15.8113885364499);
#1223=CIRCLE('',#3225,15.8113885364499);
#1224=CIRCLE('',#3229,6.);
#1225=CIRCLE('',#3230,6.);
#1226=CIRCLE('',#3233,6.);
#1227=CIRCLE('',#3234,3.);
#1228=CIRCLE('',#3235,3.);
#1229=CIRCLE('',#3236,3.);
#1230=CIRCLE('',#3237,3.);
#1231=CIRCLE('',#3239,6.);
#1232=CIRCLE('',#3241,3.);
#1233=CIRCLE('',#3244,3.);
#1234=CIRCLE('',#3247,3.);
#1235=CIRCLE('',#3249,3.);
#1236=CIRCLE('',#3251,1.5);
#1237=CIRCLE('',#3252,1.5);
#1238=CIRCLE('',#3255,1.5);
#1239=CIRCLE('',#3257,1.5);
#1240=CIRCLE('',#3262,1.5);
#1241=CIRCLE('',#3263,1.5);
#1242=CIRCLE('',#3266,1.5);
#1243=CIRCLE('',#3267,1.5);
#1244=CIRCLE('',#3281,2.5);
#1245=CIRCLE('',#3282,2.5);
#1246=CIRCLE('',#3285,2.5);
#1247=CIRCLE('',#3286,2.5);
#1248=CIRCLE('',#3289,2.5);
#1249=CIRCLE('',#3290,2.5);
#1250=CIRCLE('',#3293,2.5);
#1251=CIRCLE('',#3294,2.5);
#1252=CIRCLE('',#3299,11.0000001639128);
#1253=CIRCLE('',#3301,11.0000001639128);
#1254=CIRCLE('',#3303,11.0000001639128);
#1255=CIRCLE('',#3305,11.0000001639128);
#1256=CIRCLE('',#3308,11.0000001639128);
#1257=CIRCLE('',#3310,11.0000001639128);
#1258=CIRCLE('',#3312,11.0000001639128);
#1259=CIRCLE('',#3314,11.0000001639128);
#1260=CIRCLE('',#3316,11.0000001639128);
#1261=CIRCLE('',#3317,11.0000001639128);
#1262=CIRCLE('',#3319,11.0000001639128);
#1263=CIRCLE('',#3320,4.00000005960464);
#1264=CIRCLE('',#3322,11.0000001639128);
#1265=CIRCLE('',#3324,11.0000001639128);
#1266=CIRCLE('',#3326,4.00000005960464);
#1267=CIRCLE('',#3329,11.0000001639128);
#1268=CIRCLE('',#3330,4.00000005960464);
#1269=CIRCLE('',#3332,11.0000001639128);
#1270=CIRCLE('',#3333,11.0000001639128);
#1271=CIRCLE('',#3335,11.0000001639128);
#1272=CIRCLE('',#3337,4.00000005960464);
#1273=CIRCLE('',#3340,11.0000001639128);
#1274=CIRCLE('',#3342,11.0000001639128);
#1275=CIRCLE('',#3343,4.00000005960464);
#1276=CIRCLE('',#3345,11.0000001639128);
#1277=CIRCLE('',#3346,11.0000001639128);
#1278=CIRCLE('',#3348,4.00000005960464);
#1279=CIRCLE('',#3350,11.0000001639128);
#1280=CIRCLE('',#3351,11.0000001639128);
#1281=CIRCLE('',#3354,11.0000001639128);
#1282=CIRCLE('',#3355,4.00000005960464);
#1283=CIRCLE('',#3358,4.00000005960464);
#1284=VERTEX_POINT('',#4290);
#1285=VERTEX_POINT('',#4292);
#1286=VERTEX_POINT('',#4296);
#1287=VERTEX_POINT('',#4298);
#1288=VERTEX_POINT('',#4304);
#1289=VERTEX_POINT('',#4305);
#1290=VERTEX_POINT('',#4307);
#1291=VERTEX_POINT('',#4309);
#1292=VERTEX_POINT('',#4311);
#1293=VERTEX_POINT('',#4315);
#1294=VERTEX_POINT('',#4316);
#1295=VERTEX_POINT('',#4318);
#1296=VERTEX_POINT('',#4320);
#1297=VERTEX_POINT('',#4324);
#1298=VERTEX_POINT('',#4326);
#1299=VERTEX_POINT('',#4330);
#1300=VERTEX_POINT('',#4332);
#1301=VERTEX_POINT('',#4336);
#1302=VERTEX_POINT('',#4338);
#1303=VERTEX_POINT('',#4342);
#1304=VERTEX_POINT('',#4344);
#1305=VERTEX_POINT('',#4348);
#1306=VERTEX_POINT('',#4350);
#1307=VERTEX_POINT('',#4354);
#1308=VERTEX_POINT('',#4356);
#1309=VERTEX_POINT('',#4360);
#1310=VERTEX_POINT('',#4364);
#1311=VERTEX_POINT('',#4369);
#1312=VERTEX_POINT('',#4374);
#1313=VERTEX_POINT('',#4379);
#1314=VERTEX_POINT('',#4381);
#1315=VERTEX_POINT('',#4385);
#1316=VERTEX_POINT('',#4387);
#1317=VERTEX_POINT('',#4391);
#1318=VERTEX_POINT('',#4393);
#1319=VERTEX_POINT('',#4397);
#1320=VERTEX_POINT('',#4399);
#1321=VERTEX_POINT('',#4403);
#1322=VERTEX_POINT('',#4405);
#1323=VERTEX_POINT('',#4414);
#1324=VERTEX_POINT('',#4416);
#1325=VERTEX_POINT('',#4420);
#1326=VERTEX_POINT('',#4455);
#1327=VERTEX_POINT('',#4457);
#1328=VERTEX_POINT('',#4468);
#1329=VERTEX_POINT('',#4479);
#1330=VERTEX_POINT('',#4501);
#1331=VERTEX_POINT('',#4504);
#1332=VERTEX_POINT('',#4509);
#1333=VERTEX_POINT('',#4513);
#1334=VERTEX_POINT('',#4518);
#1335=VERTEX_POINT('',#4520);
#1336=VERTEX_POINT('',#4524);
#1337=VERTEX_POINT('',#4526);
#1338=VERTEX_POINT('',#4530);
#1339=VERTEX_POINT('',#4532);
#1340=VERTEX_POINT('',#4536);
#1341=VERTEX_POINT('',#4538);
#1342=VERTEX_POINT('',#4542);
#1343=VERTEX_POINT('',#4543);
#1344=VERTEX_POINT('',#4545);
#1345=VERTEX_POINT('',#4547);
#1346=VERTEX_POINT('',#4551);
#1347=VERTEX_POINT('',#4553);
#1348=VERTEX_POINT('',#4557);
#1349=VERTEX_POINT('',#4559);
#1350=VERTEX_POINT('',#4565);
#1351=VERTEX_POINT('',#4567);
#1352=VERTEX_POINT('',#4569);
#1353=VERTEX_POINT('',#4571);
#1354=VERTEX_POINT('',#4573);
#1355=VERTEX_POINT('',#4575);
#1356=VERTEX_POINT('',#4577);
#1357=VERTEX_POINT('',#4579);
#1358=VERTEX_POINT('',#4581);
#1359=VERTEX_POINT('',#4583);
#1360=VERTEX_POINT('',#4585);
#1361=VERTEX_POINT('',#4587);
#1362=VERTEX_POINT('',#4589);
#1363=VERTEX_POINT('',#4591);
#1364=VERTEX_POINT('',#4593);
#1365=VERTEX_POINT('',#4595);
#1366=VERTEX_POINT('',#4597);
#1367=VERTEX_POINT('',#4599);
#1368=VERTEX_POINT('',#4603);
#1369=VERTEX_POINT('',#4604);
#1370=VERTEX_POINT('',#4606);
#1371=VERTEX_POINT('',#4608);
#1372=VERTEX_POINT('',#4612);
#1373=VERTEX_POINT('',#4614);
#1374=VERTEX_POINT('',#4618);
#1375=VERTEX_POINT('',#4622);
#1376=VERTEX_POINT('',#4626);
#1377=VERTEX_POINT('',#4628);
#1378=VERTEX_POINT('',#4631);
#1379=VERTEX_POINT('',#4633);
#1380=VERTEX_POINT('',#4635);
#1381=VERTEX_POINT('',#4637);
#1382=VERTEX_POINT('',#4639);
#1383=VERTEX_POINT('',#4642);
#1384=VERTEX_POINT('',#4646);
#1385=VERTEX_POINT('',#4648);
#1386=VERTEX_POINT('',#4652);
#1387=VERTEX_POINT('',#4654);
#1388=VERTEX_POINT('',#4662);
#1389=VERTEX_POINT('',#4666);
#1390=VERTEX_POINT('',#4673);
#1391=VERTEX_POINT('',#4675);
#1392=VERTEX_POINT('',#4677);
#1393=VERTEX_POINT('',#4679);
#1394=VERTEX_POINT('',#4681);
#1395=VERTEX_POINT('',#4683);
#1396=VERTEX_POINT('',#4685);
#1397=VERTEX_POINT('',#4687);
#1398=VERTEX_POINT('',#4689);
#1399=VERTEX_POINT('',#4691);
#1400=VERTEX_POINT('',#4693);
#1401=VERTEX_POINT('',#4695);
#1402=VERTEX_POINT('',#4724);
#1403=VERTEX_POINT('',#4726);
#1404=VERTEX_POINT('',#4730);
#1405=VERTEX_POINT('',#4732);
#1406=VERTEX_POINT('',#4738);
#1407=VERTEX_POINT('',#4740);
#1408=VERTEX_POINT('',#4744);
#1409=VERTEX_POINT('',#4746);
#1410=VERTEX_POINT('',#4752);
#1411=VERTEX_POINT('',#4754);
#1412=VERTEX_POINT('',#4758);
#1413=VERTEX_POINT('',#4760);
#1414=VERTEX_POINT('',#4766);
#1415=VERTEX_POINT('',#4768);
#1416=VERTEX_POINT('',#4772);
#1417=VERTEX_POINT('',#4774);
#1418=VERTEX_POINT('',#4780);
#1419=VERTEX_POINT('',#4781);
#1420=VERTEX_POINT('',#4783);
#1421=VERTEX_POINT('',#4785);
#1422=VERTEX_POINT('',#4789);
#1423=VERTEX_POINT('',#4791);
#1424=VERTEX_POINT('',#4795);
#1425=VERTEX_POINT('',#4797);
#1426=VERTEX_POINT('',#4799);
#1427=VERTEX_POINT('',#4801);
#1428=VERTEX_POINT('',#4803);
#1429=VERTEX_POINT('',#4805);
#1430=VERTEX_POINT('',#4807);
#1431=VERTEX_POINT('',#4809);
#1432=VERTEX_POINT('',#4811);
#1433=VERTEX_POINT('',#4813);
#1434=VERTEX_POINT('',#4815);
#1435=VERTEX_POINT('',#4817);
#1436=VERTEX_POINT('',#4819);
#1437=VERTEX_POINT('',#4821);
#1438=VERTEX_POINT('',#4823);
#1439=VERTEX_POINT('',#4825);
#1440=VERTEX_POINT('',#4827);
#1441=VERTEX_POINT('',#4829);
#1442=VERTEX_POINT('',#4831);
#1443=VERTEX_POINT('',#4833);
#1444=VERTEX_POINT('',#4835);
#1445=VERTEX_POINT('',#4839);
#1446=VERTEX_POINT('',#4840);
#1447=VERTEX_POINT('',#4845);
#1448=VERTEX_POINT('',#4846);
#1449=VERTEX_POINT('',#4851);
#1450=VERTEX_POINT('',#4855);
#1451=VERTEX_POINT('',#4856);
#1452=VERTEX_POINT('',#4863);
#1453=VERTEX_POINT('',#4865);
#1454=VERTEX_POINT('',#4869);
#1455=VERTEX_POINT('',#4870);
#1456=VERTEX_POINT('',#4876);
#1457=VERTEX_POINT('',#4878);
#1458=VERTEX_POINT('',#4880);
#1459=VERTEX_POINT('',#4882);
#1460=VERTEX_POINT('',#4884);
#1461=VERTEX_POINT('',#4886);
#1462=VERTEX_POINT('',#4888);
#1463=VERTEX_POINT('',#4890);
#1464=VERTEX_POINT('',#4896);
#1465=VERTEX_POINT('',#4897);
#1466=VERTEX_POINT('',#4902);
#1467=VERTEX_POINT('',#4904);
#1468=VERTEX_POINT('',#4906);
#1469=VERTEX_POINT('',#4908);
#1470=VERTEX_POINT('',#4918);
#1471=VERTEX_POINT('',#4919);
#1472=VERTEX_POINT('',#4921);
#1473=VERTEX_POINT('',#4923);
#1474=VERTEX_POINT('',#4927);
#1475=VERTEX_POINT('',#4929);
#1476=VERTEX_POINT('',#4933);
#1477=VERTEX_POINT('',#4934);
#1478=VERTEX_POINT('',#4936);
#1479=VERTEX_POINT('',#4938);
#1480=VERTEX_POINT('',#4950);
#1481=VERTEX_POINT('',#4954);
#1482=VERTEX_POINT('',#4956);
#1483=VERTEX_POINT('',#4958);
#1484=VERTEX_POINT('',#4960);
#1485=VERTEX_POINT('',#4962);
#1486=VERTEX_POINT('',#4964);
#1487=VERTEX_POINT('',#4966);
#1488=VERTEX_POINT('',#4972);
#1489=VERTEX_POINT('',#4974);
#1490=VERTEX_POINT('',#4978);
#1491=VERTEX_POINT('',#4987);
#1492=VERTEX_POINT('',#4991);
#1493=VERTEX_POINT('',#4993);
#1494=VERTEX_POINT('',#4998);
#1495=VERTEX_POINT('',#5000);
#1496=VERTEX_POINT('',#5005);
#1497=VERTEX_POINT('',#5007);
#1498=VERTEX_POINT('',#5012);
#1499=VERTEX_POINT('',#5014);
#1500=VERTEX_POINT('',#5019);
#1501=VERTEX_POINT('',#5022);
#1502=VERTEX_POINT('',#5023);
#1503=VERTEX_POINT('',#5025);
#1504=VERTEX_POINT('',#5027);
#1505=VERTEX_POINT('',#5030);
#1506=VERTEX_POINT('',#5031);
#1507=VERTEX_POINT('',#5033);
#1508=VERTEX_POINT('',#5035);
#1509=VERTEX_POINT('',#5038);
#1510=VERTEX_POINT('',#5039);
#1511=VERTEX_POINT('',#5041);
#1512=VERTEX_POINT('',#5043);
#1513=VERTEX_POINT('',#5046);
#1514=VERTEX_POINT('',#5047);
#1515=VERTEX_POINT('',#5049);
#1516=VERTEX_POINT('',#5051);
#1517=VERTEX_POINT('',#5055);
#1518=VERTEX_POINT('',#5057);
#1519=VERTEX_POINT('',#5059);
#1520=VERTEX_POINT('',#5061);
#1521=VERTEX_POINT('',#5063);
#1522=VERTEX_POINT('',#5073);
#1523=VERTEX_POINT('',#5077);
#1524=VERTEX_POINT('',#5079);
#1525=VERTEX_POINT('',#5081);
#1526=VERTEX_POINT('',#5093);
#1527=VERTEX_POINT('',#5097);
#1528=VERTEX_POINT('',#5099);
#1529=VERTEX_POINT('',#5107);
#1530=VERTEX_POINT('',#5112);
#1531=VERTEX_POINT('',#5114);
#1532=VERTEX_POINT('',#5117);
#1533=VERTEX_POINT('',#5124);
#1534=VERTEX_POINT('',#5131);
#1535=VERTEX_POINT('',#5133);
#1536=VERTEX_POINT('',#5136);
#1537=VERTEX_POINT('',#5141);
#1538=VERTEX_POINT('',#5145);
#1539=VERTEX_POINT('',#5150);
#1540=VERTEX_POINT('',#5152);
#1541=VERTEX_POINT('',#5157);
#1542=VERTEX_POINT('',#5162);
#1543=VERTEX_POINT('',#5164);
#1544=VERTEX_POINT('',#5168);
#1545=VERTEX_POINT('',#5170);
#1546=VERTEX_POINT('',#5179);
#1547=VERTEX_POINT('',#5181);
#1548=VERTEX_POINT('',#5185);
#1549=VERTEX_POINT('',#5187);
#1550=VERTEX_POINT('',#5196);
#1551=VERTEX_POINT('',#5198);
#1552=VERTEX_POINT('',#5202);
#1553=VERTEX_POINT('',#5204);
#1554=VERTEX_POINT('',#5213);
#1555=VERTEX_POINT('',#5215);
#1556=VERTEX_POINT('',#5219);
#1557=VERTEX_POINT('',#5221);
#1558=EDGE_CURVE('',#1284,#1284,#1153,.T.);
#1559=EDGE_CURVE('',#1284,#1285,#585,.T.);
#1560=EDGE_CURVE('',#1285,#1285,#1154,.T.);
#1561=EDGE_CURVE('',#1286,#1286,#1155,.T.);
#1562=EDGE_CURVE('',#1286,#1287,#586,.T.);
#1563=EDGE_CURVE('',#1287,#1287,#1156,.T.);
#1564=EDGE_CURVE('',#1288,#1289,#587,.T.);
#1565=EDGE_CURVE('',#1288,#1290,#588,.T.);
#1566=EDGE_CURVE('',#1291,#1290,#589,.T.);
#1567=EDGE_CURVE('',#1292,#1291,#590,.T.);
#1568=EDGE_CURVE('',#1289,#1292,#591,.T.);
#1569=EDGE_CURVE('',#1293,#1294,#592,.T.);
#1570=EDGE_CURVE('',#1293,#1295,#1157,.T.);
#1571=EDGE_CURVE('',#1296,#1295,#593,.T.);
#1572=EDGE_CURVE('',#1296,#1294,#1158,.T.);
#1573=EDGE_CURVE('',#1294,#1297,#594,.T.);
#1574=EDGE_CURVE('',#1298,#1296,#595,.T.);
#1575=EDGE_CURVE('',#1298,#1297,#1159,.T.);
#1576=EDGE_CURVE('',#1297,#1299,#596,.T.);
#1577=EDGE_CURVE('',#1300,#1298,#597,.T.);
#1578=EDGE_CURVE('',#1300,#1299,#1160,.T.);
#1579=EDGE_CURVE('',#1299,#1301,#598,.T.);
#1580=EDGE_CURVE('',#1302,#1300,#599,.T.);
#1581=EDGE_CURVE('',#1301,#1302,#1161,.T.);
#1582=EDGE_CURVE('',#1301,#1303,#600,.T.);
#1583=EDGE_CURVE('',#1304,#1302,#601,.T.);
#1584=EDGE_CURVE('',#1303,#1304,#1162,.T.);
#1585=EDGE_CURVE('',#1303,#1305,#602,.T.);
#1586=EDGE_CURVE('',#1306,#1304,#603,.T.);
#1587=EDGE_CURVE('',#1305,#1306,#1163,.T.);
#1588=EDGE_CURVE('',#1305,#1307,#604,.T.);
#1589=EDGE_CURVE('',#1308,#1306,#605,.T.);
#1590=EDGE_CURVE('',#1308,#1307,#1164,.T.);
#1591=EDGE_CURVE('',#1291,#1309,#1165,.T.);
#1592=EDGE_CURVE('',#1290,#1309,#606,.T.);
#1593=EDGE_CURVE('',#1310,#1293,#607,.T.);
#1594=EDGE_CURVE('',#1310,#1291,#1166,.T.);
#1595=EDGE_CURVE('',#1295,#1309,#608,.T.);
#1596=EDGE_CURVE('',#1309,#1311,#609,.T.);
#1597=EDGE_CURVE('',#1311,#1288,#610,.T.);
#1598=EDGE_CURVE('',#1310,#1292,#611,.T.);
#1599=EDGE_CURVE('',#1312,#1310,#612,.T.);
#1600=EDGE_CURVE('',#1289,#1312,#613,.T.);
#1601=EDGE_CURVE('',#1313,#1312,#614,.T.);
#1602=EDGE_CURVE('',#1313,#1314,#1167,.T.);
#1603=EDGE_CURVE('',#1311,#1314,#615,.T.);
#1604=EDGE_CURVE('',#1315,#1313,#616,.T.);
#1605=EDGE_CURVE('',#1316,#1315,#1168,.T.);
#1606=EDGE_CURVE('',#1314,#1316,#617,.T.);
#1607=EDGE_CURVE('',#1317,#1315,#618,.T.);
#1608=EDGE_CURVE('',#1317,#1318,#1169,.T.);
#1609=EDGE_CURVE('',#1316,#1318,#619,.T.);
#1610=EDGE_CURVE('',#1319,#1317,#620,.T.);
#1611=EDGE_CURVE('',#1319,#1320,#1170,.T.);
#1612=EDGE_CURVE('',#1318,#1320,#621,.T.);
#1613=EDGE_CURVE('',#1307,#1321,#622,.T.);
#1614=EDGE_CURVE('',#1322,#1308,#623,.T.);
#1615=EDGE_CURVE('',#1321,#1322,#1171,.T.);
#1616=EDGE_CURVE('',#1321,#1319,#624,.T.);
#1617=EDGE_CURVE('',#1320,#1322,#625,.T.);
#1618=EDGE_CURVE('',#1323,#1323,#1172,.T.);
#1619=EDGE_CURVE('',#1323,#1324,#626,.T.);
#1620=EDGE_CURVE('',#1324,#1324,#1173,.T.);
#1621=EDGE_CURVE('',#1325,#1325,#19,.T.);
#1622=EDGE_CURVE('',#1325,#1326,#627,.T.);
#1623=EDGE_CURVE('',#1327,#1326,#20,.T.);
#1624=EDGE_CURVE('',#1328,#1327,#21,.T.);
#1625=EDGE_CURVE('',#1329,#1328,#22,.T.);
#1626=EDGE_CURVE('',#1326,#1329,#23,.T.);
#1627=EDGE_CURVE('',#1330,#1330,#1174,.T.);
#1628=EDGE_CURVE('',#1330,#1329,#628,.T.);
#1629=EDGE_CURVE('',#1327,#1331,#629,.T.);
#1630=EDGE_CURVE('',#1331,#1331,#1175,.T.);
#1631=EDGE_CURVE('',#1332,#1332,#1176,.T.);
#1632=EDGE_CURVE('',#1332,#1333,#630,.T.);
#1633=EDGE_CURVE('',#1333,#1333,#1177,.T.);
#1634=EDGE_CURVE('',#1334,#1334,#1178,.T.);
#1635=EDGE_CURVE('',#1334,#1335,#631,.T.);
#1636=EDGE_CURVE('',#1335,#1335,#1179,.T.);
#1637=EDGE_CURVE('',#1336,#1336,#1180,.T.);
#1638=EDGE_CURVE('',#1336,#1337,#632,.T.);
#1639=EDGE_CURVE('',#1337,#1337,#1181,.T.);
#1640=EDGE_CURVE('',#1338,#1338,#1182,.T.);
#1641=EDGE_CURVE('',#1338,#1339,#633,.T.);
#1642=EDGE_CURVE('',#1339,#1339,#1183,.T.);
#1643=EDGE_CURVE('',#1340,#1340,#1184,.T.);
#1644=EDGE_CURVE('',#1340,#1341,#634,.T.);
#1645=EDGE_CURVE('',#1341,#1341,#1185,.T.);
#1646=EDGE_CURVE('',#1342,#1343,#1186,.T.);
#1647=EDGE_CURVE('',#1342,#1344,#635,.T.);
#1648=EDGE_CURVE('',#1345,#1344,#636,.T.);
#1649=EDGE_CURVE('',#1343,#1345,#637,.T.);
#1650=EDGE_CURVE('',#1346,#1342,#638,.T.);
#1651=EDGE_CURVE('',#1346,#1347,#639,.T.);
#1652=EDGE_CURVE('',#1344,#1347,#640,.T.);
#1653=EDGE_CURVE('',#1348,#1346,#1187,.T.);
#1654=EDGE_CURVE('',#1349,#1348,#641,.T.);
#1655=EDGE_CURVE('',#1347,#1349,#642,.T.);
#1656=EDGE_CURVE('',#1349,#1345,#643,.T.);
#1657=EDGE_CURVE('',#1350,#1348,#644,.T.);
#1658=EDGE_CURVE('',#1351,#1350,#645,.T.);
#1659=EDGE_CURVE('',#1352,#1351,#646,.T.);
#1660=EDGE_CURVE('',#1353,#1352,#647,.T.);
#1661=EDGE_CURVE('',#1354,#1353,#648,.T.);
#1662=EDGE_CURVE('',#1355,#1354,#649,.T.);
#1663=EDGE_CURVE('',#1356,#1355,#650,.T.);
#1664=EDGE_CURVE('',#1357,#1356,#651,.T.);
#1665=EDGE_CURVE('',#1358,#1357,#652,.T.);
#1666=EDGE_CURVE('',#1359,#1358,#653,.T.);
#1667=EDGE_CURVE('',#1360,#1359,#654,.T.);
#1668=EDGE_CURVE('',#1361,#1360,#655,.T.);
#1669=EDGE_CURVE('',#1362,#1361,#656,.T.);
#1670=EDGE_CURVE('',#1363,#1362,#657,.T.);
#1671=EDGE_CURVE('',#1364,#1363,#658,.T.);
#1672=EDGE_CURVE('',#1364,#1365,#659,.T.);
#1673=EDGE_CURVE('',#1366,#1365,#660,.T.);
#1674=EDGE_CURVE('',#1366,#1367,#661,.T.);
#1675=EDGE_CURVE('',#1343,#1367,#662,.T.);
#1676=EDGE_CURVE('',#1368,#1369,#1188,.T.);
#1677=EDGE_CURVE('',#1370,#1368,#663,.T.);
#1678=EDGE_CURVE('',#1371,#1370,#664,.T.);
#1679=EDGE_CURVE('',#1369,#1371,#665,.T.);
#1680=EDGE_CURVE('',#1372,#1371,#666,.T.);
#1681=EDGE_CURVE('',#1370,#1373,#667,.T.);
#1682=EDGE_CURVE('',#1373,#1372,#668,.T.);
#1683=EDGE_CURVE('',#1374,#1368,#669,.T.);
#1684=EDGE_CURVE('',#1373,#1374,#670,.T.);
#1685=EDGE_CURVE('',#1375,#1374,#1189,.T.);
#1686=EDGE_CURVE('',#1372,#1375,#671,.T.);
#1687=EDGE_CURVE('',#1367,#1376,#1190,.T.);
#1688=EDGE_CURVE('',#1376,#1377,#672,.T.);
#1689=EDGE_CURVE('',#1377,#1364,#1191,.T.);
#1690=EDGE_CURVE('',#1378,#1363,#1192,.T.);
#1691=EDGE_CURVE('',#1378,#1379,#673,.T.);
#1692=EDGE_CURVE('',#1379,#1380,#1193,.T.);
#1693=EDGE_CURVE('',#1380,#1381,#674,.T.);
#1694=EDGE_CURVE('',#1381,#1382,#1194,.T.);
#1695=EDGE_CURVE('',#1382,#1375,#675,.T.);
#1696=EDGE_CURVE('',#1369,#1383,#676,.T.);
#1697=EDGE_CURVE('',#1350,#1383,#1195,.T.);
#1698=EDGE_CURVE('',#1384,#1381,#677,.T.);
#1699=EDGE_CURVE('',#1385,#1384,#678,.T.);
#1700=EDGE_CURVE('',#1382,#1385,#679,.T.);
#1701=EDGE_CURVE('',#1386,#1385,#680,.T.);
#1702=EDGE_CURVE('',#1384,#1387,#681,.T.);
#1703=EDGE_CURVE('',#1387,#1386,#682,.T.);
#1704=EDGE_CURVE('',#1387,#1380,#683,.T.);
#1705=EDGE_CURVE('',#1386,#1379,#684,.T.);
#1706=EDGE_CURVE('',#1388,#1366,#685,.T.);
#1707=EDGE_CURVE('',#1376,#1388,#686,.T.);
#1708=EDGE_CURVE('',#1389,#1388,#687,.T.);
#1709=EDGE_CURVE('',#1377,#1389,#688,.T.);
#1710=EDGE_CURVE('',#1365,#1389,#689,.T.);
#1711=EDGE_CURVE('',#1390,#1378,#690,.T.);
#1712=EDGE_CURVE('',#1391,#1390,#691,.T.);
#1713=EDGE_CURVE('',#1392,#1391,#692,.T.);
#1714=EDGE_CURVE('',#1393,#1392,#693,.T.);
#1715=EDGE_CURVE('',#1394,#1393,#694,.T.);
#1716=EDGE_CURVE('',#1395,#1394,#695,.T.);
#1717=EDGE_CURVE('',#1396,#1395,#696,.T.);
#1718=EDGE_CURVE('',#1397,#1396,#697,.T.);
#1719=EDGE_CURVE('',#1398,#1397,#698,.T.);
#1720=EDGE_CURVE('',#1399,#1398,#699,.T.);
#1721=EDGE_CURVE('',#1400,#1399,#700,.T.);
#1722=EDGE_CURVE('',#1401,#1400,#701,.T.);
#1723=EDGE_CURVE('',#1383,#1401,#702,.T.);
#1724=EDGE_CURVE('',#1356,#1396,#1196,.T.);
#1725=EDGE_CURVE('',#1395,#1357,#1197,.T.);
#1726=EDGE_CURVE('',#1394,#1358,#1198,.T.);
#1727=EDGE_CURVE('',#1393,#1359,#1199,.T.);
#1728=EDGE_CURVE('',#1360,#1392,#1200,.T.);
#1729=EDGE_CURVE('',#1361,#1391,#1201,.T.);
#1730=EDGE_CURVE('',#1362,#1390,#1202,.T.);
#1731=EDGE_CURVE('',#1397,#1355,#1203,.T.);
#1732=EDGE_CURVE('',#1401,#1351,#1204,.T.);
#1733=EDGE_CURVE('',#1352,#1400,#1205,.T.);
#1734=EDGE_CURVE('',#1399,#1353,#1206,.T.);
#1735=EDGE_CURVE('',#1398,#1354,#1207,.T.);
#1736=EDGE_CURVE('',#1402,#1402,#1208,.T.);
#1737=EDGE_CURVE('',#1402,#1403,#703,.T.);
#1738=EDGE_CURVE('',#1403,#1403,#1209,.T.);
#1739=EDGE_CURVE('',#1404,#1404,#1210,.T.);
#1740=EDGE_CURVE('',#1404,#1405,#704,.T.);
#1741=EDGE_CURVE('',#1405,#1405,#1211,.T.);
#1742=EDGE_CURVE('',#1406,#1406,#1212,.T.);
#1743=EDGE_CURVE('',#1406,#1407,#705,.T.);
#1744=EDGE_CURVE('',#1407,#1407,#1213,.T.);
#1745=EDGE_CURVE('',#1408,#1408,#1214,.T.);
#1746=EDGE_CURVE('',#1408,#1409,#706,.T.);
#1747=EDGE_CURVE('',#1409,#1409,#1215,.T.);
#1748=EDGE_CURVE('',#1410,#1410,#1216,.T.);
#1749=EDGE_CURVE('',#1410,#1411,#707,.T.);
#1750=EDGE_CURVE('',#1411,#1411,#1217,.T.);
#1751=EDGE_CURVE('',#1412,#1412,#1218,.T.);
#1752=EDGE_CURVE('',#1412,#1413,#708,.T.);
#1753=EDGE_CURVE('',#1413,#1413,#1219,.T.);
#1754=EDGE_CURVE('',#1414,#1414,#1220,.T.);
#1755=EDGE_CURVE('',#1414,#1415,#709,.T.);
#1756=EDGE_CURVE('',#1415,#1415,#1221,.T.);
#1757=EDGE_CURVE('',#1416,#1416,#1222,.T.);
#1758=EDGE_CURVE('',#1416,#1417,#710,.T.);
#1759=EDGE_CURVE('',#1417,#1417,#1223,.T.);
#1760=EDGE_CURVE('',#1418,#1419,#1224,.T.);
#1761=EDGE_CURVE('',#1419,#1420,#711,.T.);
#1762=EDGE_CURVE('',#1420,#1421,#1225,.T.);
#1763=EDGE_CURVE('',#1418,#1421,#712,.T.);
#1764=EDGE_CURVE('',#1419,#1422,#713,.T.);
#1765=EDGE_CURVE('',#1422,#1423,#714,.T.);
#1766=EDGE_CURVE('',#1423,#1420,#715,.T.);
#1767=EDGE_CURVE('',#1424,#1418,#716,.T.);
#1768=EDGE_CURVE('',#1425,#1424,#1226,.T.);
#1769=EDGE_CURVE('',#1426,#1425,#717,.T.);
#1770=EDGE_CURVE('',#1427,#1426,#718,.T.);
#1771=EDGE_CURVE('',#1427,#1428,#719,.T.);
#1772=EDGE_CURVE('',#1429,#1428,#1227,.T.);
#1773=EDGE_CURVE('',#1429,#1430,#720,.T.);
#1774=EDGE_CURVE('',#1430,#1431,#1228,.F.);
#1775=EDGE_CURVE('',#1431,#1432,#721,.T.);
#1776=EDGE_CURVE('',#1432,#1433,#722,.T.);
#1777=EDGE_CURVE('',#1433,#1434,#723,.T.);
#1778=EDGE_CURVE('',#1435,#1434,#724,.T.);
#1779=EDGE_CURVE('',#1435,#1436,#725,.T.);
#1780=EDGE_CURVE('',#1437,#1436,#726,.T.);
#1781=EDGE_CURVE('',#1437,#1438,#727,.T.);
#1782=EDGE_CURVE('',#1438,#1439,#728,.T.);
#1783=EDGE_CURVE('',#1439,#1440,#729,.T.);
#1784=EDGE_CURVE('',#1441,#1440,#1229,.T.);
#1785=EDGE_CURVE('',#1441,#1442,#730,.T.);
#1786=EDGE_CURVE('',#1443,#1442,#1230,.T.);
#1787=EDGE_CURVE('',#1443,#1444,#731,.T.);
#1788=EDGE_CURVE('',#1444,#1422,#732,.T.);
#1789=EDGE_CURVE('',#1445,#1446,#1231,.T.);
#1790=EDGE_CURVE('',#1446,#1425,#733,.T.);
#1791=EDGE_CURVE('',#1445,#1424,#734,.T.);
#1792=EDGE_CURVE('',#1447,#1448,#1232,.T.);
#1793=EDGE_CURVE('',#1447,#1441,#735,.T.);
#1794=EDGE_CURVE('',#1440,#1448,#736,.T.);
#1795=EDGE_CURVE('',#1449,#1439,#737,.T.);
#1796=EDGE_CURVE('',#1449,#1448,#738,.T.);
#1797=EDGE_CURVE('',#1450,#1451,#1233,.T.);
#1798=EDGE_CURVE('',#1450,#1443,#739,.T.);
#1799=EDGE_CURVE('',#1442,#1451,#740,.T.);
#1800=EDGE_CURVE('',#1447,#1451,#741,.T.);
#1801=EDGE_CURVE('',#1430,#1452,#742,.T.);
#1802=EDGE_CURVE('',#1453,#1452,#1234,.T.);
#1803=EDGE_CURVE('',#1431,#1453,#743,.T.);
#1804=EDGE_CURVE('',#1454,#1455,#1235,.T.);
#1805=EDGE_CURVE('',#1454,#1429,#744,.T.);
#1806=EDGE_CURVE('',#1428,#1455,#745,.T.);
#1807=EDGE_CURVE('',#1454,#1452,#746,.T.);
#1808=EDGE_CURVE('',#1456,#1455,#747,.T.);
#1809=EDGE_CURVE('',#1457,#1456,#748,.T.);
#1810=EDGE_CURVE('',#1458,#1457,#749,.T.);
#1811=EDGE_CURVE('',#1459,#1458,#1236,.F.);
#1812=EDGE_CURVE('',#1460,#1459,#750,.T.);
#1813=EDGE_CURVE('',#1461,#1460,#1237,.F.);
#1814=EDGE_CURVE('',#1462,#1461,#751,.T.);
#1815=EDGE_CURVE('',#1463,#1462,#752,.T.);
#1816=EDGE_CURVE('',#1453,#1463,#753,.T.);
#1817=EDGE_CURVE('',#1427,#1456,#754,.T.);
#1818=EDGE_CURVE('',#1464,#1465,#1238,.T.);
#1819=EDGE_CURVE('',#1465,#1461,#755,.T.);
#1820=EDGE_CURVE('',#1460,#1464,#756,.T.);
#1821=EDGE_CURVE('',#1464,#1466,#757,.T.);
#1822=EDGE_CURVE('',#1467,#1466,#1239,.T.);
#1823=EDGE_CURVE('',#1468,#1467,#758,.T.);
#1824=EDGE_CURVE('',#1468,#1469,#759,.T.);
#1825=EDGE_CURVE('',#1469,#1465,#760,.T.);
#1826=EDGE_CURVE('',#1466,#1459,#761,.T.);
#1827=EDGE_CURVE('',#1458,#1467,#762,.T.);
#1828=EDGE_CURVE('',#1457,#1468,#763,.T.);
#1829=EDGE_CURVE('',#1470,#1471,#1240,.T.);
#1830=EDGE_CURVE('',#1471,#1472,#764,.T.);
#1831=EDGE_CURVE('',#1472,#1473,#1241,.F.);
#1832=EDGE_CURVE('',#1473,#1470,#765,.T.);
#1833=EDGE_CURVE('',#1473,#1474,#766,.T.);
#1834=EDGE_CURVE('',#1475,#1474,#767,.T.);
#1835=EDGE_CURVE('',#1470,#1475,#768,.T.);
#1836=EDGE_CURVE('',#1476,#1477,#1242,.T.);
#1837=EDGE_CURVE('',#1477,#1478,#769,.T.);
#1838=EDGE_CURVE('',#1478,#1479,#1243,.F.);
#1839=EDGE_CURVE('',#1479,#1476,#770,.T.);
#1840=EDGE_CURVE('',#1476,#1471,#771,.T.);
#1841=EDGE_CURVE('',#1479,#1472,#772,.T.);
#1842=EDGE_CURVE('',#1462,#1469,#773,.T.);
#1843=EDGE_CURVE('',#1432,#1463,#774,.T.);
#1844=EDGE_CURVE('',#1480,#1446,#775,.T.);
#1845=EDGE_CURVE('',#1426,#1480,#776,.T.);
#1846=EDGE_CURVE('',#1480,#1481,#777,.T.);
#1847=EDGE_CURVE('',#1482,#1481,#778,.T.);
#1848=EDGE_CURVE('',#1483,#1482,#779,.T.);
#1849=EDGE_CURVE('',#1484,#1483,#780,.T.);
#1850=EDGE_CURVE('',#1485,#1484,#781,.T.);
#1851=EDGE_CURVE('',#1485,#1486,#782,.T.);
#1852=EDGE_CURVE('',#1487,#1486,#783,.T.);
#1853=EDGE_CURVE('',#1487,#1433,#784,.T.);
#1854=EDGE_CURVE('',#1445,#1421,#785,.T.);
#1855=EDGE_CURVE('',#1488,#1477,#786,.T.);
#1856=EDGE_CURVE('',#1489,#1488,#787,.T.);
#1857=EDGE_CURVE('',#1489,#1478,#788,.T.);
#1858=EDGE_CURVE('',#1450,#1490,#789,.T.);
#1859=EDGE_CURVE('',#1444,#1490,#790,.T.);
#1860=EDGE_CURVE('',#1474,#1449,#791,.T.);
#1861=EDGE_CURVE('',#1490,#1489,#792,.T.);
#1862=EDGE_CURVE('',#1475,#1488,#793,.T.);
#1863=EDGE_CURVE('',#1491,#1423,#794,.T.);
#1864=EDGE_CURVE('',#1481,#1491,#795,.T.);
#1865=EDGE_CURVE('',#1492,#1492,#1244,.T.);
#1866=EDGE_CURVE('',#1492,#1493,#796,.T.);
#1867=EDGE_CURVE('',#1493,#1493,#1245,.T.);
#1868=EDGE_CURVE('',#1494,#1494,#1246,.T.);
#1869=EDGE_CURVE('',#1494,#1495,#797,.T.);
#1870=EDGE_CURVE('',#1495,#1495,#1247,.T.);
#1871=EDGE_CURVE('',#1496,#1496,#1248,.T.);
#1872=EDGE_CURVE('',#1496,#1497,#798,.T.);
#1873=EDGE_CURVE('',#1497,#1497,#1249,.T.);
#1874=EDGE_CURVE('',#1498,#1498,#1250,.T.);
#1875=EDGE_CURVE('',#1498,#1499,#799,.T.);
#1876=EDGE_CURVE('',#1499,#1499,#1251,.T.);
#1877=EDGE_CURVE('',#1500,#1491,#800,.T.);
#1878=EDGE_CURVE('',#1482,#1500,#801,.T.);
#1879=EDGE_CURVE('',#1501,#1502,#802,.T.);
#1880=EDGE_CURVE('',#1502,#1503,#803,.T.);
#1881=EDGE_CURVE('',#1503,#1504,#804,.T.);
#1882=EDGE_CURVE('',#1504,#1501,#805,.T.);
#1883=EDGE_CURVE('',#1505,#1506,#806,.T.);
#1884=EDGE_CURVE('',#1506,#1507,#807,.T.);
#1885=EDGE_CURVE('',#1507,#1508,#808,.T.);
#1886=EDGE_CURVE('',#1508,#1505,#809,.T.);
#1887=EDGE_CURVE('',#1509,#1510,#810,.T.);
#1888=EDGE_CURVE('',#1510,#1511,#811,.T.);
#1889=EDGE_CURVE('',#1511,#1512,#812,.T.);
#1890=EDGE_CURVE('',#1512,#1509,#813,.T.);
#1891=EDGE_CURVE('',#1513,#1514,#814,.T.);
#1892=EDGE_CURVE('',#1514,#1515,#815,.T.);
#1893=EDGE_CURVE('',#1515,#1516,#816,.T.);
#1894=EDGE_CURVE('',#1516,#1513,#817,.T.);
#1895=EDGE_CURVE('',#1438,#1517,#818,.T.);
#1896=EDGE_CURVE('',#1518,#1517,#819,.T.);
#1897=EDGE_CURVE('',#1518,#1519,#820,.T.);
#1898=EDGE_CURVE('',#1520,#1519,#821,.T.);
#1899=EDGE_CURVE('',#1520,#1521,#822,.T.);
#1900=EDGE_CURVE('',#1521,#1500,#823,.T.);
#1901=EDGE_CURVE('',#1519,#1520,#1252,.T.);
#1902=EDGE_CURVE('',#1437,#1517,#1253,.T.);
#1903=EDGE_CURVE('',#1436,#1437,#1254,.T.);
#1904=EDGE_CURVE('',#1520,#1522,#1255,.T.);
#1905=EDGE_CURVE('',#1522,#1521,#824,.T.);
#1906=EDGE_CURVE('',#1523,#1522,#825,.T.);
#1907=EDGE_CURVE('',#1523,#1524,#826,.T.);
#1908=EDGE_CURVE('',#1525,#1524,#827,.T.);
#1909=EDGE_CURVE('',#1525,#1483,#828,.T.);
#1910=EDGE_CURVE('',#1524,#1525,#1256,.T.);
#1911=EDGE_CURVE('',#1522,#1523,#1257,.T.);
#1912=EDGE_CURVE('',#1525,#1484,#1258,.T.);
#1913=EDGE_CURVE('',#1487,#1434,#1259,.T.);
#1914=EDGE_CURVE('',#1486,#1526,#1260,.T.);
#1915=EDGE_CURVE('',#1526,#1487,#1261,.T.);
#1916=EDGE_CURVE('',#1527,#1527,#1262,.T.);
#1917=EDGE_CURVE('',#1528,#1528,#1263,.T.);
#1918=EDGE_CURVE('',#1434,#1435,#1264,.T.);
#1919=EDGE_CURVE('',#1435,#1486,#1265,.T.);
#1920=EDGE_CURVE('',#1526,#1527,#829,.T.);
#1921=EDGE_CURVE('',#1529,#1529,#1266,.T.);
#1922=EDGE_CURVE('',#1529,#1528,#830,.T.);
#1923=EDGE_CURVE('',#1530,#1530,#1267,.T.);
#1924=EDGE_CURVE('',#1531,#1531,#1268,.T.);
#1925=EDGE_CURVE('',#1484,#1532,#1269,.T.);
#1926=EDGE_CURVE('',#1532,#1485,#1270,.T.);
#1927=EDGE_CURVE('',#1485,#1524,#1271,.T.);
#1928=EDGE_CURVE('',#1532,#1530,#831,.T.);
#1929=EDGE_CURVE('',#1533,#1533,#1272,.T.);
#1930=EDGE_CURVE('',#1533,#1531,#832,.T.);
#1931=EDGE_CURVE('',#1517,#1518,#1273,.T.);
#1932=EDGE_CURVE('',#1534,#1534,#1274,.T.);
#1933=EDGE_CURVE('',#1535,#1535,#1275,.T.);
#1934=EDGE_CURVE('',#1518,#1536,#1276,.T.);
#1935=EDGE_CURVE('',#1536,#1436,#1277,.T.);
#1936=EDGE_CURVE('',#1536,#1534,#833,.T.);
#1937=EDGE_CURVE('',#1537,#1537,#1278,.T.);
#1938=EDGE_CURVE('',#1537,#1535,#834,.T.);
#1939=EDGE_CURVE('',#1523,#1538,#1279,.T.);
#1940=EDGE_CURVE('',#1538,#1519,#1280,.T.);
#1941=EDGE_CURVE('',#1539,#1539,#1281,.T.);
#1942=EDGE_CURVE('',#1540,#1540,#1282,.T.);
#1943=EDGE_CURVE('',#1538,#1539,#835,.T.);
#1944=EDGE_CURVE('',#1541,#1541,#1283,.T.);
#1945=EDGE_CURVE('',#1541,#1540,#836,.T.);
#1946=EDGE_CURVE('',#1542,#1516,#837,.T.);
#1947=EDGE_CURVE('',#1543,#1515,#838,.T.);
#1948=EDGE_CURVE('',#1542,#1543,#839,.T.);
#1949=EDGE_CURVE('',#1544,#1542,#840,.T.);
#1950=EDGE_CURVE('',#1545,#1543,#841,.T.);
#1951=EDGE_CURVE('',#1544,#1545,#842,.T.);
#1952=EDGE_CURVE('',#1513,#1544,#843,.T.);
#1953=EDGE_CURVE('',#1545,#1514,#844,.T.);
#1954=EDGE_CURVE('',#1546,#1512,#845,.T.);
#1955=EDGE_CURVE('',#1547,#1511,#846,.T.);
#1956=EDGE_CURVE('',#1546,#1547,#847,.T.);
#1957=EDGE_CURVE('',#1548,#1546,#848,.T.);
#1958=EDGE_CURVE('',#1549,#1547,#849,.T.);
#1959=EDGE_CURVE('',#1548,#1549,#850,.T.);
#1960=EDGE_CURVE('',#1509,#1548,#851,.T.);
#1961=EDGE_CURVE('',#1549,#1510,#852,.T.);
#1962=EDGE_CURVE('',#1550,#1508,#853,.T.);
#1963=EDGE_CURVE('',#1551,#1507,#854,.T.);
#1964=EDGE_CURVE('',#1550,#1551,#855,.T.);
#1965=EDGE_CURVE('',#1552,#1550,#856,.T.);
#1966=EDGE_CURVE('',#1553,#1551,#857,.T.);
#1967=EDGE_CURVE('',#1552,#1553,#858,.T.);
#1968=EDGE_CURVE('',#1505,#1552,#859,.T.);
#1969=EDGE_CURVE('',#1553,#1506,#860,.T.);
#1970=EDGE_CURVE('',#1554,#1504,#861,.T.);
#1971=EDGE_CURVE('',#1555,#1503,#862,.T.);
#1972=EDGE_CURVE('',#1554,#1555,#863,.T.);
#1973=EDGE_CURVE('',#1556,#1554,#864,.T.);
#1974=EDGE_CURVE('',#1557,#1555,#865,.T.);
#1975=EDGE_CURVE('',#1556,#1557,#866,.T.);
#1976=EDGE_CURVE('',#1501,#1556,#867,.T.);
#1977=EDGE_CURVE('',#1557,#1502,#868,.T.);
#1978=ORIENTED_EDGE('',*,*,#1558,.F.);
#1979=ORIENTED_EDGE('',*,*,#1559,.T.);
#1980=ORIENTED_EDGE('',*,*,#1560,.T.);
#1981=ORIENTED_EDGE('',*,*,#1559,.F.);
#1982=ORIENTED_EDGE('',*,*,#1561,.F.);
#1983=ORIENTED_EDGE('',*,*,#1562,.T.);
#1984=ORIENTED_EDGE('',*,*,#1563,.T.);
#1985=ORIENTED_EDGE('',*,*,#1562,.F.);
#1986=ORIENTED_EDGE('',*,*,#1561,.T.);
#1987=ORIENTED_EDGE('',*,*,#1558,.T.);
#1988=ORIENTED_EDGE('',*,*,#1563,.F.);
#1989=ORIENTED_EDGE('',*,*,#1560,.F.);
#1990=ORIENTED_EDGE('',*,*,#1564,.F.);
#1991=ORIENTED_EDGE('',*,*,#1565,.T.);
#1992=ORIENTED_EDGE('',*,*,#1566,.F.);
#1993=ORIENTED_EDGE('',*,*,#1567,.F.);
#1994=ORIENTED_EDGE('',*,*,#1568,.F.);
#1995=ORIENTED_EDGE('',*,*,#1569,.F.);
#1996=ORIENTED_EDGE('',*,*,#1570,.T.);
#1997=ORIENTED_EDGE('',*,*,#1571,.F.);
#1998=ORIENTED_EDGE('',*,*,#1572,.T.);
#1999=ORIENTED_EDGE('',*,*,#1573,.F.);
#2000=ORIENTED_EDGE('',*,*,#1572,.F.);
#2001=ORIENTED_EDGE('',*,*,#1574,.F.);
#2002=ORIENTED_EDGE('',*,*,#1575,.T.);
#2003=ORIENTED_EDGE('',*,*,#1576,.F.);
#2004=ORIENTED_EDGE('',*,*,#1575,.F.);
#2005=ORIENTED_EDGE('',*,*,#1577,.F.);
#2006=ORIENTED_EDGE('',*,*,#1578,.T.);
#2007=ORIENTED_EDGE('',*,*,#1579,.F.);
#2008=ORIENTED_EDGE('',*,*,#1578,.F.);
#2009=ORIENTED_EDGE('',*,*,#1580,.F.);
#2010=ORIENTED_EDGE('',*,*,#1581,.F.);
#2011=ORIENTED_EDGE('',*,*,#1582,.F.);
#2012=ORIENTED_EDGE('',*,*,#1581,.T.);
#2013=ORIENTED_EDGE('',*,*,#1583,.F.);
#2014=ORIENTED_EDGE('',*,*,#1584,.F.);
#2015=ORIENTED_EDGE('',*,*,#1585,.F.);
#2016=ORIENTED_EDGE('',*,*,#1584,.T.);
#2017=ORIENTED_EDGE('',*,*,#1586,.F.);
#2018=ORIENTED_EDGE('',*,*,#1587,.F.);
#2019=ORIENTED_EDGE('',*,*,#1588,.F.);
#2020=ORIENTED_EDGE('',*,*,#1587,.T.);
#2021=ORIENTED_EDGE('',*,*,#1589,.F.);
#2022=ORIENTED_EDGE('',*,*,#1590,.T.);
#2023=ORIENTED_EDGE('',*,*,#1591,.F.);
#2024=ORIENTED_EDGE('',*,*,#1566,.T.);
#2025=ORIENTED_EDGE('',*,*,#1592,.T.);
#2026=ORIENTED_EDGE('',*,*,#1593,.F.);
#2027=ORIENTED_EDGE('',*,*,#1594,.T.);
#2028=ORIENTED_EDGE('',*,*,#1591,.T.);
#2029=ORIENTED_EDGE('',*,*,#1595,.F.);
#2030=ORIENTED_EDGE('',*,*,#1570,.F.);
#2031=ORIENTED_EDGE('',*,*,#1596,.F.);
#2032=ORIENTED_EDGE('',*,*,#1592,.F.);
#2033=ORIENTED_EDGE('',*,*,#1565,.F.);
#2034=ORIENTED_EDGE('',*,*,#1597,.F.);
#2035=ORIENTED_EDGE('',*,*,#1568,.T.);
#2036=ORIENTED_EDGE('',*,*,#1598,.F.);
#2037=ORIENTED_EDGE('',*,*,#1599,.F.);
#2038=ORIENTED_EDGE('',*,*,#1600,.F.);
#2039=ORIENTED_EDGE('',*,*,#1594,.F.);
#2040=ORIENTED_EDGE('',*,*,#1598,.T.);
#2041=ORIENTED_EDGE('',*,*,#1567,.T.);
#2042=ORIENTED_EDGE('',*,*,#1601,.F.);
#2043=ORIENTED_EDGE('',*,*,#1602,.T.);
#2044=ORIENTED_EDGE('',*,*,#1603,.F.);
#2045=ORIENTED_EDGE('',*,*,#1597,.T.);
#2046=ORIENTED_EDGE('',*,*,#1564,.T.);
#2047=ORIENTED_EDGE('',*,*,#1600,.T.);
#2048=ORIENTED_EDGE('',*,*,#1604,.F.);
#2049=ORIENTED_EDGE('',*,*,#1605,.F.);
#2050=ORIENTED_EDGE('',*,*,#1606,.F.);
#2051=ORIENTED_EDGE('',*,*,#1602,.F.);
#2052=ORIENTED_EDGE('',*,*,#1607,.F.);
#2053=ORIENTED_EDGE('',*,*,#1608,.T.);
#2054=ORIENTED_EDGE('',*,*,#1609,.F.);
#2055=ORIENTED_EDGE('',*,*,#1605,.T.);
#2056=ORIENTED_EDGE('',*,*,#1610,.F.);
#2057=ORIENTED_EDGE('',*,*,#1611,.T.);
#2058=ORIENTED_EDGE('',*,*,#1612,.F.);
#2059=ORIENTED_EDGE('',*,*,#1608,.F.);
#2060=ORIENTED_EDGE('',*,*,#1613,.F.);
#2061=ORIENTED_EDGE('',*,*,#1590,.F.);
#2062=ORIENTED_EDGE('',*,*,#1614,.F.);
#2063=ORIENTED_EDGE('',*,*,#1615,.F.);
#2064=ORIENTED_EDGE('',*,*,#1616,.F.);
#2065=ORIENTED_EDGE('',*,*,#1615,.T.);
#2066=ORIENTED_EDGE('',*,*,#1617,.F.);
#2067=ORIENTED_EDGE('',*,*,#1611,.F.);
#2068=ORIENTED_EDGE('',*,*,#1613,.T.);
#2069=ORIENTED_EDGE('',*,*,#1616,.T.);
#2070=ORIENTED_EDGE('',*,*,#1610,.T.);
#2071=ORIENTED_EDGE('',*,*,#1607,.T.);
#2072=ORIENTED_EDGE('',*,*,#1604,.T.);
#2073=ORIENTED_EDGE('',*,*,#1601,.T.);
#2074=ORIENTED_EDGE('',*,*,#1599,.T.);
#2075=ORIENTED_EDGE('',*,*,#1593,.T.);
#2076=ORIENTED_EDGE('',*,*,#1569,.T.);
#2077=ORIENTED_EDGE('',*,*,#1573,.T.);
#2078=ORIENTED_EDGE('',*,*,#1576,.T.);
#2079=ORIENTED_EDGE('',*,*,#1579,.T.);
#2080=ORIENTED_EDGE('',*,*,#1582,.T.);
#2081=ORIENTED_EDGE('',*,*,#1585,.T.);
#2082=ORIENTED_EDGE('',*,*,#1588,.T.);
#2083=ORIENTED_EDGE('',*,*,#1596,.T.);
#2084=ORIENTED_EDGE('',*,*,#1603,.T.);
#2085=ORIENTED_EDGE('',*,*,#1606,.T.);
#2086=ORIENTED_EDGE('',*,*,#1609,.T.);
#2087=ORIENTED_EDGE('',*,*,#1612,.T.);
#2088=ORIENTED_EDGE('',*,*,#1617,.T.);
#2089=ORIENTED_EDGE('',*,*,#1614,.T.);
#2090=ORIENTED_EDGE('',*,*,#1589,.T.);
#2091=ORIENTED_EDGE('',*,*,#1586,.T.);
#2092=ORIENTED_EDGE('',*,*,#1583,.T.);
#2093=ORIENTED_EDGE('',*,*,#1580,.T.);
#2094=ORIENTED_EDGE('',*,*,#1577,.T.);
#2095=ORIENTED_EDGE('',*,*,#1574,.T.);
#2096=ORIENTED_EDGE('',*,*,#1571,.T.);
#2097=ORIENTED_EDGE('',*,*,#1595,.T.);
#2098=ORIENTED_EDGE('',*,*,#1618,.F.);
#2099=ORIENTED_EDGE('',*,*,#1619,.T.);
#2100=ORIENTED_EDGE('',*,*,#1620,.F.);
#2101=ORIENTED_EDGE('',*,*,#1619,.F.);
#2102=ORIENTED_EDGE('',*,*,#1621,.F.);
#2103=ORIENTED_EDGE('',*,*,#1622,.T.);
#2104=ORIENTED_EDGE('',*,*,#1623,.F.);
#2105=ORIENTED_EDGE('',*,*,#1624,.F.);
#2106=ORIENTED_EDGE('',*,*,#1625,.F.);
#2107=ORIENTED_EDGE('',*,*,#1626,.F.);
#2108=ORIENTED_EDGE('',*,*,#1622,.F.);
#2109=ORIENTED_EDGE('',*,*,#1627,.F.);
#2110=ORIENTED_EDGE('',*,*,#1628,.T.);
#2111=ORIENTED_EDGE('',*,*,#1625,.T.);
#2112=ORIENTED_EDGE('',*,*,#1624,.T.);
#2113=ORIENTED_EDGE('',*,*,#1629,.T.);
#2114=ORIENTED_EDGE('',*,*,#1630,.F.);
#2115=ORIENTED_EDGE('',*,*,#1629,.F.);
#2116=ORIENTED_EDGE('',*,*,#1623,.T.);
#2117=ORIENTED_EDGE('',*,*,#1626,.T.);
#2118=ORIENTED_EDGE('',*,*,#1628,.F.);
#2119=ORIENTED_EDGE('',*,*,#1621,.T.);
#2120=ORIENTED_EDGE('',*,*,#1627,.T.);
#2121=ORIENTED_EDGE('',*,*,#1631,.T.);
#2122=ORIENTED_EDGE('',*,*,#1618,.T.);
#2123=ORIENTED_EDGE('',*,*,#1630,.T.);
#2124=ORIENTED_EDGE('',*,*,#1631,.F.);
#2125=ORIENTED_EDGE('',*,*,#1632,.T.);
#2126=ORIENTED_EDGE('',*,*,#1633,.T.);
#2127=ORIENTED_EDGE('',*,*,#1632,.F.);
#2128=ORIENTED_EDGE('',*,*,#1620,.T.);
#2129=ORIENTED_EDGE('',*,*,#1633,.F.);
#2130=ORIENTED_EDGE('',*,*,#1634,.F.);
#2131=ORIENTED_EDGE('',*,*,#1635,.T.);
#2132=ORIENTED_EDGE('',*,*,#1636,.F.);
#2133=ORIENTED_EDGE('',*,*,#1635,.F.);
#2134=ORIENTED_EDGE('',*,*,#1637,.F.);
#2135=ORIENTED_EDGE('',*,*,#1638,.T.);
#2136=ORIENTED_EDGE('',*,*,#1639,.F.);
#2137=ORIENTED_EDGE('',*,*,#1638,.F.);
#2138=ORIENTED_EDGE('',*,*,#1640,.F.);
#2139=ORIENTED_EDGE('',*,*,#1641,.T.);
#2140=ORIENTED_EDGE('',*,*,#1642,.F.);
#2141=ORIENTED_EDGE('',*,*,#1641,.F.);
#2142=ORIENTED_EDGE('',*,*,#1643,.F.);
#2143=ORIENTED_EDGE('',*,*,#1644,.T.);
#2144=ORIENTED_EDGE('',*,*,#1645,.F.);
#2145=ORIENTED_EDGE('',*,*,#1644,.F.);
#2146=ORIENTED_EDGE('',*,*,#1646,.F.);
#2147=ORIENTED_EDGE('',*,*,#1647,.T.);
#2148=ORIENTED_EDGE('',*,*,#1648,.F.);
#2149=ORIENTED_EDGE('',*,*,#1649,.F.);
#2150=ORIENTED_EDGE('',*,*,#1650,.F.);
#2151=ORIENTED_EDGE('',*,*,#1651,.T.);
#2152=ORIENTED_EDGE('',*,*,#1652,.F.);
#2153=ORIENTED_EDGE('',*,*,#1647,.F.);
#2154=ORIENTED_EDGE('',*,*,#1637,.T.);
#2155=ORIENTED_EDGE('',*,*,#1653,.F.);
#2156=ORIENTED_EDGE('',*,*,#1654,.F.);
#2157=ORIENTED_EDGE('',*,*,#1655,.F.);
#2158=ORIENTED_EDGE('',*,*,#1651,.F.);
#2159=ORIENTED_EDGE('',*,*,#1656,.T.);
#2160=ORIENTED_EDGE('',*,*,#1648,.T.);
#2161=ORIENTED_EDGE('',*,*,#1652,.T.);
#2162=ORIENTED_EDGE('',*,*,#1655,.T.);
#2163=ORIENTED_EDGE('',*,*,#1657,.F.);
#2164=ORIENTED_EDGE('',*,*,#1658,.F.);
#2165=ORIENTED_EDGE('',*,*,#1659,.F.);
#2166=ORIENTED_EDGE('',*,*,#1660,.F.);
#2167=ORIENTED_EDGE('',*,*,#1661,.F.);
#2168=ORIENTED_EDGE('',*,*,#1662,.F.);
#2169=ORIENTED_EDGE('',*,*,#1663,.F.);
#2170=ORIENTED_EDGE('',*,*,#1664,.F.);
#2171=ORIENTED_EDGE('',*,*,#1665,.F.);
#2172=ORIENTED_EDGE('',*,*,#1666,.F.);
#2173=ORIENTED_EDGE('',*,*,#1667,.F.);
#2174=ORIENTED_EDGE('',*,*,#1668,.F.);
#2175=ORIENTED_EDGE('',*,*,#1669,.F.);
#2176=ORIENTED_EDGE('',*,*,#1670,.F.);
#2177=ORIENTED_EDGE('',*,*,#1671,.F.);
#2178=ORIENTED_EDGE('',*,*,#1672,.T.);
#2179=ORIENTED_EDGE('',*,*,#1673,.F.);
#2180=ORIENTED_EDGE('',*,*,#1674,.T.);
#2181=ORIENTED_EDGE('',*,*,#1675,.F.);
#2182=ORIENTED_EDGE('',*,*,#1649,.T.);
#2183=ORIENTED_EDGE('',*,*,#1656,.F.);
#2184=ORIENTED_EDGE('',*,*,#1654,.T.);
#2185=ORIENTED_EDGE('',*,*,#1636,.T.);
#2186=ORIENTED_EDGE('',*,*,#1639,.T.);
#2187=ORIENTED_EDGE('',*,*,#1676,.F.);
#2188=ORIENTED_EDGE('',*,*,#1677,.F.);
#2189=ORIENTED_EDGE('',*,*,#1678,.F.);
#2190=ORIENTED_EDGE('',*,*,#1679,.F.);
#2191=ORIENTED_EDGE('',*,*,#1680,.T.);
#2192=ORIENTED_EDGE('',*,*,#1678,.T.);
#2193=ORIENTED_EDGE('',*,*,#1681,.T.);
#2194=ORIENTED_EDGE('',*,*,#1682,.T.);
#2195=ORIENTED_EDGE('',*,*,#1683,.F.);
#2196=ORIENTED_EDGE('',*,*,#1684,.F.);
#2197=ORIENTED_EDGE('',*,*,#1681,.F.);
#2198=ORIENTED_EDGE('',*,*,#1677,.T.);
#2199=ORIENTED_EDGE('',*,*,#1643,.T.);
#2200=ORIENTED_EDGE('',*,*,#1685,.F.);
#2201=ORIENTED_EDGE('',*,*,#1686,.F.);
#2202=ORIENTED_EDGE('',*,*,#1682,.F.);
#2203=ORIENTED_EDGE('',*,*,#1684,.T.);
#2204=ORIENTED_EDGE('',*,*,#1646,.T.);
#2205=ORIENTED_EDGE('',*,*,#1675,.T.);
#2206=ORIENTED_EDGE('',*,*,#1687,.T.);
#2207=ORIENTED_EDGE('',*,*,#1688,.T.);
#2208=ORIENTED_EDGE('',*,*,#1689,.T.);
#2209=ORIENTED_EDGE('',*,*,#1671,.T.);
#2210=ORIENTED_EDGE('',*,*,#1690,.F.);
#2211=ORIENTED_EDGE('',*,*,#1691,.T.);
#2212=ORIENTED_EDGE('',*,*,#1692,.T.);
#2213=ORIENTED_EDGE('',*,*,#1693,.T.);
#2214=ORIENTED_EDGE('',*,*,#1694,.T.);
#2215=ORIENTED_EDGE('',*,*,#1695,.T.);
#2216=ORIENTED_EDGE('',*,*,#1685,.T.);
#2217=ORIENTED_EDGE('',*,*,#1683,.T.);
#2218=ORIENTED_EDGE('',*,*,#1676,.T.);
#2219=ORIENTED_EDGE('',*,*,#1696,.T.);
#2220=ORIENTED_EDGE('',*,*,#1697,.F.);
#2221=ORIENTED_EDGE('',*,*,#1657,.T.);
#2222=ORIENTED_EDGE('',*,*,#1653,.T.);
#2223=ORIENTED_EDGE('',*,*,#1650,.T.);
#2224=ORIENTED_EDGE('',*,*,#1694,.F.);
#2225=ORIENTED_EDGE('',*,*,#1698,.F.);
#2226=ORIENTED_EDGE('',*,*,#1699,.F.);
#2227=ORIENTED_EDGE('',*,*,#1700,.F.);
#2228=ORIENTED_EDGE('',*,*,#1701,.T.);
#2229=ORIENTED_EDGE('',*,*,#1699,.T.);
#2230=ORIENTED_EDGE('',*,*,#1702,.T.);
#2231=ORIENTED_EDGE('',*,*,#1703,.T.);
#2232=ORIENTED_EDGE('',*,*,#1693,.F.);
#2233=ORIENTED_EDGE('',*,*,#1704,.F.);
#2234=ORIENTED_EDGE('',*,*,#1702,.F.);
#2235=ORIENTED_EDGE('',*,*,#1698,.T.);
#2236=ORIENTED_EDGE('',*,*,#1640,.T.);
#2237=ORIENTED_EDGE('',*,*,#1692,.F.);
#2238=ORIENTED_EDGE('',*,*,#1705,.F.);
#2239=ORIENTED_EDGE('',*,*,#1703,.F.);
#2240=ORIENTED_EDGE('',*,*,#1704,.T.);
#2241=ORIENTED_EDGE('',*,*,#1687,.F.);
#2242=ORIENTED_EDGE('',*,*,#1674,.F.);
#2243=ORIENTED_EDGE('',*,*,#1706,.F.);
#2244=ORIENTED_EDGE('',*,*,#1707,.F.);
#2245=ORIENTED_EDGE('',*,*,#1688,.F.);
#2246=ORIENTED_EDGE('',*,*,#1707,.T.);
#2247=ORIENTED_EDGE('',*,*,#1708,.F.);
#2248=ORIENTED_EDGE('',*,*,#1709,.F.);
#2249=ORIENTED_EDGE('',*,*,#1634,.T.);
#2250=ORIENTED_EDGE('',*,*,#1689,.F.);
#2251=ORIENTED_EDGE('',*,*,#1709,.T.);
#2252=ORIENTED_EDGE('',*,*,#1710,.F.);
#2253=ORIENTED_EDGE('',*,*,#1672,.F.);
#2254=ORIENTED_EDGE('',*,*,#1673,.T.);
#2255=ORIENTED_EDGE('',*,*,#1710,.T.);
#2256=ORIENTED_EDGE('',*,*,#1708,.T.);
#2257=ORIENTED_EDGE('',*,*,#1706,.T.);
#2258=ORIENTED_EDGE('',*,*,#1695,.F.);
#2259=ORIENTED_EDGE('',*,*,#1700,.T.);
#2260=ORIENTED_EDGE('',*,*,#1701,.F.);
#2261=ORIENTED_EDGE('',*,*,#1705,.T.);
#2262=ORIENTED_EDGE('',*,*,#1691,.F.);
#2263=ORIENTED_EDGE('',*,*,#1711,.F.);
#2264=ORIENTED_EDGE('',*,*,#1712,.F.);
#2265=ORIENTED_EDGE('',*,*,#1713,.F.);
#2266=ORIENTED_EDGE('',*,*,#1714,.F.);
#2267=ORIENTED_EDGE('',*,*,#1715,.F.);
#2268=ORIENTED_EDGE('',*,*,#1716,.F.);
#2269=ORIENTED_EDGE('',*,*,#1717,.F.);
#2270=ORIENTED_EDGE('',*,*,#1718,.F.);
#2271=ORIENTED_EDGE('',*,*,#1719,.F.);
#2272=ORIENTED_EDGE('',*,*,#1720,.F.);
#2273=ORIENTED_EDGE('',*,*,#1721,.F.);
#2274=ORIENTED_EDGE('',*,*,#1722,.F.);
#2275=ORIENTED_EDGE('',*,*,#1723,.F.);
#2276=ORIENTED_EDGE('',*,*,#1696,.F.);
#2277=ORIENTED_EDGE('',*,*,#1679,.T.);
#2278=ORIENTED_EDGE('',*,*,#1680,.F.);
#2279=ORIENTED_EDGE('',*,*,#1686,.T.);
#2280=ORIENTED_EDGE('',*,*,#1642,.T.);
#2281=ORIENTED_EDGE('',*,*,#1645,.T.);
#2282=ORIENTED_EDGE('',*,*,#1664,.T.);
#2283=ORIENTED_EDGE('',*,*,#1724,.T.);
#2284=ORIENTED_EDGE('',*,*,#1717,.T.);
#2285=ORIENTED_EDGE('',*,*,#1725,.T.);
#2286=ORIENTED_EDGE('',*,*,#1665,.T.);
#2287=ORIENTED_EDGE('',*,*,#1725,.F.);
#2288=ORIENTED_EDGE('',*,*,#1716,.T.);
#2289=ORIENTED_EDGE('',*,*,#1726,.T.);
#2290=ORIENTED_EDGE('',*,*,#1666,.T.);
#2291=ORIENTED_EDGE('',*,*,#1726,.F.);
#2292=ORIENTED_EDGE('',*,*,#1715,.T.);
#2293=ORIENTED_EDGE('',*,*,#1727,.T.);
#2294=ORIENTED_EDGE('',*,*,#1667,.T.);
#2295=ORIENTED_EDGE('',*,*,#1727,.F.);
#2296=ORIENTED_EDGE('',*,*,#1714,.T.);
#2297=ORIENTED_EDGE('',*,*,#1728,.F.);
#2298=ORIENTED_EDGE('',*,*,#1668,.T.);
#2299=ORIENTED_EDGE('',*,*,#1728,.T.);
#2300=ORIENTED_EDGE('',*,*,#1713,.T.);
#2301=ORIENTED_EDGE('',*,*,#1729,.F.);
#2302=ORIENTED_EDGE('',*,*,#1669,.T.);
#2303=ORIENTED_EDGE('',*,*,#1729,.T.);
#2304=ORIENTED_EDGE('',*,*,#1712,.T.);
#2305=ORIENTED_EDGE('',*,*,#1730,.F.);
#2306=ORIENTED_EDGE('',*,*,#1670,.T.);
#2307=ORIENTED_EDGE('',*,*,#1730,.T.);
#2308=ORIENTED_EDGE('',*,*,#1711,.T.);
#2309=ORIENTED_EDGE('',*,*,#1690,.T.);
#2310=ORIENTED_EDGE('',*,*,#1663,.T.);
#2311=ORIENTED_EDGE('',*,*,#1731,.F.);
#2312=ORIENTED_EDGE('',*,*,#1718,.T.);
#2313=ORIENTED_EDGE('',*,*,#1724,.F.);
#2314=ORIENTED_EDGE('',*,*,#1658,.T.);
#2315=ORIENTED_EDGE('',*,*,#1697,.T.);
#2316=ORIENTED_EDGE('',*,*,#1723,.T.);
#2317=ORIENTED_EDGE('',*,*,#1732,.T.);
#2318=ORIENTED_EDGE('',*,*,#1659,.T.);
#2319=ORIENTED_EDGE('',*,*,#1732,.F.);
#2320=ORIENTED_EDGE('',*,*,#1722,.T.);
#2321=ORIENTED_EDGE('',*,*,#1733,.F.);
#2322=ORIENTED_EDGE('',*,*,#1660,.T.);
#2323=ORIENTED_EDGE('',*,*,#1733,.T.);
#2324=ORIENTED_EDGE('',*,*,#1721,.T.);
#2325=ORIENTED_EDGE('',*,*,#1734,.T.);
#2326=ORIENTED_EDGE('',*,*,#1661,.T.);
#2327=ORIENTED_EDGE('',*,*,#1734,.F.);
#2328=ORIENTED_EDGE('',*,*,#1720,.T.);
#2329=ORIENTED_EDGE('',*,*,#1735,.T.);
#2330=ORIENTED_EDGE('',*,*,#1662,.T.);
#2331=ORIENTED_EDGE('',*,*,#1735,.F.);
#2332=ORIENTED_EDGE('',*,*,#1719,.T.);
#2333=ORIENTED_EDGE('',*,*,#1731,.T.);
#2334=ORIENTED_EDGE('',*,*,#1736,.F.);
#2335=ORIENTED_EDGE('',*,*,#1737,.T.);
#2336=ORIENTED_EDGE('',*,*,#1738,.F.);
#2337=ORIENTED_EDGE('',*,*,#1737,.F.);
#2338=ORIENTED_EDGE('',*,*,#1739,.F.);
#2339=ORIENTED_EDGE('',*,*,#1740,.T.);
#2340=ORIENTED_EDGE('',*,*,#1741,.F.);
#2341=ORIENTED_EDGE('',*,*,#1740,.F.);
#2342=ORIENTED_EDGE('',*,*,#1741,.T.);
#2343=ORIENTED_EDGE('',*,*,#1738,.T.);
#2344=ORIENTED_EDGE('',*,*,#1739,.T.);
#2345=ORIENTED_EDGE('',*,*,#1736,.T.);
#2346=ORIENTED_EDGE('',*,*,#1742,.F.);
#2347=ORIENTED_EDGE('',*,*,#1743,.T.);
#2348=ORIENTED_EDGE('',*,*,#1744,.F.);
#2349=ORIENTED_EDGE('',*,*,#1743,.F.);
#2350=ORIENTED_EDGE('',*,*,#1745,.F.);
#2351=ORIENTED_EDGE('',*,*,#1746,.T.);
#2352=ORIENTED_EDGE('',*,*,#1747,.F.);
#2353=ORIENTED_EDGE('',*,*,#1746,.F.);
#2354=ORIENTED_EDGE('',*,*,#1747,.T.);
#2355=ORIENTED_EDGE('',*,*,#1744,.T.);
#2356=ORIENTED_EDGE('',*,*,#1745,.T.);
#2357=ORIENTED_EDGE('',*,*,#1742,.T.);
#2358=ORIENTED_EDGE('',*,*,#1748,.F.);
#2359=ORIENTED_EDGE('',*,*,#1749,.T.);
#2360=ORIENTED_EDGE('',*,*,#1750,.F.);
#2361=ORIENTED_EDGE('',*,*,#1749,.F.);
#2362=ORIENTED_EDGE('',*,*,#1751,.F.);
#2363=ORIENTED_EDGE('',*,*,#1752,.T.);
#2364=ORIENTED_EDGE('',*,*,#1753,.F.);
#2365=ORIENTED_EDGE('',*,*,#1752,.F.);
#2366=ORIENTED_EDGE('',*,*,#1753,.T.);
#2367=ORIENTED_EDGE('',*,*,#1750,.T.);
#2368=ORIENTED_EDGE('',*,*,#1751,.T.);
#2369=ORIENTED_EDGE('',*,*,#1748,.T.);
#2370=ORIENTED_EDGE('',*,*,#1754,.F.);
#2371=ORIENTED_EDGE('',*,*,#1755,.T.);
#2372=ORIENTED_EDGE('',*,*,#1756,.F.);
#2373=ORIENTED_EDGE('',*,*,#1755,.F.);
#2374=ORIENTED_EDGE('',*,*,#1757,.F.);
#2375=ORIENTED_EDGE('',*,*,#1758,.T.);
#2376=ORIENTED_EDGE('',*,*,#1759,.F.);
#2377=ORIENTED_EDGE('',*,*,#1758,.F.);
#2378=ORIENTED_EDGE('',*,*,#1759,.T.);
#2379=ORIENTED_EDGE('',*,*,#1756,.T.);
#2380=ORIENTED_EDGE('',*,*,#1757,.T.);
#2381=ORIENTED_EDGE('',*,*,#1754,.T.);
#2382=ORIENTED_EDGE('',*,*,#1760,.T.);
#2383=ORIENTED_EDGE('',*,*,#1761,.T.);
#2384=ORIENTED_EDGE('',*,*,#1762,.T.);
#2385=ORIENTED_EDGE('',*,*,#1763,.F.);
#2386=ORIENTED_EDGE('',*,*,#1761,.F.);
#2387=ORIENTED_EDGE('',*,*,#1764,.T.);
#2388=ORIENTED_EDGE('',*,*,#1765,.T.);
#2389=ORIENTED_EDGE('',*,*,#1766,.T.);
#2390=ORIENTED_EDGE('',*,*,#1760,.F.);
#2391=ORIENTED_EDGE('',*,*,#1767,.F.);
#2392=ORIENTED_EDGE('',*,*,#1768,.F.);
#2393=ORIENTED_EDGE('',*,*,#1769,.F.);
#2394=ORIENTED_EDGE('',*,*,#1770,.F.);
#2395=ORIENTED_EDGE('',*,*,#1771,.T.);
#2396=ORIENTED_EDGE('',*,*,#1772,.F.);
#2397=ORIENTED_EDGE('',*,*,#1773,.T.);
#2398=ORIENTED_EDGE('',*,*,#1774,.T.);
#2399=ORIENTED_EDGE('',*,*,#1775,.T.);
#2400=ORIENTED_EDGE('',*,*,#1776,.T.);
#2401=ORIENTED_EDGE('',*,*,#1777,.T.);
#2402=ORIENTED_EDGE('',*,*,#1778,.F.);
#2403=ORIENTED_EDGE('',*,*,#1779,.T.);
#2404=ORIENTED_EDGE('',*,*,#1780,.F.);
#2405=ORIENTED_EDGE('',*,*,#1781,.T.);
#2406=ORIENTED_EDGE('',*,*,#1782,.T.);
#2407=ORIENTED_EDGE('',*,*,#1783,.T.);
#2408=ORIENTED_EDGE('',*,*,#1784,.F.);
#2409=ORIENTED_EDGE('',*,*,#1785,.T.);
#2410=ORIENTED_EDGE('',*,*,#1786,.F.);
#2411=ORIENTED_EDGE('',*,*,#1787,.T.);
#2412=ORIENTED_EDGE('',*,*,#1788,.T.);
#2413=ORIENTED_EDGE('',*,*,#1764,.F.);
#2414=ORIENTED_EDGE('',*,*,#1789,.T.);
#2415=ORIENTED_EDGE('',*,*,#1790,.T.);
#2416=ORIENTED_EDGE('',*,*,#1768,.T.);
#2417=ORIENTED_EDGE('',*,*,#1791,.F.);
#2418=ORIENTED_EDGE('',*,*,#1792,.F.);
#2419=ORIENTED_EDGE('',*,*,#1793,.T.);
#2420=ORIENTED_EDGE('',*,*,#1784,.T.);
#2421=ORIENTED_EDGE('',*,*,#1794,.T.);
#2422=ORIENTED_EDGE('',*,*,#1794,.F.);
#2423=ORIENTED_EDGE('',*,*,#1783,.F.);
#2424=ORIENTED_EDGE('',*,*,#1795,.F.);
#2425=ORIENTED_EDGE('',*,*,#1796,.T.);
#2426=ORIENTED_EDGE('',*,*,#1797,.F.);
#2427=ORIENTED_EDGE('',*,*,#1798,.T.);
#2428=ORIENTED_EDGE('',*,*,#1786,.T.);
#2429=ORIENTED_EDGE('',*,*,#1799,.T.);
#2430=ORIENTED_EDGE('',*,*,#1793,.F.);
#2431=ORIENTED_EDGE('',*,*,#1800,.T.);
#2432=ORIENTED_EDGE('',*,*,#1799,.F.);
#2433=ORIENTED_EDGE('',*,*,#1785,.F.);
#2434=ORIENTED_EDGE('',*,*,#1774,.F.);
#2435=ORIENTED_EDGE('',*,*,#1801,.T.);
#2436=ORIENTED_EDGE('',*,*,#1802,.F.);
#2437=ORIENTED_EDGE('',*,*,#1803,.F.);
#2438=ORIENTED_EDGE('',*,*,#1804,.F.);
#2439=ORIENTED_EDGE('',*,*,#1805,.T.);
#2440=ORIENTED_EDGE('',*,*,#1772,.T.);
#2441=ORIENTED_EDGE('',*,*,#1806,.T.);
#2442=ORIENTED_EDGE('',*,*,#1802,.T.);
#2443=ORIENTED_EDGE('',*,*,#1807,.F.);
#2444=ORIENTED_EDGE('',*,*,#1804,.T.);
#2445=ORIENTED_EDGE('',*,*,#1808,.F.);
#2446=ORIENTED_EDGE('',*,*,#1809,.F.);
#2447=ORIENTED_EDGE('',*,*,#1810,.F.);
#2448=ORIENTED_EDGE('',*,*,#1811,.F.);
#2449=ORIENTED_EDGE('',*,*,#1812,.F.);
#2450=ORIENTED_EDGE('',*,*,#1813,.F.);
#2451=ORIENTED_EDGE('',*,*,#1814,.F.);
#2452=ORIENTED_EDGE('',*,*,#1815,.F.);
#2453=ORIENTED_EDGE('',*,*,#1816,.F.);
#2454=ORIENTED_EDGE('',*,*,#1806,.F.);
#2455=ORIENTED_EDGE('',*,*,#1771,.F.);
#2456=ORIENTED_EDGE('',*,*,#1817,.T.);
#2457=ORIENTED_EDGE('',*,*,#1808,.T.);
#2458=ORIENTED_EDGE('',*,*,#1818,.T.);
#2459=ORIENTED_EDGE('',*,*,#1819,.T.);
#2460=ORIENTED_EDGE('',*,*,#1813,.T.);
#2461=ORIENTED_EDGE('',*,*,#1820,.T.);
#2462=ORIENTED_EDGE('',*,*,#1818,.F.);
#2463=ORIENTED_EDGE('',*,*,#1821,.T.);
#2464=ORIENTED_EDGE('',*,*,#1822,.F.);
#2465=ORIENTED_EDGE('',*,*,#1823,.F.);
#2466=ORIENTED_EDGE('',*,*,#1824,.T.);
#2467=ORIENTED_EDGE('',*,*,#1825,.T.);
#2468=ORIENTED_EDGE('',*,*,#1820,.F.);
#2469=ORIENTED_EDGE('',*,*,#1812,.T.);
#2470=ORIENTED_EDGE('',*,*,#1826,.F.);
#2471=ORIENTED_EDGE('',*,*,#1821,.F.);
#2472=ORIENTED_EDGE('',*,*,#1822,.T.);
#2473=ORIENTED_EDGE('',*,*,#1826,.T.);
#2474=ORIENTED_EDGE('',*,*,#1811,.T.);
#2475=ORIENTED_EDGE('',*,*,#1827,.T.);
#2476=ORIENTED_EDGE('',*,*,#1827,.F.);
#2477=ORIENTED_EDGE('',*,*,#1810,.T.);
#2478=ORIENTED_EDGE('',*,*,#1828,.T.);
#2479=ORIENTED_EDGE('',*,*,#1823,.T.);
#2480=ORIENTED_EDGE('',*,*,#1829,.T.);
#2481=ORIENTED_EDGE('',*,*,#1830,.T.);
#2482=ORIENTED_EDGE('',*,*,#1831,.T.);
#2483=ORIENTED_EDGE('',*,*,#1832,.T.);
#2484=ORIENTED_EDGE('',*,*,#1832,.F.);
#2485=ORIENTED_EDGE('',*,*,#1833,.T.);
#2486=ORIENTED_EDGE('',*,*,#1834,.F.);
#2487=ORIENTED_EDGE('',*,*,#1835,.F.);
#2488=ORIENTED_EDGE('',*,*,#1836,.T.);
#2489=ORIENTED_EDGE('',*,*,#1837,.T.);
#2490=ORIENTED_EDGE('',*,*,#1838,.T.);
#2491=ORIENTED_EDGE('',*,*,#1839,.T.);
#2492=ORIENTED_EDGE('',*,*,#1830,.F.);
#2493=ORIENTED_EDGE('',*,*,#1840,.F.);
#2494=ORIENTED_EDGE('',*,*,#1839,.F.);
#2495=ORIENTED_EDGE('',*,*,#1841,.T.);
#2496=ORIENTED_EDGE('',*,*,#1801,.F.);
#2497=ORIENTED_EDGE('',*,*,#1773,.F.);
#2498=ORIENTED_EDGE('',*,*,#1805,.F.);
#2499=ORIENTED_EDGE('',*,*,#1807,.T.);
#2500=ORIENTED_EDGE('',*,*,#1819,.F.);
#2501=ORIENTED_EDGE('',*,*,#1825,.F.);
#2502=ORIENTED_EDGE('',*,*,#1842,.F.);
#2503=ORIENTED_EDGE('',*,*,#1814,.T.);
#2504=ORIENTED_EDGE('',*,*,#1775,.F.);
#2505=ORIENTED_EDGE('',*,*,#1803,.T.);
#2506=ORIENTED_EDGE('',*,*,#1816,.T.);
#2507=ORIENTED_EDGE('',*,*,#1843,.F.);
#2508=ORIENTED_EDGE('',*,*,#1790,.F.);
#2509=ORIENTED_EDGE('',*,*,#1844,.F.);
#2510=ORIENTED_EDGE('',*,*,#1845,.F.);
#2511=ORIENTED_EDGE('',*,*,#1769,.T.);
#2512=ORIENTED_EDGE('',*,*,#1770,.T.);
#2513=ORIENTED_EDGE('',*,*,#1845,.T.);
#2514=ORIENTED_EDGE('',*,*,#1846,.T.);
#2515=ORIENTED_EDGE('',*,*,#1847,.F.);
#2516=ORIENTED_EDGE('',*,*,#1848,.F.);
#2517=ORIENTED_EDGE('',*,*,#1849,.F.);
#2518=ORIENTED_EDGE('',*,*,#1850,.F.);
#2519=ORIENTED_EDGE('',*,*,#1851,.T.);
#2520=ORIENTED_EDGE('',*,*,#1852,.F.);
#2521=ORIENTED_EDGE('',*,*,#1853,.T.);
#2522=ORIENTED_EDGE('',*,*,#1776,.F.);
#2523=ORIENTED_EDGE('',*,*,#1843,.T.);
#2524=ORIENTED_EDGE('',*,*,#1815,.T.);
#2525=ORIENTED_EDGE('',*,*,#1842,.T.);
#2526=ORIENTED_EDGE('',*,*,#1824,.F.);
#2527=ORIENTED_EDGE('',*,*,#1828,.F.);
#2528=ORIENTED_EDGE('',*,*,#1809,.T.);
#2529=ORIENTED_EDGE('',*,*,#1817,.F.);
#2530=ORIENTED_EDGE('',*,*,#1791,.T.);
#2531=ORIENTED_EDGE('',*,*,#1767,.T.);
#2532=ORIENTED_EDGE('',*,*,#1763,.T.);
#2533=ORIENTED_EDGE('',*,*,#1854,.F.);
#2534=ORIENTED_EDGE('',*,*,#1837,.F.);
#2535=ORIENTED_EDGE('',*,*,#1855,.F.);
#2536=ORIENTED_EDGE('',*,*,#1856,.F.);
#2537=ORIENTED_EDGE('',*,*,#1857,.T.);
#2538=ORIENTED_EDGE('',*,*,#1798,.F.);
#2539=ORIENTED_EDGE('',*,*,#1858,.T.);
#2540=ORIENTED_EDGE('',*,*,#1859,.F.);
#2541=ORIENTED_EDGE('',*,*,#1787,.F.);
#2542=ORIENTED_EDGE('',*,*,#1792,.T.);
#2543=ORIENTED_EDGE('',*,*,#1796,.F.);
#2544=ORIENTED_EDGE('',*,*,#1860,.F.);
#2545=ORIENTED_EDGE('',*,*,#1833,.F.);
#2546=ORIENTED_EDGE('',*,*,#1831,.F.);
#2547=ORIENTED_EDGE('',*,*,#1841,.F.);
#2548=ORIENTED_EDGE('',*,*,#1838,.F.);
#2549=ORIENTED_EDGE('',*,*,#1857,.F.);
#2550=ORIENTED_EDGE('',*,*,#1861,.F.);
#2551=ORIENTED_EDGE('',*,*,#1858,.F.);
#2552=ORIENTED_EDGE('',*,*,#1797,.T.);
#2553=ORIENTED_EDGE('',*,*,#1800,.F.);
#2554=ORIENTED_EDGE('',*,*,#1829,.F.);
#2555=ORIENTED_EDGE('',*,*,#1835,.T.);
#2556=ORIENTED_EDGE('',*,*,#1862,.T.);
#2557=ORIENTED_EDGE('',*,*,#1855,.T.);
#2558=ORIENTED_EDGE('',*,*,#1836,.F.);
#2559=ORIENTED_EDGE('',*,*,#1840,.T.);
#2560=ORIENTED_EDGE('',*,*,#1762,.F.);
#2561=ORIENTED_EDGE('',*,*,#1766,.F.);
#2562=ORIENTED_EDGE('',*,*,#1863,.F.);
#2563=ORIENTED_EDGE('',*,*,#1864,.F.);
#2564=ORIENTED_EDGE('',*,*,#1846,.F.);
#2565=ORIENTED_EDGE('',*,*,#1844,.T.);
#2566=ORIENTED_EDGE('',*,*,#1789,.F.);
#2567=ORIENTED_EDGE('',*,*,#1854,.T.);
#2568=ORIENTED_EDGE('',*,*,#1865,.F.);
#2569=ORIENTED_EDGE('',*,*,#1866,.T.);
#2570=ORIENTED_EDGE('',*,*,#1867,.T.);
#2571=ORIENTED_EDGE('',*,*,#1866,.F.);
#2572=ORIENTED_EDGE('',*,*,#1867,.F.);
#2573=ORIENTED_EDGE('',*,*,#1868,.F.);
#2574=ORIENTED_EDGE('',*,*,#1869,.T.);
#2575=ORIENTED_EDGE('',*,*,#1870,.T.);
#2576=ORIENTED_EDGE('',*,*,#1869,.F.);
#2577=ORIENTED_EDGE('',*,*,#1870,.F.);
#2578=ORIENTED_EDGE('',*,*,#1871,.F.);
#2579=ORIENTED_EDGE('',*,*,#1872,.T.);
#2580=ORIENTED_EDGE('',*,*,#1873,.T.);
#2581=ORIENTED_EDGE('',*,*,#1872,.F.);
#2582=ORIENTED_EDGE('',*,*,#1873,.F.);
#2583=ORIENTED_EDGE('',*,*,#1874,.F.);
#2584=ORIENTED_EDGE('',*,*,#1875,.T.);
#2585=ORIENTED_EDGE('',*,*,#1876,.T.);
#2586=ORIENTED_EDGE('',*,*,#1875,.F.);
#2587=ORIENTED_EDGE('',*,*,#1876,.F.);
#2588=ORIENTED_EDGE('',*,*,#1864,.T.);
#2589=ORIENTED_EDGE('',*,*,#1877,.F.);
#2590=ORIENTED_EDGE('',*,*,#1878,.F.);
#2591=ORIENTED_EDGE('',*,*,#1847,.T.);
#2592=ORIENTED_EDGE('',*,*,#1879,.T.);
#2593=ORIENTED_EDGE('',*,*,#1880,.T.);
#2594=ORIENTED_EDGE('',*,*,#1881,.T.);
#2595=ORIENTED_EDGE('',*,*,#1882,.T.);
#2596=ORIENTED_EDGE('',*,*,#1883,.T.);
#2597=ORIENTED_EDGE('',*,*,#1884,.T.);
#2598=ORIENTED_EDGE('',*,*,#1885,.T.);
#2599=ORIENTED_EDGE('',*,*,#1886,.T.);
#2600=ORIENTED_EDGE('',*,*,#1887,.T.);
#2601=ORIENTED_EDGE('',*,*,#1888,.T.);
#2602=ORIENTED_EDGE('',*,*,#1889,.T.);
#2603=ORIENTED_EDGE('',*,*,#1890,.T.);
#2604=ORIENTED_EDGE('',*,*,#1891,.T.);
#2605=ORIENTED_EDGE('',*,*,#1892,.T.);
#2606=ORIENTED_EDGE('',*,*,#1893,.T.);
#2607=ORIENTED_EDGE('',*,*,#1894,.T.);
#2608=ORIENTED_EDGE('',*,*,#1856,.T.);
#2609=ORIENTED_EDGE('',*,*,#1862,.F.);
#2610=ORIENTED_EDGE('',*,*,#1834,.T.);
#2611=ORIENTED_EDGE('',*,*,#1860,.T.);
#2612=ORIENTED_EDGE('',*,*,#1795,.T.);
#2613=ORIENTED_EDGE('',*,*,#1782,.F.);
#2614=ORIENTED_EDGE('',*,*,#1895,.T.);
#2615=ORIENTED_EDGE('',*,*,#1896,.F.);
#2616=ORIENTED_EDGE('',*,*,#1897,.T.);
#2617=ORIENTED_EDGE('',*,*,#1898,.F.);
#2618=ORIENTED_EDGE('',*,*,#1899,.T.);
#2619=ORIENTED_EDGE('',*,*,#1900,.T.);
#2620=ORIENTED_EDGE('',*,*,#1877,.T.);
#2621=ORIENTED_EDGE('',*,*,#1863,.T.);
#2622=ORIENTED_EDGE('',*,*,#1765,.F.);
#2623=ORIENTED_EDGE('',*,*,#1788,.F.);
#2624=ORIENTED_EDGE('',*,*,#1859,.T.);
#2625=ORIENTED_EDGE('',*,*,#1861,.T.);
#2626=ORIENTED_EDGE('',*,*,#1898,.T.);
#2627=ORIENTED_EDGE('',*,*,#1901,.T.);
#2628=ORIENTED_EDGE('',*,*,#1902,.T.);
#2629=ORIENTED_EDGE('',*,*,#1895,.F.);
#2630=ORIENTED_EDGE('',*,*,#1781,.F.);
#2631=ORIENTED_EDGE('',*,*,#1780,.T.);
#2632=ORIENTED_EDGE('',*,*,#1903,.T.);
#2633=ORIENTED_EDGE('',*,*,#1904,.T.);
#2634=ORIENTED_EDGE('',*,*,#1905,.T.);
#2635=ORIENTED_EDGE('',*,*,#1899,.F.);
#2636=ORIENTED_EDGE('',*,*,#1905,.F.);
#2637=ORIENTED_EDGE('',*,*,#1906,.F.);
#2638=ORIENTED_EDGE('',*,*,#1907,.T.);
#2639=ORIENTED_EDGE('',*,*,#1908,.F.);
#2640=ORIENTED_EDGE('',*,*,#1909,.T.);
#2641=ORIENTED_EDGE('',*,*,#1848,.T.);
#2642=ORIENTED_EDGE('',*,*,#1878,.T.);
#2643=ORIENTED_EDGE('',*,*,#1900,.F.);
#2644=ORIENTED_EDGE('',*,*,#1908,.T.);
#2645=ORIENTED_EDGE('',*,*,#1910,.T.);
#2646=ORIENTED_EDGE('',*,*,#1906,.T.);
#2647=ORIENTED_EDGE('',*,*,#1911,.T.);
#2648=ORIENTED_EDGE('',*,*,#1912,.T.);
#2649=ORIENTED_EDGE('',*,*,#1849,.T.);
#2650=ORIENTED_EDGE('',*,*,#1909,.F.);
#2651=ORIENTED_EDGE('',*,*,#1913,.T.);
#2652=ORIENTED_EDGE('',*,*,#1777,.F.);
#2653=ORIENTED_EDGE('',*,*,#1853,.F.);
#2654=ORIENTED_EDGE('',*,*,#1852,.T.);
#2655=ORIENTED_EDGE('',*,*,#1914,.T.);
#2656=ORIENTED_EDGE('',*,*,#1915,.T.);
#2657=ORIENTED_EDGE('',*,*,#1916,.F.);
#2658=ORIENTED_EDGE('',*,*,#1917,.F.);
#2659=ORIENTED_EDGE('',*,*,#1778,.T.);
#2660=ORIENTED_EDGE('',*,*,#1918,.T.);
#2661=ORIENTED_EDGE('',*,*,#1919,.F.);
#2662=ORIENTED_EDGE('',*,*,#1918,.F.);
#2663=ORIENTED_EDGE('',*,*,#1913,.F.);
#2664=ORIENTED_EDGE('',*,*,#1915,.F.);
#2665=ORIENTED_EDGE('',*,*,#1920,.T.);
#2666=ORIENTED_EDGE('',*,*,#1916,.T.);
#2667=ORIENTED_EDGE('',*,*,#1920,.F.);
#2668=ORIENTED_EDGE('',*,*,#1914,.F.);
#2669=ORIENTED_EDGE('',*,*,#1921,.F.);
#2670=ORIENTED_EDGE('',*,*,#1922,.T.);
#2671=ORIENTED_EDGE('',*,*,#1917,.T.);
#2672=ORIENTED_EDGE('',*,*,#1922,.F.);
#2673=ORIENTED_EDGE('',*,*,#1921,.T.);
#2674=ORIENTED_EDGE('',*,*,#1923,.F.);
#2675=ORIENTED_EDGE('',*,*,#1924,.F.);
#2676=ORIENTED_EDGE('',*,*,#1850,.T.);
#2677=ORIENTED_EDGE('',*,*,#1925,.T.);
#2678=ORIENTED_EDGE('',*,*,#1926,.T.);
#2679=ORIENTED_EDGE('',*,*,#1927,.F.);
#2680=ORIENTED_EDGE('',*,*,#1926,.F.);
#2681=ORIENTED_EDGE('',*,*,#1928,.T.);
#2682=ORIENTED_EDGE('',*,*,#1923,.T.);
#2683=ORIENTED_EDGE('',*,*,#1928,.F.);
#2684=ORIENTED_EDGE('',*,*,#1925,.F.);
#2685=ORIENTED_EDGE('',*,*,#1912,.F.);
#2686=ORIENTED_EDGE('',*,*,#1910,.F.);
#2687=ORIENTED_EDGE('',*,*,#1929,.F.);
#2688=ORIENTED_EDGE('',*,*,#1930,.T.);
#2689=ORIENTED_EDGE('',*,*,#1924,.T.);
#2690=ORIENTED_EDGE('',*,*,#1930,.F.);
#2691=ORIENTED_EDGE('',*,*,#1929,.T.);
#2692=ORIENTED_EDGE('',*,*,#1896,.T.);
#2693=ORIENTED_EDGE('',*,*,#1931,.T.);
#2694=ORIENTED_EDGE('',*,*,#1932,.F.);
#2695=ORIENTED_EDGE('',*,*,#1933,.F.);
#2696=ORIENTED_EDGE('',*,*,#1934,.F.);
#2697=ORIENTED_EDGE('',*,*,#1931,.F.);
#2698=ORIENTED_EDGE('',*,*,#1902,.F.);
#2699=ORIENTED_EDGE('',*,*,#1903,.F.);
#2700=ORIENTED_EDGE('',*,*,#1935,.F.);
#2701=ORIENTED_EDGE('',*,*,#1936,.T.);
#2702=ORIENTED_EDGE('',*,*,#1932,.T.);
#2703=ORIENTED_EDGE('',*,*,#1936,.F.);
#2704=ORIENTED_EDGE('',*,*,#1937,.F.);
#2705=ORIENTED_EDGE('',*,*,#1938,.T.);
#2706=ORIENTED_EDGE('',*,*,#1933,.T.);
#2707=ORIENTED_EDGE('',*,*,#1938,.F.);
#2708=ORIENTED_EDGE('',*,*,#1919,.T.);
#2709=ORIENTED_EDGE('',*,*,#1851,.F.);
#2710=ORIENTED_EDGE('',*,*,#1927,.T.);
#2711=ORIENTED_EDGE('',*,*,#1907,.F.);
#2712=ORIENTED_EDGE('',*,*,#1939,.T.);
#2713=ORIENTED_EDGE('',*,*,#1940,.T.);
#2714=ORIENTED_EDGE('',*,*,#1897,.F.);
#2715=ORIENTED_EDGE('',*,*,#1934,.T.);
#2716=ORIENTED_EDGE('',*,*,#1935,.T.);
#2717=ORIENTED_EDGE('',*,*,#1779,.F.);
#2718=ORIENTED_EDGE('',*,*,#1937,.T.);
#2719=ORIENTED_EDGE('',*,*,#1941,.F.);
#2720=ORIENTED_EDGE('',*,*,#1942,.F.);
#2721=ORIENTED_EDGE('',*,*,#1939,.F.);
#2722=ORIENTED_EDGE('',*,*,#1911,.F.);
#2723=ORIENTED_EDGE('',*,*,#1904,.F.);
#2724=ORIENTED_EDGE('',*,*,#1901,.F.);
#2725=ORIENTED_EDGE('',*,*,#1940,.F.);
#2726=ORIENTED_EDGE('',*,*,#1943,.T.);
#2727=ORIENTED_EDGE('',*,*,#1941,.T.);
#2728=ORIENTED_EDGE('',*,*,#1943,.F.);
#2729=ORIENTED_EDGE('',*,*,#1944,.F.);
#2730=ORIENTED_EDGE('',*,*,#1945,.T.);
#2731=ORIENTED_EDGE('',*,*,#1942,.T.);
#2732=ORIENTED_EDGE('',*,*,#1945,.F.);
#2733=ORIENTED_EDGE('',*,*,#1944,.T.);
#2734=ORIENTED_EDGE('',*,*,#1946,.T.);
#2735=ORIENTED_EDGE('',*,*,#1893,.F.);
#2736=ORIENTED_EDGE('',*,*,#1947,.F.);
#2737=ORIENTED_EDGE('',*,*,#1948,.F.);
#2738=ORIENTED_EDGE('',*,*,#1949,.T.);
#2739=ORIENTED_EDGE('',*,*,#1948,.T.);
#2740=ORIENTED_EDGE('',*,*,#1950,.F.);
#2741=ORIENTED_EDGE('',*,*,#1951,.F.);
#2742=ORIENTED_EDGE('',*,*,#1868,.T.);
#2743=ORIENTED_EDGE('',*,*,#1952,.T.);
#2744=ORIENTED_EDGE('',*,*,#1951,.T.);
#2745=ORIENTED_EDGE('',*,*,#1953,.T.);
#2746=ORIENTED_EDGE('',*,*,#1891,.F.);
#2747=ORIENTED_EDGE('',*,*,#1952,.F.);
#2748=ORIENTED_EDGE('',*,*,#1894,.F.);
#2749=ORIENTED_EDGE('',*,*,#1946,.F.);
#2750=ORIENTED_EDGE('',*,*,#1949,.F.);
#2751=ORIENTED_EDGE('',*,*,#1953,.F.);
#2752=ORIENTED_EDGE('',*,*,#1950,.T.);
#2753=ORIENTED_EDGE('',*,*,#1947,.T.);
#2754=ORIENTED_EDGE('',*,*,#1892,.F.);
#2755=ORIENTED_EDGE('',*,*,#1954,.T.);
#2756=ORIENTED_EDGE('',*,*,#1889,.F.);
#2757=ORIENTED_EDGE('',*,*,#1955,.F.);
#2758=ORIENTED_EDGE('',*,*,#1956,.F.);
#2759=ORIENTED_EDGE('',*,*,#1957,.T.);
#2760=ORIENTED_EDGE('',*,*,#1956,.T.);
#2761=ORIENTED_EDGE('',*,*,#1958,.F.);
#2762=ORIENTED_EDGE('',*,*,#1959,.F.);
#2763=ORIENTED_EDGE('',*,*,#1871,.T.);
#2764=ORIENTED_EDGE('',*,*,#1960,.T.);
#2765=ORIENTED_EDGE('',*,*,#1959,.T.);
#2766=ORIENTED_EDGE('',*,*,#1961,.T.);
#2767=ORIENTED_EDGE('',*,*,#1887,.F.);
#2768=ORIENTED_EDGE('',*,*,#1960,.F.);
#2769=ORIENTED_EDGE('',*,*,#1890,.F.);
#2770=ORIENTED_EDGE('',*,*,#1954,.F.);
#2771=ORIENTED_EDGE('',*,*,#1957,.F.);
#2772=ORIENTED_EDGE('',*,*,#1961,.F.);
#2773=ORIENTED_EDGE('',*,*,#1958,.T.);
#2774=ORIENTED_EDGE('',*,*,#1955,.T.);
#2775=ORIENTED_EDGE('',*,*,#1888,.F.);
#2776=ORIENTED_EDGE('',*,*,#1962,.T.);
#2777=ORIENTED_EDGE('',*,*,#1885,.F.);
#2778=ORIENTED_EDGE('',*,*,#1963,.F.);
#2779=ORIENTED_EDGE('',*,*,#1964,.F.);
#2780=ORIENTED_EDGE('',*,*,#1965,.T.);
#2781=ORIENTED_EDGE('',*,*,#1964,.T.);
#2782=ORIENTED_EDGE('',*,*,#1966,.F.);
#2783=ORIENTED_EDGE('',*,*,#1967,.F.);
#2784=ORIENTED_EDGE('',*,*,#1874,.T.);
#2785=ORIENTED_EDGE('',*,*,#1968,.T.);
#2786=ORIENTED_EDGE('',*,*,#1967,.T.);
#2787=ORIENTED_EDGE('',*,*,#1969,.T.);
#2788=ORIENTED_EDGE('',*,*,#1883,.F.);
#2789=ORIENTED_EDGE('',*,*,#1968,.F.);
#2790=ORIENTED_EDGE('',*,*,#1886,.F.);
#2791=ORIENTED_EDGE('',*,*,#1962,.F.);
#2792=ORIENTED_EDGE('',*,*,#1965,.F.);
#2793=ORIENTED_EDGE('',*,*,#1969,.F.);
#2794=ORIENTED_EDGE('',*,*,#1966,.T.);
#2795=ORIENTED_EDGE('',*,*,#1963,.T.);
#2796=ORIENTED_EDGE('',*,*,#1884,.F.);
#2797=ORIENTED_EDGE('',*,*,#1970,.T.);
#2798=ORIENTED_EDGE('',*,*,#1881,.F.);
#2799=ORIENTED_EDGE('',*,*,#1971,.F.);
#2800=ORIENTED_EDGE('',*,*,#1972,.F.);
#2801=ORIENTED_EDGE('',*,*,#1973,.T.);
#2802=ORIENTED_EDGE('',*,*,#1972,.T.);
#2803=ORIENTED_EDGE('',*,*,#1974,.F.);
#2804=ORIENTED_EDGE('',*,*,#1975,.F.);
#2805=ORIENTED_EDGE('',*,*,#1865,.T.);
#2806=ORIENTED_EDGE('',*,*,#1976,.T.);
#2807=ORIENTED_EDGE('',*,*,#1975,.T.);
#2808=ORIENTED_EDGE('',*,*,#1977,.T.);
#2809=ORIENTED_EDGE('',*,*,#1879,.F.);
#2810=ORIENTED_EDGE('',*,*,#1976,.F.);
#2811=ORIENTED_EDGE('',*,*,#1882,.F.);
#2812=ORIENTED_EDGE('',*,*,#1970,.F.);
#2813=ORIENTED_EDGE('',*,*,#1973,.F.);
#2814=ORIENTED_EDGE('',*,*,#1977,.F.);
#2815=ORIENTED_EDGE('',*,*,#1974,.T.);
#2816=ORIENTED_EDGE('',*,*,#1971,.T.);
#2817=ORIENTED_EDGE('',*,*,#1880,.F.);
#2818=CYLINDRICAL_SURFACE('',#3072,3.);
#2819=CYLINDRICAL_SURFACE('',#3075,6.);
#2820=CYLINDRICAL_SURFACE('',#3084,5.);
#2821=CYLINDRICAL_SURFACE('',#3088,6.1);
#2822=CYLINDRICAL_SURFACE('',#3092,4.);
#2823=CYLINDRICAL_SURFACE('',#3098,7.5);
#2824=CYLINDRICAL_SURFACE('',#3105,2.15);
#2825=CYLINDRICAL_SURFACE('',#3109,0.75);
#2826=CYLINDRICAL_SURFACE('',#3111,6.);
#2827=CYLINDRICAL_SURFACE('',#3116,5.);
#2828=CYLINDRICAL_SURFACE('',#3119,1.5);
#2829=CYLINDRICAL_SURFACE('',#3120,3.);
#2830=CYLINDRICAL_SURFACE('',#3127,3.1);
#2831=CYLINDRICAL_SURFACE('',#3130,2.5);
#2832=CYLINDRICAL_SURFACE('',#3133,2.5);
#2833=CYLINDRICAL_SURFACE('',#3136,2.5);
#2834=CYLINDRICAL_SURFACE('',#3139,2.5);
#2835=CYLINDRICAL_SURFACE('',#3155,7.5);
#2836=CYLINDRICAL_SURFACE('',#3174,4.);
#2837=CYLINDRICAL_SURFACE('',#3178,6.1);
#2838=CYLINDRICAL_SURFACE('',#3182,5.);
#2839=CYLINDRICAL_SURFACE('',#3185,6.);
#2840=CYLINDRICAL_SURFACE('',#3189,2.15);
#2841=CYLINDRICAL_SURFACE('',#3193,0.75);
#2842=CYLINDRICAL_SURFACE('',#3196,4.00000005960465);
#2843=CYLINDRICAL_SURFACE('',#3199,15.8113885364499);
#2844=CYLINDRICAL_SURFACE('',#3204,4.00000005960465);
#2845=CYLINDRICAL_SURFACE('',#3207,15.8113885364499);
#2846=CYLINDRICAL_SURFACE('',#3212,4.00000005960465);
#2847=CYLINDRICAL_SURFACE('',#3215,15.8113885364499);
#2848=CYLINDRICAL_SURFACE('',#3220,4.00000005960465);
#2849=CYLINDRICAL_SURFACE('',#3223,15.8113885364499);
#2850=CYLINDRICAL_SURFACE('',#3228,6.);
#2851=CYLINDRICAL_SURFACE('',#3238,6.);
#2852=CYLINDRICAL_SURFACE('',#3240,3.);
#2853=CYLINDRICAL_SURFACE('',#3243,3.);
#2854=CYLINDRICAL_SURFACE('',#3246,3.);
#2855=CYLINDRICAL_SURFACE('',#3248,3.);
#2856=CYLINDRICAL_SURFACE('',#3254,1.5);
#2857=CYLINDRICAL_SURFACE('',#3259,1.5);
#2858=CYLINDRICAL_SURFACE('',#3261,1.5);
#2859=CYLINDRICAL_SURFACE('',#3265,1.5);
#2860=CYLINDRICAL_SURFACE('',#3280,2.5);
#2861=CYLINDRICAL_SURFACE('',#3284,2.5);
#2862=CYLINDRICAL_SURFACE('',#3288,2.5);
#2863=CYLINDRICAL_SURFACE('',#3292,2.5);
#2864=CYLINDRICAL_SURFACE('',#3323,11.0000001639128);
#2865=CYLINDRICAL_SURFACE('',#3325,4.00000005960464);
#2866=CYLINDRICAL_SURFACE('',#3334,11.0000001639128);
#2867=CYLINDRICAL_SURFACE('',#3336,4.00000005960464);
#2868=CYLINDRICAL_SURFACE('',#3344,11.0000001639128);
#2869=CYLINDRICAL_SURFACE('',#3347,4.00000005960464);
#2870=CYLINDRICAL_SURFACE('',#3356,11.0000001639128);
#2871=CYLINDRICAL_SURFACE('',#3357,4.00000005960464);
#2872=ADVANCED_FACE('',(#198),#2818,.F.);
#2873=ADVANCED_FACE('',(#199),#2819,.T.);
#2874=ADVANCED_FACE('',(#200,#42),#75,.T.);
#2875=ADVANCED_FACE('',(#201,#43),#76,.F.);
#2876=ADVANCED_FACE('',(#202),#77,.T.);
#2877=ADVANCED_FACE('',(#203),#78,.T.);
#2878=ADVANCED_FACE('',(#204),#2820,.F.);
#2879=ADVANCED_FACE('',(#205),#79,.F.);
#2880=ADVANCED_FACE('',(#206),#2821,.F.);
#2881=ADVANCED_FACE('',(#207),#80,.F.);
#2882=ADVANCED_FACE('',(#208),#2822,.F.);
#2883=ADVANCED_FACE('',(#209),#81,.T.);
#2884=ADVANCED_FACE('',(#210),#82,.T.);
#2885=ADVANCED_FACE('',(#211),#2823,.T.);
#2886=ADVANCED_FACE('',(#212),#83,.T.);
#2887=ADVANCED_FACE('',(#213),#84,.T.);
#2888=ADVANCED_FACE('',(#214),#85,.T.);
#2889=ADVANCED_FACE('',(#215),#86,.F.);
#2890=ADVANCED_FACE('',(#216),#2824,.F.);
#2891=ADVANCED_FACE('',(#217),#87,.T.);
#2892=ADVANCED_FACE('',(#218),#2825,.F.);
#2893=ADVANCED_FACE('',(#219),#2826,.F.);
#2894=ADVANCED_FACE('',(#220),#88,.F.);
#2895=ADVANCED_FACE('',(#221),#89,.T.);
#2896=ADVANCED_FACE('',(#222),#90,.T.);
#2897=ADVANCED_FACE('',(#223),#2827,.T.);
#2898=ADVANCED_FACE('',(#224),#2828,.F.);
#2899=ADVANCED_FACE('',(#225,#44),#2829,.T.);
#2900=ADVANCED_FACE('',(#226),#91,.T.);
#2901=ADVANCED_FACE('',(#227),#92,.F.);
#2902=ADVANCED_FACE('',(#228,#45),#93,.T.);
#2903=ADVANCED_FACE('',(#229),#2830,.F.);
#2904=ADVANCED_FACE('',(#230,#46),#94,.F.);
#2905=ADVANCED_FACE('',(#231),#2831,.F.);
#2906=ADVANCED_FACE('',(#232),#2832,.F.);
#2907=ADVANCED_FACE('',(#233),#2833,.F.);
#2908=ADVANCED_FACE('',(#234),#2834,.F.);
#2909=ADVANCED_FACE('',(#235),#95,.T.);
#2910=ADVANCED_FACE('',(#236,#47),#96,.T.);
#2911=ADVANCED_FACE('',(#237),#97,.T.);
#2912=ADVANCED_FACE('',(#238),#98,.T.);
#2913=ADVANCED_FACE('',(#239,#48,#49),#99,.F.);
#2914=ADVANCED_FACE('',(#240),#100,.T.);
#2915=ADVANCED_FACE('',(#241),#101,.T.);
#2916=ADVANCED_FACE('',(#242,#50),#102,.T.);
#2917=ADVANCED_FACE('',(#243),#103,.T.);
#2918=ADVANCED_FACE('',(#244),#2835,.T.);
#2919=ADVANCED_FACE('',(#245),#104,.T.);
#2920=ADVANCED_FACE('',(#246),#105,.T.);
#2921=ADVANCED_FACE('',(#247,#51),#106,.T.);
#2922=ADVANCED_FACE('',(#248),#107,.T.);
#2923=ADVANCED_FACE('',(#249),#108,.T.);
#2924=ADVANCED_FACE('',(#250,#52),#109,.T.);
#2925=ADVANCED_FACE('',(#251),#110,.T.);
#2926=ADVANCED_FACE('',(#252),#111,.T.);
#2927=ADVANCED_FACE('',(#253,#53,#54),#112,.F.);
#2928=ADVANCED_FACE('',(#254),#113,.T.);
#2929=ADVANCED_FACE('',(#255),#2836,.F.);
#2930=ADVANCED_FACE('',(#256),#114,.F.);
#2931=ADVANCED_FACE('',(#257),#2837,.F.);
#2932=ADVANCED_FACE('',(#258),#115,.F.);
#2933=ADVANCED_FACE('',(#259),#2838,.F.);
#2934=ADVANCED_FACE('',(#260),#116,.T.);
#2935=ADVANCED_FACE('',(#261),#2839,.F.);
#2936=ADVANCED_FACE('',(#262),#117,.F.);
#2937=ADVANCED_FACE('',(#263),#2840,.F.);
#2938=ADVANCED_FACE('',(#264),#118,.T.);
#2939=ADVANCED_FACE('',(#265),#2841,.F.);
#2940=ADVANCED_FACE('',(#266),#119,.F.);
#2941=ADVANCED_FACE('',(#267),#2842,.F.);
#2942=ADVANCED_FACE('',(#268),#2843,.T.);
#2943=ADVANCED_FACE('',(#269,#55),#120,.T.);
#2944=ADVANCED_FACE('',(#270,#56),#121,.F.);
#2945=ADVANCED_FACE('',(#271),#2844,.F.);
#2946=ADVANCED_FACE('',(#272),#2845,.T.);
#2947=ADVANCED_FACE('',(#273,#57),#122,.T.);
#2948=ADVANCED_FACE('',(#274,#58),#123,.F.);
#2949=ADVANCED_FACE('',(#275),#2846,.F.);
#2950=ADVANCED_FACE('',(#276),#2847,.T.);
#2951=ADVANCED_FACE('',(#277,#59),#124,.T.);
#2952=ADVANCED_FACE('',(#278,#60),#125,.F.);
#2953=ADVANCED_FACE('',(#279),#2848,.F.);
#2954=ADVANCED_FACE('',(#280),#2849,.T.);
#2955=ADVANCED_FACE('',(#281,#61),#126,.T.);
#2956=ADVANCED_FACE('',(#282,#62),#127,.F.);
#2957=ADVANCED_FACE('',(#283),#2850,.T.);
#2958=ADVANCED_FACE('',(#284),#128,.T.);
#2959=ADVANCED_FACE('',(#285),#129,.T.);
#2960=ADVANCED_FACE('',(#286),#2851,.T.);
#2961=ADVANCED_FACE('',(#287),#2852,.F.);
#2962=ADVANCED_FACE('',(#288),#130,.F.);
#2963=ADVANCED_FACE('',(#289),#2853,.F.);
#2964=ADVANCED_FACE('',(#290),#131,.F.);
#2965=ADVANCED_FACE('',(#291),#2854,.F.);
#2966=ADVANCED_FACE('',(#292),#2855,.F.);
#2967=ADVANCED_FACE('',(#293),#132,.F.);
#2968=ADVANCED_FACE('',(#294),#133,.T.);
#2969=ADVANCED_FACE('',(#295),#2856,.T.);
#2970=ADVANCED_FACE('',(#296),#134,.T.);
#2971=ADVANCED_FACE('',(#297),#135,.F.);
#2972=ADVANCED_FACE('',(#298),#2857,.T.);
#2973=ADVANCED_FACE('',(#299),#136,.T.);
#2974=ADVANCED_FACE('',(#300),#2858,.T.);
#2975=ADVANCED_FACE('',(#301),#137,.F.);
#2976=ADVANCED_FACE('',(#302),#2859,.T.);
#2977=ADVANCED_FACE('',(#303),#138,.F.);
#2978=ADVANCED_FACE('',(#304),#139,.T.);
#2979=ADVANCED_FACE('',(#305),#140,.F.);
#2980=ADVANCED_FACE('',(#306),#141,.F.);
#2981=ADVANCED_FACE('',(#307),#142,.T.);
#2982=ADVANCED_FACE('',(#308),#143,.T.);
#2983=ADVANCED_FACE('',(#309),#144,.T.);
#2984=ADVANCED_FACE('',(#310),#145,.F.);
#2985=ADVANCED_FACE('',(#311),#146,.F.);
#2986=ADVANCED_FACE('',(#312),#147,.F.);
#2987=ADVANCED_FACE('',(#313),#148,.T.);
#2988=ADVANCED_FACE('',(#314),#149,.T.);
#2989=ADVANCED_FACE('',(#315),#2860,.F.);
#2990=ADVANCED_FACE('',(#316),#150,.T.);
#2991=ADVANCED_FACE('',(#317),#2861,.F.);
#2992=ADVANCED_FACE('',(#318),#151,.T.);
#2993=ADVANCED_FACE('',(#319),#2862,.F.);
#2994=ADVANCED_FACE('',(#320),#152,.T.);
#2995=ADVANCED_FACE('',(#321),#2863,.F.);
#2996=ADVANCED_FACE('',(#322),#153,.T.);
#2997=ADVANCED_FACE('',(#323,#63,#64,#65,#66),#154,.T.);
#2998=ADVANCED_FACE('',(#324),#155,.T.);
#2999=ADVANCED_FACE('',(#325),#156,.T.);
#3000=ADVANCED_FACE('',(#326),#157,.T.);
#3001=ADVANCED_FACE('',(#327),#158,.T.);
#3002=ADVANCED_FACE('',(#328),#159,.T.);
#3003=ADVANCED_FACE('',(#329),#160,.T.);
#3004=ADVANCED_FACE('',(#330),#161,.T.);
#3005=ADVANCED_FACE('',(#331),#162,.T.);
#3006=ADVANCED_FACE('',(#332),#163,.T.);
#3007=ADVANCED_FACE('',(#333),#164,.T.);
#3008=ADVANCED_FACE('',(#334),#165,.T.);
#3009=ADVANCED_FACE('',(#335,#67),#166,.F.);
#3010=ADVANCED_FACE('',(#336),#167,.T.);
#3011=ADVANCED_FACE('',(#337),#2864,.T.);
#3012=ADVANCED_FACE('',(#338),#2865,.F.);
#3013=ADVANCED_FACE('',(#339),#168,.T.);
#3014=ADVANCED_FACE('',(#340,#68),#169,.F.);
#3015=ADVANCED_FACE('',(#341),#170,.T.);
#3016=ADVANCED_FACE('',(#342),#2866,.T.);
#3017=ADVANCED_FACE('',(#343),#2867,.F.);
#3018=ADVANCED_FACE('',(#344),#171,.T.);
#3019=ADVANCED_FACE('',(#345),#172,.T.);
#3020=ADVANCED_FACE('',(#346,#69),#173,.F.);
#3021=ADVANCED_FACE('',(#347),#2868,.T.);
#3022=ADVANCED_FACE('',(#348),#2869,.F.);
#3023=ADVANCED_FACE('',(#349),#174,.T.);
#3024=ADVANCED_FACE('',(#350),#175,.T.);
#3025=ADVANCED_FACE('',(#351,#70),#176,.F.);
#3026=ADVANCED_FACE('',(#352),#2870,.T.);
#3027=ADVANCED_FACE('',(#353),#2871,.F.);
#3028=ADVANCED_FACE('',(#354),#177,.T.);
#3029=ADVANCED_FACE('',(#355),#178,.T.);
#3030=ADVANCED_FACE('',(#356,#71),#179,.T.);
#3031=ADVANCED_FACE('',(#357),#180,.T.);
#3032=ADVANCED_FACE('',(#358),#181,.T.);
#3033=ADVANCED_FACE('',(#359),#182,.T.);
#3034=ADVANCED_FACE('',(#360),#183,.T.);
#3035=ADVANCED_FACE('',(#361,#72),#184,.T.);
#3036=ADVANCED_FACE('',(#362),#185,.T.);
#3037=ADVANCED_FACE('',(#363),#186,.T.);
#3038=ADVANCED_FACE('',(#364),#187,.T.);
#3039=ADVANCED_FACE('',(#365),#188,.T.);
#3040=ADVANCED_FACE('',(#366,#73),#189,.T.);
#3041=ADVANCED_FACE('',(#367),#190,.T.);
#3042=ADVANCED_FACE('',(#368),#191,.T.);
#3043=ADVANCED_FACE('',(#369),#192,.T.);
#3044=ADVANCED_FACE('',(#370),#193,.T.);
#3045=ADVANCED_FACE('',(#371,#74),#194,.T.);
#3046=ADVANCED_FACE('',(#372),#195,.T.);
#3047=ADVANCED_FACE('',(#373),#196,.T.);
#3048=ADVANCED_FACE('',(#374),#197,.T.);
#3049=CLOSED_SHELL('',(#2872,#2873,#2874,#2875));
#3050=CLOSED_SHELL('',(#2876,#2877,#2878,#2879,#2880,#2881,#2882,#2883,
#2884,#2885,#2886,#2887,#2888,#2889,#2890,#2891,#2892,#2893,#2894,#2895,
#2896));
#3051=CLOSED_SHELL('',(#2897,#2898,#2899,#2900,#2901,#2902,#2903,#2904));
#3052=CLOSED_SHELL('',(#2905,#2906,#2907,#2908,#2909,#2910,#2911,#2912,
#2913,#2914,#2915,#2916,#2917,#2918,#2919,#2920,#2921,#2922,#2923,#2924,
#2925,#2926,#2927,#2928,#2929,#2930,#2931,#2932,#2933,#2934,#2935,#2936,
#2937,#2938,#2939,#2940));
#3053=CLOSED_SHELL('',(#2941,#2942,#2943,#2944));
#3054=CLOSED_SHELL('',(#2945,#2946,#2947,#2948));
#3055=CLOSED_SHELL('',(#2949,#2950,#2951,#2952));
#3056=CLOSED_SHELL('',(#2953,#2954,#2955,#2956));
#3057=CLOSED_SHELL('',(#2957,#2958,#2959,#2960,#2961,#2962,#2963,#2964,
#2965,#2966,#2967,#2968,#2969,#2970,#2971,#2972,#2973,#2974,#2975,#2976,
#2977,#2978,#2979,#2980,#2981,#2982,#2983,#2984,#2985,#2986,#2987,#2988,
#2989,#2990,#2991,#2992,#2993,#2994,#2995,#2996,#2997,#2998,#2999,#3000,
#3001,#3002,#3003,#3004,#3005,#3006,#3007,#3008,#3009,#3010,#3011,#3012,
#3013,#3014,#3015,#3016,#3017,#3018,#3019,#3020,#3021,#3022,#3023,#3024,
#3025,#3026,#3027,#3028,#3029,#3030,#3031,#3032,#3033,#3034,#3035,#3036,
#3037,#3038,#3039,#3040,#3041,#3042,#3043,#3044,#3045,#3046,#3047,#3048));
#3058=DERIVED_UNIT_ELEMENT(#3060,1.);
#3059=DERIVED_UNIT_ELEMENT(#5237,-3.);
#3060=(
MASS_UNIT()
NAMED_UNIT(*)
SI_UNIT(.KILO.,.GRAM.)
);
#3061=DERIVED_UNIT((#3058,#3059));
#3062=MEASURE_REPRESENTATION_ITEM('density measure',
POSITIVE_RATIO_MEASURE(7850.),#3061);
#3063=PROPERTY_DEFINITION_REPRESENTATION(#3068,#3065);
#3064=PROPERTY_DEFINITION_REPRESENTATION(#3069,#3066);
#3065=REPRESENTATION('material name',(#3067),#5234);
#3066=REPRESENTATION('density',(#3062),#5234);
#3067=DESCRIPTIVE_REPRESENTATION_ITEM('Steel','Steel');
#3068=PROPERTY_DEFINITION('material property','material name',#5249);
#3069=PROPERTY_DEFINITION('material property','density of part',#5249);
#3070=AXIS2_PLACEMENT_3D('',#4287,#3381,#3382);
#3071=AXIS2_PLACEMENT_3D('',#4288,#3383,#3384);
#3072=AXIS2_PLACEMENT_3D('',#4289,#3385,#3386);
#3073=AXIS2_PLACEMENT_3D('',#4291,#3387,#3388);
#3074=AXIS2_PLACEMENT_3D('',#4294,#3390,#3391);
#3075=AXIS2_PLACEMENT_3D('',#4295,#3392,#3393);
#3076=AXIS2_PLACEMENT_3D('',#4297,#3394,#3395);
#3077=AXIS2_PLACEMENT_3D('',#4300,#3397,#3398);
#3078=AXIS2_PLACEMENT_3D('',#4301,#3399,#3400);
#3079=AXIS2_PLACEMENT_3D('',#4302,#3401,#3402);
#3080=AXIS2_PLACEMENT_3D('',#4303,#3403,#3404);
#3081=AXIS2_PLACEMENT_3D('',#4314,#3410,#3411);
#3082=AXIS2_PLACEMENT_3D('',#4319,#3413,#3414);
#3083=AXIS2_PLACEMENT_3D('',#4322,#3416,#3417);
#3084=AXIS2_PLACEMENT_3D('',#4323,#3418,#3419);
#3085=AXIS2_PLACEMENT_3D('',#4328,#3422,#3423);
#3086=AXIS2_PLACEMENT_3D('',#4329,#3424,#3425);
#3087=AXIS2_PLACEMENT_3D('',#4334,#3428,#3429);
#3088=AXIS2_PLACEMENT_3D('',#4335,#3430,#3431);
#3089=AXIS2_PLACEMENT_3D('',#4340,#3434,#3435);
#3090=AXIS2_PLACEMENT_3D('',#4341,#3436,#3437);
#3091=AXIS2_PLACEMENT_3D('',#4346,#3440,#3441);
#3092=AXIS2_PLACEMENT_3D('',#4347,#3442,#3443);
#3093=AXIS2_PLACEMENT_3D('',#4352,#3446,#3447);
#3094=AXIS2_PLACEMENT_3D('',#4353,#3448,#3449);
#3095=AXIS2_PLACEMENT_3D('',#4358,#3452,#3453);
#3096=AXIS2_PLACEMENT_3D('',#4359,#3454,#3455);
#3097=AXIS2_PLACEMENT_3D('',#4361,#3456,#3457);
#3098=AXIS2_PLACEMENT_3D('',#4363,#3459,#3460);
#3099=AXIS2_PLACEMENT_3D('',#4366,#3462,#3463);
#3100=AXIS2_PLACEMENT_3D('',#4368,#3465,#3466);
#3101=AXIS2_PLACEMENT_3D('',#4372,#3469,#3470);
#3102=AXIS2_PLACEMENT_3D('',#4377,#3474,#3475);
#3103=AXIS2_PLACEMENT_3D('',#4378,#3476,#3477);
#3104=AXIS2_PLACEMENT_3D('',#4382,#3479,#3480);
#3105=AXIS2_PLACEMENT_3D('',#4384,#3482,#3483);
#3106=AXIS2_PLACEMENT_3D('',#4388,#3485,#3486);
#3107=AXIS2_PLACEMENT_3D('',#4390,#3488,#3489);
#3108=AXIS2_PLACEMENT_3D('',#4394,#3491,#3492);
#3109=AXIS2_PLACEMENT_3D('',#4396,#3494,#3495);
#3110=AXIS2_PLACEMENT_3D('',#4400,#3497,#3498);
#3111=AXIS2_PLACEMENT_3D('',#4402,#3500,#3501);
#3112=AXIS2_PLACEMENT_3D('',#4407,#3504,#3505);
#3113=AXIS2_PLACEMENT_3D('',#4408,#3506,#3507);
#3114=AXIS2_PLACEMENT_3D('',#4411,#3510,#3511);
#3115=AXIS2_PLACEMENT_3D('',#4412,#3512,#3513);
#3116=AXIS2_PLACEMENT_3D('',#4413,#3514,#3515);
#3117=AXIS2_PLACEMENT_3D('',#4415,#3516,#3517);
#3118=AXIS2_PLACEMENT_3D('',#4418,#3519,#3520);
#3119=AXIS2_PLACEMENT_3D('',#4419,#3521,#3522);
#3120=AXIS2_PLACEMENT_3D('',#4500,#3524,#3525);
#3121=AXIS2_PLACEMENT_3D('',#4502,#3526,#3527);
#3122=AXIS2_PLACEMENT_3D('',#4506,#3530,#3531);
#3123=AXIS2_PLACEMENT_3D('',#4507,#3532,#3533);
#3124=AXIS2_PLACEMENT_3D('',#4508,#3534,#3535);
#3125=AXIS2_PLACEMENT_3D('',#4510,#3536,#3537);
#3126=AXIS2_PLACEMENT_3D('',#4511,#3538,#3539);
#3127=AXIS2_PLACEMENT_3D('',#4512,#3540,#3541);
#3128=AXIS2_PLACEMENT_3D('',#4515,#3543,#3544);
#3129=AXIS2_PLACEMENT_3D('',#4516,#3545,#3546);
#3130=AXIS2_PLACEMENT_3D('',#4517,#3547,#3548);
#3131=AXIS2_PLACEMENT_3D('',#4519,#3549,#3550);
#3132=AXIS2_PLACEMENT_3D('',#4522,#3552,#3553);
#3133=AXIS2_PLACEMENT_3D('',#4523,#3554,#3555);
#3134=AXIS2_PLACEMENT_3D('',#4525,#3556,#3557);
#3135=AXIS2_PLACEMENT_3D('',#4528,#3559,#3560);
#3136=AXIS2_PLACEMENT_3D('',#4529,#3561,#3562);
#3137=AXIS2_PLACEMENT_3D('',#4531,#3563,#3564);
#3138=AXIS2_PLACEMENT_3D('',#4534,#3566,#3567);
#3139=AXIS2_PLACEMENT_3D('',#4535,#3568,#3569);
#3140=AXIS2_PLACEMENT_3D('',#4537,#3570,#3571);
#3141=AXIS2_PLACEMENT_3D('',#4540,#3573,#3574);
#3142=AXIS2_PLACEMENT_3D('',#4541,#3575,#3576);
#3143=AXIS2_PLACEMENT_3D('',#4544,#3577,#3578);
#3144=AXIS2_PLACEMENT_3D('',#4550,#3582,#3583);
#3145=AXIS2_PLACEMENT_3D('',#4556,#3587,#3588);
#3146=AXIS2_PLACEMENT_3D('',#4558,#3589,#3590);
#3147=AXIS2_PLACEMENT_3D('',#4562,#3593,#3594);
#3148=AXIS2_PLACEMENT_3D('',#4564,#3596,#3597);
#3149=AXIS2_PLACEMENT_3D('',#4602,#3617,#3618);
#3150=AXIS2_PLACEMENT_3D('',#4605,#3619,#3620);
#3151=AXIS2_PLACEMENT_3D('',#4611,#3624,#3625);
#3152=AXIS2_PLACEMENT_3D('',#4617,#3629,#3630);
#3153=AXIS2_PLACEMENT_3D('',#4621,#3633,#3634);
#3154=AXIS2_PLACEMENT_3D('',#4623,#3635,#3636);
#3155=AXIS2_PLACEMENT_3D('',#4625,#3638,#3639);
#3156=AXIS2_PLACEMENT_3D('',#4627,#3640,#3641);
#3157=AXIS2_PLACEMENT_3D('',#4630,#3643,#3644);
#3158=AXIS2_PLACEMENT_3D('',#4632,#3645,#3646);
#3159=AXIS2_PLACEMENT_3D('',#4636,#3648,#3649);
#3160=AXIS2_PLACEMENT_3D('',#4640,#3651,#3652);
#3161=AXIS2_PLACEMENT_3D('',#4644,#3655,#3656);
#3162=AXIS2_PLACEMENT_3D('',#4645,#3657,#3658);
#3163=AXIS2_PLACEMENT_3D('',#4651,#3662,#3663);
#3164=AXIS2_PLACEMENT_3D('',#4657,#3667,#3668);
#3165=AXIS2_PLACEMENT_3D('',#4659,#3670,#3671);
#3166=AXIS2_PLACEMENT_3D('',#4661,#3673,#3674);
#3167=AXIS2_PLACEMENT_3D('',#4665,#3677,#3678);
#3168=AXIS2_PLACEMENT_3D('',#4669,#3681,#3682);
#3169=AXIS2_PLACEMENT_3D('',#4671,#3684,#3685);
#3170=AXIS2_PLACEMENT_3D('',#4672,#3686,#3687);
#3171=AXIS2_PLACEMENT_3D('',#4698,#3701,#3702);
#3172=AXIS2_PLACEMENT_3D('',#4699,#3703,#3704);
#3173=AXIS2_PLACEMENT_3D('',#4700,#3705,#3706);
#3174=AXIS2_PLACEMENT_3D('',#4701,#3707,#3708);
#3175=AXIS2_PLACEMENT_3D('',#4702,#3709,#3710);
#3176=AXIS2_PLACEMENT_3D('',#4703,#3711,#3712);
#3177=AXIS2_PLACEMENT_3D('',#4704,#3713,#3714);
#3178=AXIS2_PLACEMENT_3D('',#4705,#3715,#3716);
#3179=AXIS2_PLACEMENT_3D('',#4706,#3717,#3718);
#3180=AXIS2_PLACEMENT_3D('',#4707,#3719,#3720);
#3181=AXIS2_PLACEMENT_3D('',#4708,#3721,#3722);
#3182=AXIS2_PLACEMENT_3D('',#4709,#3723,#3724);
#3183=AXIS2_PLACEMENT_3D('',#4710,#3725,#3726);
#3184=AXIS2_PLACEMENT_3D('',#4711,#3727,#3728);
#3185=AXIS2_PLACEMENT_3D('',#4712,#3729,#3730);
#3186=AXIS2_PLACEMENT_3D('',#4713,#3731,#3732);
#3187=AXIS2_PLACEMENT_3D('',#4714,#3733,#3734);
#3188=AXIS2_PLACEMENT_3D('',#4715,#3735,#3736);
#3189=AXIS2_PLACEMENT_3D('',#4716,#3737,#3738);
#3190=AXIS2_PLACEMENT_3D('',#4717,#3739,#3740);
#3191=AXIS2_PLACEMENT_3D('',#4718,#3741,#3742);
#3192=AXIS2_PLACEMENT_3D('',#4719,#3743,#3744);
#3193=AXIS2_PLACEMENT_3D('',#4720,#3745,#3746);
#3194=AXIS2_PLACEMENT_3D('',#4721,#3747,#3748);
#3195=AXIS2_PLACEMENT_3D('',#4722,#3749,#3750);
#3196=AXIS2_PLACEMENT_3D('',#4723,#3751,#3752);
#3197=AXIS2_PLACEMENT_3D('',#4725,#3753,#3754);
#3198=AXIS2_PLACEMENT_3D('',#4728,#3756,#3757);
#3199=AXIS2_PLACEMENT_3D('',#4729,#3758,#3759);
#3200=AXIS2_PLACEMENT_3D('',#4731,#3760,#3761);
#3201=AXIS2_PLACEMENT_3D('',#4734,#3763,#3764);
#3202=AXIS2_PLACEMENT_3D('',#4735,#3765,#3766);
#3203=AXIS2_PLACEMENT_3D('',#4736,#3767,#3768);
#3204=AXIS2_PLACEMENT_3D('',#4737,#3769,#3770);
#3205=AXIS2_PLACEMENT_3D('',#4739,#3771,#3772);
#3206=AXIS2_PLACEMENT_3D('',#4742,#3774,#3775);
#3207=AXIS2_PLACEMENT_3D('',#4743,#3776,#3777);
#3208=AXIS2_PLACEMENT_3D('',#4745,#3778,#3779);
#3209=AXIS2_PLACEMENT_3D('',#4748,#3781,#3782);
#3210=AXIS2_PLACEMENT_3D('',#4749,#3783,#3784);
#3211=AXIS2_PLACEMENT_3D('',#4750,#3785,#3786);
#3212=AXIS2_PLACEMENT_3D('',#4751,#3787,#3788);
#3213=AXIS2_PLACEMENT_3D('',#4753,#3789,#3790);
#3214=AXIS2_PLACEMENT_3D('',#4756,#3792,#3793);
#3215=AXIS2_PLACEMENT_3D('',#4757,#3794,#3795);
#3216=AXIS2_PLACEMENT_3D('',#4759,#3796,#3797);
#3217=AXIS2_PLACEMENT_3D('',#4762,#3799,#3800);
#3218=AXIS2_PLACEMENT_3D('',#4763,#3801,#3802);
#3219=AXIS2_PLACEMENT_3D('',#4764,#3803,#3804);
#3220=AXIS2_PLACEMENT_3D('',#4765,#3805,#3806);
#3221=AXIS2_PLACEMENT_3D('',#4767,#3807,#3808);
#3222=AXIS2_PLACEMENT_3D('',#4770,#3810,#3811);
#3223=AXIS2_PLACEMENT_3D('',#4771,#3812,#3813);
#3224=AXIS2_PLACEMENT_3D('',#4773,#3814,#3815);
#3225=AXIS2_PLACEMENT_3D('',#4776,#3817,#3818);
#3226=AXIS2_PLACEMENT_3D('',#4777,#3819,#3820);
#3227=AXIS2_PLACEMENT_3D('',#4778,#3821,#3822);
#3228=AXIS2_PLACEMENT_3D('',#4779,#3823,#3824);
#3229=AXIS2_PLACEMENT_3D('',#4782,#3825,#3826);
#3230=AXIS2_PLACEMENT_3D('',#4786,#3828,#3829);
#3231=AXIS2_PLACEMENT_3D('',#4788,#3831,#3832);
#3232=AXIS2_PLACEMENT_3D('',#4794,#3836,#3837);
#3233=AXIS2_PLACEMENT_3D('',#4798,#3839,#3840);
#3234=AXIS2_PLACEMENT_3D('',#4806,#3844,#3845);
#3235=AXIS2_PLACEMENT_3D('',#4810,#3847,#3848);
#3236=AXIS2_PLACEMENT_3D('',#4830,#3858,#3859);
#3237=AXIS2_PLACEMENT_3D('',#4834,#3861,#3862);
#3238=AXIS2_PLACEMENT_3D('',#4838,#3865,#3866);
#3239=AXIS2_PLACEMENT_3D('',#4841,#3867,#3868);
#3240=AXIS2_PLACEMENT_3D('',#4844,#3871,#3872);
#3241=AXIS2_PLACEMENT_3D('',#4847,#3873,#3874);
#3242=AXIS2_PLACEMENT_3D('',#4850,#3877,#3878);
#3243=AXIS2_PLACEMENT_3D('',#4854,#3881,#3882);
#3244=AXIS2_PLACEMENT_3D('',#4857,#3883,#3884);
#3245=AXIS2_PLACEMENT_3D('',#4860,#3887,#3888);
#3246=AXIS2_PLACEMENT_3D('',#4862,#3890,#3891);
#3247=AXIS2_PLACEMENT_3D('',#4866,#3893,#3894);
#3248=AXIS2_PLACEMENT_3D('',#4868,#3896,#3897);
#3249=AXIS2_PLACEMENT_3D('',#4871,#3898,#3899);
#3250=AXIS2_PLACEMENT_3D('',#4874,#3902,#3903);
#3251=AXIS2_PLACEMENT_3D('',#4883,#3908,#3909);
#3252=AXIS2_PLACEMENT_3D('',#4887,#3911,#3912);
#3253=AXIS2_PLACEMENT_3D('',#4893,#3916,#3917);
#3254=AXIS2_PLACEMENT_3D('',#4895,#3919,#3920);
#3255=AXIS2_PLACEMENT_3D('',#4898,#3921,#3922);
#3256=AXIS2_PLACEMENT_3D('',#4901,#3925,#3926);
#3257=AXIS2_PLACEMENT_3D('',#4905,#3928,#3929);
#3258=AXIS2_PLACEMENT_3D('',#4911,#3933,#3934);
#3259=AXIS2_PLACEMENT_3D('',#4913,#3936,#3937);
#3260=AXIS2_PLACEMENT_3D('',#4915,#3939,#3940);
#3261=AXIS2_PLACEMENT_3D('',#4917,#3942,#3943);
#3262=AXIS2_PLACEMENT_3D('',#4920,#3944,#3945);
#3263=AXIS2_PLACEMENT_3D('',#4924,#3947,#3948);
#3264=AXIS2_PLACEMENT_3D('',#4926,#3950,#3951);
#3265=AXIS2_PLACEMENT_3D('',#4932,#3955,#3956);
#3266=AXIS2_PLACEMENT_3D('',#4935,#3957,#3958);
#3267=AXIS2_PLACEMENT_3D('',#4939,#3960,#3961);
#3268=AXIS2_PLACEMENT_3D('',#4941,#3963,#3964);
#3269=AXIS2_PLACEMENT_3D('',#4944,#3967,#3968);
#3270=AXIS2_PLACEMENT_3D('',#4945,#3969,#3970);
#3271=AXIS2_PLACEMENT_3D('',#4947,#3972,#3973);
#3272=AXIS2_PLACEMENT_3D('',#4949,#3975,#3976);
#3273=AXIS2_PLACEMENT_3D('',#4953,#3979,#3980);
#3274=AXIS2_PLACEMENT_3D('',#4969,#3989,#3990);
#3275=AXIS2_PLACEMENT_3D('',#4971,#3992,#3993);
#3276=AXIS2_PLACEMENT_3D('',#4977,#3997,#3998);
#3277=AXIS2_PLACEMENT_3D('',#4981,#4001,#4002);
#3278=AXIS2_PLACEMENT_3D('',#4984,#4005,#4006);
#3279=AXIS2_PLACEMENT_3D('',#4986,#4008,#4009);
#3280=AXIS2_PLACEMENT_3D('',#4990,#4012,#4013);
#3281=AXIS2_PLACEMENT_3D('',#4992,#4014,#4015);
#3282=AXIS2_PLACEMENT_3D('',#4995,#4017,#4018);
#3283=AXIS2_PLACEMENT_3D('',#4996,#4019,#4020);
#3284=AXIS2_PLACEMENT_3D('',#4997,#4021,#4022);
#3285=AXIS2_PLACEMENT_3D('',#4999,#4023,#4024);
#3286=AXIS2_PLACEMENT_3D('',#5002,#4026,#4027);
#3287=AXIS2_PLACEMENT_3D('',#5003,#4028,#4029);
#3288=AXIS2_PLACEMENT_3D('',#5004,#4030,#4031);
#3289=AXIS2_PLACEMENT_3D('',#5006,#4032,#4033);
#3290=AXIS2_PLACEMENT_3D('',#5009,#4035,#4036);
#3291=AXIS2_PLACEMENT_3D('',#5010,#4037,#4038);
#3292=AXIS2_PLACEMENT_3D('',#5011,#4039,#4040);
#3293=AXIS2_PLACEMENT_3D('',#5013,#4041,#4042);
#3294=AXIS2_PLACEMENT_3D('',#5016,#4044,#4045);
#3295=AXIS2_PLACEMENT_3D('',#5017,#4046,#4047);
#3296=AXIS2_PLACEMENT_3D('',#5018,#4048,#4049);
#3297=AXIS2_PLACEMENT_3D('',#5054,#4068,#4069);
#3298=AXIS2_PLACEMENT_3D('',#5066,#4076,#4077);
#3299=AXIS2_PLACEMENT_3D('',#5067,#4078,#4079);
#3300=AXIS2_PLACEMENT_3D('',#5068,#4080,#4081);
#3301=AXIS2_PLACEMENT_3D('',#5069,#4082,#4083);
#3302=AXIS2_PLACEMENT_3D('',#5070,#4084,#4085);
#3303=AXIS2_PLACEMENT_3D('',#5071,#4086,#4087);
#3304=AXIS2_PLACEMENT_3D('',#5072,#4088,#4089);
#3305=AXIS2_PLACEMENT_3D('',#5074,#4090,#4091);
#3306=AXIS2_PLACEMENT_3D('',#5076,#4093,#4094);
#3307=AXIS2_PLACEMENT_3D('',#5084,#4099,#4100);
#3308=AXIS2_PLACEMENT_3D('',#5085,#4101,#4102);
#3309=AXIS2_PLACEMENT_3D('',#5086,#4103,#4104);
#3310=AXIS2_PLACEMENT_3D('',#5087,#4105,#4106);
#3311=AXIS2_PLACEMENT_3D('',#5088,#4107,#4108);
#3312=AXIS2_PLACEMENT_3D('',#5089,#4109,#4110);
#3313=AXIS2_PLACEMENT_3D('',#5090,#4111,#4112);
#3314=AXIS2_PLACEMENT_3D('',#5091,#4113,#4114);
#3315=AXIS2_PLACEMENT_3D('',#5092,#4115,#4116);
#3316=AXIS2_PLACEMENT_3D('',#5094,#4117,#4118);
#3317=AXIS2_PLACEMENT_3D('',#5095,#4119,#4120);
#3318=AXIS2_PLACEMENT_3D('',#5096,#4121,#4122);
#3319=AXIS2_PLACEMENT_3D('',#5098,#4123,#4124);
#3320=AXIS2_PLACEMENT_3D('',#5100,#4125,#4126);
#3321=AXIS2_PLACEMENT_3D('',#5101,#4127,#4128);
#3322=AXIS2_PLACEMENT_3D('',#5102,#4129,#4130);
#3323=AXIS2_PLACEMENT_3D('',#5103,#4131,#4132);
#3324=AXIS2_PLACEMENT_3D('',#5104,#4133,#4134);
#3325=AXIS2_PLACEMENT_3D('',#5106,#4136,#4137);
#3326=AXIS2_PLACEMENT_3D('',#5108,#4138,#4139);
#3327=AXIS2_PLACEMENT_3D('',#5110,#4141,#4142);
#3328=AXIS2_PLACEMENT_3D('',#5111,#4143,#4144);
#3329=AXIS2_PLACEMENT_3D('',#5113,#4145,#4146);
#3330=AXIS2_PLACEMENT_3D('',#5115,#4147,#4148);
#3331=AXIS2_PLACEMENT_3D('',#5116,#4149,#4150);
#3332=AXIS2_PLACEMENT_3D('',#5118,#4151,#4152);
#3333=AXIS2_PLACEMENT_3D('',#5119,#4153,#4154);
#3334=AXIS2_PLACEMENT_3D('',#5120,#4155,#4156);
#3335=AXIS2_PLACEMENT_3D('',#5121,#4157,#4158);
#3336=AXIS2_PLACEMENT_3D('',#5123,#4160,#4161);
#3337=AXIS2_PLACEMENT_3D('',#5125,#4162,#4163);
#3338=AXIS2_PLACEMENT_3D('',#5127,#4165,#4166);
#3339=AXIS2_PLACEMENT_3D('',#5128,#4167,#4168);
#3340=AXIS2_PLACEMENT_3D('',#5129,#4169,#4170);
#3341=AXIS2_PLACEMENT_3D('',#5130,#4171,#4172);
#3342=AXIS2_PLACEMENT_3D('',#5132,#4173,#4174);
#3343=AXIS2_PLACEMENT_3D('',#5134,#4175,#4176);
#3344=AXIS2_PLACEMENT_3D('',#5135,#4177,#4178);
#3345=AXIS2_PLACEMENT_3D('',#5137,#4179,#4180);
#3346=AXIS2_PLACEMENT_3D('',#5138,#4181,#4182);
#3347=AXIS2_PLACEMENT_3D('',#5140,#4184,#4185);
#3348=AXIS2_PLACEMENT_3D('',#5142,#4186,#4187);
#3349=AXIS2_PLACEMENT_3D('',#5144,#4189,#4190);
#3350=AXIS2_PLACEMENT_3D('',#5146,#4191,#4192);
#3351=AXIS2_PLACEMENT_3D('',#5147,#4193,#4194);
#3352=AXIS2_PLACEMENT_3D('',#5148,#4195,#4196);
#3353=AXIS2_PLACEMENT_3D('',#5149,#4197,#4198);
#3354=AXIS2_PLACEMENT_3D('',#5151,#4199,#4200);
#3355=AXIS2_PLACEMENT_3D('',#5153,#4201,#4202);
#3356=AXIS2_PLACEMENT_3D('',#5154,#4203,#4204);
#3357=AXIS2_PLACEMENT_3D('',#5156,#4206,#4207);
#3358=AXIS2_PLACEMENT_3D('',#5158,#4208,#4209);
#3359=AXIS2_PLACEMENT_3D('',#5160,#4211,#4212);
#3360=AXIS2_PLACEMENT_3D('',#5161,#4213,#4214);
#3361=AXIS2_PLACEMENT_3D('',#5167,#4218,#4219);
#3362=AXIS2_PLACEMENT_3D('',#5173,#4223,#4224);
#3363=AXIS2_PLACEMENT_3D('',#5176,#4227,#4228);
#3364=AXIS2_PLACEMENT_3D('',#5177,#4229,#4230);
#3365=AXIS2_PLACEMENT_3D('',#5178,#4231,#4232);
#3366=AXIS2_PLACEMENT_3D('',#5184,#4236,#4237);
#3367=AXIS2_PLACEMENT_3D('',#5190,#4241,#4242);
#3368=AXIS2_PLACEMENT_3D('',#5193,#4245,#4246);
#3369=AXIS2_PLACEMENT_3D('',#5194,#4247,#4248);
#3370=AXIS2_PLACEMENT_3D('',#5195,#4249,#4250);
#3371=AXIS2_PLACEMENT_3D('',#5201,#4254,#4255);
#3372=AXIS2_PLACEMENT_3D('',#5207,#4259,#4260);
#3373=AXIS2_PLACEMENT_3D('',#5210,#4263,#4264);
#3374=AXIS2_PLACEMENT_3D('',#5211,#4265,#4266);
#3375=AXIS2_PLACEMENT_3D('',#5212,#4267,#4268);
#3376=AXIS2_PLACEMENT_3D('',#5218,#4272,#4273);
#3377=AXIS2_PLACEMENT_3D('',#5224,#4277,#4278);
#3378=AXIS2_PLACEMENT_3D('',#5227,#4281,#4282);
#3379=AXIS2_PLACEMENT_3D('',#5228,#4283,#4284);
#3380=AXIS2_PLACEMENT_3D('',#5229,#4285,#4286);
#3381=DIRECTION('axis',(0.,0.,1.));
#3382=DIRECTION('refdir',(1.,0.,0.));
#3383=DIRECTION('axis',(0.,0.,1.));
#3384=DIRECTION('refdir',(1.,0.,0.));
#3385=DIRECTION('center_axis',(0.,0.,1.));
#3386=DIRECTION('ref_axis',(1.,-6.47712641632082E-78,0.));
#3387=DIRECTION('center_axis',(0.,0.,-1.));
#3388=DIRECTION('ref_axis',(1.,-6.47712641632082E-78,0.));
#3389=DIRECTION('',(0.,0.,-1.));
#3390=DIRECTION('center_axis',(0.,0.,-1.));
#3391=DIRECTION('ref_axis',(1.,-6.47712641632082E-78,0.));
#3392=DIRECTION('center_axis',(0.,0.,1.));
#3393=DIRECTION('ref_axis',(1.,-6.47712641632082E-78,0.));
#3394=DIRECTION('center_axis',(0.,0.,1.));
#3395=DIRECTION('ref_axis',(1.,-6.47712641632082E-78,0.));
#3396=DIRECTION('',(0.,0.,-1.));
#3397=DIRECTION('center_axis',(0.,0.,1.));
#3398=DIRECTION('ref_axis',(1.,-6.47712641632082E-78,0.));
#3399=DIRECTION('center_axis',(0.,0.,1.));
#3400=DIRECTION('ref_axis',(1.,-6.47712641632082E-78,0.));
#3401=DIRECTION('center_axis',(0.,0.,1.));
#3402=DIRECTION('ref_axis',(1.,-6.47712641632082E-78,0.));
#3403=DIRECTION('center_axis',(6.47712641632082E-78,1.,0.));
#3404=DIRECTION('ref_axis',(1.,-6.47712641632082E-78,0.));
#3405=DIRECTION('',(1.,-6.47712641632082E-78,0.));
#3406=DIRECTION('',(0.,0.,1.));
#3407=DIRECTION('',(-1.,6.47712641632082E-78,0.));
#3408=DIRECTION('',(-1.,6.47712641632082E-78,0.));
#3409=DIRECTION('',(0.,0.,1.));
#3410=DIRECTION('center_axis',(0.,0.,1.));
#3411=DIRECTION('ref_axis',(-1.,6.47712641632082E-78,0.));
#3412=DIRECTION('',(-1.,6.47712641632082E-78,0.));
#3413=DIRECTION('center_axis',(0.,0.,1.));
#3414=DIRECTION('ref_axis',(-1.,6.47712641632082E-78,0.));
#3415=DIRECTION('',(-1.,6.47712641632082E-78,0.));
#3416=DIRECTION('center_axis',(0.,0.,-1.));
#3417=DIRECTION('ref_axis',(-1.,6.47712641632082E-78,0.));
#3418=DIRECTION('center_axis',(0.,0.,1.));
#3419=DIRECTION('ref_axis',(-1.,6.47712641632082E-78,0.));
#3420=DIRECTION('',(0.,0.,-1.));
#3421=DIRECTION('',(0.,0.,1.));
#3422=DIRECTION('center_axis',(0.,0.,-1.));
#3423=DIRECTION('ref_axis',(-1.,6.47712641632082E-78,0.));
#3424=DIRECTION('center_axis',(0.,0.,1.));
#3425=DIRECTION('ref_axis',(-1.,6.47712641632082E-78,0.));
#3426=DIRECTION('',(1.,-6.47712641632082E-78,0.));
#3427=DIRECTION('',(1.,-6.47712641632082E-78,0.));
#3428=DIRECTION('center_axis',(0.,0.,-1.));
#3429=DIRECTION('ref_axis',(-1.,6.47712641632082E-78,0.));
#3430=DIRECTION('center_axis',(0.,0.,-1.));
#3431=DIRECTION('ref_axis',(-1.,6.47712641632082E-78,0.));
#3432=DIRECTION('',(0.,0.,-1.));
#3433=DIRECTION('',(0.,0.,1.));
#3434=DIRECTION('center_axis',(0.,0.,1.));
#3435=DIRECTION('ref_axis',(-1.,6.47712641632082E-78,0.));
#3436=DIRECTION('center_axis',(0.,0.,-1.));
#3437=DIRECTION('ref_axis',(1.,-6.47712641632082E-78,0.));
#3438=DIRECTION('',(-1.,6.47712641632082E-78,0.));
#3439=DIRECTION('',(-1.,6.47712641632082E-78,0.));
#3440=DIRECTION('center_axis',(0.,0.,1.));
#3441=DIRECTION('ref_axis',(1.,-6.47712641632082E-78,0.));
#3442=DIRECTION('center_axis',(0.,0.,-1.));
#3443=DIRECTION('ref_axis',(1.,-6.47712641632082E-78,0.));
#3444=DIRECTION('',(0.,0.,-1.));
#3445=DIRECTION('',(0.,0.,1.));
#3446=DIRECTION('center_axis',(0.,0.,1.));
#3447=DIRECTION('ref_axis',(1.,-6.47712641632082E-78,0.));
#3448=DIRECTION('center_axis',(0.,0.,-1.));
#3449=DIRECTION('ref_axis',(1.,-6.47712641632082E-78,0.));
#3450=DIRECTION('',(1.,-6.47712641632082E-78,0.));
#3451=DIRECTION('',(1.,-6.47712641632082E-78,0.));
#3452=DIRECTION('center_axis',(0.,0.,-1.));
#3453=DIRECTION('ref_axis',(1.,-6.47712641632082E-78,0.));
#3454=DIRECTION('center_axis',(0.,0.,1.));
#3455=DIRECTION('ref_axis',(-1.,6.47712641632082E-78,0.));
#3456=DIRECTION('center_axis',(0.,0.,1.));
#3457=DIRECTION('ref_axis',(-1.,6.47712641632082E-78,0.));
#3458=DIRECTION('',(-6.47712641632082E-78,-1.,0.));
#3459=DIRECTION('center_axis',(0.,0.,-1.));
#3460=DIRECTION('ref_axis',(-1.,6.47712641632082E-78,0.));
#3461=DIRECTION('',(0.,0.,1.));
#3462=DIRECTION('center_axis',(0.,0.,1.));
#3463=DIRECTION('ref_axis',(-1.,6.47712641632082E-78,0.));
#3464=DIRECTION('',(0.,0.,-1.));
#3465=DIRECTION('center_axis',(-1.,6.47712641632082E-78,0.));
#3466=DIRECTION('ref_axis',(6.47712641632082E-78,1.,0.));
#3467=DIRECTION('',(0.,0.,-1.));
#3468=DIRECTION('',(6.47712641632082E-78,1.,0.));
#3469=DIRECTION('center_axis',(1.,-6.47712641632082E-78,0.));
#3470=DIRECTION('ref_axis',(-6.47712641632082E-78,-1.,0.));
#3471=DIRECTION('',(6.47712641632082E-78,1.,0.));
#3472=DIRECTION('',(0.,0.,1.));
#3473=DIRECTION('',(-6.47712641632082E-78,-1.,0.));
#3474=DIRECTION('center_axis',(0.,0.,1.));
#3475=DIRECTION('ref_axis',(-1.,6.47712641632082E-78,0.));
#3476=DIRECTION('center_axis',(0.,0.,1.));
#3477=DIRECTION('ref_axis',(-1.,6.47712641632082E-78,0.));
#3478=DIRECTION('',(1.,-6.47712641632082E-78,0.));
#3479=DIRECTION('center_axis',(0.,0.,1.));
#3480=DIRECTION('ref_axis',(1.,-6.47712641632082E-78,0.));
#3481=DIRECTION('',(1.,-6.47712641632082E-78,0.));
#3482=DIRECTION('center_axis',(0.,0.,-1.));
#3483=DIRECTION('ref_axis',(1.,-6.47712641632082E-78,0.));
#3484=DIRECTION('',(0.,0.,-1.));
#3485=DIRECTION('center_axis',(0.,0.,-1.));
#3486=DIRECTION('ref_axis',(1.,-6.47712641632082E-78,0.));
#3487=DIRECTION('',(0.,0.,1.));
#3488=DIRECTION('center_axis',(0.,0.,-1.));
#3489=DIRECTION('ref_axis',(1.,-6.47712641632082E-78,0.));
#3490=DIRECTION('',(1.,-6.47712641632082E-78,0.));
#3491=DIRECTION('center_axis',(0.,0.,1.));
#3492=DIRECTION('ref_axis',(1.,-6.47712641632082E-78,0.));
#3493=DIRECTION('',(1.,-6.47712641632082E-78,0.));
#3494=DIRECTION('center_axis',(0.,0.,-1.));
#3495=DIRECTION('ref_axis',(1.,-6.47712641632082E-78,0.));
#3496=DIRECTION('',(0.,0.,-1.));
#3497=DIRECTION('center_axis',(0.,0.,1.));
#3498=DIRECTION('ref_axis',(1.,-6.47712641632082E-78,0.));
#3499=DIRECTION('',(0.,0.,1.));
#3500=DIRECTION('center_axis',(0.,0.,-1.));
#3501=DIRECTION('ref_axis',(1.,-6.47712641632082E-78,0.));
#3502=DIRECTION('',(0.,0.,-1.));
#3503=DIRECTION('',(0.,0.,1.));
#3504=DIRECTION('center_axis',(0.,0.,1.));
#3505=DIRECTION('ref_axis',(1.,-6.47712641632082E-78,0.));
#3506=DIRECTION('center_axis',(0.,0.,-1.));
#3507=DIRECTION('ref_axis',(1.,-6.47712641632082E-78,0.));
#3508=DIRECTION('',(-1.,6.47712641632082E-78,0.));
#3509=DIRECTION('',(-1.,6.47712641632082E-78,0.));
#3510=DIRECTION('center_axis',(-6.47712641632082E-78,-1.,0.));
#3511=DIRECTION('ref_axis',(0.,0.,-1.));
#3512=DIRECTION('center_axis',(-6.47712641632082E-78,-1.,0.));
#3513=DIRECTION('ref_axis',(0.,0.,-1.));
#3514=DIRECTION('center_axis',(0.,0.,-1.));
#3515=DIRECTION('ref_axis',(-1.,6.47712641632082E-78,0.));
#3516=DIRECTION('center_axis',(0.,0.,-1.));
#3517=DIRECTION('ref_axis',(-1.,6.47712641632082E-78,0.));
#3518=DIRECTION('',(0.,0.,1.));
#3519=DIRECTION('center_axis',(0.,0.,1.));
#3520=DIRECTION('ref_axis',(-1.,6.47712641632082E-78,0.));
#3521=DIRECTION('center_axis',(1.,-6.47712641632082E-78,0.));
#3522=DIRECTION('ref_axis',(-6.47712641632082E-78,-1.,1.22464679914735E-16));
#3523=DIRECTION('',(1.,-6.47712641632082E-78,0.));
#3524=DIRECTION('center_axis',(-7.93219213342006E-94,-1.22464679914735E-16,
-1.));
#3525=DIRECTION('ref_axis',(-1.,6.47712641632082E-78,0.));
#3526=DIRECTION('center_axis',(-7.93219213342006E-94,-1.22464679914735E-16,
-1.));
#3527=DIRECTION('ref_axis',(-1.,6.47712641632082E-78,0.));
#3528=DIRECTION('',(7.93219213342006E-94,1.22464679914735E-16,1.));
#3529=DIRECTION('',(7.93219213342006E-94,1.22464679914735E-16,1.));
#3530=DIRECTION('center_axis',(7.93219213342006E-94,1.22464679914735E-16,
1.));
#3531=DIRECTION('ref_axis',(-1.,6.47712641632082E-78,0.));
#3532=DIRECTION('center_axis',(-7.93219213342006E-94,-1.22464679914735E-16,
-1.));
#3533=DIRECTION('ref_axis',(-1.,6.47712641632082E-78,0.));
#3534=DIRECTION('center_axis',(-7.93219213342006E-94,-1.22464679914735E-16,
-1.));
#3535=DIRECTION('ref_axis',(-1.,6.47712641632082E-78,0.));
#3536=DIRECTION('center_axis',(7.93219213342006E-94,1.22464679914735E-16,
1.));
#3537=DIRECTION('ref_axis',(1.,-6.47712641632082E-78,0.));
#3538=DIRECTION('center_axis',(-7.93219213342006E-94,-1.22464679914735E-16,
-1.));
#3539=DIRECTION('ref_axis',(-1.,6.47712641632082E-78,0.));
#3540=DIRECTION('center_axis',(-7.93219213342006E-94,-1.22464679914735E-16,
-1.));
#3541=DIRECTION('ref_axis',(1.,-6.47712641632082E-78,0.));
#3542=DIRECTION('',(7.93219213342006E-94,1.22464679914735E-16,1.));
#3543=DIRECTION('center_axis',(7.93219213342006E-94,1.22464679914735E-16,
1.));
#3544=DIRECTION('ref_axis',(1.,-6.47712641632082E-78,0.));
#3545=DIRECTION('center_axis',(-7.93219213342006E-94,-1.22464679914735E-16,
-1.));
#3546=DIRECTION('ref_axis',(1.,-6.47712641632082E-78,0.));
#3547=DIRECTION('center_axis',(0.,1.,0.));
#3548=DIRECTION('ref_axis',(1.,0.,9.86076131526263E-32));
#3549=DIRECTION('center_axis',(-1.43403807347416E-16,1.,3.35271605233965E-46));
#3550=DIRECTION('ref_axis',(1.,0.,9.86076131526263E-32));
#3551=DIRECTION('',(0.,1.,0.));
#3552=DIRECTION('center_axis',(-6.47712641632082E-78,-1.,0.));
#3553=DIRECTION('ref_axis',(1.,0.,9.86076131526263E-32));
#3554=DIRECTION('center_axis',(0.,1.,0.));
#3555=DIRECTION('ref_axis',(1.,0.,9.86076131526263E-32));
#3556=DIRECTION('center_axis',(-1.43403807347416E-16,1.,3.35271605233965E-46));
#3557=DIRECTION('ref_axis',(1.,0.,9.86076131526263E-32));
#3558=DIRECTION('',(0.,1.,0.));
#3559=DIRECTION('center_axis',(-6.47712641632082E-78,-1.,0.));
#3560=DIRECTION('ref_axis',(1.,0.,9.86076131526263E-32));
#3561=DIRECTION('center_axis',(0.,1.,0.));
#3562=DIRECTION('ref_axis',(1.,0.,9.86076131526263E-32));
#3563=DIRECTION('center_axis',(-1.43403807347416E-16,1.,3.35271605233965E-46));
#3564=DIRECTION('ref_axis',(1.,0.,9.86076131526263E-32));
#3565=DIRECTION('',(0.,1.,0.));
#3566=DIRECTION('center_axis',(-6.47712641632082E-78,-1.,0.));
#3567=DIRECTION('ref_axis',(1.,0.,9.86076131526263E-32));
#3568=DIRECTION('center_axis',(0.,1.,0.));
#3569=DIRECTION('ref_axis',(1.,0.,9.86076131526263E-32));
#3570=DIRECTION('center_axis',(-1.43403807347416E-16,1.,3.35271605233965E-46));
#3571=DIRECTION('ref_axis',(1.,0.,9.86076131526263E-32));
#3572=DIRECTION('',(0.,1.,0.));
#3573=DIRECTION('center_axis',(-6.47712641632082E-78,-1.,0.));
#3574=DIRECTION('ref_axis',(1.,0.,9.86076131526263E-32));
#3575=DIRECTION('center_axis',(-9.86076131526263E-32,-3.35271606823893E-46,
1.));
#3576=DIRECTION('ref_axis',(1.61237879714805E-23,-1.,-3.35271605233965E-46));
#3577=DIRECTION('center_axis',(-9.86076131526263E-32,-3.35271606823893E-46,
1.));
#3578=DIRECTION('ref_axis',(-1.,6.47712641632082E-78,0.));
#3579=DIRECTION('',(1.,1.43403807347416E-16,9.86076131526263E-32));
#3580=DIRECTION('',(1.61237879714805E-23,-1.,-3.35271605233965E-46));
#3581=DIRECTION('',(1.,1.43403807347416E-16,9.86076131526263E-32));
#3582=DIRECTION('center_axis',(1.43403807347416E-16,-1.,-3.35271605233965E-46));
#3583=DIRECTION('ref_axis',(-2.18952885050753E-47,3.35271605233965E-46,
-1.));
#3584=DIRECTION('',(0.,0.,1.));
#3585=DIRECTION('',(1.,1.43403807347416E-16,9.86076131526263E-32));
#3586=DIRECTION('',(-2.18952885050753E-47,3.35271605233965E-46,-1.));
#3587=DIRECTION('center_axis',(9.86076131526263E-32,3.35271605233965E-46,
-1.));
#3588=DIRECTION('ref_axis',(0.,1.,3.35271605233965E-46));
#3589=DIRECTION('center_axis',(9.86076131526263E-32,3.35271605233965E-46,
-1.));
#3590=DIRECTION('ref_axis',(-1.,6.47712641632082E-78,0.));
#3591=DIRECTION('',(-1.,1.04083408558608E-15,-9.86076131526263E-32));
#3592=DIRECTION('',(0.,1.,3.35271605233965E-46));
#3593=DIRECTION('center_axis',(1.,1.43403807347416E-16,9.86076131526263E-32));
#3594=DIRECTION('ref_axis',(9.86076131526263E-32,3.35271605233965E-46,-1.));
#3595=DIRECTION('',(-3.22475762784096E-24,-3.35271605233965E-46,1.));
#3596=DIRECTION('center_axis',(-6.47712641632082E-78,-1.,0.));
#3597=DIRECTION('ref_axis',(0.,0.,-1.));
#3598=DIRECTION('',(0.,0.,1.));
#3599=DIRECTION('',(1.,-6.47712641632082E-78,0.));
#3600=DIRECTION('',(0.,0.,-1.));
#3601=DIRECTION('',(1.,-6.47712641632082E-78,0.));
#3602=DIRECTION('',(0.,0.,-1.));
#3603=DIRECTION('',(-1.,6.47712641632082E-78,0.));
#3604=DIRECTION('',(0.,0.,-1.));
#3605=DIRECTION('',(1.,-6.47712641632082E-78,0.));
#3606=DIRECTION('',(0.,0.,-1.));
#3607=DIRECTION('',(-1.,6.47712641632082E-78,0.));
#3608=DIRECTION('',(0.,0.,-1.));
#3609=DIRECTION('',(1.,-6.47712641632082E-78,0.));
#3610=DIRECTION('',(0.,0.,-1.));
#3611=DIRECTION('',(-1.,6.47712641632082E-78,0.));
#3612=DIRECTION('',(0.,0.,1.));
#3613=DIRECTION('',(1.,1.43403807347416E-16,9.86076131526263E-32));
#3614=DIRECTION('',(2.18952885050753E-47,-3.35271605233965E-46,1.));
#3615=DIRECTION('',(-1.,1.04083408558608E-15,-9.86076131526263E-32));
#3616=DIRECTION('',(0.,0.,1.));
#3617=DIRECTION('center_axis',(9.86076131526263E-32,3.35271605233965E-46,
-1.));
#3618=DIRECTION('ref_axis',(0.,1.,3.35271605233965E-46));
#3619=DIRECTION('center_axis',(9.86076131526263E-32,3.35271605233965E-46,
-1.));
#3620=DIRECTION('ref_axis',(-1.,6.47712641632082E-78,0.));
#3621=DIRECTION('',(1.,1.43403807347416E-16,9.86076131526263E-32));
#3622=DIRECTION('',(0.,-1.,-3.35271605233965E-46));
#3623=DIRECTION('',(-1.,1.04083408558608E-15,-9.86076131526263E-32));
#3624=DIRECTION('center_axis',(-1.,1.04083408558608E-15,-9.86076131526263E-32));
#3625=DIRECTION('ref_axis',(-9.86076131526263E-32,-3.35271605233965E-46,
1.));
#3626=DIRECTION('',(3.22475762784096E-24,3.35271605233965E-46,-1.));
#3627=DIRECTION('',(2.18952885050753E-47,-3.35271605233965E-46,1.));
#3628=DIRECTION('',(-1.61237879714805E-23,1.,3.35271605233965E-46));
#3629=DIRECTION('center_axis',(1.43403807347416E-16,-1.,-3.35271605233965E-46));
#3630=DIRECTION('ref_axis',(-2.18952885050753E-47,3.35271605233965E-46,
-1.));
#3631=DIRECTION('',(0.,0.,-1.));
#3632=DIRECTION('',(1.,1.43403807347416E-16,9.86076131526263E-32));
#3633=DIRECTION('center_axis',(-9.86076131526263E-32,-3.35271606823893E-46,
1.));
#3634=DIRECTION('ref_axis',(1.61237879714805E-23,-1.,-3.35271605233965E-46));
#3635=DIRECTION('center_axis',(-9.86076131526263E-32,-3.35271606823893E-46,
1.));
#3636=DIRECTION('ref_axis',(-1.,6.47712641632082E-78,0.));
#3637=DIRECTION('',(1.,1.43403807347416E-16,9.86076131526263E-32));
#3638=DIRECTION('center_axis',(0.,0.,-1.));
#3639=DIRECTION('ref_axis',(1.83697019872103E-16,-1.,0.));
#3640=DIRECTION('center_axis',(9.86076131526263E-32,3.35271605233965E-46,
-1.));
#3641=DIRECTION('ref_axis',(-1.,6.47712641632082E-78,0.));
#3642=DIRECTION('',(0.,0.,1.));
#3643=DIRECTION('center_axis',(-9.86076131526263E-32,-3.35271605233965E-46,
1.));
#3644=DIRECTION('ref_axis',(-1.,6.47712641632082E-78,0.));
#3645=DIRECTION('center_axis',(0.,0.,1.));
#3646=DIRECTION('ref_axis',(-1.,6.47712641632082E-78,0.));
#3647=DIRECTION('',(0.,0.,-1.));
#3648=DIRECTION('center_axis',(-9.86076131526263E-32,-3.35271605233965E-46,
1.));
#3649=DIRECTION('ref_axis',(-1.,6.47712641632082E-78,0.));
#3650=DIRECTION('',(0.,0.,-1.));
#3651=DIRECTION('center_axis',(9.86076131526263E-32,3.35271605233965E-46,
-1.));
#3652=DIRECTION('ref_axis',(-1.,6.47712641632082E-78,0.));
#3653=DIRECTION('',(0.,0.,-1.));
#3654=DIRECTION('',(0.,0.,-1.));
#3655=DIRECTION('center_axis',(0.,0.,-1.));
#3656=DIRECTION('ref_axis',(1.,-6.47712641632082E-78,0.));
#3657=DIRECTION('center_axis',(9.86076131526263E-32,3.35271605233965E-46,
-1.));
#3658=DIRECTION('ref_axis',(0.,1.,3.35271605233965E-46));
#3659=DIRECTION('',(1.,1.43403807347416E-16,9.86076131526263E-32));
#3660=DIRECTION('',(0.,-1.,-3.35271605233965E-46));
#3661=DIRECTION('',(-1.,1.04083408558608E-15,-9.86076131526263E-32));
#3662=DIRECTION('center_axis',(-1.,1.04083408558608E-15,-9.86076131526263E-32));
#3663=DIRECTION('ref_axis',(-9.86076131526263E-32,-3.35271605233965E-46,
1.));
#3664=DIRECTION('',(-2.18952885050753E-47,3.35271605233965E-46,-1.));
#3665=DIRECTION('',(2.18952885050753E-47,-3.35271605233965E-46,1.));
#3666=DIRECTION('',(0.,1.,3.35271605233965E-46));
#3667=DIRECTION('center_axis',(1.43403807347416E-16,-1.,-3.35271605233965E-46));
#3668=DIRECTION('ref_axis',(-2.18952885050753E-47,3.35271605233965E-46,
-1.));
#3669=DIRECTION('',(1.,1.43403807347416E-16,9.86076131526263E-32));
#3670=DIRECTION('center_axis',(-9.86076131526263E-32,-3.35271605233965E-46,
1.));
#3671=DIRECTION('ref_axis',(0.,-1.,-3.35271605233965E-46));
#3672=DIRECTION('',(1.,1.43403807347416E-16,9.86076131526263E-32));
#3673=DIRECTION('center_axis',(9.86076131526263E-32,3.35271605233965E-46,
-1.));
#3674=DIRECTION('ref_axis',(0.,1.,3.35271605233965E-46));
#3675=DIRECTION('',(0.,1.,3.35271605233965E-46));
#3676=DIRECTION('',(1.,1.43403807347416E-16,9.86076131526263E-32));
#3677=DIRECTION('center_axis',(1.43403807347416E-16,-1.,-3.35271605233965E-46));
#3678=DIRECTION('ref_axis',(-2.18952885050753E-47,3.35271605233965E-46,
-1.));
#3679=DIRECTION('',(-2.18952885050753E-47,3.35271605233965E-46,-1.));
#3680=DIRECTION('',(1.,1.43403807347416E-16,9.86076131526263E-32));
#3681=DIRECTION('center_axis',(-9.86076131526263E-32,-3.35271605233965E-46,
1.));
#3682=DIRECTION('ref_axis',(0.,-1.,-3.35271605233965E-46));
#3683=DIRECTION('',(0.,-1.,-3.35271605233965E-46));
#3684=DIRECTION('center_axis',(1.,1.43403807347416E-16,9.86076131526263E-32));
#3685=DIRECTION('ref_axis',(9.86076131526263E-32,3.35271605233965E-46,-1.));
#3686=DIRECTION('center_axis',(-6.47712641632082E-78,-1.,0.));
#3687=DIRECTION('ref_axis',(0.,0.,-1.));
#3688=DIRECTION('',(-1.,6.47712641632082E-78,0.));
#3689=DIRECTION('',(0.,0.,1.));
#3690=DIRECTION('',(1.,-6.47712641632082E-78,0.));
#3691=DIRECTION('',(0.,0.,1.));
#3692=DIRECTION('',(-1.,6.47712641632082E-78,0.));
#3693=DIRECTION('',(0.,0.,1.));
#3694=DIRECTION('',(1.,-6.47712641632082E-78,0.));
#3695=DIRECTION('',(0.,0.,1.));
#3696=DIRECTION('',(-1.,6.47712641632082E-78,0.));
#3697=DIRECTION('',(0.,0.,1.));
#3698=DIRECTION('',(1.,-6.47712641632082E-78,0.));
#3699=DIRECTION('',(0.,0.,1.));
#3700=DIRECTION('',(1.,-6.47712641632082E-78,0.));
#3701=DIRECTION('center_axis',(0.,0.,-1.));
#3702=DIRECTION('ref_axis',(1.,-6.47712641632082E-78,0.));
#3703=DIRECTION('center_axis',(0.,0.,-1.));
#3704=DIRECTION('ref_axis',(1.,-6.47712641632082E-78,0.));
#3705=DIRECTION('center_axis',(0.,0.,1.));
#3706=DIRECTION('ref_axis',(1.,-6.47712641632082E-78,0.));
#3707=DIRECTION('center_axis',(0.,0.,-1.));
#3708=DIRECTION('ref_axis',(6.12323399573677E-17,-1.,0.));
#3709=DIRECTION('center_axis',(0.,0.,1.));
#3710=DIRECTION('ref_axis',(1.,-6.47712641632082E-78,0.));
#3711=DIRECTION('center_axis',(0.,0.,-1.));
#3712=DIRECTION('ref_axis',(1.,-6.47712641632082E-78,0.));
#3713=DIRECTION('center_axis',(0.,0.,1.));
#3714=DIRECTION('ref_axis',(-1.,6.47712641632082E-78,0.));
#3715=DIRECTION('center_axis',(0.,0.,-1.));
#3716=DIRECTION('ref_axis',(-6.12323399573677E-17,-1.,0.));
#3717=DIRECTION('center_axis',(0.,0.,-1.));
#3718=DIRECTION('ref_axis',(-1.,6.47712641632082E-78,0.));
#3719=DIRECTION('center_axis',(0.,0.,1.));
#3720=DIRECTION('ref_axis',(-1.,6.47712641632082E-78,0.));
#3721=DIRECTION('center_axis',(0.,0.,-1.));
#3722=DIRECTION('ref_axis',(-1.,6.47712641632082E-78,0.));
#3723=DIRECTION('center_axis',(0.,0.,1.));
#3724=DIRECTION('ref_axis',(-6.12323399573677E-17,-1.,0.));
#3725=DIRECTION('center_axis',(0.,0.,-1.));
#3726=DIRECTION('ref_axis',(-1.,6.47712641632082E-78,0.));
#3727=DIRECTION('center_axis',(0.,0.,1.));
#3728=DIRECTION('ref_axis',(-1.,6.47712641632082E-78,0.));
#3729=DIRECTION('center_axis',(0.,0.,-1.));
#3730=DIRECTION('ref_axis',(2.83276944882399E-16,-1.,0.));
#3731=DIRECTION('center_axis',(0.,0.,1.));
#3732=DIRECTION('ref_axis',(1.,-6.47712641632082E-78,0.));
#3733=DIRECTION('center_axis',(0.,0.,1.));
#3734=DIRECTION('ref_axis',(-1.,6.47712641632082E-78,0.));
#3735=DIRECTION('center_axis',(0.,0.,1.));
#3736=DIRECTION('ref_axis',(1.,-6.47712641632082E-78,0.));
#3737=DIRECTION('center_axis',(0.,0.,-1.));
#3738=DIRECTION('ref_axis',(2.83276944882399E-16,-1.,0.));
#3739=DIRECTION('center_axis',(0.,0.,-1.));
#3740=DIRECTION('ref_axis',(1.,-6.47712641632082E-78,0.));
#3741=DIRECTION('center_axis',(0.,0.,-1.));
#3742=DIRECTION('ref_axis',(1.,-6.47712641632082E-78,0.));
#3743=DIRECTION('center_axis',(0.,0.,1.));
#3744=DIRECTION('ref_axis',(1.,-6.47712641632082E-78,0.));
#3745=DIRECTION('center_axis',(0.,0.,-1.));
#3746=DIRECTION('ref_axis',(6.12323399573677E-17,-1.,0.));
#3747=DIRECTION('center_axis',(0.,0.,1.));
#3748=DIRECTION('ref_axis',(1.,-6.47712641632082E-78,0.));
#3749=DIRECTION('center_axis',(0.,0.,-1.));
#3750=DIRECTION('ref_axis',(1.,-6.47712641632082E-78,0.));
#3751=DIRECTION('center_axis',(-1.,0.,0.));
#3752=DIRECTION('ref_axis',(0.,1.,0.));
#3753=DIRECTION('center_axis',(1.,0.,0.));
#3754=DIRECTION('ref_axis',(0.,1.,0.));
#3755=DIRECTION('',(1.,0.,0.));
#3756=DIRECTION('center_axis',(-1.,0.,0.));
#3757=DIRECTION('ref_axis',(0.,1.,0.));
#3758=DIRECTION('center_axis',(-1.,0.,0.));
#3759=DIRECTION('ref_axis',(0.,1.,0.));
#3760=DIRECTION('center_axis',(-1.,0.,0.));
#3761=DIRECTION('ref_axis',(0.,1.,0.));
#3762=DIRECTION('',(1.,0.,0.));
#3763=DIRECTION('center_axis',(1.,0.,0.));
#3764=DIRECTION('ref_axis',(0.,1.,0.));
#3765=DIRECTION('center_axis',(1.,0.,0.));
#3766=DIRECTION('ref_axis',(0.,1.,0.));
#3767=DIRECTION('center_axis',(1.,0.,0.));
#3768=DIRECTION('ref_axis',(0.,1.,0.));
#3769=DIRECTION('center_axis',(-1.,0.,0.));
#3770=DIRECTION('ref_axis',(0.,1.,0.));
#3771=DIRECTION('center_axis',(1.,0.,0.));
#3772=DIRECTION('ref_axis',(0.,1.,0.));
#3773=DIRECTION('',(1.,0.,0.));
#3774=DIRECTION('center_axis',(-1.,0.,0.));
#3775=DIRECTION('ref_axis',(0.,1.,0.));
#3776=DIRECTION('center_axis',(-1.,0.,0.));
#3777=DIRECTION('ref_axis',(0.,1.,0.));
#3778=DIRECTION('center_axis',(-1.,0.,0.));
#3779=DIRECTION('ref_axis',(0.,1.,0.));
#3780=DIRECTION('',(1.,0.,0.));
#3781=DIRECTION('center_axis',(1.,0.,0.));
#3782=DIRECTION('ref_axis',(0.,1.,0.));
#3783=DIRECTION('center_axis',(1.,0.,0.));
#3784=DIRECTION('ref_axis',(0.,1.,0.));
#3785=DIRECTION('center_axis',(1.,0.,0.));
#3786=DIRECTION('ref_axis',(0.,1.,0.));
#3787=DIRECTION('center_axis',(-1.,0.,0.));
#3788=DIRECTION('ref_axis',(0.,1.,0.));
#3789=DIRECTION('center_axis',(1.,0.,0.));
#3790=DIRECTION('ref_axis',(0.,1.,0.));
#3791=DIRECTION('',(1.,0.,0.));
#3792=DIRECTION('center_axis',(-1.,0.,0.));
#3793=DIRECTION('ref_axis',(0.,1.,0.));
#3794=DIRECTION('center_axis',(-1.,0.,0.));
#3795=DIRECTION('ref_axis',(0.,1.,0.));
#3796=DIRECTION('center_axis',(-1.,0.,0.));
#3797=DIRECTION('ref_axis',(0.,1.,0.));
#3798=DIRECTION('',(1.,0.,0.));
#3799=DIRECTION('center_axis',(1.,0.,0.));
#3800=DIRECTION('ref_axis',(0.,1.,0.));
#3801=DIRECTION('center_axis',(1.,0.,0.));
#3802=DIRECTION('ref_axis',(0.,1.,0.));
#3803=DIRECTION('center_axis',(1.,0.,0.));
#3804=DIRECTION('ref_axis',(0.,1.,0.));
#3805=DIRECTION('center_axis',(-1.,0.,0.));
#3806=DIRECTION('ref_axis',(0.,1.,0.));
#3807=DIRECTION('center_axis',(1.,0.,0.));
#3808=DIRECTION('ref_axis',(0.,1.,0.));
#3809=DIRECTION('',(1.,0.,0.));
#3810=DIRECTION('center_axis',(-1.,0.,0.));
#3811=DIRECTION('ref_axis',(0.,1.,0.));
#3812=DIRECTION('center_axis',(-1.,0.,0.));
#3813=DIRECTION('ref_axis',(0.,1.,0.));
#3814=DIRECTION('center_axis',(-1.,0.,0.));
#3815=DIRECTION('ref_axis',(0.,1.,0.));
#3816=DIRECTION('',(1.,0.,0.));
#3817=DIRECTION('center_axis',(1.,0.,0.));
#3818=DIRECTION('ref_axis',(0.,1.,0.));
#3819=DIRECTION('center_axis',(1.,0.,0.));
#3820=DIRECTION('ref_axis',(0.,1.,0.));
#3821=DIRECTION('center_axis',(1.,0.,0.));
#3822=DIRECTION('ref_axis',(0.,1.,0.));
#3823=DIRECTION('center_axis',(0.,0.,1.));
#3824=DIRECTION('ref_axis',(-0.166666666666666,0.986013297183269,0.));
#3825=DIRECTION('center_axis',(0.,0.,1.));
#3826=DIRECTION('ref_axis',(-0.166666666666666,0.986013297183269,0.));
#3827=DIRECTION('',(0.,0.,1.));
#3828=DIRECTION('center_axis',(0.,0.,-1.));
#3829=DIRECTION('ref_axis',(-0.166666666666666,0.986013297183269,0.));
#3830=DIRECTION('',(0.,0.,1.));
#3831=DIRECTION('center_axis',(-1.,0.,0.));
#3832=DIRECTION('ref_axis',(0.,0.,1.));
#3833=DIRECTION('',(0.,-1.,0.));
#3834=DIRECTION('',(0.,0.,1.));
#3835=DIRECTION('',(0.,1.,0.));
#3836=DIRECTION('center_axis',(0.,0.,-1.));
#3837=DIRECTION('ref_axis',(-1.,0.,0.));
#3838=DIRECTION('',(0.,-1.,0.));
#3839=DIRECTION('center_axis',(0.,0.,1.));
#3840=DIRECTION('ref_axis',(-0.166666666666666,-0.986013297183269,0.));
#3841=DIRECTION('',(0.,-1.,0.));
#3842=DIRECTION('',(-1.,0.,0.));
#3843=DIRECTION('',(0.,-1.,0.));
#3844=DIRECTION('center_axis',(0.,0.,-1.));
#3845=DIRECTION('ref_axis',(-0.707106781186548,-0.707106781186547,0.));
#3846=DIRECTION('',(1.,0.,0.));
#3847=DIRECTION('center_axis',(0.,0.,-1.));
#3848=DIRECTION('ref_axis',(0.88443333403825,-0.466666559378306,0.));
#3849=DIRECTION('',(-5.21540632835693E-8,0.999999999999999,0.));
#3850=DIRECTION('',(1.,0.,0.));
#3851=DIRECTION('',(0.,-1.,0.));
#3852=DIRECTION('',(0.,1.,0.));
#3853=DIRECTION('',(0.,-1.,0.));
#3854=DIRECTION('',(0.,1.,0.));
#3855=DIRECTION('',(0.,-1.,0.));
#3856=DIRECTION('',(-1.,0.,0.));
#3857=DIRECTION('',(0.,1.,0.));
#3858=DIRECTION('center_axis',(0.,0.,-1.));
#3859=DIRECTION('ref_axis',(0.707106781186548,0.707106781186547,0.));
#3860=DIRECTION('',(-1.,0.,0.));
#3861=DIRECTION('center_axis',(0.,0.,-1.));
#3862=DIRECTION('ref_axis',(-0.707106781186547,0.707106781186548,0.));
#3863=DIRECTION('',(0.,-1.,0.));
#3864=DIRECTION('',(-1.,0.,0.));
#3865=DIRECTION('center_axis',(0.,0.,-1.));
#3866=DIRECTION('ref_axis',(-0.166666666666666,-0.986013297183269,0.));
#3867=DIRECTION('center_axis',(0.,0.,-1.));
#3868=DIRECTION('ref_axis',(-0.166666666666666,-0.986013297183269,0.));
#3869=DIRECTION('',(0.,0.,-1.));
#3870=DIRECTION('',(0.,0.,-1.));
#3871=DIRECTION('center_axis',(0.,0.,1.));
#3872=DIRECTION('ref_axis',(0.707106781186548,0.707106781186547,0.));
#3873=DIRECTION('center_axis',(0.,0.,-1.));
#3874=DIRECTION('ref_axis',(0.707106781186548,0.707106781186547,0.));
#3875=DIRECTION('',(0.,0.,-1.));
#3876=DIRECTION('',(0.,0.,1.));
#3877=DIRECTION('center_axis',(1.,0.,0.));
#3878=DIRECTION('ref_axis',(0.,1.,0.));
#3879=DIRECTION('',(0.,0.,-1.));
#3880=DIRECTION('',(0.,1.,0.));
#3881=DIRECTION('center_axis',(0.,0.,1.));
#3882=DIRECTION('ref_axis',(-0.707106781186547,0.707106781186548,0.));
#3883=DIRECTION('center_axis',(0.,0.,-1.));
#3884=DIRECTION('ref_axis',(-0.707106781186547,0.707106781186548,0.));
#3885=DIRECTION('',(0.,0.,-1.));
#3886=DIRECTION('',(0.,0.,1.));
#3887=DIRECTION('center_axis',(0.,1.,0.));
#3888=DIRECTION('ref_axis',(-1.,0.,0.));
#3889=DIRECTION('',(-1.,0.,0.));
#3890=DIRECTION('center_axis',(0.,0.,-1.));
#3891=DIRECTION('ref_axis',(0.88443333403825,-0.466666559378306,0.));
#3892=DIRECTION('',(0.,0.,1.));
#3893=DIRECTION('center_axis',(0.,0.,-1.));
#3894=DIRECTION('ref_axis',(0.88443333403825,-0.466666559378306,0.));
#3895=DIRECTION('',(0.,0.,1.));
#3896=DIRECTION('center_axis',(0.,0.,1.));
#3897=DIRECTION('ref_axis',(-0.707106781186548,-0.707106781186547,0.));
#3898=DIRECTION('center_axis',(0.,0.,-1.));
#3899=DIRECTION('ref_axis',(-0.707106781186548,-0.707106781186547,0.));
#3900=DIRECTION('',(0.,0.,-1.));
#3901=DIRECTION('',(0.,0.,1.));
#3902=DIRECTION('center_axis',(0.,0.,1.));
#3903=DIRECTION('ref_axis',(1.,0.,0.));
#3904=DIRECTION('',(1.,0.,0.));
#3905=DIRECTION('',(0.,-1.,0.));
#3906=DIRECTION('',(-1.,0.,0.));
#3907=DIRECTION('',(0.,1.,0.));
#3908=DIRECTION('center_axis',(0.,0.,1.));
#3909=DIRECTION('ref_axis',(-0.707106781186549,-0.707106781186546,0.));
#3910=DIRECTION('',(-1.,0.,0.));
#3911=DIRECTION('center_axis',(0.,0.,1.));
#3912=DIRECTION('ref_axis',(0.707106781186547,-0.707106781186547,0.));
#3913=DIRECTION('',(0.,-1.,0.));
#3914=DIRECTION('',(-1.,0.,0.));
#3915=DIRECTION('',(-5.21540632835693E-8,0.999999999999999,0.));
#3916=DIRECTION('center_axis',(1.,0.,0.));
#3917=DIRECTION('ref_axis',(0.,1.,0.));
#3918=DIRECTION('',(0.,0.,1.));
#3919=DIRECTION('center_axis',(0.,0.,1.));
#3920=DIRECTION('ref_axis',(0.707106781186547,-0.707106781186547,0.));
#3921=DIRECTION('center_axis',(0.,0.,1.));
#3922=DIRECTION('ref_axis',(0.707106781186547,-0.707106781186547,0.));
#3923=DIRECTION('',(0.,0.,1.));
#3924=DIRECTION('',(0.,0.,-1.));
#3925=DIRECTION('center_axis',(0.,0.,-1.));
#3926=DIRECTION('ref_axis',(-1.,0.,0.));
#3927=DIRECTION('',(-1.,0.,0.));
#3928=DIRECTION('center_axis',(0.,0.,1.));
#3929=DIRECTION('ref_axis',(-0.707106781186549,-0.707106781186546,0.));
#3930=DIRECTION('',(0.,-1.,0.));
#3931=DIRECTION('',(1.,0.,0.));
#3932=DIRECTION('',(0.,-1.,0.));
#3933=DIRECTION('center_axis',(0.,1.,0.));
#3934=DIRECTION('ref_axis',(-1.,0.,0.));
#3935=DIRECTION('',(0.,0.,1.));
#3936=DIRECTION('center_axis',(0.,0.,1.));
#3937=DIRECTION('ref_axis',(-0.707106781186549,-0.707106781186546,0.));
#3938=DIRECTION('',(0.,0.,-1.));
#3939=DIRECTION('center_axis',(-1.,0.,0.));
#3940=DIRECTION('ref_axis',(0.,0.,1.));
#3941=DIRECTION('',(0.,0.,-1.));
#3942=DIRECTION('center_axis',(0.,0.,1.));
#3943=DIRECTION('ref_axis',(0.707106781186546,0.707106781186549,0.));
#3944=DIRECTION('center_axis',(0.,0.,1.));
#3945=DIRECTION('ref_axis',(0.707106781186546,0.707106781186549,0.));
#3946=DIRECTION('',(0.,0.,1.));
#3947=DIRECTION('center_axis',(0.,0.,1.));
#3948=DIRECTION('ref_axis',(0.707106781186546,0.707106781186549,0.));
#3949=DIRECTION('',(0.,0.,-1.));
#3950=DIRECTION('center_axis',(-1.,0.,0.));
#3951=DIRECTION('ref_axis',(0.,-1.,0.));
#3952=DIRECTION('',(0.,-1.,0.));
#3953=DIRECTION('',(0.,0.,1.));
#3954=DIRECTION('',(0.,-1.,0.));
#3955=DIRECTION('center_axis',(0.,0.,1.));
#3956=DIRECTION('ref_axis',(-0.707106781186548,0.707106781186548,0.));
#3957=DIRECTION('center_axis',(0.,0.,1.));
#3958=DIRECTION('ref_axis',(-0.707106781186548,0.707106781186548,0.));
#3959=DIRECTION('',(0.,0.,1.));
#3960=DIRECTION('center_axis',(0.,0.,1.));
#3961=DIRECTION('ref_axis',(-0.707106781186548,0.707106781186548,0.));
#3962=DIRECTION('',(0.,0.,-1.));
#3963=DIRECTION('center_axis',(0.,-1.,0.));
#3964=DIRECTION('ref_axis',(1.,0.,0.));
#3965=DIRECTION('',(1.,0.,0.));
#3966=DIRECTION('',(1.,0.,0.));
#3967=DIRECTION('center_axis',(0.,1.,0.));
#3968=DIRECTION('ref_axis',(-1.,0.,0.));
#3969=DIRECTION('center_axis',(-1.,0.,0.));
#3970=DIRECTION('ref_axis',(0.,-1.,0.));
#3971=DIRECTION('',(0.,0.,-1.));
#3972=DIRECTION('center_axis',(0.999999999999999,5.21540632835693E-8,0.));
#3973=DIRECTION('ref_axis',(-5.21540632835693E-8,0.999999999999999,0.));
#3974=DIRECTION('',(0.,0.,1.));
#3975=DIRECTION('center_axis',(-1.,0.,0.));
#3976=DIRECTION('ref_axis',(0.,-1.,0.));
#3977=DIRECTION('',(0.,-1.,0.));
#3978=DIRECTION('',(0.,0.,1.));
#3979=DIRECTION('center_axis',(0.,1.,0.));
#3980=DIRECTION('ref_axis',(-1.,0.,0.));
#3981=DIRECTION('',(1.,0.,0.));
#3982=DIRECTION('',(0.,0.,-1.));
#3983=DIRECTION('',(-1.,0.,0.));
#3984=DIRECTION('',(0.,0.,1.));
#3985=DIRECTION('',(0.,0.,1.));
#3986=DIRECTION('',(0.,0.,-1.));
#3987=DIRECTION('',(0.,0.,1.));
#3988=DIRECTION('',(0.,0.,-1.));
#3989=DIRECTION('center_axis',(-1.,0.,0.));
#3990=DIRECTION('ref_axis',(0.,0.,1.));
#3991=DIRECTION('',(0.,-1.,0.));
#3992=DIRECTION('center_axis',(1.,0.,0.));
#3993=DIRECTION('ref_axis',(0.,1.,0.));
#3994=DIRECTION('',(0.,1.,0.));
#3995=DIRECTION('',(0.,0.,-1.));
#3996=DIRECTION('',(0.,1.,0.));
#3997=DIRECTION('center_axis',(-1.,0.,0.));
#3998=DIRECTION('ref_axis',(0.,-1.,0.));
#3999=DIRECTION('',(0.,-1.,0.));
#4000=DIRECTION('',(0.,0.,1.));
#4001=DIRECTION('center_axis',(0.,0.,1.));
#4002=DIRECTION('ref_axis',(1.,0.,0.));
#4003=DIRECTION('',(1.,0.,0.));
#4004=DIRECTION('',(1.,0.,0.));
#4005=DIRECTION('center_axis',(0.,0.,-1.));
#4006=DIRECTION('ref_axis',(-1.,0.,0.));
#4007=DIRECTION('',(-1.,0.,0.));
#4008=DIRECTION('center_axis',(0.,0.,1.));
#4009=DIRECTION('ref_axis',(0.,1.,0.));
#4010=DIRECTION('',(-1.,0.,0.));
#4011=DIRECTION('',(0.,-1.,0.));
#4012=DIRECTION('center_axis',(1.,-3.5527136788005E-15,0.));
#4013=DIRECTION('ref_axis',(-3.5527136788005E-15,-1.,0.));
#4014=DIRECTION('center_axis',(1.,-3.40468394218381E-15,-4.56151843855709E-49));
#4015=DIRECTION('ref_axis',(-3.5527136788005E-15,-1.,0.));
#4016=DIRECTION('',(1.,-3.5527136788005E-15,0.));
#4017=DIRECTION('center_axis',(1.,-3.40005801291454E-15,-3.35271605233965E-46));
#4018=DIRECTION('ref_axis',(-3.40005801291454E-15,-1.,0.));
#4019=DIRECTION('center_axis',(-1.,3.40005801291454E-15,3.35271605233965E-46));
#4020=DIRECTION('ref_axis',(-3.40005801291454E-15,-1.,0.));
#4021=DIRECTION('center_axis',(1.,-3.5527136788005E-15,0.));
#4022=DIRECTION('ref_axis',(-3.5527136788005E-15,-1.,0.));
#4023=DIRECTION('center_axis',(1.,-3.40468394218381E-15,-4.56151843855709E-49));
#4024=DIRECTION('ref_axis',(-3.5527136788005E-15,-1.,0.));
#4025=DIRECTION('',(1.,-3.5527136788005E-15,0.));
#4026=DIRECTION('center_axis',(1.,-3.40005801291454E-15,-3.35271605233965E-46));
#4027=DIRECTION('ref_axis',(-3.40005801291454E-15,-1.,0.));
#4028=DIRECTION('center_axis',(-1.,3.40005801291454E-15,3.35271605233965E-46));
#4029=DIRECTION('ref_axis',(-3.40005801291454E-15,-1.,0.));
#4030=DIRECTION('center_axis',(1.,-3.44169137633799E-15,0.));
#4031=DIRECTION('ref_axis',(-3.44169137633799E-15,-1.,0.));
#4032=DIRECTION('center_axis',(1.,-3.40468394218381E-15,-4.56151843855709E-49));
#4033=DIRECTION('ref_axis',(-3.44169137633799E-15,-1.,0.));
#4034=DIRECTION('',(1.,-3.44169137633799E-15,0.));
#4035=DIRECTION('center_axis',(1.,-3.40005801291454E-15,-3.35271605233965E-46));
#4036=DIRECTION('ref_axis',(-3.40005801291454E-15,-1.,0.));
#4037=DIRECTION('center_axis',(-1.,3.40005801291454E-15,3.35271605233965E-46));
#4038=DIRECTION('ref_axis',(-3.40005801291454E-15,-1.,0.));
#4039=DIRECTION('center_axis',(1.,-3.44169137633799E-15,0.));
#4040=DIRECTION('ref_axis',(-3.44169137633799E-15,-1.,0.));
#4041=DIRECTION('center_axis',(1.,-3.40468394218381E-15,-4.56151843855709E-49));
#4042=DIRECTION('ref_axis',(-3.44169137633799E-15,-1.,0.));
#4043=DIRECTION('',(1.,-3.44169137633799E-15,0.));
#4044=DIRECTION('center_axis',(1.,-3.40005801291454E-15,-3.35271605233965E-46));
#4045=DIRECTION('ref_axis',(-3.40005801291454E-15,-1.,0.));
#4046=DIRECTION('center_axis',(-1.,3.40005801291454E-15,3.35271605233965E-46));
#4047=DIRECTION('ref_axis',(-3.40005801291454E-15,-1.,0.));
#4048=DIRECTION('center_axis',(-1.,0.,0.));
#4049=DIRECTION('ref_axis',(0.,0.,1.));
#4050=DIRECTION('',(0.,0.,-1.));
#4051=DIRECTION('',(0.,-1.,0.));
#4052=DIRECTION('',(3.40468394218381E-15,1.,0.));
#4053=DIRECTION('',(-3.35271605233965E-46,-9.86076131526263E-32,1.));
#4054=DIRECTION('',(-3.40468394218381E-15,-1.,0.));
#4055=DIRECTION('',(3.35271605233965E-46,9.86076131526263E-32,-1.));
#4056=DIRECTION('',(3.40468394218381E-15,1.,0.));
#4057=DIRECTION('',(-3.35271605233965E-46,-9.86076131526263E-32,1.));
#4058=DIRECTION('',(-3.40468394218381E-15,-1.,0.));
#4059=DIRECTION('',(3.35271605233965E-46,9.86076131526263E-32,-1.));
#4060=DIRECTION('',(3.40468394218381E-15,1.,0.));
#4061=DIRECTION('',(-3.35271605233965E-46,-9.86076131526263E-32,1.));
#4062=DIRECTION('',(-3.40468394218381E-15,-1.,0.));
#4063=DIRECTION('',(3.35271605233965E-46,9.86076131526263E-32,-1.));
#4064=DIRECTION('',(3.40468394218381E-15,1.,0.));
#4065=DIRECTION('',(-3.35271605233965E-46,-9.86076131526263E-32,1.));
#4066=DIRECTION('',(-3.40468394218381E-15,-1.,0.));
#4067=DIRECTION('',(3.35271605233965E-46,9.86076131526263E-32,-1.));
#4068=DIRECTION('center_axis',(0.,-1.,0.));
#4069=DIRECTION('ref_axis',(0.,0.,-1.));
#4070=DIRECTION('',(0.,0.,1.));
#4071=DIRECTION('',(0.,0.,-1.));
#4072=DIRECTION('',(0.,0.,1.));
#4073=DIRECTION('',(0.,0.,-1.));
#4074=DIRECTION('',(0.,0.,1.));
#4075=DIRECTION('',(-1.,0.,0.));
#4076=DIRECTION('center_axis',(-1.,0.,0.));
#4077=DIRECTION('ref_axis',(0.,-1.,0.));
#4078=DIRECTION('center_axis',(-1.,0.,0.));
#4079=DIRECTION('ref_axis',(0.,-1.,0.));
#4080=DIRECTION('center_axis',(1.,0.,0.));
#4081=DIRECTION('ref_axis',(0.,-1.,0.));
#4082=DIRECTION('center_axis',(-1.,0.,0.));
#4083=DIRECTION('ref_axis',(0.,-1.,0.));
#4084=DIRECTION('center_axis',(-1.,0.,0.));
#4085=DIRECTION('ref_axis',(0.,-1.,0.));
#4086=DIRECTION('center_axis',(-1.,0.,0.));
#4087=DIRECTION('ref_axis',(0.,-1.,0.));
#4088=DIRECTION('center_axis',(1.,0.,0.));
#4089=DIRECTION('ref_axis',(0.,1.,0.));
#4090=DIRECTION('center_axis',(-1.,0.,0.));
#4091=DIRECTION('ref_axis',(0.,-1.,0.));
#4092=DIRECTION('',(0.,-1.,0.));
#4093=DIRECTION('center_axis',(0.,0.,1.));
#4094=DIRECTION('ref_axis',(1.,0.,0.));
#4095=DIRECTION('',(0.,-1.,0.));
#4096=DIRECTION('',(0.,1.,0.));
#4097=DIRECTION('',(0.,-1.,0.));
#4098=DIRECTION('',(0.,1.,0.));
#4099=DIRECTION('center_axis',(-1.,0.,0.));
#4100=DIRECTION('ref_axis',(0.,-1.,0.));
#4101=DIRECTION('center_axis',(-1.,0.,0.));
#4102=DIRECTION('ref_axis',(0.,-1.,0.));
#4103=DIRECTION('center_axis',(-1.,0.,0.));
#4104=DIRECTION('ref_axis',(0.,-1.,0.));
#4105=DIRECTION('center_axis',(-1.,0.,0.));
#4106=DIRECTION('ref_axis',(0.,-1.,0.));
#4107=DIRECTION('center_axis',(1.,0.,0.));
#4108=DIRECTION('ref_axis',(0.,0.,-1.));
#4109=DIRECTION('center_axis',(-1.,0.,0.));
#4110=DIRECTION('ref_axis',(0.,-1.,0.));
#4111=DIRECTION('center_axis',(1.,0.,0.));
#4112=DIRECTION('ref_axis',(0.,0.,-1.));
#4113=DIRECTION('center_axis',(-1.,0.,0.));
#4114=DIRECTION('ref_axis',(0.,-1.,0.));
#4115=DIRECTION('center_axis',(-1.,0.,0.));
#4116=DIRECTION('ref_axis',(0.,-1.,0.));
#4117=DIRECTION('center_axis',(-1.,0.,0.));
#4118=DIRECTION('ref_axis',(0.,-1.,0.));
#4119=DIRECTION('center_axis',(-1.,0.,0.));
#4120=DIRECTION('ref_axis',(0.,-1.,0.));
#4121=DIRECTION('center_axis',(-1.,0.,0.));
#4122=DIRECTION('ref_axis',(0.,-1.,0.));
#4123=DIRECTION('center_axis',(-1.,0.,0.));
#4124=DIRECTION('ref_axis',(0.,-1.,0.));
#4125=DIRECTION('center_axis',(1.,0.,0.));
#4126=DIRECTION('ref_axis',(0.,-1.,0.));
#4127=DIRECTION('center_axis',(-1.,0.,0.));
#4128=DIRECTION('ref_axis',(0.,-1.,0.));
#4129=DIRECTION('center_axis',(-1.,0.,0.));
#4130=DIRECTION('ref_axis',(0.,-1.,0.));
#4131=DIRECTION('center_axis',(-1.,0.,0.));
#4132=DIRECTION('ref_axis',(0.,-1.,0.));
#4133=DIRECTION('center_axis',(-1.,0.,0.));
#4134=DIRECTION('ref_axis',(0.,-1.,0.));
#4135=DIRECTION('',(1.,0.,0.));
#4136=DIRECTION('center_axis',(-1.,0.,0.));
#4137=DIRECTION('ref_axis',(0.,-1.,0.));
#4138=DIRECTION('center_axis',(1.,0.,0.));
#4139=DIRECTION('ref_axis',(0.,-1.,0.));
#4140=DIRECTION('',(1.,0.,0.));
#4141=DIRECTION('center_axis',(1.,0.,0.));
#4142=DIRECTION('ref_axis',(0.,0.,-1.));
#4143=DIRECTION('center_axis',(-1.,0.,0.));
#4144=DIRECTION('ref_axis',(0.,-1.,0.));
#4145=DIRECTION('center_axis',(-1.,0.,0.));
#4146=DIRECTION('ref_axis',(0.,-1.,0.));
#4147=DIRECTION('center_axis',(1.,0.,0.));
#4148=DIRECTION('ref_axis',(0.,-1.,0.));
#4149=DIRECTION('center_axis',(-1.,0.,0.));
#4150=DIRECTION('ref_axis',(0.,-1.,0.));
#4151=DIRECTION('center_axis',(-1.,0.,0.));
#4152=DIRECTION('ref_axis',(0.,-1.,0.));
#4153=DIRECTION('center_axis',(-1.,0.,0.));
#4154=DIRECTION('ref_axis',(0.,-1.,0.));
#4155=DIRECTION('center_axis',(-1.,0.,0.));
#4156=DIRECTION('ref_axis',(0.,-1.,0.));
#4157=DIRECTION('center_axis',(-1.,0.,0.));
#4158=DIRECTION('ref_axis',(0.,-1.,0.));
#4159=DIRECTION('',(1.,0.,0.));
#4160=DIRECTION('center_axis',(-1.,0.,0.));
#4161=DIRECTION('ref_axis',(0.,-1.,0.));
#4162=DIRECTION('center_axis',(1.,0.,0.));
#4163=DIRECTION('ref_axis',(0.,-1.,0.));
#4164=DIRECTION('',(1.,0.,0.));
#4165=DIRECTION('center_axis',(1.,0.,0.));
#4166=DIRECTION('ref_axis',(0.,0.,-1.));
#4167=DIRECTION('center_axis',(-1.,0.,0.));
#4168=DIRECTION('ref_axis',(0.,-1.,0.));
#4169=DIRECTION('center_axis',(-1.,0.,0.));
#4170=DIRECTION('ref_axis',(0.,-1.,0.));
#4171=DIRECTION('center_axis',(-1.,0.,0.));
#4172=DIRECTION('ref_axis',(0.,-1.,0.));
#4173=DIRECTION('center_axis',(-1.,0.,0.));
#4174=DIRECTION('ref_axis',(0.,-1.,0.));
#4175=DIRECTION('center_axis',(1.,0.,0.));
#4176=DIRECTION('ref_axis',(0.,-1.,0.));
#4177=DIRECTION('center_axis',(-1.,0.,0.));
#4178=DIRECTION('ref_axis',(0.,-1.,0.));
#4179=DIRECTION('center_axis',(-1.,0.,0.));
#4180=DIRECTION('ref_axis',(0.,-1.,0.));
#4181=DIRECTION('center_axis',(-1.,0.,0.));
#4182=DIRECTION('ref_axis',(0.,-1.,0.));
#4183=DIRECTION('',(1.,0.,0.));
#4184=DIRECTION('center_axis',(-1.,0.,0.));
#4185=DIRECTION('ref_axis',(0.,-1.,0.));
#4186=DIRECTION('center_axis',(1.,0.,0.));
#4187=DIRECTION('ref_axis',(0.,-1.,0.));
#4188=DIRECTION('',(1.,0.,0.));
#4189=DIRECTION('center_axis',(1.,0.,0.));
#4190=DIRECTION('ref_axis',(0.,0.,-1.));
#4191=DIRECTION('center_axis',(-1.,0.,0.));
#4192=DIRECTION('ref_axis',(0.,-1.,0.));
#4193=DIRECTION('center_axis',(-1.,0.,0.));
#4194=DIRECTION('ref_axis',(0.,-1.,0.));
#4195=DIRECTION('center_axis',(1.,0.,0.));
#4196=DIRECTION('ref_axis',(0.,0.,-1.));
#4197=DIRECTION('center_axis',(-1.,0.,0.));
#4198=DIRECTION('ref_axis',(0.,-1.,0.));
#4199=DIRECTION('center_axis',(-1.,0.,0.));
#4200=DIRECTION('ref_axis',(0.,-1.,0.));
#4201=DIRECTION('center_axis',(1.,0.,0.));
#4202=DIRECTION('ref_axis',(0.,-1.,0.));
#4203=DIRECTION('center_axis',(-1.,0.,0.));
#4204=DIRECTION('ref_axis',(0.,-1.,0.));
#4205=DIRECTION('',(1.,0.,0.));
#4206=DIRECTION('center_axis',(-1.,0.,0.));
#4207=DIRECTION('ref_axis',(0.,-1.,0.));
#4208=DIRECTION('center_axis',(1.,0.,0.));
#4209=DIRECTION('ref_axis',(0.,-1.,0.));
#4210=DIRECTION('',(1.,0.,0.));
#4211=DIRECTION('center_axis',(1.,0.,0.));
#4212=DIRECTION('ref_axis',(0.,0.,-1.));
#4213=DIRECTION('center_axis',(0.,0.,1.));
#4214=DIRECTION('ref_axis',(1.,-3.40005801291454E-15,0.));
#4215=DIRECTION('',(1.,-3.40005801291454E-15,0.));
#4216=DIRECTION('',(1.,-3.40005801291454E-15,0.));
#4217=DIRECTION('',(3.40468394218381E-15,1.,0.));
#4218=DIRECTION('center_axis',(-1.,3.40468394218381E-15,4.56151843855709E-49));
#4219=DIRECTION('ref_axis',(-3.35271605233965E-46,-9.86076131526263E-32,
1.));
#4220=DIRECTION('',(-3.35271605233965E-46,-9.86076131526263E-32,1.));
#4221=DIRECTION('',(-3.35271605233965E-46,-9.86076131526263E-32,1.));
#4222=DIRECTION('',(3.40468394218381E-15,1.,0.));
#4223=DIRECTION('center_axis',(0.,0.,-1.));
#4224=DIRECTION('ref_axis',(-1.,3.40005801291454E-15,0.));
#4225=DIRECTION('',(-1.,3.40005801291454E-15,0.));
#4226=DIRECTION('',(1.,0.,0.));
#4227=DIRECTION('center_axis',(-3.40005801291454E-15,-1.,-9.86076131526263E-32));
#4228=DIRECTION('ref_axis',(1.,-3.40005801291454E-15,0.));
#4229=DIRECTION('center_axis',(3.40468394218381E-15,1.,0.));
#4230=DIRECTION('ref_axis',(0.,0.,1.));
#4231=DIRECTION('center_axis',(0.,0.,1.));
#4232=DIRECTION('ref_axis',(1.,-3.40005801291454E-15,0.));
#4233=DIRECTION('',(1.,-3.40005801291454E-15,0.));
#4234=DIRECTION('',(1.,-3.40005801291454E-15,0.));
#4235=DIRECTION('',(3.40468394218381E-15,1.,0.));
#4236=DIRECTION('center_axis',(-1.,3.40468394218381E-15,4.56151843855709E-49));
#4237=DIRECTION('ref_axis',(-3.35271605233965E-46,-9.86076131526263E-32,
1.));
#4238=DIRECTION('',(-3.35271605233965E-46,-9.86076131526263E-32,1.));
#4239=DIRECTION('',(-3.35271605233965E-46,-9.86076131526263E-32,1.));
#4240=DIRECTION('',(3.40468394218381E-15,1.,0.));
#4241=DIRECTION('center_axis',(0.,0.,-1.));
#4242=DIRECTION('ref_axis',(-1.,3.40005801291454E-15,0.));
#4243=DIRECTION('',(-1.,3.40005801291454E-15,0.));
#4244=DIRECTION('',(1.,0.,0.));
#4245=DIRECTION('center_axis',(-3.40005801291454E-15,-1.,-9.86076131526263E-32));
#4246=DIRECTION('ref_axis',(1.,-3.40005801291454E-15,0.));
#4247=DIRECTION('center_axis',(3.40468394218381E-15,1.,0.));
#4248=DIRECTION('ref_axis',(0.,0.,1.));
#4249=DIRECTION('center_axis',(0.,0.,1.));
#4250=DIRECTION('ref_axis',(1.,-3.40005801291454E-15,0.));
#4251=DIRECTION('',(1.,-3.40005801291454E-15,0.));
#4252=DIRECTION('',(1.,-3.40005801291454E-15,0.));
#4253=DIRECTION('',(3.40468394218381E-15,1.,0.));
#4254=DIRECTION('center_axis',(-1.,3.40468394218381E-15,4.56151843855709E-49));
#4255=DIRECTION('ref_axis',(-3.35271605233965E-46,-9.86076131526263E-32,
1.));
#4256=DIRECTION('',(-3.35271605233965E-46,-9.86076131526263E-32,1.));
#4257=DIRECTION('',(-3.35271605233965E-46,-9.86076131526263E-32,1.));
#4258=DIRECTION('',(3.40468394218381E-15,1.,0.));
#4259=DIRECTION('center_axis',(0.,0.,-1.));
#4260=DIRECTION('ref_axis',(-1.,3.40005801291454E-15,0.));
#4261=DIRECTION('',(-1.,3.40005801291454E-15,0.));
#4262=DIRECTION('',(1.,0.,0.));
#4263=DIRECTION('center_axis',(-3.40005801291454E-15,-1.,-9.86076131526263E-32));
#4264=DIRECTION('ref_axis',(1.,-3.40005801291454E-15,0.));
#4265=DIRECTION('center_axis',(3.40468394218381E-15,1.,0.));
#4266=DIRECTION('ref_axis',(0.,0.,1.));
#4267=DIRECTION('center_axis',(0.,0.,1.));
#4268=DIRECTION('ref_axis',(1.,-3.40005801291454E-15,0.));
#4269=DIRECTION('',(1.,-3.40005801291454E-15,0.));
#4270=DIRECTION('',(1.,-3.40005801291454E-15,0.));
#4271=DIRECTION('',(3.40468394218381E-15,1.,0.));
#4272=DIRECTION('center_axis',(-1.,3.40468394218381E-15,4.56151843855709E-49));
#4273=DIRECTION('ref_axis',(-3.35271605233965E-46,-9.86076131526263E-32,
1.));
#4274=DIRECTION('',(-3.35271605233965E-46,-9.86076131526263E-32,1.));
#4275=DIRECTION('',(-3.35271605233965E-46,-9.86076131526263E-32,1.));
#4276=DIRECTION('',(3.40468394218381E-15,1.,0.));
#4277=DIRECTION('center_axis',(0.,0.,-1.));
#4278=DIRECTION('ref_axis',(-1.,3.40005801291454E-15,0.));
#4279=DIRECTION('',(-1.,3.40005801291454E-15,0.));
#4280=DIRECTION('',(1.,0.,0.));
#4281=DIRECTION('center_axis',(-3.40005801291454E-15,-1.,-9.86076131526263E-32));
#4282=DIRECTION('ref_axis',(1.,-3.40005801291454E-15,0.));
#4283=DIRECTION('center_axis',(3.40468394218381E-15,1.,0.));
#4284=DIRECTION('ref_axis',(0.,0.,1.));
#4285=DIRECTION('',(-2.18952885050753E-47,-1.91761463488192E-93,1.));
#4286=DIRECTION('',(-3.40005801291454E-15,-1.,-9.86076131526263E-32));
#4287=CARTESIAN_POINT('',(0.,0.,0.));
#4288=CARTESIAN_POINT('',(0.,0.,0.));
#4289=CARTESIAN_POINT('Origin',(2.26699424571229E-76,34.9,4.8));
#4290=CARTESIAN_POINT('',(-3.,34.9,23.8));
#4291=CARTESIAN_POINT('Origin',(2.26699424571229E-76,34.9,23.8));
#4292=CARTESIAN_POINT('',(-3.,34.9,4.8));
#4293=CARTESIAN_POINT('',(-3.,34.9,4.8));
#4294=CARTESIAN_POINT('Origin',(2.26699424571229E-76,34.9,4.8));
#4295=CARTESIAN_POINT('Origin',(2.26699424571229E-76,34.9,4.8));
#4296=CARTESIAN_POINT('',(-6.,34.9,23.8));
#4297=CARTESIAN_POINT('Origin',(2.26699424571229E-76,34.9,23.8));
#4298=CARTESIAN_POINT('',(-6.,34.9,4.8));
#4299=CARTESIAN_POINT('',(-6.,34.9,4.8));
#4300=CARTESIAN_POINT('Origin',(2.26699424571229E-76,34.9,4.8));
#4301=CARTESIAN_POINT('Origin',(2.26699424571229E-76,34.9,23.8));
#4302=CARTESIAN_POINT('Origin',(2.26699424571229E-76,34.9,4.8));
#4303=CARTESIAN_POINT('Origin',(-7.50000011175871,42.4000005215407,23.8));
#4304=CARTESIAN_POINT('',(-7.50000011175871,42.4000005215407,-44.2));
#4305=CARTESIAN_POINT('',(7.49999988824129,42.4000005215407,-44.2));
#4306=CARTESIAN_POINT('',(7.49999988824129,42.4000005215407,-44.2));
#4307=CARTESIAN_POINT('',(-7.50000011175871,42.4000005215407,24.8));
#4308=CARTESIAN_POINT('',(-7.50000011175871,42.4000005215407,23.8));
#4309=CARTESIAN_POINT('',(-5.55111512312578E-16,42.4000005215407,24.8));
#4310=CARTESIAN_POINT('',(7.49999988824129,42.4000005215407,24.8));
#4311=CARTESIAN_POINT('',(7.49999988824129,42.4000005215407,24.8));
#4312=CARTESIAN_POINT('',(7.49999988824129,42.4000005215407,24.8));
#4313=CARTESIAN_POINT('',(7.49999988824129,42.4000005215407,23.8));
#4314=CARTESIAN_POINT('Origin',(2.26699424571229E-76,34.9,25.));
#4315=CARTESIAN_POINT('',(7.50000011175871,34.9000005215407,25.));
#4316=CARTESIAN_POINT('',(4.99999999999997,34.9000005215407,25.));
#4317=CARTESIAN_POINT('',(2.26699427949313E-76,34.9000005215407,25.));
#4318=CARTESIAN_POINT('',(-7.50000011175871,34.9000005215407,25.));
#4319=CARTESIAN_POINT('Origin',(-5.55111512312578E-16,34.9,25.));
#4320=CARTESIAN_POINT('',(-4.99999999999997,34.9000005215407,25.));
#4321=CARTESIAN_POINT('',(2.26699427949313E-76,34.9000005215407,25.));
#4322=CARTESIAN_POINT('Origin',(-5.55111512312578E-16,34.9,25.));
#4323=CARTESIAN_POINT('Origin',(-5.55111512312578E-16,34.9,24.));
#4324=CARTESIAN_POINT('',(4.99999999999997,34.9000005215407,24.));
#4325=CARTESIAN_POINT('',(4.99999999999997,34.9000005215407,24.));
#4326=CARTESIAN_POINT('',(-4.99999999999997,34.9000005215407,24.));
#4327=CARTESIAN_POINT('',(-4.99999999999997,34.9000005215407,24.));
#4328=CARTESIAN_POINT('Origin',(-5.55111512312578E-16,34.9,24.));
#4329=CARTESIAN_POINT('Origin',(2.26699424571229E-76,34.9,24.));
#4330=CARTESIAN_POINT('',(6.09999999999998,34.9000005215407,24.));
#4331=CARTESIAN_POINT('',(2.26699427949313E-76,34.9000005215407,24.));
#4332=CARTESIAN_POINT('',(-6.09999999999998,34.9000005215407,24.));
#4333=CARTESIAN_POINT('',(2.26699427949313E-76,34.9000005215407,24.));
#4334=CARTESIAN_POINT('Origin',(2.26699424571229E-76,34.9,24.));
#4335=CARTESIAN_POINT('Origin',(2.26699424571229E-76,34.9,23.8));
#4336=CARTESIAN_POINT('',(6.09999999999998,34.9000005215407,4.8));
#4337=CARTESIAN_POINT('',(6.09999999999998,34.9000005215407,23.8));
#4338=CARTESIAN_POINT('',(-6.09999999999998,34.9000005215407,4.8));
#4339=CARTESIAN_POINT('',(-6.09999999999998,34.9000005215407,23.8));
#4340=CARTESIAN_POINT('Origin',(2.26699424571229E-76,34.9,4.8));
#4341=CARTESIAN_POINT('Origin',(2.26699424571229E-76,34.9,4.8));
#4342=CARTESIAN_POINT('',(3.99999999999997,34.9000005215407,4.8));
#4343=CARTESIAN_POINT('',(2.26699427949313E-76,34.9000005215407,4.8));
#4344=CARTESIAN_POINT('',(-3.99999999999997,34.9000005215407,4.8));
#4345=CARTESIAN_POINT('',(2.26699427949313E-76,34.9000005215407,4.8));
#4346=CARTESIAN_POINT('Origin',(2.26699424571229E-76,34.9,4.8));
#4347=CARTESIAN_POINT('Origin',(2.26699424571229E-76,34.9,4.8));
#4348=CARTESIAN_POINT('',(3.99999999999997,34.9000005215407,2.8));
#4349=CARTESIAN_POINT('',(3.99999999999997,34.9000005215407,4.8));
#4350=CARTESIAN_POINT('',(-3.99999999999997,34.9000005215407,2.8));
#4351=CARTESIAN_POINT('',(-3.99999999999997,34.9000005215407,4.8));
#4352=CARTESIAN_POINT('Origin',(2.26699424571229E-76,34.9,2.8));
#4353=CARTESIAN_POINT('Origin',(2.26699424571229E-76,34.9,2.8));
#4354=CARTESIAN_POINT('',(5.99999999999998,34.9000005215407,2.8));
#4355=CARTESIAN_POINT('',(2.26699427949313E-76,34.9000005215407,2.8));
#4356=CARTESIAN_POINT('',(-5.99999999999998,34.9000005215407,2.8));
#4357=CARTESIAN_POINT('',(2.26699427949313E-76,34.9000005215407,2.8));
#4358=CARTESIAN_POINT('Origin',(2.26699424571229E-76,34.9,2.8));
#4359=CARTESIAN_POINT('Origin',(2.26699424571229E-76,34.9,24.8));
#4360=CARTESIAN_POINT('',(-7.50000011175871,34.9000005215407,24.8));
#4361=CARTESIAN_POINT('Origin',(2.26699424571229E-76,34.9,24.8));
#4362=CARTESIAN_POINT('',(-7.50000011175871,42.4000005215407,24.8));
#4363=CARTESIAN_POINT('Origin',(2.26699424571229E-76,34.9,23.8));
#4364=CARTESIAN_POINT('',(7.5,34.9,24.8));
#4365=CARTESIAN_POINT('',(7.49999999999998,34.9000005215407,23.8));
#4366=CARTESIAN_POINT('Origin',(2.26699424571229E-76,34.9,24.8));
#4367=CARTESIAN_POINT('',(-7.49999999999998,34.9000005215407,23.8));
#4368=CARTESIAN_POINT('Origin',(-7.50000011175871,34.9000005215407,23.8));
#4369=CARTESIAN_POINT('',(-7.50000011175871,34.9000005215407,-44.2));
#4370=CARTESIAN_POINT('',(-7.50000011175871,34.9,23.8));
#4371=CARTESIAN_POINT('',(-7.50000011175871,42.4000005215407,-44.2));
#4372=CARTESIAN_POINT('Origin',(7.49999988824129,42.4000005215407,23.8));
#4373=CARTESIAN_POINT('',(7.49999988824129,34.9000005215407,24.8));
#4374=CARTESIAN_POINT('',(7.49999988824129,34.9000005215407,-44.2));
#4375=CARTESIAN_POINT('',(7.49999988824129,34.9000005215407,-28.2000003278255));
#4376=CARTESIAN_POINT('',(7.49999988824129,34.9000005215407,-44.2));
#4377=CARTESIAN_POINT('Origin',(2.26699424571229E-76,34.9,24.8));
#4378=CARTESIAN_POINT('Origin',(-3.75000005587935,38.6500005215407,-44.2));
#4379=CARTESIAN_POINT('',(2.14999999999994,34.9000005215407,-44.2));
#4380=CARTESIAN_POINT('',(-1.87500002793968,34.9000005215407,-44.2));
#4381=CARTESIAN_POINT('',(-2.14999999999994,34.9000005215407,-44.2));
#4382=CARTESIAN_POINT('Origin',(2.26699424571229E-76,34.9,-44.2));
#4383=CARTESIAN_POINT('',(-1.87500002793968,34.9000005215407,-44.2));
#4384=CARTESIAN_POINT('Origin',(2.26699424571229E-76,34.9,-35.2));
#4385=CARTESIAN_POINT('',(2.14999999999994,34.9000005215407,-35.2));
#4386=CARTESIAN_POINT('',(2.14999999999994,34.9000005215407,-35.2));
#4387=CARTESIAN_POINT('',(-2.14999999999994,34.9000005215407,-35.2));
#4388=CARTESIAN_POINT('Origin',(2.26699424571229E-76,34.9,-35.2));
#4389=CARTESIAN_POINT('',(-2.14999999999994,34.9000005215407,-35.2));
#4390=CARTESIAN_POINT('Origin',(2.26699424571229E-76,34.9,-35.2));
#4391=CARTESIAN_POINT('',(0.749999999999819,34.9000005215407,-35.2));
#4392=CARTESIAN_POINT('',(2.26699427949313E-76,34.9000005215407,-35.2));
#4393=CARTESIAN_POINT('',(-0.749999999999819,34.9000005215407,-35.2));
#4394=CARTESIAN_POINT('Origin',(2.26699424571229E-76,34.9,-35.2));
#4395=CARTESIAN_POINT('',(2.26699427949313E-76,34.9000005215407,-35.2));
#4396=CARTESIAN_POINT('Origin',(2.26699424571229E-76,34.9,-33.2));
#4397=CARTESIAN_POINT('',(0.749999999999819,34.9000005215407,-33.2));
#4398=CARTESIAN_POINT('',(0.749999999999819,34.9000005215407,-33.2));
#4399=CARTESIAN_POINT('',(-0.749999999999819,34.9000005215407,-33.2));
#4400=CARTESIAN_POINT('Origin',(2.26699424571229E-76,34.9,-33.2));
#4401=CARTESIAN_POINT('',(-0.749999999999819,34.9000005215407,-33.2));
#4402=CARTESIAN_POINT('Origin',(2.26699424571229E-76,34.9,2.8));
#4403=CARTESIAN_POINT('',(5.99999999999998,34.9000005215407,-33.2));
#4404=CARTESIAN_POINT('',(5.99999999999998,34.9000005215407,2.8));
#4405=CARTESIAN_POINT('',(-5.99999999999998,34.9000005215407,-33.2));
#4406=CARTESIAN_POINT('',(-5.99999999999998,34.9000005215407,2.8));
#4407=CARTESIAN_POINT('Origin',(2.26699424571229E-76,34.9,-33.2));
#4408=CARTESIAN_POINT('Origin',(2.26699424571229E-76,34.9,-33.2));
#4409=CARTESIAN_POINT('',(2.26699427949313E-76,34.9000005215407,-33.2));
#4410=CARTESIAN_POINT('',(2.26699427949313E-76,34.9000005215407,-33.2));
#4411=CARTESIAN_POINT('Origin',(2.26699427949313E-76,34.9000005215407,-9.6));
#4412=CARTESIAN_POINT('Origin',(2.26699427949313E-76,34.9000005215407,-9.6));
#4413=CARTESIAN_POINT('Origin',(2.26699425632913E-76,34.9000001639128,1.8));
#4414=CARTESIAN_POINT('',(5.,34.9000001639128,-7.2));
#4415=CARTESIAN_POINT('Origin',(2.26699425632913E-76,34.9000001639128,-7.2));
#4416=CARTESIAN_POINT('',(5.,34.9000001639128,1.8));
#4417=CARTESIAN_POINT('',(5.,34.9000001639128,1.8));
#4418=CARTESIAN_POINT('Origin',(2.26699425632913E-76,34.9000001639128,1.8));
#4419=CARTESIAN_POINT('Origin',(2.26699425632913E-76,34.9000001639128,-10.2000001788139));
#4420=CARTESIAN_POINT('',(-2.59807621135332,36.4000001639128,-10.2000001788139));
#4421=CARTESIAN_POINT('Ctrl Pts',(-2.59807621135332,36.4000001639128,-10.2000001788139));
#4422=CARTESIAN_POINT('Ctrl Pts',(-2.59807621135332,36.4000001639128,-10.0075425783732));
#4423=CARTESIAN_POINT('Ctrl Pts',(-2.6217381539294,36.3608285406279,-9.80529227691901));
#4424=CARTESIAN_POINT('Ctrl Pts',(-2.70179401869102,36.2068432285172,-9.4371266395522));
#4425=CARTESIAN_POINT('Ctrl Pts',(-2.75655070132326,36.0921339061094,-9.27081357745084));
#4426=CARTESIAN_POINT('Ctrl Pts',(-2.85579991510575,35.8295451686222,-9.00822483996369));
#4427=CARTESIAN_POINT('Ctrl Pts',(-2.90739726155922,35.6631113010844,-8.89325255892707));
#4428=CARTESIAN_POINT('Ctrl Pts',(-2.97988795252598,35.2944177771461,-8.73905432001024));
#4429=CARTESIAN_POINT('Ctrl Pts',(-3.,35.0919331155758,-8.70000017881394));
#4430=CARTESIAN_POINT('Ctrl Pts',(-3.,34.7080672122498,-8.70000017881394));
#4431=CARTESIAN_POINT('Ctrl Pts',(-2.97988795252598,34.5055825506795,-8.73905432001024));
#4432=CARTESIAN_POINT('Ctrl Pts',(-2.90739726155922,34.1368890267413,-8.89325255892707));
#4433=CARTESIAN_POINT('Ctrl Pts',(-2.85579991510575,33.9704551592034,-9.00822483996369));
#4434=CARTESIAN_POINT('Ctrl Pts',(-2.75655070132325,33.7078664217163,-9.27081357745084));
#4435=CARTESIAN_POINT('Ctrl Pts',(-2.70179401869102,33.5931570993085,-9.4371266395522));
#4436=CARTESIAN_POINT('Ctrl Pts',(-2.6217381539294,33.4391717871977,-9.80529227691901));
#4437=CARTESIAN_POINT('Ctrl Pts',(-2.59807621135332,33.4000001639128,-10.0075425783732));
#4438=CARTESIAN_POINT('Ctrl Pts',(-2.59807621135332,33.4000001639128,-10.3924577792547));
#4439=CARTESIAN_POINT('Ctrl Pts',(-2.6217381539294,33.4391717871977,-10.5947080807089));
#4440=CARTESIAN_POINT('Ctrl Pts',(-2.70179401869102,33.5931570993085,-10.9628737180757));
#4441=CARTESIAN_POINT('Ctrl Pts',(-2.75655070132325,33.7078664217163,-11.129186780177));
#4442=CARTESIAN_POINT('Ctrl Pts',(-2.85579991510575,33.9704551592034,-11.3917755176642));
#4443=CARTESIAN_POINT('Ctrl Pts',(-2.90739726155922,34.1368890267412,-11.5067477987008));
#4444=CARTESIAN_POINT('Ctrl Pts',(-2.97988795252598,34.5055825506795,-11.6609460376176));
#4445=CARTESIAN_POINT('Ctrl Pts',(-3.,34.7080672122498,-11.7000001788139));
#4446=CARTESIAN_POINT('Ctrl Pts',(-3.,35.0919331155758,-11.7000001788139));
#4447=CARTESIAN_POINT('Ctrl Pts',(-2.97988795252598,35.2944177771461,-11.6609460376176));
#4448=CARTESIAN_POINT('Ctrl Pts',(-2.90739726155922,35.6631113010844,-11.5067477987008));
#4449=CARTESIAN_POINT('Ctrl Pts',(-2.85579991510575,35.8295451686222,-11.3917755176642));
#4450=CARTESIAN_POINT('Ctrl Pts',(-2.75655070132325,36.0921339061094,-11.129186780177));
#4451=CARTESIAN_POINT('Ctrl Pts',(-2.70179401869102,36.2068432285172,-10.9628737180757));
#4452=CARTESIAN_POINT('Ctrl Pts',(-2.6217381539294,36.3608285406279,-10.5947080807089));
#4453=CARTESIAN_POINT('Ctrl Pts',(-2.59807621135332,36.4000001639128,-10.3924577792547));
#4454=CARTESIAN_POINT('Ctrl Pts',(-2.59807621135332,36.4000001639128,-10.2000001788139));
#4455=CARTESIAN_POINT('',(2.59807621135332,36.4000001639128,-10.2000001788139));
#4456=CARTESIAN_POINT('',(2.36415115257394E-76,36.4000001639128,-10.2000001788139));
#4457=CARTESIAN_POINT('',(3.,34.9000001639128,-8.70000017881394));
#4458=CARTESIAN_POINT('Ctrl Pts',(3.,34.9000001639128,-8.70000017881394));
#4459=CARTESIAN_POINT('Ctrl Pts',(3.,35.0919331155758,-8.70000017881394));
#4460=CARTESIAN_POINT('Ctrl Pts',(2.97988795252598,35.2944177771461,-8.73905432001024));
#4461=CARTESIAN_POINT('Ctrl Pts',(2.90739726155922,35.6631113010844,-8.89325255892707));
#4462=CARTESIAN_POINT('Ctrl Pts',(2.85579991510575,35.8295451686222,-9.00822483996369));
#4463=CARTESIAN_POINT('Ctrl Pts',(2.75655070132325,36.0921339061094,-9.27081357745084));
#4464=CARTESIAN_POINT('Ctrl Pts',(2.70179401869102,36.2068432285172,-9.4371266395522));
#4465=CARTESIAN_POINT('Ctrl Pts',(2.6217381539294,36.3608285406279,-9.80529227691901));
#4466=CARTESIAN_POINT('Ctrl Pts',(2.59807621135332,36.4000001639128,-10.0075425783732));
#4467=CARTESIAN_POINT('Ctrl Pts',(2.59807621135332,36.4000001639128,-10.2000001788139));
#4468=CARTESIAN_POINT('',(2.59807621135332,33.4000001639128,-10.2000001788139));
#4469=CARTESIAN_POINT('Ctrl Pts',(2.59807621135332,33.4000001639128,-10.2000001788139));
#4470=CARTESIAN_POINT('Ctrl Pts',(2.59807621135332,33.4000001639128,-10.0075425783732));
#4471=CARTESIAN_POINT('Ctrl Pts',(2.6217381539294,33.4391717871977,-9.80529227691901));
#4472=CARTESIAN_POINT('Ctrl Pts',(2.70179401869102,33.5931570993085,-9.4371266395522));
#4473=CARTESIAN_POINT('Ctrl Pts',(2.75655070132325,33.7078664217163,-9.27081357745084));
#4474=CARTESIAN_POINT('Ctrl Pts',(2.85579991510575,33.9704551592034,-9.00822483996369));
#4475=CARTESIAN_POINT('Ctrl Pts',(2.90739726155922,34.1368890267413,-8.89325255892707));
#4476=CARTESIAN_POINT('Ctrl Pts',(2.97988795252598,34.5055825506795,-8.73905432001024));
#4477=CARTESIAN_POINT('Ctrl Pts',(3.,34.7080672122498,-8.70000017881394));
#4478=CARTESIAN_POINT('Ctrl Pts',(3.,34.9000001639128,-8.70000017881394));
#4479=CARTESIAN_POINT('',(3.,34.9000001639128,-11.7000001788139));
#4480=CARTESIAN_POINT('Ctrl Pts',(3.,34.9000001639128,-11.7000001788139));
#4481=CARTESIAN_POINT('Ctrl Pts',(3.,34.7080672122498,-11.7000001788139));
#4482=CARTESIAN_POINT('Ctrl Pts',(2.97988795252598,34.5055825506795,-11.6609460376176));
#4483=CARTESIAN_POINT('Ctrl Pts',(2.90739726155922,34.1368890267413,-11.5067477987008));
#4484=CARTESIAN_POINT('Ctrl Pts',(2.85579991510575,33.9704551592034,-11.3917755176642));
#4485=CARTESIAN_POINT('Ctrl Pts',(2.75655070132325,33.7078664217163,-11.129186780177));
#4486=CARTESIAN_POINT('Ctrl Pts',(2.70179401869102,33.5931570993085,-10.9628737180757));
#4487=CARTESIAN_POINT('Ctrl Pts',(2.6217381539294,33.4391717871977,-10.5947080807089));
#4488=CARTESIAN_POINT('Ctrl Pts',(2.59807621135332,33.4000001639128,-10.3924577792547));
#4489=CARTESIAN_POINT('Ctrl Pts',(2.59807621135332,33.4000001639128,-10.2000001788139));
#4490=CARTESIAN_POINT('Ctrl Pts',(2.59807621135332,36.4000001639128,-10.2000001788139));
#4491=CARTESIAN_POINT('Ctrl Pts',(2.59807621135332,36.4000001639128,-10.3924577792547));
#4492=CARTESIAN_POINT('Ctrl Pts',(2.6217381539294,36.3608285406279,-10.5947080807089));
#4493=CARTESIAN_POINT('Ctrl Pts',(2.70179401869102,36.2068432285172,-10.9628737180757));
#4494=CARTESIAN_POINT('Ctrl Pts',(2.75655070132325,36.0921339061094,-11.129186780177));
#4495=CARTESIAN_POINT('Ctrl Pts',(2.85579991510575,35.8295451686222,-11.3917755176642));
#4496=CARTESIAN_POINT('Ctrl Pts',(2.90739726155922,35.6631113010844,-11.5067477987008));
#4497=CARTESIAN_POINT('Ctrl Pts',(2.97988795252598,35.2944177771461,-11.6609460376176));
#4498=CARTESIAN_POINT('Ctrl Pts',(3.,35.0919331155758,-11.7000001788139));
#4499=CARTESIAN_POINT('Ctrl Pts',(3.,34.9000001639128,-11.7000001788139));
#4500=CARTESIAN_POINT('Origin',(2.26699425632913E-76,34.9000001639128,-7.2));
#4501=CARTESIAN_POINT('',(3.,34.9000001639128,-13.2));
#4502=CARTESIAN_POINT('Origin',(2.26699425632913E-76,34.9000001639128,-13.2));
#4503=CARTESIAN_POINT('',(3.,34.9000001639128,-7.2));
#4504=CARTESIAN_POINT('',(3.,34.9000001639128,-7.2));
#4505=CARTESIAN_POINT('',(3.,34.9000001639128,-7.2));
#4506=CARTESIAN_POINT('Origin',(2.26699425632913E-76,34.9000001639128,-7.2));
#4507=CARTESIAN_POINT('Origin',(2.26699425632913E-76,34.9000001639128,-13.2));
#4508=CARTESIAN_POINT('Origin',(2.26699425632913E-76,34.9000001639128,-6.2));
#4509=CARTESIAN_POINT('',(-3.1,34.9000001639128,-6.2));
#4510=CARTESIAN_POINT('Origin',(2.26699425632913E-76,34.9000001639128,-6.2));
#4511=CARTESIAN_POINT('Origin',(2.26699425632913E-76,34.9000001639128,-7.2));
#4512=CARTESIAN_POINT('Origin',(2.26699425632913E-76,34.9000001639128,1.8));
#4513=CARTESIAN_POINT('',(-3.1,34.9000001639128,1.8));
#4514=CARTESIAN_POINT('',(-3.1,34.9000001639128,1.8));
#4515=CARTESIAN_POINT('Origin',(2.26699425632913E-76,34.9000001639128,1.8));
#4516=CARTESIAN_POINT('Origin',(2.26699425632913E-76,34.9000001639128,1.8));
#4517=CARTESIAN_POINT('Origin',(15.5033787123601,31.9000000805635,6.63847460412559));
#4518=CARTESIAN_POINT('',(13.0033787123601,31.9000000805635,6.63847460412559));
#4519=CARTESIAN_POINT('Origin',(15.5033787123601,31.9000000805635,6.63847460412559));
#4520=CARTESIAN_POINT('',(13.0033787123601,34.9000005215407,6.63847460412559));
#4521=CARTESIAN_POINT('',(13.0033787123601,31.9000000805635,6.63847460412559));
#4522=CARTESIAN_POINT('Origin',(15.5033787123601,34.9000005215407,6.63847460412559));
#4523=CARTESIAN_POINT('Origin',(15.4999997839332,31.900000373643,-32.1330919304669));
#4524=CARTESIAN_POINT('',(12.9999997839332,31.900000373643,-32.1330919304669));
#4525=CARTESIAN_POINT('Origin',(15.4999997839332,31.900000373643,-32.1330919304669));
#4526=CARTESIAN_POINT('',(12.9999997839332,34.9000005215407,-32.1330919304669));
#4527=CARTESIAN_POINT('',(12.9999997839332,31.900000373643,-32.1330919304669));
#4528=CARTESIAN_POINT('Origin',(15.4999997839332,34.9000005215407,-32.1330919304669));
#4529=CARTESIAN_POINT('Origin',(-15.5000000074506,31.9000000805635,6.64143211727795));
#4530=CARTESIAN_POINT('',(-18.0000000074506,31.9000000805635,6.64143211727795));
#4531=CARTESIAN_POINT('Origin',(-15.5000000074506,31.9000000805634,6.64143211727795));
#4532=CARTESIAN_POINT('',(-18.0000000074506,34.9000005215407,6.64143211727795));
#4533=CARTESIAN_POINT('',(-18.0000000074506,31.9000000805635,6.64143211727795));
#4534=CARTESIAN_POINT('Origin',(-15.5000000074506,34.9000005215407,6.64143211727795));
#4535=CARTESIAN_POINT('Origin',(-15.5000000074506,31.900000373643,-32.1330919304669));
#4536=CARTESIAN_POINT('',(-18.0000000074506,31.900000373643,-32.1330919304669));
#4537=CARTESIAN_POINT('Origin',(-15.5000000074506,31.900000373643,-32.1330919304669));
#4538=CARTESIAN_POINT('',(-18.0000000074506,34.9000005215407,-32.1330919304669));
#4539=CARTESIAN_POINT('',(-18.0000000074506,31.900000373643,-32.1330919304669));
#4540=CARTESIAN_POINT('Origin',(-15.5000000074506,34.9000005215407,-32.1330919304669));
#4541=CARTESIAN_POINT('Origin',(7.49999988824129,34.900000373643,-24.6330920422256));
#4542=CARTESIAN_POINT('',(6.87386370550491,31.900000373643,-24.6330920422256));
#4543=CARTESIAN_POINT('',(7.49999999999999,34.900000373643,-24.6330920422256));
#4544=CARTESIAN_POINT('Origin',(2.26699424571229E-76,34.9,-24.6330920422256));
#4545=CARTESIAN_POINT('',(22.4999998882413,31.900000373643,-24.6330920422256));
#4546=CARTESIAN_POINT('',(7.49999988824129,31.900000373643,-24.6330920422256));
#4547=CARTESIAN_POINT('',(22.4999998882413,34.900000373643,-24.6330920422256));
#4548=CARTESIAN_POINT('',(22.4999998882413,34.900000373643,-24.6330920422256));
#4549=CARTESIAN_POINT('',(7.49999988824129,34.900000373643,-24.6330920422256));
#4550=CARTESIAN_POINT('Origin',(7.49999988824129,31.900000373643,-24.6330920422256));
#4551=CARTESIAN_POINT('',(6.87386370550491,31.900000373643,-39.6330920422256));
#4552=CARTESIAN_POINT('',(6.87386370550491,31.900000373643,23.8));
#4553=CARTESIAN_POINT('',(22.4999998882413,31.900000373643,-39.6330920422256));
#4554=CARTESIAN_POINT('',(7.49999988824129,31.900000373643,-39.6330920422256));
#4555=CARTESIAN_POINT('',(22.4999998882413,31.900000373643,-24.6330920422256));
#4556=CARTESIAN_POINT('Origin',(7.49999988824129,31.900000373643,-39.6330920422256));
#4557=CARTESIAN_POINT('',(7.49999999999999,34.900000373643,-39.6330920422256));
#4558=CARTESIAN_POINT('Origin',(2.26699424571229E-76,34.9,-39.6330920422256));
#4559=CARTESIAN_POINT('',(22.4999998882413,34.900000373643,-39.6330920422256));
#4560=CARTESIAN_POINT('',(7.49999988824129,34.900000373643,-39.6330920422256));
#4561=CARTESIAN_POINT('',(22.4999998882413,31.900000373643,-39.6330920422256));
#4562=CARTESIAN_POINT('Origin',(22.4999998882413,33.400000373643,-32.1330920422256));
#4563=CARTESIAN_POINT('',(22.4999998882413,34.900000373643,-39.6330920422256));
#4564=CARTESIAN_POINT('Origin',(2.26699427949313E-76,34.9000005215407,-9.6));
#4565=CARTESIAN_POINT('',(7.49999988824129,34.9000005215407,-44.2));
#4566=CARTESIAN_POINT('',(7.49999988824129,34.9000005215407,-28.2000003278255));
#4567=CARTESIAN_POINT('',(2.14999999999994,34.9000005215407,-44.2));
#4568=CARTESIAN_POINT('',(-1.87500002793968,34.9000005215407,-44.2));
#4569=CARTESIAN_POINT('',(2.14999999999994,34.9000005215407,-35.2));
#4570=CARTESIAN_POINT('',(2.14999999999994,34.9000005215407,-35.2));
#4571=CARTESIAN_POINT('',(0.749999999999819,34.9000005215407,-35.2));
#4572=CARTESIAN_POINT('',(2.26699427949313E-76,34.9000005215407,-35.2));
#4573=CARTESIAN_POINT('',(0.749999999999819,34.9000005215407,-33.2));
#4574=CARTESIAN_POINT('',(0.749999999999819,34.9000005215407,-33.2));
#4575=CARTESIAN_POINT('',(5.99999999999998,34.9000005215407,-33.2));
#4576=CARTESIAN_POINT('',(2.26699427949313E-76,34.9000005215407,-33.2));
#4577=CARTESIAN_POINT('',(5.99999999999998,34.9000005215407,2.8));
#4578=CARTESIAN_POINT('',(5.99999999999998,34.9000005215407,2.8));
#4579=CARTESIAN_POINT('',(3.99999999999997,34.9000005215407,2.8));
#4580=CARTESIAN_POINT('',(2.26699427949313E-76,34.9000005215407,2.8));
#4581=CARTESIAN_POINT('',(3.99999999999997,34.9000005215407,4.8));
#4582=CARTESIAN_POINT('',(3.99999999999997,34.9000005215407,4.8));
#4583=CARTESIAN_POINT('',(6.09999999999998,34.9000005215407,4.8));
#4584=CARTESIAN_POINT('',(2.26699427949313E-76,34.9000005215407,4.8));
#4585=CARTESIAN_POINT('',(6.09999999999998,34.9000005215407,24.));
#4586=CARTESIAN_POINT('',(6.09999999999998,34.9000005215407,23.8));
#4587=CARTESIAN_POINT('',(4.99999999999997,34.9000005215407,24.));
#4588=CARTESIAN_POINT('',(2.26699427949313E-76,34.9000005215407,24.));
#4589=CARTESIAN_POINT('',(4.99999999999997,34.9000005215407,25.));
#4590=CARTESIAN_POINT('',(4.99999999999997,34.9000005215407,24.));
#4591=CARTESIAN_POINT('',(7.50000011175871,34.9000005215407,25.));
#4592=CARTESIAN_POINT('',(2.26699427949313E-76,34.9000005215407,25.));
#4593=CARTESIAN_POINT('',(7.49999988824129,34.9000005215407,14.1414322290367));
#4594=CARTESIAN_POINT('',(7.49999988824129,34.9000005215407,-28.2000003278255));
#4595=CARTESIAN_POINT('',(22.4999998882413,34.9000000805635,14.1414322290367));
#4596=CARTESIAN_POINT('',(7.49999988824129,34.9000000805635,14.1414322290367));
#4597=CARTESIAN_POINT('',(22.4999998882413,34.9000000805635,-0.858567770963339));
#4598=CARTESIAN_POINT('',(22.4999998882413,34.9000000805635,-0.858567770963339));
#4599=CARTESIAN_POINT('',(7.49999988824129,34.9000005215407,-0.858567770963341));
#4600=CARTESIAN_POINT('',(7.49999988824129,34.9000000805635,-0.858567770963339));
#4601=CARTESIAN_POINT('',(7.49999988824129,34.9000005215407,-28.2000003278255));
#4602=CARTESIAN_POINT('Origin',(-21.5000001117587,31.900000373643,-39.6330920422256));
#4603=CARTESIAN_POINT('',(-6.87386370550491,31.900000373643,-39.6330920422256));
#4604=CARTESIAN_POINT('',(-7.49999999999999,34.900000373643,-39.6330920422256));
#4605=CARTESIAN_POINT('Origin',(2.26699424571229E-76,34.9,-39.6330920422256));
#4606=CARTESIAN_POINT('',(-22.5000001117587,31.900000373643,-39.6330920422256));
#4607=CARTESIAN_POINT('',(-21.5000001117587,31.900000373643,-39.6330920422256));
#4608=CARTESIAN_POINT('',(-22.5000001117587,34.900000373643,-39.6330920422256));
#4609=CARTESIAN_POINT('',(-22.5000001117587,31.900000373643,-39.6330920422256));
#4610=CARTESIAN_POINT('',(-21.5000001117587,34.900000373643,-39.6330920422256));
#4611=CARTESIAN_POINT('Origin',(-22.5000001117587,33.400000373643,-32.1330920422256));
#4612=CARTESIAN_POINT('',(-22.5000001117587,34.900000373643,-24.6330920422256));
#4613=CARTESIAN_POINT('',(-22.5000001117587,34.900000373643,-39.6330920422256));
#4614=CARTESIAN_POINT('',(-22.5000001117587,31.900000373643,-24.6330920422256));
#4615=CARTESIAN_POINT('',(-22.5000001117587,31.900000373643,-24.6330920422256));
#4616=CARTESIAN_POINT('',(-22.5000001117587,34.900000373643,-24.6330920422256));
#4617=CARTESIAN_POINT('Origin',(-21.5000001117587,31.900000373643,-24.6330920422256));
#4618=CARTESIAN_POINT('',(-6.87386370550491,31.900000373643,-24.6330920422256));
#4619=CARTESIAN_POINT('',(-6.87386370550491,31.900000373643,23.8));
#4620=CARTESIAN_POINT('',(-21.5000001117587,31.900000373643,-24.6330920422256));
#4621=CARTESIAN_POINT('Origin',(-21.5000001117587,34.900000373643,-24.6330920422256));
#4622=CARTESIAN_POINT('',(-7.49999999999999,34.900000373643,-24.6330920422256));
#4623=CARTESIAN_POINT('Origin',(2.26699424571229E-76,34.9,-24.6330920422256));
#4624=CARTESIAN_POINT('',(-21.5000001117587,34.900000373643,-24.6330920422256));
#4625=CARTESIAN_POINT('Origin',(2.26699424571229E-76,34.9,23.8));
#4626=CARTESIAN_POINT('',(6.87386357759452,31.9000000805635,-0.858567770963337));
#4627=CARTESIAN_POINT('Origin',(2.26699424571229E-76,34.9,-0.858567770963337));
#4628=CARTESIAN_POINT('',(6.87386357759452,31.9000000805635,14.1414322290367));
#4629=CARTESIAN_POINT('',(6.87386357759452,31.9000000805635,23.8));
#4630=CARTESIAN_POINT('Origin',(2.26699424571229E-76,34.9,14.1414322290367));
#4631=CARTESIAN_POINT('',(-7.50000011175871,34.9000005215407,25.));
#4632=CARTESIAN_POINT('Origin',(-5.55111512312578E-16,34.9,25.));
#4633=CARTESIAN_POINT('',(-7.5,34.9000000805634,14.1414322290367));
#4634=CARTESIAN_POINT('',(-7.49999999999998,34.9000005215407,23.8));
#4635=CARTESIAN_POINT('',(-6.87386357759451,31.9000000805634,14.1414322290367));
#4636=CARTESIAN_POINT('Origin',(2.26699424571229E-76,34.9,14.1414322290367));
#4637=CARTESIAN_POINT('',(-6.87386357759451,31.9000000805634,-0.858567770963337));
#4638=CARTESIAN_POINT('',(-6.87386357759451,31.9000000805634,23.8));
#4639=CARTESIAN_POINT('',(-7.5,34.9000000805634,-0.858567770963337));
#4640=CARTESIAN_POINT('Origin',(2.26699424571229E-76,34.9,-0.858567770963337));
#4641=CARTESIAN_POINT('',(-7.49999999999998,34.9000005215407,23.8));
#4642=CARTESIAN_POINT('',(-7.50000011175871,34.9000005215407,-44.2));
#4643=CARTESIAN_POINT('',(-7.49999999999998,34.9000005215407,23.8));
#4644=CARTESIAN_POINT('Origin',(2.26699424571229E-76,34.9,-44.2));
#4645=CARTESIAN_POINT('Origin',(-21.5000001117587,31.9000000805634,-0.858567770963339));
#4646=CARTESIAN_POINT('',(-22.5000001117587,31.9000000805634,-0.858567770963339));
#4647=CARTESIAN_POINT('',(-21.5000001117587,31.9000000805634,-0.858567770963339));
#4648=CARTESIAN_POINT('',(-22.5000001117587,34.9000000805634,-0.858567770963339));
#4649=CARTESIAN_POINT('',(-22.5000001117587,31.9000000805634,-0.858567770963339));
#4650=CARTESIAN_POINT('',(-21.5000001117587,34.9000000805634,-0.858567770963339));
#4651=CARTESIAN_POINT('Origin',(-22.5000001117587,33.4000000805634,6.64143222903666));
#4652=CARTESIAN_POINT('',(-22.5000001117587,34.9000000805634,14.1414322290367));
#4653=CARTESIAN_POINT('',(-22.5000001117587,34.9000000805634,-0.858567770963339));
#4654=CARTESIAN_POINT('',(-22.5000001117587,31.9000000805634,14.1414322290367));
#4655=CARTESIAN_POINT('',(-22.5000001117587,31.9000000805634,14.1414322290367));
#4656=CARTESIAN_POINT('',(-22.5000001117587,34.9000000805634,14.1414322290367));
#4657=CARTESIAN_POINT('Origin',(-21.5000001117587,31.9000000805634,14.1414322290367));
#4658=CARTESIAN_POINT('',(-21.5000001117587,31.9000000805634,14.1414322290367));
#4659=CARTESIAN_POINT('Origin',(-21.5000001117587,34.9000000805634,14.1414322290367));
#4660=CARTESIAN_POINT('',(-21.5000001117587,34.9000000805634,14.1414322290367));
#4661=CARTESIAN_POINT('Origin',(7.49999988824129,31.9000000805635,-0.858567770963339));
#4662=CARTESIAN_POINT('',(22.4999998882413,31.9000000805635,-0.858567770963339));
#4663=CARTESIAN_POINT('',(22.4999998882413,31.9000000805635,-0.858567770963339));
#4664=CARTESIAN_POINT('',(7.49999988824129,31.9000000805635,-0.858567770963339));
#4665=CARTESIAN_POINT('Origin',(7.49999988824129,31.9000000805635,14.1414322290367));
#4666=CARTESIAN_POINT('',(22.4999998882413,31.9000000805635,14.1414322290367));
#4667=CARTESIAN_POINT('',(22.4999998882413,31.9000000805635,14.1414322290367));
#4668=CARTESIAN_POINT('',(7.49999988824129,31.9000000805635,14.1414322290367));
#4669=CARTESIAN_POINT('Origin',(7.49999988824129,34.9000000805635,14.1414322290367));
#4670=CARTESIAN_POINT('',(22.4999998882413,34.9000000805635,14.1414322290367));
#4671=CARTESIAN_POINT('Origin',(22.4999998882413,33.4000000805635,6.64143222903666));
#4672=CARTESIAN_POINT('Origin',(2.26699427949313E-76,34.9000005215407,-9.6));
#4673=CARTESIAN_POINT('',(-4.99999999999997,34.9000005215407,25.));
#4674=CARTESIAN_POINT('',(2.26699427949313E-76,34.9000005215407,25.));
#4675=CARTESIAN_POINT('',(-4.99999999999997,34.9000005215407,24.));
#4676=CARTESIAN_POINT('',(-4.99999999999997,34.9000005215407,24.));
#4677=CARTESIAN_POINT('',(-6.09999999999998,34.9000005215407,24.));
#4678=CARTESIAN_POINT('',(2.26699427949313E-76,34.9000005215407,24.));
#4679=CARTESIAN_POINT('',(-6.09999999999998,34.9000005215407,4.8));
#4680=CARTESIAN_POINT('',(-6.09999999999998,34.9000005215407,23.8));
#4681=CARTESIAN_POINT('',(-3.99999999999997,34.9000005215407,4.8));
#4682=CARTESIAN_POINT('',(2.26699427949313E-76,34.9000005215407,4.8));
#4683=CARTESIAN_POINT('',(-3.99999999999997,34.9000005215407,2.8));
#4684=CARTESIAN_POINT('',(-3.99999999999997,34.9000005215407,4.8));
#4685=CARTESIAN_POINT('',(-5.99999999999998,34.9000005215407,2.8));
#4686=CARTESIAN_POINT('',(2.26699427949313E-76,34.9000005215407,2.8));
#4687=CARTESIAN_POINT('',(-5.99999999999998,34.9000005215407,-33.2));
#4688=CARTESIAN_POINT('',(-5.99999999999998,34.9000005215407,2.8));
#4689=CARTESIAN_POINT('',(-0.749999999999819,34.9000005215407,-33.2));
#4690=CARTESIAN_POINT('',(2.26699427949313E-76,34.9000005215407,-33.2));
#4691=CARTESIAN_POINT('',(-0.749999999999819,34.9000005215407,-35.2));
#4692=CARTESIAN_POINT('',(-0.749999999999819,34.9000005215407,-33.2));
#4693=CARTESIAN_POINT('',(-2.14999999999994,34.9000005215407,-35.2));
#4694=CARTESIAN_POINT('',(2.26699427949313E-76,34.9000005215407,-35.2));
#4695=CARTESIAN_POINT('',(-2.14999999999994,34.9000005215407,-44.2));
#4696=CARTESIAN_POINT('',(-2.14999999999994,34.9000005215407,-35.2));
#4697=CARTESIAN_POINT('',(-1.87500002793968,34.9000005215407,-44.2));
#4698=CARTESIAN_POINT('Origin',(2.26699424571229E-76,34.9,2.8));
#4699=CARTESIAN_POINT('Origin',(2.26699424571229E-76,34.9,2.8));
#4700=CARTESIAN_POINT('Origin',(2.26699424571229E-76,34.9,2.8));
#4701=CARTESIAN_POINT('Origin',(2.26699424571229E-76,34.9,4.8));
#4702=CARTESIAN_POINT('Origin',(2.26699424571229E-76,34.9,4.8));
#4703=CARTESIAN_POINT('Origin',(2.26699424571229E-76,34.9,4.8));
#4704=CARTESIAN_POINT('Origin',(2.26699424571229E-76,34.9,4.8));
#4705=CARTESIAN_POINT('Origin',(2.26699424571229E-76,34.9,23.8));
#4706=CARTESIAN_POINT('Origin',(2.26699424571229E-76,34.9,24.));
#4707=CARTESIAN_POINT('Origin',(2.26699424571229E-76,34.9,24.));
#4708=CARTESIAN_POINT('Origin',(-5.55111512312578E-16,34.9,24.));
#4709=CARTESIAN_POINT('Origin',(-5.55111512312578E-16,34.9,24.));
#4710=CARTESIAN_POINT('Origin',(-5.55111512312578E-16,34.9,25.));
#4711=CARTESIAN_POINT('Origin',(2.26699424571229E-76,34.9,25.));
#4712=CARTESIAN_POINT('Origin',(2.26699424571229E-76,34.9,2.8));
#4713=CARTESIAN_POINT('Origin',(2.26699424571229E-76,34.9,-33.2));
#4714=CARTESIAN_POINT('Origin',(-3.75000005587935,38.6500005215407,-44.2));
#4715=CARTESIAN_POINT('Origin',(2.26699424571229E-76,34.9,-44.2));
#4716=CARTESIAN_POINT('Origin',(2.26699424571229E-76,34.9,-35.2));
#4717=CARTESIAN_POINT('Origin',(2.26699424571229E-76,34.9,-35.2));
#4718=CARTESIAN_POINT('Origin',(2.26699424571229E-76,34.9,-35.2));
#4719=CARTESIAN_POINT('Origin',(2.26699424571229E-76,34.9,-35.2));
#4720=CARTESIAN_POINT('Origin',(2.26699424571229E-76,34.9,-33.2));
#4721=CARTESIAN_POINT('Origin',(2.26699424571229E-76,34.9,-33.2));
#4722=CARTESIAN_POINT('Origin',(2.26699424571229E-76,34.9,-33.2));
#4723=CARTESIAN_POINT('Origin',(-3.60000014901161,-6.07758290485289,30.2000002235174));
#4724=CARTESIAN_POINT('',(-8.60000014901161,-10.0775829644575,30.2000002235174));
#4725=CARTESIAN_POINT('Origin',(-8.60000014901161,-6.07758290485289,30.2000002235174));
#4726=CARTESIAN_POINT('',(-3.60000014901161,-10.0775829644575,30.2000002235174));
#4727=CARTESIAN_POINT('',(-3.60000014901161,-10.0775829644575,30.2000002235174));
#4728=CARTESIAN_POINT('Origin',(-3.60000014901161,-6.07758290485289,30.2000002235174));
#4729=CARTESIAN_POINT('Origin',(-3.60000014901161,-6.07758290485289,30.2000002235174));
#4730=CARTESIAN_POINT('',(-8.60000014901161,-21.8889714413028,30.2000002235174));
#4731=CARTESIAN_POINT('Origin',(-8.60000014901161,-6.07758290485289,30.2000002235174));
#4732=CARTESIAN_POINT('',(-3.60000014901161,-21.8889714413028,30.2000002235174));
#4733=CARTESIAN_POINT('',(-3.60000014901161,-21.8889714413028,30.2000002235174));
#4734=CARTESIAN_POINT('Origin',(-3.60000014901161,-6.07758290485289,30.2000002235174));
#4735=CARTESIAN_POINT('Origin',(-3.60000014901161,-6.07758290485289,30.2000002235174));
#4736=CARTESIAN_POINT('Origin',(-8.60000014901161,-6.07758290485289,30.2000002235174));
#4737=CARTESIAN_POINT('Origin',(-3.60000014901161,-41.0775829048529,30.2000002235174));
#4738=CARTESIAN_POINT('',(-8.60000014901161,-45.0775829644575,30.2000002235174));
#4739=CARTESIAN_POINT('Origin',(-8.60000014901161,-41.0775829048529,30.2000002235174));
#4740=CARTESIAN_POINT('',(-3.60000014901161,-45.0775829644575,30.2000002235174));
#4741=CARTESIAN_POINT('',(-3.60000014901161,-45.0775829644575,30.2000002235174));
#4742=CARTESIAN_POINT('Origin',(-3.60000014901161,-41.0775829048529,30.2000002235174));
#4743=CARTESIAN_POINT('Origin',(-3.60000014901161,-41.0775829048529,30.2000002235174));
#4744=CARTESIAN_POINT('',(-8.60000014901161,-56.8889714413028,30.2000002235174));
#4745=CARTESIAN_POINT('Origin',(-8.60000014901161,-41.0775829048529,30.2000002235174));
#4746=CARTESIAN_POINT('',(-3.60000014901161,-56.8889714413028,30.2000002235174));
#4747=CARTESIAN_POINT('',(-3.60000014901161,-56.8889714413028,30.2000002235174));
#4748=CARTESIAN_POINT('Origin',(-3.60000014901161,-41.0775829048529,30.2000002235174));
#4749=CARTESIAN_POINT('Origin',(-3.60000014901161,-41.0775829048529,30.2000002235174));
#4750=CARTESIAN_POINT('Origin',(-8.60000014901161,-41.0775829048529,30.2000002235174));
#4751=CARTESIAN_POINT('Origin',(-3.60000014901161,-6.07758290485289,-28.9999997764826));
#4752=CARTESIAN_POINT('',(-8.60000014901161,-10.0775829644575,-28.9999997764826));
#4753=CARTESIAN_POINT('Origin',(-8.60000014901161,-6.07758290485289,-28.9999997764826));
#4754=CARTESIAN_POINT('',(-3.60000014901161,-10.0775829644575,-28.9999997764826));
#4755=CARTESIAN_POINT('',(-3.60000014901161,-10.0775829644575,-28.9999997764826));
#4756=CARTESIAN_POINT('Origin',(-3.60000014901161,-6.07758290485289,-28.9999997764826));
#4757=CARTESIAN_POINT('Origin',(-3.60000014901161,-6.07758290485289,-28.9999997764826));
#4758=CARTESIAN_POINT('',(-8.60000014901161,-21.8889714413028,-28.9999997764826));
#4759=CARTESIAN_POINT('Origin',(-8.60000014901161,-6.07758290485289,-28.9999997764826));
#4760=CARTESIAN_POINT('',(-3.60000014901161,-21.8889714413028,-28.9999997764826));
#4761=CARTESIAN_POINT('',(-3.60000014901161,-21.8889714413028,-28.9999997764826));
#4762=CARTESIAN_POINT('Origin',(-3.60000014901161,-6.07758290485289,-28.9999997764826));
#4763=CARTESIAN_POINT('Origin',(-3.60000014901161,-6.07758290485289,-28.9999997764826));
#4764=CARTESIAN_POINT('Origin',(-8.60000014901161,-6.07758290485289,-28.9999997764826));
#4765=CARTESIAN_POINT('Origin',(-3.60000014901161,-41.0775829048529,-28.9999997764826));
#4766=CARTESIAN_POINT('',(-8.60000014901161,-45.0775829644575,-28.9999997764826));
#4767=CARTESIAN_POINT('Origin',(-8.60000014901161,-41.0775829048529,-28.9999997764826));
#4768=CARTESIAN_POINT('',(-3.60000014901161,-45.0775829644575,-28.9999997764826));
#4769=CARTESIAN_POINT('',(-3.60000014901161,-45.0775829644575,-28.9999997764826));
#4770=CARTESIAN_POINT('Origin',(-3.60000014901161,-41.0775829048529,-28.9999997764826));
#4771=CARTESIAN_POINT('Origin',(-3.60000014901161,-41.0775829048529,-28.9999997764826));
#4772=CARTESIAN_POINT('',(-8.60000014901161,-56.8889714413028,-28.9999997764826));
#4773=CARTESIAN_POINT('Origin',(-8.60000014901161,-41.0775829048529,-28.9999997764826));
#4774=CARTESIAN_POINT('',(-3.60000014901161,-56.8889714413028,-28.9999997764826));
#4775=CARTESIAN_POINT('',(-3.60000014901161,-56.8889714413028,-28.9999997764826));
#4776=CARTESIAN_POINT('Origin',(-3.60000014901161,-41.0775829048529,-28.9999997764826));
#4777=CARTESIAN_POINT('Origin',(-3.60000014901161,-41.0775829048529,-28.9999997764826));
#4778=CARTESIAN_POINT('Origin',(-8.60000014901161,-41.0775829048529,-28.9999997764826));
#4779=CARTESIAN_POINT('Origin',(-17.6000001490116,-37.9160790678439,-31.9999999180436));
#4780=CARTESIAN_POINT('',(-18.6000001490116,-31.9999992847443,-39.0000005662441));
#4781=CARTESIAN_POINT('',(-23.6000001490116,-37.9160790678439,-39.0000005662441));
#4782=CARTESIAN_POINT('Origin',(-17.6000001490116,-37.9160790678439,-38.9999994784594));
#4783=CARTESIAN_POINT('',(-23.6000001490116,-37.9160790678439,-30.0000004470348));
#4784=CARTESIAN_POINT('',(-23.6000001490116,-37.9160790678439,-31.9999999180436));
#4785=CARTESIAN_POINT('',(-18.6000001490116,-31.9999992847443,-29.9999993294477));
#4786=CARTESIAN_POINT('Origin',(-17.6000001490116,-37.9160790678439,-30.0000004470348));
#4787=CARTESIAN_POINT('',(-18.6000001490116,-31.9999992847443,-31.9999999180436));
#4788=CARTESIAN_POINT('Origin',(-23.6000001490116,-41.5000000149012,-34.4999999478459));
#4789=CARTESIAN_POINT('',(-23.6000001490116,-51.0000007450581,-39.0000005662441));
#4790=CARTESIAN_POINT('',(-23.6000001490116,3.99999949336053,-39.0000005662441));
#4791=CARTESIAN_POINT('',(-23.6000001490116,-51.0000007450581,-30.0000004470348));
#4792=CARTESIAN_POINT('',(-23.6000001490116,-51.0000007450581,-39.0000005662441));
#4793=CARTESIAN_POINT('',(-23.6000001490116,-51.0000007450581,-30.0000004470348));
#4794=CARTESIAN_POINT('Origin',(-10.6000001490116,-6.00000008940697,-38.9999994784594));
#4795=CARTESIAN_POINT('',(-18.6000001490116,-15.000000089407,-38.9999994784594));
#4796=CARTESIAN_POINT('',(-18.6000001490116,-50.0000007450581,-39.0000005662441));
#4797=CARTESIAN_POINT('',(-23.6000001490116,-9.08392030630735,-38.9999994784594));
#4798=CARTESIAN_POINT('Origin',(-17.6000001490116,-9.08392030630735,-38.9999994784594));
#4799=CARTESIAN_POINT('',(-23.6000001490116,3.99999991059303,-38.9999994784594));
#4800=CARTESIAN_POINT('',(-23.6000001490116,3.99999991059303,-38.9999994784594));
#4801=CARTESIAN_POINT('',(-20.2000001490116,3.99999991059303,-38.9999994784594));
#4802=CARTESIAN_POINT('',(-10.6000001490116,3.99999991059303,-38.9999994784594));
#4803=CARTESIAN_POINT('',(-20.2000001490116,-9.00000008940697,-38.9999994784594));
#4804=CARTESIAN_POINT('',(-20.2000001490116,3.99999991059303,-38.9999994784594));
#4805=CARTESIAN_POINT('',(-17.2000001490116,-12.000000089407,-38.9999994784594));
#4806=CARTESIAN_POINT('Origin',(-17.2000001490116,-9.00000008940697,-38.9999994784594));
#4807=CARTESIAN_POINT('',(-16.1532997003662,-12.000000089407,-38.9999994784594));
#4808=CARTESIAN_POINT('',(-14.6000001490116,-12.000000089407,-38.9999994784594));
#4809=CARTESIAN_POINT('',(-13.4999996982515,-10.3999997675419,-38.9999994784594));
#4810=CARTESIAN_POINT('Origin',(-16.1532997003662,-9.00000008940697,-38.9999994784594));
#4811=CARTESIAN_POINT('',(-13.5000030696392,3.9999997593461,-38.9999994784594));
#4812=CARTESIAN_POINT('',(-13.5000024333596,-8.20000000409796,-38.9999994784594));
#4813=CARTESIAN_POINT('',(-10.6000001490116,3.99999991059303,-38.9999994784594));
#4814=CARTESIAN_POINT('',(-13.6000001490116,3.99999949336052,-39.0000005662441));
#4815=CARTESIAN_POINT('',(-10.6000001490116,-1.49500616610149,-38.9999994784594));
#4816=CARTESIAN_POINT('',(-10.6000001490116,-6.00000008940697,-38.9999994784594));
#4817=CARTESIAN_POINT('',(-10.6000001490116,-10.6601596436043,-38.9999994784594));
#4818=CARTESIAN_POINT('',(-10.6000001490116,-6.03879149712993,-38.9999994784594));
#4819=CARTESIAN_POINT('',(-10.6000001490116,-36.4950061661015,-38.9999994784594));
#4820=CARTESIAN_POINT('',(-10.6000001490116,-6.00000008940697,-38.9999994784594));
#4821=CARTESIAN_POINT('',(-10.6000001490116,-45.6601596436043,-38.9999994784594));
#4822=CARTESIAN_POINT('',(-10.6000001490116,-23.5387914971299,-38.9999994784594));
#4823=CARTESIAN_POINT('',(-10.6000001490116,-51.000000089407,-38.9999994784594));
#4824=CARTESIAN_POINT('',(-10.6000001490116,-6.00000008940697,-38.9999994784594));
#4825=CARTESIAN_POINT('',(-13.5000002011657,-51.0000007599592,-38.9999994784594));
#4826=CARTESIAN_POINT('',(-18.6000001490116,-51.0000007450581,-39.0000005662441));
#4827=CARTESIAN_POINT('',(-13.5000002011657,-38.0000007599592,-38.9999994784594));
#4828=CARTESIAN_POINT('',(-13.5000002011657,-28.5000004246831,-38.9999994784594));
#4829=CARTESIAN_POINT('',(-16.5000002011657,-35.0000007599592,-38.9999994784594));
#4830=CARTESIAN_POINT('Origin',(-16.5000002011657,-38.0000007599592,-38.9999994784594));
#4831=CARTESIAN_POINT('',(-17.2000001490116,-35.0000007599592,-38.9999994784594));
#4832=CARTESIAN_POINT('',(-12.0500001750886,-35.0000007599592,-38.9999994784594));
#4833=CARTESIAN_POINT('',(-20.2000001490116,-38.0000007599592,-38.9999994784594));
#4834=CARTESIAN_POINT('Origin',(-17.2000001490116,-38.0000007599592,-38.9999994784594));
#4835=CARTESIAN_POINT('',(-20.2000001490116,-51.0000007599592,-38.9999994784594));
#4836=CARTESIAN_POINT('',(-20.2000001490116,-20.5000004246831,-38.9999994784594));
#4837=CARTESIAN_POINT('',(-18.6000001490116,-51.0000007450581,-39.0000005662441));
#4838=CARTESIAN_POINT('Origin',(-17.6000001490116,-9.08392030630735,-36.4999999925494));
#4839=CARTESIAN_POINT('',(-18.6000001490116,-15.000000089407,-29.9999994784594));
#4840=CARTESIAN_POINT('',(-23.6000001490116,-9.08392030630735,-29.9999994784594));
#4841=CARTESIAN_POINT('Origin',(-17.6000001490116,-9.08392030630735,-30.0000004470348));
#4842=CARTESIAN_POINT('',(-23.6000001490116,-9.08392030630735,-36.4999999925494));
#4843=CARTESIAN_POINT('',(-18.6000001490116,-15.000000089407,-36.4999999925494));
#4844=CARTESIAN_POINT('Origin',(-16.5000002011657,-38.0000007599592,-38.9999994784594));
#4845=CARTESIAN_POINT('',(-16.5000002011657,-35.0000007599592,-31.9999994784594));
#4846=CARTESIAN_POINT('',(-13.5000002011657,-38.0000007599592,-31.9999994784594));
#4847=CARTESIAN_POINT('Origin',(-16.5000002011657,-38.0000007599592,-31.9999994784594));
#4848=CARTESIAN_POINT('',(-16.5000002011657,-35.0000007599592,-38.9999994784594));
#4849=CARTESIAN_POINT('',(-13.5000002011657,-38.0000007599592,-38.9999994784594));
#4850=CARTESIAN_POINT('Origin',(-13.5000002011657,-51.0000007599592,-38.9999994784594));
#4851=CARTESIAN_POINT('',(-13.5000002011657,-51.0000007599592,-31.9999994784594));
#4852=CARTESIAN_POINT('',(-13.5000002011657,-51.000000089407,-36.4999994784594));
#4853=CARTESIAN_POINT('',(-13.5000002011657,-36.6000007599592,-31.9999994784594));
#4854=CARTESIAN_POINT('Origin',(-17.2000001490116,-38.0000007599592,-38.9999994784594));
#4855=CARTESIAN_POINT('',(-20.2000001490116,-38.0000007599592,-31.9999994784594));
#4856=CARTESIAN_POINT('',(-17.2000001490116,-35.0000007599592,-31.9999994784594));
#4857=CARTESIAN_POINT('Origin',(-17.2000001490116,-38.0000007599592,-31.9999994784594));
#4858=CARTESIAN_POINT('',(-20.2000001490116,-38.0000007599592,-38.9999994784594));
#4859=CARTESIAN_POINT('',(-17.2000001490116,-35.0000007599592,-38.9999994784594));
#4860=CARTESIAN_POINT('Origin',(-13.5000002011657,-35.0000007599592,-38.9999994784594));
#4861=CARTESIAN_POINT('',(-13.5000002011657,-35.0000007599592,-31.9999994784594));
#4862=CARTESIAN_POINT('Origin',(-16.1532997003662,-9.00000008940697,-38.9999994784594));
#4863=CARTESIAN_POINT('',(-16.1532997003662,-12.000000089407,-31.9999994784594));
#4864=CARTESIAN_POINT('',(-16.1532997003662,-12.000000089407,-38.9999994784594));
#4865=CARTESIAN_POINT('',(-13.4999996982515,-10.3999997675419,-31.9999994784594));
#4866=CARTESIAN_POINT('Origin',(-16.1532997003662,-9.00000008940697,-31.9999994784594));
#4867=CARTESIAN_POINT('',(-13.4999996982515,-10.3999997675419,-38.9999994784594));
#4868=CARTESIAN_POINT('Origin',(-17.2000001490116,-9.00000008940697,-38.9999994784594));
#4869=CARTESIAN_POINT('',(-17.2000001490116,-12.000000089407,-31.9999994784594));
#4870=CARTESIAN_POINT('',(-20.2000001490116,-9.00000008940697,-31.9999994784594));
#4871=CARTESIAN_POINT('Origin',(-17.2000001490116,-9.00000008940697,-31.9999994784594));
#4872=CARTESIAN_POINT('',(-17.2000001490116,-12.000000089407,-38.9999994784594));
#4873=CARTESIAN_POINT('',(-20.2000001490116,-9.00000008940697,-38.9999994784594));
#4874=CARTESIAN_POINT('Origin',(-16.0499936134469,-4.00000016503044,-31.9999994784594));
#4875=CARTESIAN_POINT('',(-19.4000001490116,-12.000000089407,-31.9999994784594));
#4876=CARTESIAN_POINT('',(-20.2000001490116,3.99999991059303,-31.9999994784594));
#4877=CARTESIAN_POINT('',(-20.2000001490116,-4.00000008940697,-31.9999994784594));
#4878=CARTESIAN_POINT('',(-18.6000001490116,3.99999991059303,-31.9999994784594));
#4879=CARTESIAN_POINT('',(-18.6000001490116,3.99999991059303,-31.9999994784594));
#4880=CARTESIAN_POINT('',(-18.6000001490116,-8.89999976754189,-31.9999994784594));
#4881=CARTESIAN_POINT('',(-18.6000001490116,-19.0000003576279,-31.9999994784594));
#4882=CARTESIAN_POINT('',(-17.1000001490116,-10.3999997675419,-31.9999994784594));
#4883=CARTESIAN_POINT('Origin',(-17.1000001490116,-8.89999976754189,-31.9999994784594));
#4884=CARTESIAN_POINT('',(-16.6000002011657,-10.3999997675419,-31.9999994784594));
#4885=CARTESIAN_POINT('',(-13.4999996982515,-10.3999997675419,-31.9999994784594));
#4886=CARTESIAN_POINT('',(-15.1000002011657,-8.89999976754188,-31.9999994784594));
#4887=CARTESIAN_POINT('Origin',(-16.6000002011657,-8.89999976754189,-31.9999994784594));
#4888=CARTESIAN_POINT('',(-15.1000002011657,3.99999967589975,-31.9999994784594));
#4889=CARTESIAN_POINT('',(-15.1000002011657,-51.0000007599592,-31.9999994784594));
#4890=CARTESIAN_POINT('',(-13.5000030696392,3.9999997593461,-31.9999994784594));
#4891=CARTESIAN_POINT('',(-13.3249968812293,3.99999991059303,-31.9999994784594));
#4892=CARTESIAN_POINT('',(-13.5000002011657,-51.0000007599592,-31.9999994784594));
#4893=CARTESIAN_POINT('Origin',(-20.2000001490116,-12.000000089407,-38.9999994784594));
#4894=CARTESIAN_POINT('',(-20.2000001490116,3.99999991059303,-38.9999994784594));
#4895=CARTESIAN_POINT('Origin',(-16.6000002011657,-8.89999976754189,-38.9999994784594));
#4896=CARTESIAN_POINT('',(-16.6000002011657,-10.3999997675419,-38.9999994784594));
#4897=CARTESIAN_POINT('',(-15.1000002011657,-8.89999976754189,-38.9999994784594));
#4898=CARTESIAN_POINT('Origin',(-16.6000002011657,-8.89999976754189,-38.9999994784594));
#4899=CARTESIAN_POINT('',(-15.1000002011657,-8.89999976754189,-38.9999994784594));
#4900=CARTESIAN_POINT('',(-16.6000002011657,-10.3999997675419,-38.9999994784594));
#4901=CARTESIAN_POINT('Origin',(-10.6000001490116,-6.00000008940697,-38.9999994784594));
#4902=CARTESIAN_POINT('',(-17.1000001490116,-10.3999997675419,-38.9999994784594));
#4903=CARTESIAN_POINT('',(-12.8500001750886,-10.3999997675419,-38.9999994784594));
#4904=CARTESIAN_POINT('',(-18.6000001490116,-8.89999976754188,-39.0000005662441));
#4905=CARTESIAN_POINT('Origin',(-17.1000001490116,-8.89999976754189,-38.9999994784594));
#4906=CARTESIAN_POINT('',(-18.6000001490116,3.99999949336053,-39.0000005662441));
#4907=CARTESIAN_POINT('',(-18.6000001490116,-50.0000007450581,-39.0000005662441));
#4908=CARTESIAN_POINT('',(-15.1000002011657,3.99999967589975,-38.9999994784594));
#4909=CARTESIAN_POINT('',(-13.6000001490116,3.99999949336052,-39.0000005662441));
#4910=CARTESIAN_POINT('',(-15.1000002011657,-1.00000020675361,-38.9999994784594));
#4911=CARTESIAN_POINT('Origin',(-15.1000002011657,-10.3999997675419,-38.9999994784594));
#4912=CARTESIAN_POINT('',(-17.1000001490116,-10.3999997675419,-36.4999999925494));
#4913=CARTESIAN_POINT('Origin',(-17.1000001490116,-8.89999976754189,-36.4999999925494));
#4914=CARTESIAN_POINT('',(-18.6000001490116,-8.89999976754189,-36.4999999925494));
#4915=CARTESIAN_POINT('Origin',(-18.6000001490116,-42.0000006258488,-34.0000005066395));
#4916=CARTESIAN_POINT('',(-18.6000001490116,3.99999949336052,-38.0000005662441));
#4917=CARTESIAN_POINT('Origin',(-16.6000002011657,-38.1000007599592,-38.9999994784594));
#4918=CARTESIAN_POINT('',(-15.1000002011657,-38.1000007599592,-38.9999994784594));
#4919=CARTESIAN_POINT('',(-16.6000002011657,-36.6000007599592,-38.9999994784594));
#4920=CARTESIAN_POINT('Origin',(-16.6000002011657,-38.1000007599592,-38.9999994784594));
#4921=CARTESIAN_POINT('',(-16.6000002011657,-36.6000007599592,-31.9999994784594));
#4922=CARTESIAN_POINT('',(-16.6000002011657,-36.6000007599592,-38.9999994784594));
#4923=CARTESIAN_POINT('',(-15.1000002011657,-38.1000007599592,-31.9999994784594));
#4924=CARTESIAN_POINT('Origin',(-16.6000002011657,-38.1000007599592,-31.9999994784594));
#4925=CARTESIAN_POINT('',(-15.1000002011657,-38.1000007599592,-38.9999994784594));
#4926=CARTESIAN_POINT('Origin',(-15.1000002011657,-36.6000007599592,-38.9999994784594));
#4927=CARTESIAN_POINT('',(-15.1000002011657,-51.0000007599592,-31.9999994784594));
#4928=CARTESIAN_POINT('',(-15.1000002011657,-51.0000007599592,-31.9999994784594));
#4929=CARTESIAN_POINT('',(-15.1000002011657,-51.0000007599592,-38.9999994784594));
#4930=CARTESIAN_POINT('',(-15.1000002011657,-51.000000089407,-36.4999994784594));
#4931=CARTESIAN_POINT('',(-15.1000002011657,-21.3000004246831,-38.9999994784594));
#4932=CARTESIAN_POINT('Origin',(-17.1000001490116,-38.1000007599592,-38.9999994784594));
#4933=CARTESIAN_POINT('',(-17.1000001490116,-36.6000007599592,-38.9999994784594));
#4934=CARTESIAN_POINT('',(-18.6000001490116,-38.1000007599592,-38.9999994784594));
#4935=CARTESIAN_POINT('Origin',(-17.1000001490116,-38.1000007599592,-38.9999994784594));
#4936=CARTESIAN_POINT('',(-18.6000001490116,-38.1000007599592,-31.9999994784594));
#4937=CARTESIAN_POINT('',(-18.6000001490116,-38.1000007599592,-38.9999994784594));
#4938=CARTESIAN_POINT('',(-17.1000001490116,-36.6000007599592,-31.9999994784594));
#4939=CARTESIAN_POINT('Origin',(-17.1000001490116,-38.1000007599592,-31.9999994784594));
#4940=CARTESIAN_POINT('',(-17.1000001490116,-36.6000007599592,-38.9999994784594));
#4941=CARTESIAN_POINT('Origin',(-18.6000001490116,-36.6000007599592,-38.9999994784594));
#4942=CARTESIAN_POINT('',(-14.6000001490116,-36.6000007599592,-38.9999994784594));
#4943=CARTESIAN_POINT('',(-18.6000001490116,-36.6000007599592,-31.9999994784594));
#4944=CARTESIAN_POINT('Origin',(-18.6000001490116,-12.000000089407,-38.9999994784594));
#4945=CARTESIAN_POINT('Origin',(-15.1000002011657,3.99999967589975,-38.9999994784594));
#4946=CARTESIAN_POINT('',(-15.1000002011657,3.99999991059303,-1.99999947845936));
#4947=CARTESIAN_POINT('Origin',(-13.5000023186207,-10.399999767542,-38.9999994784594));
#4948=CARTESIAN_POINT('',(-13.5000030696392,3.99999991059303,-1.99999947845936));
#4949=CARTESIAN_POINT('Origin',(-23.6000001490116,3.99999991059303,-38.9999994784594));
#4950=CARTESIAN_POINT('',(-23.6000001490116,3.99999991059303,-29.9999994784594));
#4951=CARTESIAN_POINT('',(-23.6000001490116,3.99999991059303,-29.9999994784594));
#4952=CARTESIAN_POINT('',(-23.6000001490116,3.99999991059303,-38.9999994784594));
#4953=CARTESIAN_POINT('Origin',(-20.2000001490116,3.99999991059303,-38.9999994784594));
#4954=CARTESIAN_POINT('',(-13.6000001490116,3.99999949336052,-30.0000004470348));
#4955=CARTESIAN_POINT('',(-20.2000001490116,3.99999991059303,-29.9999994784594));
#4956=CARTESIAN_POINT('',(-13.6000001490116,3.99999991059303,40.0000005215406));
#4957=CARTESIAN_POINT('',(-13.6000001490116,3.99999991059303,-33.9999994784594));
#4958=CARTESIAN_POINT('',(-10.6000001490116,3.99999991059303,40.0000005215406));
#4959=CARTESIAN_POINT('',(-10.6000001490116,3.99999991059303,40.0000005215406));
#4960=CARTESIAN_POINT('',(-10.6000001490116,3.99999991059303,34.6093457763075));
#4961=CARTESIAN_POINT('',(-10.6000001490116,3.99999991059303,35.0000005215406));
#4962=CARTESIAN_POINT('',(-10.6000001490116,3.99999991059303,25.7906546707273));
#4963=CARTESIAN_POINT('',(-10.6000001490116,3.99999991059303,32.600000372529));
#4964=CARTESIAN_POINT('',(-10.6000001490116,3.99999991059303,-24.5906542236925));
#4965=CARTESIAN_POINT('',(-10.6000001490116,3.99999991059303,3.00000037252903));
#4966=CARTESIAN_POINT('',(-10.6000001490116,3.99999991059303,-33.4093453292727));
#4967=CARTESIAN_POINT('',(-10.6000001490116,3.99999991059303,3.00000037252903));
#4968=CARTESIAN_POINT('',(-10.6000001490116,3.99999991059303,3.00000037252903));
#4969=CARTESIAN_POINT('Origin',(-18.6000001490116,-42.0000006258488,-34.0000005066395));
#4970=CARTESIAN_POINT('',(-18.6000001490116,-50.0000007450581,-30.0000004470348));
#4971=CARTESIAN_POINT('Origin',(-18.6000001490116,-51.0000007599592,-38.9999994784594));
#4972=CARTESIAN_POINT('',(-18.6000001490116,-51.0000007599592,-38.9999994784594));
#4973=CARTESIAN_POINT('',(-18.6000001490116,-28.5000004246831,-38.9999994784594));
#4974=CARTESIAN_POINT('',(-18.6000001490116,-51.0000007599592,-31.9999994784594));
#4975=CARTESIAN_POINT('',(-18.6000001490116,-51.000000089407,-36.4999994784594));
#4976=CARTESIAN_POINT('',(-18.6000001490116,-51.0000007599592,-31.9999994784594));
#4977=CARTESIAN_POINT('Origin',(-20.2000001490116,-35.0000007599592,-38.9999994784594));
#4978=CARTESIAN_POINT('',(-20.2000001490116,-51.0000007599592,-31.9999994784594));
#4979=CARTESIAN_POINT('',(-20.2000001490116,-35.0000007599592,-31.9999994784594));
#4980=CARTESIAN_POINT('',(-20.2000001490116,-51.000000089407,-36.4999994784594));
#4981=CARTESIAN_POINT('Origin',(-16.0500001750886,-43.0000007599592,-31.9999994784594));
#4982=CARTESIAN_POINT('',(-13.3250001620501,-51.000000089407,-31.9999994784594));
#4983=CARTESIAN_POINT('',(-13.3250001620501,-51.000000089407,-31.9999994784594));
#4984=CARTESIAN_POINT('Origin',(-10.6000001490116,-6.00000008940697,-38.9999994784594));
#4985=CARTESIAN_POINT('',(-18.6000001490116,-51.0000007450581,-39.0000005662441));
#4986=CARTESIAN_POINT('Origin',(-13.6000001490116,-50.0000007450581,-30.0000004470348));
#4987=CARTESIAN_POINT('',(-13.6000001490116,-51.0000007450581,-30.0000004470348));
#4988=CARTESIAN_POINT('',(-13.6000001490116,-51.0000007450581,-30.0000004470348));
#4989=CARTESIAN_POINT('',(-13.6000001490116,-28.5000002980232,-30.0000004470348));
#4990=CARTESIAN_POINT('Origin',(-24.0999999194366,-39.10337871236,21.6384746041256));
#4991=CARTESIAN_POINT('',(-21.0999998747331,-36.60337871236,21.6384746041256));
#4992=CARTESIAN_POINT('Origin',(-21.0999998747331,-39.10337871236,21.6384746041256));
#4993=CARTESIAN_POINT('',(-14.0999999194366,-36.6033787123601,21.6384746041256));
#4994=CARTESIAN_POINT('',(-24.0999999194366,-36.60337871236,21.6384746041256));
#4995=CARTESIAN_POINT('Origin',(-14.0999999194366,-39.1033787123601,21.6384746041256));
#4996=CARTESIAN_POINT('Origin',(-14.0999999194366,-39.1033787123601,21.6384746041256));
#4997=CARTESIAN_POINT('Origin',(-24.0999996263571,-39.0999997839331,-17.1330919304669));
#4998=CARTESIAN_POINT('',(-21.0999998747331,-36.5999997839331,-17.1330919304669));
#4999=CARTESIAN_POINT('Origin',(-21.0999998747331,-39.0999997839331,-17.1330919304669));
#5000=CARTESIAN_POINT('',(-14.099999626357,-36.5999997839331,-17.1330919304669));
#5001=CARTESIAN_POINT('',(-24.099999626357,-36.5999997839331,-17.1330919304669));
#5002=CARTESIAN_POINT('Origin',(-14.0999996263571,-39.0999997839331,-17.1330919304669));
#5003=CARTESIAN_POINT('Origin',(-14.0999996263571,-39.0999997839331,-17.1330919304669));
#5004=CARTESIAN_POINT('Origin',(-24.0999999194365,-8.09999999254933,21.641432117278));
#5005=CARTESIAN_POINT('',(-21.099999874733,-5.59999999254934,21.641432117278));
#5006=CARTESIAN_POINT('Origin',(-21.099999874733,-8.09999999254934,21.641432117278));
#5007=CARTESIAN_POINT('',(-14.0999999194365,-5.59999999254936,21.641432117278));
#5008=CARTESIAN_POINT('',(-24.0999999194365,-5.59999999254933,21.641432117278));
#5009=CARTESIAN_POINT('Origin',(-14.0999999194365,-8.09999999254936,21.641432117278));
#5010=CARTESIAN_POINT('Origin',(-14.0999999194365,-8.09999999254936,21.641432117278));
#5011=CARTESIAN_POINT('Origin',(-24.0999996263569,-8.09999999254933,-17.1330919304669));
#5012=CARTESIAN_POINT('',(-21.099999874733,-5.59999999254934,-17.1330919304669));
#5013=CARTESIAN_POINT('Origin',(-21.099999874733,-8.09999999254934,-17.1330919304669));
#5014=CARTESIAN_POINT('',(-14.0999996263569,-5.59999999254936,-17.1330919304669));
#5015=CARTESIAN_POINT('',(-24.0999996263569,-5.59999999254933,-17.1330919304669));
#5016=CARTESIAN_POINT('Origin',(-14.0999996263569,-8.09999999254936,-17.1330919304669));
#5017=CARTESIAN_POINT('Origin',(-14.0999996263569,-8.09999999254936,-17.1330919304669));
#5018=CARTESIAN_POINT('Origin',(-13.6000001490116,-23.000000089407,0.50000052154064));
#5019=CARTESIAN_POINT('',(-13.6000001490116,-51.000000089407,40.0000005215406));
#5020=CARTESIAN_POINT('',(-13.6000001490116,-51.000000089407,35.0000005215406));
#5021=CARTESIAN_POINT('',(-13.6000001490116,-40.000000089407,40.0000005215406));
#5022=CARTESIAN_POINT('',(-13.599999770425,-46.0999998882412,14.1414322290367));
#5023=CARTESIAN_POINT('',(-13.599999770425,-31.0999998882412,14.1414322290367));
#5024=CARTESIAN_POINT('',(-13.599999770425,-46.0999998882412,14.1414322290367));
#5025=CARTESIAN_POINT('',(-13.599999770425,-31.0999998882412,29.1414324525541));
#5026=CARTESIAN_POINT('',(-13.599999770425,-31.0999998882412,29.1414324525541));
#5027=CARTESIAN_POINT('',(-13.599999770425,-46.0999998882412,29.1414324525541));
#5028=CARTESIAN_POINT('',(-13.599999770425,-46.0999998882412,29.1414324525541));
#5029=CARTESIAN_POINT('',(-13.599999770425,-46.0999998882412,29.1414324525541));
#5030=CARTESIAN_POINT('',(-13.5999997704249,-16.0999998882412,-24.6585677709633));
#5031=CARTESIAN_POINT('',(-13.5999997704249,-1.09999988824123,-24.6585677709633));
#5032=CARTESIAN_POINT('',(-13.5999997704249,-16.0999998882412,-24.6585677709633));
#5033=CARTESIAN_POINT('',(-13.5999997704249,-1.09999988824123,-9.65856754744592));
#5034=CARTESIAN_POINT('',(-13.5999997704249,-1.09999988824123,-9.65856754744592));
#5035=CARTESIAN_POINT('',(-13.5999997704249,-16.0999998882412,-9.65856754744592));
#5036=CARTESIAN_POINT('',(-13.5999997704249,-16.0999998882412,-9.65856754744592));
#5037=CARTESIAN_POINT('',(-13.5999997704249,-16.0999998882412,-9.65856754744592));
#5038=CARTESIAN_POINT('',(-13.5999997704249,-16.0999998882412,14.1414322290367));
#5039=CARTESIAN_POINT('',(-13.5999997704249,-1.09999988824123,14.1414322290367));
#5040=CARTESIAN_POINT('',(-13.5999997704249,-16.0999998882412,14.1414322290367));
#5041=CARTESIAN_POINT('',(-13.5999997704249,-1.09999988824123,29.1414324525541));
#5042=CARTESIAN_POINT('',(-13.5999997704249,-1.09999988824123,29.1414324525541));
#5043=CARTESIAN_POINT('',(-13.5999997704249,-16.0999998882412,29.1414324525541));
#5044=CARTESIAN_POINT('',(-13.5999997704249,-16.0999998882412,29.1414324525541));
#5045=CARTESIAN_POINT('',(-13.5999997704249,-16.0999998882412,29.1414324525541));
#5046=CARTESIAN_POINT('',(-13.599999770425,-46.0999998882412,-24.6585677709633));
#5047=CARTESIAN_POINT('',(-13.599999770425,-31.0999998882412,-24.6585677709633));
#5048=CARTESIAN_POINT('',(-13.599999770425,-46.0999998882412,-24.6585677709633));
#5049=CARTESIAN_POINT('',(-13.599999770425,-31.0999998882412,-9.65856754744592));
#5050=CARTESIAN_POINT('',(-13.599999770425,-31.0999998882412,-9.65856754744592));
#5051=CARTESIAN_POINT('',(-13.599999770425,-46.0999998882412,-9.65856754744592));
#5052=CARTESIAN_POINT('',(-13.599999770425,-46.0999998882412,-9.65856754744592));
#5053=CARTESIAN_POINT('',(-13.599999770425,-46.0999998882412,-9.65856754744592));
#5054=CARTESIAN_POINT('Origin',(-10.6000001490116,-51.000000089407,-33.9999994784594));
#5055=CARTESIAN_POINT('',(-10.6000001490116,-51.000000089407,-33.7482247945022));
#5056=CARTESIAN_POINT('',(-10.6000001490116,-51.000000089407,-31.499999627471));
#5057=CARTESIAN_POINT('',(-10.6000001490116,-51.000000089407,-24.251774758463));
#5058=CARTESIAN_POINT('',(-10.6000001490116,-51.000000089407,-31.499999627471));
#5059=CARTESIAN_POINT('',(-10.6000001490116,-51.000000089407,25.4517752054978));
#5060=CARTESIAN_POINT('',(-10.6000001490116,-51.000000089407,-31.499999627471));
#5061=CARTESIAN_POINT('',(-10.6000001490116,-51.000000089407,34.948225241537));
#5062=CARTESIAN_POINT('',(-10.6000001490116,-51.000000089407,-1.89999962747097));
#5063=CARTESIAN_POINT('',(-10.6000001490116,-51.000000089407,40.0000005215406));
#5064=CARTESIAN_POINT('',(-10.6000001490116,-51.000000089407,-31.499999627471));
#5065=CARTESIAN_POINT('',(-10.6000001490116,-51.000000089407,40.0000005215406));
#5066=CARTESIAN_POINT('Origin',(-10.6000001490116,-41.0775829048529,30.2000002235174));
#5067=CARTESIAN_POINT('Origin',(-10.6000001490116,-41.0775829048529,30.2000002235174));
#5068=CARTESIAN_POINT('Origin',(-10.6000001490116,3.99999991059303,-33.9999994784594));
#5069=CARTESIAN_POINT('Origin',(-10.6000001490116,-41.0775829048529,-28.9999997764826));
#5070=CARTESIAN_POINT('Origin',(-10.6000001490116,-41.0775829048529,-28.9999997764826));
#5071=CARTESIAN_POINT('Origin',(-10.6000001490116,-41.0775829048529,-28.9999997764826));
#5072=CARTESIAN_POINT('Origin',(-10.6000001490116,-50.000000089407,35.0000005215406));
#5073=CARTESIAN_POINT('',(-10.6000001490116,-46.0735810798752,40.0000005215406));
#5074=CARTESIAN_POINT('Origin',(-10.6000001490116,-41.0775829048529,30.2000002235174));
#5075=CARTESIAN_POINT('',(-10.6000001490116,-50.000000089407,40.0000005215406));
#5076=CARTESIAN_POINT('Origin',(-10.6000001490116,-40.000000089407,40.0000005215406));
#5077=CARTESIAN_POINT('',(-10.6000001490116,-36.0815847298306,40.0000005215406));
#5078=CARTESIAN_POINT('',(-10.6000001490116,-40.5387914971299,40.0000005215406));
#5079=CARTESIAN_POINT('',(-10.6000001490116,-11.0735810798752,40.0000005215406));
#5080=CARTESIAN_POINT('',(-10.6000001490116,-40.5387914971299,40.0000005215406));
#5081=CARTESIAN_POINT('',(-10.6000001490116,-1.08158472983062,40.0000005215406));
#5082=CARTESIAN_POINT('',(-10.6000001490116,-23.0387914971299,40.0000005215406));
#5083=CARTESIAN_POINT('',(-10.6000001490116,-40.5387914971299,40.0000005215406));
#5084=CARTESIAN_POINT('Origin',(-10.6000001490116,-6.07758290485289,30.2000002235174));
#5085=CARTESIAN_POINT('Origin',(-10.6000001490116,-6.07758290485289,30.2000002235174));
#5086=CARTESIAN_POINT('Origin',(-10.6000001490116,-41.0775829048529,30.2000002235174));
#5087=CARTESIAN_POINT('Origin',(-10.6000001490116,-41.0775829048529,30.2000002235174));
#5088=CARTESIAN_POINT('Origin',(-10.6000001490116,-6.00000008940697,35.0000005215406));
#5089=CARTESIAN_POINT('Origin',(-10.6000001490116,-6.07758290485289,30.2000002235174));
#5090=CARTESIAN_POINT('Origin',(-10.6000001490116,-6.00000008940697,35.0000005215406));
#5091=CARTESIAN_POINT('Origin',(-10.6000001490116,-6.07758290485289,-28.9999997764826));
#5092=CARTESIAN_POINT('Origin',(-10.6000001490116,-6.07758290485289,-28.9999997764826));
#5093=CARTESIAN_POINT('',(-10.6000001490116,4.92241725905988,-28.9999997764826));
#5094=CARTESIAN_POINT('Origin',(-10.6000001490116,-6.07758290485289,-28.9999997764826));
#5095=CARTESIAN_POINT('Origin',(-10.6000001490116,-6.07758290485289,-28.9999997764826));
#5096=CARTESIAN_POINT('Origin',(-3.60000014901161,-6.07758290485289,-28.9999997764826));
#5097=CARTESIAN_POINT('',(-3.60000014901161,4.92241725905988,-28.9999997764826));
#5098=CARTESIAN_POINT('Origin',(-3.60000014901161,-6.07758290485289,-28.9999997764826));
#5099=CARTESIAN_POINT('',(-3.60000014901161,-2.07758284524825,-28.9999997764826));
#5100=CARTESIAN_POINT('Origin',(-3.60000014901161,-6.07758290485289,-28.9999997764826));
#5101=CARTESIAN_POINT('Origin',(-10.6000001490116,-6.07758290485289,-28.9999997764826));
#5102=CARTESIAN_POINT('Origin',(-10.6000001490116,-6.07758290485289,-28.9999997764826));
#5103=CARTESIAN_POINT('Origin',(-3.60000014901161,-6.07758290485289,-28.9999997764826));
#5104=CARTESIAN_POINT('Origin',(-10.6000001490116,-6.07758290485289,-28.9999997764826));
#5105=CARTESIAN_POINT('',(-3.60000014901161,4.92241725905988,-28.9999997764826));
#5106=CARTESIAN_POINT('Origin',(-3.60000014901161,-6.07758290485289,-28.9999997764826));
#5107=CARTESIAN_POINT('',(-10.6000001490116,-2.07758284524825,-28.9999997764826));
#5108=CARTESIAN_POINT('Origin',(-10.6000001490116,-6.07758290485289,-28.9999997764826));
#5109=CARTESIAN_POINT('',(-3.60000014901161,-2.07758284524825,-28.9999997764826));
#5110=CARTESIAN_POINT('Origin',(-10.6000001490116,-23.0387917131968,0.600000223517421));
#5111=CARTESIAN_POINT('Origin',(-3.60000014901161,-6.07758290485289,30.2000002235174));
#5112=CARTESIAN_POINT('',(-3.60000014901161,4.92241725905988,30.2000002235174));
#5113=CARTESIAN_POINT('Origin',(-3.60000014901161,-6.07758290485289,30.2000002235174));
#5114=CARTESIAN_POINT('',(-3.60000014901161,-2.07758284524825,30.2000002235174));
#5115=CARTESIAN_POINT('Origin',(-3.60000014901161,-6.07758290485289,30.2000002235174));
#5116=CARTESIAN_POINT('Origin',(-10.6000001490116,-6.07758290485289,30.2000002235174));
#5117=CARTESIAN_POINT('',(-10.6000001490116,4.92241725905988,30.2000002235174));
#5118=CARTESIAN_POINT('Origin',(-10.6000001490116,-6.07758290485289,30.2000002235174));
#5119=CARTESIAN_POINT('Origin',(-10.6000001490116,-6.07758290485289,30.2000002235174));
#5120=CARTESIAN_POINT('Origin',(-3.60000014901161,-6.07758290485289,30.2000002235174));
#5121=CARTESIAN_POINT('Origin',(-10.6000001490116,-6.07758290485289,30.2000002235174));
#5122=CARTESIAN_POINT('',(-3.60000014901161,4.92241725905988,30.2000002235174));
#5123=CARTESIAN_POINT('Origin',(-3.60000014901161,-6.07758290485289,30.2000002235174));
#5124=CARTESIAN_POINT('',(-10.6000001490116,-2.07758284524825,30.2000002235174));
#5125=CARTESIAN_POINT('Origin',(-10.6000001490116,-6.07758290485289,30.2000002235174));
#5126=CARTESIAN_POINT('',(-3.60000014901161,-2.07758284524825,30.2000002235174));
#5127=CARTESIAN_POINT('Origin',(-10.6000001490116,-23.0387917131968,0.600000223517421));
#5128=CARTESIAN_POINT('Origin',(-10.6000001490116,-41.0775829048529,-28.9999997764826));
#5129=CARTESIAN_POINT('Origin',(-10.6000001490116,-41.0775829048529,-28.9999997764826));
#5130=CARTESIAN_POINT('Origin',(-3.60000014901161,-41.0775829048529,-28.9999997764826));
#5131=CARTESIAN_POINT('',(-3.60000014901161,-30.0775827409401,-28.9999997764826));
#5132=CARTESIAN_POINT('Origin',(-3.60000014901161,-41.0775829048529,-28.9999997764826));
#5133=CARTESIAN_POINT('',(-3.60000014901161,-37.0775828452482,-28.9999997764826));
#5134=CARTESIAN_POINT('Origin',(-3.60000014901161,-41.0775829048529,-28.9999997764826));
#5135=CARTESIAN_POINT('Origin',(-3.60000014901161,-41.0775829048529,-28.9999997764826));
#5136=CARTESIAN_POINT('',(-10.6000001490116,-30.0775827409401,-28.9999997764826));
#5137=CARTESIAN_POINT('Origin',(-10.6000001490116,-41.0775829048529,-28.9999997764826));
#5138=CARTESIAN_POINT('Origin',(-10.6000001490116,-41.0775829048529,-28.9999997764826));
#5139=CARTESIAN_POINT('',(-3.60000014901161,-30.0775827409401,-28.9999997764826));
#5140=CARTESIAN_POINT('Origin',(-3.60000014901161,-41.0775829048529,-28.9999997764826));
#5141=CARTESIAN_POINT('',(-10.6000001490116,-37.0775828452483,-28.9999997764826));
#5142=CARTESIAN_POINT('Origin',(-10.6000001490116,-41.0775829048529,-28.9999997764826));
#5143=CARTESIAN_POINT('',(-3.60000014901161,-37.0775828452483,-28.9999997764826));
#5144=CARTESIAN_POINT('Origin',(-10.6000001490116,-23.0387917131968,0.600000223517421));
#5145=CARTESIAN_POINT('',(-10.6000001490116,-30.0775827409401,30.2000002235174));
#5146=CARTESIAN_POINT('Origin',(-10.6000001490116,-41.0775829048529,30.2000002235174));
#5147=CARTESIAN_POINT('Origin',(-10.6000001490116,-41.0775829048529,30.2000002235174));
#5148=CARTESIAN_POINT('Origin',(-10.6000001490116,-23.0387917131968,0.600000223517421));
#5149=CARTESIAN_POINT('Origin',(-3.60000014901161,-41.0775829048529,30.2000002235174));
#5150=CARTESIAN_POINT('',(-3.60000014901161,-30.0775827409401,30.2000002235174));
#5151=CARTESIAN_POINT('Origin',(-3.60000014901161,-41.0775829048529,30.2000002235174));
#5152=CARTESIAN_POINT('',(-3.60000014901161,-37.0775828452482,30.2000002235174));
#5153=CARTESIAN_POINT('Origin',(-3.60000014901161,-41.0775829048529,30.2000002235174));
#5154=CARTESIAN_POINT('Origin',(-3.60000014901161,-41.0775829048529,30.2000002235174));
#5155=CARTESIAN_POINT('',(-3.60000014901161,-30.0775827409401,30.2000002235174));
#5156=CARTESIAN_POINT('Origin',(-3.60000014901161,-41.0775829048529,30.2000002235174));
#5157=CARTESIAN_POINT('',(-10.6000001490116,-37.0775828452483,30.2000002235174));
#5158=CARTESIAN_POINT('Origin',(-10.6000001490116,-41.0775829048529,30.2000002235174));
#5159=CARTESIAN_POINT('',(-3.60000014901161,-37.0775828452483,30.2000002235174));
#5160=CARTESIAN_POINT('Origin',(-10.6000001490116,-23.0387917131968,0.600000223517421));
#5161=CARTESIAN_POINT('Origin',(-21.0999998747331,-46.0999998882412,-9.65856754744592));
#5162=CARTESIAN_POINT('',(-21.0999998747331,-46.0999998882412,-9.65856754744592));
#5163=CARTESIAN_POINT('',(-21.0999998747331,-46.0999998882412,-9.65856754744592));
#5164=CARTESIAN_POINT('',(-21.0999998747331,-31.0999998882412,-9.65856754744592));
#5165=CARTESIAN_POINT('',(-21.0999998747331,-31.0999998882412,-9.65856754744592));
#5166=CARTESIAN_POINT('',(-21.0999998747331,-46.0999998882412,-9.65856754744592));
#5167=CARTESIAN_POINT('Origin',(-21.0999998747331,-46.0999998882412,-24.6585677709633));
#5168=CARTESIAN_POINT('',(-21.0999998747331,-46.0999998882412,-24.6585677709633));
#5169=CARTESIAN_POINT('',(-21.0999998747331,-46.0999998882412,-24.6585677709633));
#5170=CARTESIAN_POINT('',(-21.0999998747331,-31.0999998882412,-24.6585677709633));
#5171=CARTESIAN_POINT('',(-21.0999998747331,-31.0999998882412,-24.6585677709633));
#5172=CARTESIAN_POINT('',(-21.0999998747331,-46.0999998882412,-24.6585677709633));
#5173=CARTESIAN_POINT('Origin',(-14.099999770425,-46.0999998882412,-24.6585677709633));
#5174=CARTESIAN_POINT('',(-14.099999770425,-46.0999998882412,-24.6585677709633));
#5175=CARTESIAN_POINT('',(-14.099999770425,-31.0999998882412,-24.6585677709633));
#5176=CARTESIAN_POINT('Origin',(-17.5999998225791,-46.0999998882412,-17.1585676592046));
#5177=CARTESIAN_POINT('Origin',(-17.599999822579,-31.0999998882412,-17.1585676592046));
#5178=CARTESIAN_POINT('Origin',(-21.099999874733,-16.0999998882412,29.1414324525541));
#5179=CARTESIAN_POINT('',(-21.099999874733,-16.0999998882412,29.1414324525541));
#5180=CARTESIAN_POINT('',(-21.099999874733,-16.0999998882412,29.1414324525541));
#5181=CARTESIAN_POINT('',(-21.099999874733,-1.09999988824121,29.1414324525541));
#5182=CARTESIAN_POINT('',(-21.099999874733,-1.09999988824121,29.1414324525541));
#5183=CARTESIAN_POINT('',(-21.099999874733,-16.0999998882412,29.1414324525541));
#5184=CARTESIAN_POINT('Origin',(-21.099999874733,-16.0999998882412,14.1414322290367));
#5185=CARTESIAN_POINT('',(-21.099999874733,-16.0999998882412,14.1414322290367));
#5186=CARTESIAN_POINT('',(-21.099999874733,-16.0999998882412,14.1414322290367));
#5187=CARTESIAN_POINT('',(-21.099999874733,-1.09999988824121,14.1414322290367));
#5188=CARTESIAN_POINT('',(-21.099999874733,-1.09999988824121,14.1414322290367));
#5189=CARTESIAN_POINT('',(-21.099999874733,-16.0999998882412,14.1414322290367));
#5190=CARTESIAN_POINT('Origin',(-14.0999997704249,-16.0999998882412,14.1414322290367));
#5191=CARTESIAN_POINT('',(-14.0999997704249,-16.0999998882412,14.1414322290367));
#5192=CARTESIAN_POINT('',(-14.0999997704249,-1.09999988824123,14.1414322290367));
#5193=CARTESIAN_POINT('Origin',(-17.599999822579,-16.0999998882412,21.6414323407954));
#5194=CARTESIAN_POINT('Origin',(-17.5999998225789,-1.09999988824122,21.6414323407954));
#5195=CARTESIAN_POINT('Origin',(-21.099999874733,-16.0999998882412,-9.65856754744592));
#5196=CARTESIAN_POINT('',(-21.099999874733,-16.0999998882412,-9.65856754744592));
#5197=CARTESIAN_POINT('',(-21.099999874733,-16.0999998882412,-9.65856754744592));
#5198=CARTESIAN_POINT('',(-21.099999874733,-1.09999988824121,-9.65856754744592));
#5199=CARTESIAN_POINT('',(-21.099999874733,-1.09999988824121,-9.65856754744592));
#5200=CARTESIAN_POINT('',(-21.099999874733,-16.0999998882412,-9.65856754744592));
#5201=CARTESIAN_POINT('Origin',(-21.099999874733,-16.0999998882412,-24.6585677709633));
#5202=CARTESIAN_POINT('',(-21.099999874733,-16.0999998882412,-24.6585677709633));
#5203=CARTESIAN_POINT('',(-21.099999874733,-16.0999998882412,-24.6585677709633));
#5204=CARTESIAN_POINT('',(-21.099999874733,-1.09999988824121,-24.6585677709633));
#5205=CARTESIAN_POINT('',(-21.099999874733,-1.09999988824121,-24.6585677709633));
#5206=CARTESIAN_POINT('',(-21.099999874733,-16.0999998882412,-24.6585677709633));
#5207=CARTESIAN_POINT('Origin',(-14.0999997704249,-16.0999998882412,-24.6585677709633));
#5208=CARTESIAN_POINT('',(-14.0999997704249,-16.0999998882412,-24.6585677709633));
#5209=CARTESIAN_POINT('',(-14.0999997704249,-1.09999988824123,-24.6585677709633));
#5210=CARTESIAN_POINT('Origin',(-17.599999822579,-16.0999998882412,-17.1585676592046));
#5211=CARTESIAN_POINT('Origin',(-17.5999998225789,-1.09999988824122,-17.1585676592046));
#5212=CARTESIAN_POINT('Origin',(-21.0999998747331,-46.0999998882412,29.1414324525541));
#5213=CARTESIAN_POINT('',(-21.0999998747331,-46.0999998882412,29.1414324525541));
#5214=CARTESIAN_POINT('',(-21.0999998747331,-46.0999998882412,29.1414324525541));
#5215=CARTESIAN_POINT('',(-21.0999998747331,-31.0999998882412,29.1414324525541));
#5216=CARTESIAN_POINT('',(-21.0999998747331,-31.0999998882412,29.1414324525541));
#5217=CARTESIAN_POINT('',(-21.0999998747331,-46.0999998882412,29.1414324525541));
#5218=CARTESIAN_POINT('Origin',(-21.0999998747331,-46.0999998882412,14.1414322290367));
#5219=CARTESIAN_POINT('',(-21.0999998747331,-46.0999998882412,14.1414322290367));
#5220=CARTESIAN_POINT('',(-21.0999998747331,-46.0999998882412,14.1414322290367));
#5221=CARTESIAN_POINT('',(-21.0999998747331,-31.0999998882412,14.1414322290367));
#5222=CARTESIAN_POINT('',(-21.0999998747331,-31.0999998882412,14.1414322290367));
#5223=CARTESIAN_POINT('',(-21.0999998747331,-46.0999998882412,14.1414322290367));
#5224=CARTESIAN_POINT('Origin',(-14.099999770425,-46.0999998882412,14.1414322290367));
#5225=CARTESIAN_POINT('',(-14.099999770425,-46.0999998882412,14.1414322290367));
#5226=CARTESIAN_POINT('',(-14.099999770425,-31.0999998882412,14.1414322290367));
#5227=CARTESIAN_POINT('Origin',(-17.5999998225791,-46.0999998882412,21.6414323407954));
#5228=CARTESIAN_POINT('Origin',(-17.599999822579,-31.0999998882412,21.6414323407954));
#5229=CARTESIAN_POINT('',(-56.,-23.5999999999998,15.));
#5230=UNCERTAINTY_MEASURE_WITH_UNIT(LENGTH_MEASURE(0.01),#5236,
'DISTANCE_ACCURACY_VALUE',
'Maximum model space distance between geometric entities at asserted c
onnectivities');
#5231=UNCERTAINTY_MEASURE_WITH_UNIT(LENGTH_MEASURE(0.01),#5236,
'DISTANCE_ACCURACY_VALUE',
'Maximum model space distance between geometric entities at asserted c
onnectivities');
#5232=UNCERTAINTY_MEASURE_WITH_UNIT(LENGTH_MEASURE(0.01),#5236,
'DISTANCE_ACCURACY_VALUE',
'Maximum model space distance between geometric entities at asserted c
onnectivities');
#5233=(
GEOMETRIC_REPRESENTATION_CONTEXT(3)
GLOBAL_UNCERTAINTY_ASSIGNED_CONTEXT((#5230))
GLOBAL_UNIT_ASSIGNED_CONTEXT((#5236,#5238,#5239))
REPRESENTATION_CONTEXT('','3D')
);
#5234=(
GEOMETRIC_REPRESENTATION_CONTEXT(3)
GLOBAL_UNCERTAINTY_ASSIGNED_CONTEXT((#5231))
GLOBAL_UNIT_ASSIGNED_CONTEXT((#5236,#5238,#5239))
REPRESENTATION_CONTEXT('','3D')
);
#5235=(
GEOMETRIC_REPRESENTATION_CONTEXT(3)
GLOBAL_UNCERTAINTY_ASSIGNED_CONTEXT((#5232))
GLOBAL_UNIT_ASSIGNED_CONTEXT((#5236,#5238,#5239))
REPRESENTATION_CONTEXT('','3D')
);
#5236=(
LENGTH_UNIT()
NAMED_UNIT(*)
SI_UNIT(.MILLI.,.METRE.)
);
#5237=(
LENGTH_UNIT()
NAMED_UNIT(*)
SI_UNIT($,.METRE.)
);
#5238=(
NAMED_UNIT(*)
PLANE_ANGLE_UNIT()
SI_UNIT($,.RADIAN.)
);
#5239=(
NAMED_UNIT(*)
SI_UNIT($,.STERADIAN.)
SOLID_ANGLE_UNIT()
);
#5240=SHAPE_DEFINITION_REPRESENTATION(#5242,#5245);
#5241=SHAPE_DEFINITION_REPRESENTATION(#5243,#5246);
#5242=PRODUCT_DEFINITION_SHAPE('',$,#5248);
#5243=PRODUCT_DEFINITION_SHAPE('',$,#5249);
#5244=PRODUCT_DEFINITION_SHAPE($,$,#14);
#5245=SHAPE_REPRESENTATION('',(#3070,#3380),#5233);
#5246=SHAPE_REPRESENTATION('',(#3071),#5234);
#5247=PRODUCT_DEFINITION_CONTEXT('part definition',#5255,'design');
#5248=PRODUCT_DEFINITION('Gantry','Gantry v9',#5250,#5247);
#5249=PRODUCT_DEFINITION('PressV4 v3','PressV4 v3',#5251,#5247);
#5250=PRODUCT_DEFINITION_FORMATION('',$,#5257);
#5251=PRODUCT_DEFINITION_FORMATION('',$,#5258);
#5252=PRODUCT_RELATED_PRODUCT_CATEGORY('Gantry v9','Gantry v9',(#5257));
#5253=PRODUCT_RELATED_PRODUCT_CATEGORY('PressV4 v3','PressV4 v3',(#5258));
#5254=APPLICATION_PROTOCOL_DEFINITION('international standard',
'automotive_design',2009,#5255);
#5255=APPLICATION_CONTEXT(
'Core Data for Automotive Mechanical Design Process');
#5256=PRODUCT_CONTEXT('part definition',#5255,'mechanical');
#5257=PRODUCT('Gantry','Gantry v9',$,(#5256));
#5258=PRODUCT('PressV4 v3','PressV4 v3',$,(#5256));
#5259=PRESENTATION_STYLE_ASSIGNMENT((#5260));
#5260=SURFACE_STYLE_USAGE(.BOTH.,#5261);
#5261=SURFACE_SIDE_STYLE('',(#5262));
#5262=SURFACE_STYLE_FILL_AREA(#5263);
#5263=FILL_AREA_STYLE('Steel - Satin',(#5264));
#5264=FILL_AREA_STYLE_COLOUR('Steel - Satin',#5265);
#5265=COLOUR_RGB('Steel - Satin',0.627450980392157,0.627450980392157,0.627450980392157);
ENDSEC;
END-ISO-10303-21;
