ISO-10303-21;
HEADER;
/* Generated by software containing ST-Developer
 * from STEP Tools, Inc. (www.steptools.com) 
 */

FILE_DESCRIPTION(
/* description */ (''),
/* implementation_level */ '2;1');

FILE_NAME(
/* name */ 'GuitarHeadRailHolder.step',
/* time_stamp */ '2026-02-04T07:50:33+02:00',
/* author */ (''),
/* organization */ (''),
/* preprocessor_version */ 'ST-DEVELOPER v20.1',
/* originating_system */ 'Autodesk Translation Framework v14.21.0.0',
/* authorisation */ '');

FILE_SCHEMA (('AUTOMOTIVE_DESIGN { 1 0 10303 214 3 1 1 }'));
ENDSEC;

DATA;
#10=MECHANICAL_DESIGN_GEOMETRIC_PRESENTATION_REPRESENTATION('',(#13),#5229);
#11=SHAPE_REPRESENTATION_RELATIONSHIP('SRR','None',#5236,#12);
#12=ADVANCED_BREP_SHAPE_REPRESENTATION('',(#14),#5228);
#13=STYLED_ITEM('',(#5245),#14);
#14=MANIFOLD_SOLID_BREP('Body1',#3305);
#15=CIRCLE('',#3323,2.4);
#16=CIRCLE('',#3324,2.4);
#17=CIRCLE('',#3326,2.4);
#18=CIRCLE('',#3327,2.4);
#19=CIRCLE('',#3329,2.4);
#20=CIRCLE('',#3331,2.4);
#21=CIRCLE('',#3412,2.4);
#22=CIRCLE('',#3413,2.4);
#23=CIRCLE('',#3415,2.4);
#24=CIRCLE('',#3416,2.4);
#25=CIRCLE('',#3418,2.4);
#26=CIRCLE('',#3420,2.4);
#27=CYLINDRICAL_SURFACE('',#3322,2.4);
#28=CYLINDRICAL_SURFACE('',#3325,2.4);
#29=CYLINDRICAL_SURFACE('',#3330,2.4);
#30=CYLINDRICAL_SURFACE('',#3411,2.4);
#31=CYLINDRICAL_SURFACE('',#3414,2.4);
#32=CYLINDRICAL_SURFACE('',#3419,2.4);
#33=FACE_BOUND('',#224,.T.);
#34=FACE_BOUND('',#225,.T.);
#35=FACE_BOUND('',#226,.T.);
#36=FACE_BOUND('',#227,.T.);
#37=FACE_BOUND('',#228,.T.);
#38=FACE_BOUND('',#229,.T.);
#39=FACE_BOUND('',#230,.T.);
#40=FACE_BOUND('',#231,.T.);
#41=FACE_BOUND('',#232,.T.);
#42=FACE_BOUND('',#233,.T.);
#43=FACE_BOUND('',#234,.T.);
#44=FACE_BOUND('',#235,.T.);
#45=FACE_BOUND('',#239,.T.);
#46=FACE_BOUND('',#242,.T.);
#47=FACE_BOUND('',#293,.T.);
#48=FACE_BOUND('',#298,.T.);
#49=FACE_BOUND('',#301,.T.);
#50=FACE_BOUND('',#306,.T.);
#51=FACE_BOUND('',#328,.T.);
#52=FACE_BOUND('',#331,.T.);
#53=FACE_BOUND('',#382,.T.);
#54=FACE_BOUND('',#387,.T.);
#55=FACE_BOUND('',#390,.T.);
#56=FACE_BOUND('',#395,.T.);
#57=FACE_OUTER_BOUND('',#221,.T.);
#58=FACE_OUTER_BOUND('',#222,.T.);
#59=FACE_OUTER_BOUND('',#223,.T.);
#60=FACE_OUTER_BOUND('',#236,.T.);
#61=FACE_OUTER_BOUND('',#237,.T.);
#62=FACE_OUTER_BOUND('',#238,.T.);
#63=FACE_OUTER_BOUND('',#240,.T.);
#64=FACE_OUTER_BOUND('',#241,.T.);
#65=FACE_OUTER_BOUND('',#243,.T.);
#66=FACE_OUTER_BOUND('',#244,.T.);
#67=FACE_OUTER_BOUND('',#245,.T.);
#68=FACE_OUTER_BOUND('',#246,.T.);
#69=FACE_OUTER_BOUND('',#247,.T.);
#70=FACE_OUTER_BOUND('',#248,.T.);
#71=FACE_OUTER_BOUND('',#249,.T.);
#72=FACE_OUTER_BOUND('',#250,.T.);
#73=FACE_OUTER_BOUND('',#251,.T.);
#74=FACE_OUTER_BOUND('',#252,.T.);
#75=FACE_OUTER_BOUND('',#253,.T.);
#76=FACE_OUTER_BOUND('',#254,.T.);
#77=FACE_OUTER_BOUND('',#255,.T.);
#78=FACE_OUTER_BOUND('',#256,.T.);
#79=FACE_OUTER_BOUND('',#257,.T.);
#80=FACE_OUTER_BOUND('',#258,.T.);
#81=FACE_OUTER_BOUND('',#259,.T.);
#82=FACE_OUTER_BOUND('',#260,.T.);
#83=FACE_OUTER_BOUND('',#261,.T.);
#84=FACE_OUTER_BOUND('',#262,.T.);
#85=FACE_OUTER_BOUND('',#263,.T.);
#86=FACE_OUTER_BOUND('',#264,.T.);
#87=FACE_OUTER_BOUND('',#265,.T.);
#88=FACE_OUTER_BOUND('',#266,.T.);
#89=FACE_OUTER_BOUND('',#267,.T.);
#90=FACE_OUTER_BOUND('',#268,.T.);
#91=FACE_OUTER_BOUND('',#269,.T.);
#92=FACE_OUTER_BOUND('',#270,.T.);
#93=FACE_OUTER_BOUND('',#271,.T.);
#94=FACE_OUTER_BOUND('',#272,.T.);
#95=FACE_OUTER_BOUND('',#273,.T.);
#96=FACE_OUTER_BOUND('',#274,.T.);
#97=FACE_OUTER_BOUND('',#275,.T.);
#98=FACE_OUTER_BOUND('',#276,.T.);
#99=FACE_OUTER_BOUND('',#277,.T.);
#100=FACE_OUTER_BOUND('',#278,.T.);
#101=FACE_OUTER_BOUND('',#279,.T.);
#102=FACE_OUTER_BOUND('',#280,.T.);
#103=FACE_OUTER_BOUND('',#281,.T.);
#104=FACE_OUTER_BOUND('',#282,.T.);
#105=FACE_OUTER_BOUND('',#283,.T.);
#106=FACE_OUTER_BOUND('',#284,.T.);
#107=FACE_OUTER_BOUND('',#285,.T.);
#108=FACE_OUTER_BOUND('',#286,.T.);
#109=FACE_OUTER_BOUND('',#287,.T.);
#110=FACE_OUTER_BOUND('',#288,.T.);
#111=FACE_OUTER_BOUND('',#289,.T.);
#112=FACE_OUTER_BOUND('',#290,.T.);
#113=FACE_OUTER_BOUND('',#291,.T.);
#114=FACE_OUTER_BOUND('',#292,.T.);
#115=FACE_OUTER_BOUND('',#294,.T.);
#116=FACE_OUTER_BOUND('',#295,.T.);
#117=FACE_OUTER_BOUND('',#296,.T.);
#118=FACE_OUTER_BOUND('',#297,.T.);
#119=FACE_OUTER_BOUND('',#299,.T.);
#120=FACE_OUTER_BOUND('',#300,.T.);
#121=FACE_OUTER_BOUND('',#302,.T.);
#122=FACE_OUTER_BOUND('',#303,.T.);
#123=FACE_OUTER_BOUND('',#304,.T.);
#124=FACE_OUTER_BOUND('',#305,.T.);
#125=FACE_OUTER_BOUND('',#307,.T.);
#126=FACE_OUTER_BOUND('',#308,.T.);
#127=FACE_OUTER_BOUND('',#309,.T.);
#128=FACE_OUTER_BOUND('',#310,.T.);
#129=FACE_OUTER_BOUND('',#311,.T.);
#130=FACE_OUTER_BOUND('',#312,.T.);
#131=FACE_OUTER_BOUND('',#313,.T.);
#132=FACE_OUTER_BOUND('',#314,.T.);
#133=FACE_OUTER_BOUND('',#315,.T.);
#134=FACE_OUTER_BOUND('',#316,.T.);
#135=FACE_OUTER_BOUND('',#317,.T.);
#136=FACE_OUTER_BOUND('',#318,.T.);
#137=FACE_OUTER_BOUND('',#319,.T.);
#138=FACE_OUTER_BOUND('',#320,.T.);
#139=FACE_OUTER_BOUND('',#321,.T.);
#140=FACE_OUTER_BOUND('',#322,.T.);
#141=FACE_OUTER_BOUND('',#323,.T.);
#142=FACE_OUTER_BOUND('',#324,.T.);
#143=FACE_OUTER_BOUND('',#325,.T.);
#144=FACE_OUTER_BOUND('',#326,.T.);
#145=FACE_OUTER_BOUND('',#327,.T.);
#146=FACE_OUTER_BOUND('',#329,.T.);
#147=FACE_OUTER_BOUND('',#330,.T.);
#148=FACE_OUTER_BOUND('',#332,.T.);
#149=FACE_OUTER_BOUND('',#333,.T.);
#150=FACE_OUTER_BOUND('',#334,.T.);
#151=FACE_OUTER_BOUND('',#335,.T.);
#152=FACE_OUTER_BOUND('',#336,.T.);
#153=FACE_OUTER_BOUND('',#337,.T.);
#154=FACE_OUTER_BOUND('',#338,.T.);
#155=FACE_OUTER_BOUND('',#339,.T.);
#156=FACE_OUTER_BOUND('',#340,.T.);
#157=FACE_OUTER_BOUND('',#341,.T.);
#158=FACE_OUTER_BOUND('',#342,.T.);
#159=FACE_OUTER_BOUND('',#343,.T.);
#160=FACE_OUTER_BOUND('',#344,.T.);
#161=FACE_OUTER_BOUND('',#345,.T.);
#162=FACE_OUTER_BOUND('',#346,.T.);
#163=FACE_OUTER_BOUND('',#347,.T.);
#164=FACE_OUTER_BOUND('',#348,.T.);
#165=FACE_OUTER_BOUND('',#349,.T.);
#166=FACE_OUTER_BOUND('',#350,.T.);
#167=FACE_OUTER_BOUND('',#351,.T.);
#168=FACE_OUTER_BOUND('',#352,.T.);
#169=FACE_OUTER_BOUND('',#353,.T.);
#170=FACE_OUTER_BOUND('',#354,.T.);
#171=FACE_OUTER_BOUND('',#355,.T.);
#172=FACE_OUTER_BOUND('',#356,.T.);
#173=FACE_OUTER_BOUND('',#357,.T.);
#174=FACE_OUTER_BOUND('',#358,.T.);
#175=FACE_OUTER_BOUND('',#359,.T.);
#176=FACE_OUTER_BOUND('',#360,.T.);
#177=FACE_OUTER_BOUND('',#361,.T.);
#178=FACE_OUTER_BOUND('',#362,.T.);
#179=FACE_OUTER_BOUND('',#363,.T.);
#180=FACE_OUTER_BOUND('',#364,.T.);
#181=FACE_OUTER_BOUND('',#365,.T.);
#182=FACE_OUTER_BOUND('',#366,.T.);
#183=FACE_OUTER_BOUND('',#367,.T.);
#184=FACE_OUTER_BOUND('',#368,.T.);
#185=FACE_OUTER_BOUND('',#369,.T.);
#186=FACE_OUTER_BOUND('',#370,.T.);
#187=FACE_OUTER_BOUND('',#371,.T.);
#188=FACE_OUTER_BOUND('',#372,.T.);
#189=FACE_OUTER_BOUND('',#373,.T.);
#190=FACE_OUTER_BOUND('',#374,.T.);
#191=FACE_OUTER_BOUND('',#375,.T.);
#192=FACE_OUTER_BOUND('',#376,.T.);
#193=FACE_OUTER_BOUND('',#377,.T.);
#194=FACE_OUTER_BOUND('',#378,.T.);
#195=FACE_OUTER_BOUND('',#379,.T.);
#196=FACE_OUTER_BOUND('',#380,.T.);
#197=FACE_OUTER_BOUND('',#381,.T.);
#198=FACE_OUTER_BOUND('',#383,.T.);
#199=FACE_OUTER_BOUND('',#384,.T.);
#200=FACE_OUTER_BOUND('',#385,.T.);
#201=FACE_OUTER_BOUND('',#386,.T.);
#202=FACE_OUTER_BOUND('',#388,.T.);
#203=FACE_OUTER_BOUND('',#389,.T.);
#204=FACE_OUTER_BOUND('',#391,.T.);
#205=FACE_OUTER_BOUND('',#392,.T.);
#206=FACE_OUTER_BOUND('',#393,.T.);
#207=FACE_OUTER_BOUND('',#394,.T.);
#208=FACE_OUTER_BOUND('',#396,.T.);
#209=FACE_OUTER_BOUND('',#397,.T.);
#210=FACE_OUTER_BOUND('',#398,.T.);
#211=FACE_OUTER_BOUND('',#399,.T.);
#212=FACE_OUTER_BOUND('',#400,.T.);
#213=FACE_OUTER_BOUND('',#401,.T.);
#214=FACE_OUTER_BOUND('',#402,.T.);
#215=FACE_OUTER_BOUND('',#403,.T.);
#216=FACE_OUTER_BOUND('',#404,.T.);
#217=FACE_OUTER_BOUND('',#405,.T.);
#218=FACE_OUTER_BOUND('',#406,.T.);
#219=FACE_OUTER_BOUND('',#407,.T.);
#220=FACE_OUTER_BOUND('',#408,.T.);
#221=EDGE_LOOP('',(#2067,#2068,#2069,#2070));
#222=EDGE_LOOP('',(#2071,#2072,#2073,#2074));
#223=EDGE_LOOP('',(#2075,#2076,#2077,#2078,#2079,#2080,#2081,#2082,#2083,
#2084,#2085,#2086,#2087,#2088,#2089,#2090,#2091,#2092,#2093,#2094,#2095,
#2096,#2097,#2098,#2099,#2100,#2101,#2102));
#224=EDGE_LOOP('',(#2103,#2104,#2105,#2106));
#225=EDGE_LOOP('',(#2107,#2108,#2109,#2110,#2111,#2112,#2113,#2114,#2115,
#2116,#2117,#2118,#2119,#2120,#2121,#2122));
#226=EDGE_LOOP('',(#2123,#2124,#2125,#2126,#2127,#2128,#2129,#2130,#2131,
#2132,#2133,#2134,#2135,#2136,#2137,#2138));
#227=EDGE_LOOP('',(#2139,#2140,#2141,#2142,#2143,#2144,#2145,#2146,#2147,
#2148,#2149,#2150,#2151,#2152,#2153,#2154));
#228=EDGE_LOOP('',(#2155,#2156,#2157,#2158));
#229=EDGE_LOOP('',(#2159,#2160,#2161,#2162,#2163,#2164));
#230=EDGE_LOOP('',(#2165,#2166,#2167,#2168));
#231=EDGE_LOOP('',(#2169,#2170,#2171,#2172,#2173,#2174,#2175,#2176,#2177,
#2178,#2179,#2180,#2181,#2182,#2183,#2184));
#232=EDGE_LOOP('',(#2185,#2186,#2187,#2188,#2189,#2190,#2191,#2192,#2193,
#2194,#2195,#2196,#2197,#2198,#2199,#2200));
#233=EDGE_LOOP('',(#2201,#2202,#2203,#2204,#2205,#2206,#2207,#2208,#2209,
#2210,#2211,#2212,#2213,#2214,#2215,#2216));
#234=EDGE_LOOP('',(#2217,#2218,#2219,#2220));
#235=EDGE_LOOP('',(#2221,#2222,#2223,#2224,#2225,#2226));
#236=EDGE_LOOP('',(#2227,#2228,#2229,#2230));
#237=EDGE_LOOP('',(#2231,#2232,#2233,#2234));
#238=EDGE_LOOP('',(#2235,#2236,#2237,#2238,#2239,#2240));
#239=EDGE_LOOP('',(#2241));
#240=EDGE_LOOP('',(#2242,#2243,#2244,#2245));
#241=EDGE_LOOP('',(#2246,#2247,#2248,#2249));
#242=EDGE_LOOP('',(#2250));
#243=EDGE_LOOP('',(#2251,#2252,#2253,#2254));
#244=EDGE_LOOP('',(#2255,#2256,#2257,#2258));
#245=EDGE_LOOP('',(#2259,#2260,#2261,#2262));
#246=EDGE_LOOP('',(#2263,#2264,#2265,#2266));
#247=EDGE_LOOP('',(#2267,#2268,#2269,#2270));
#248=EDGE_LOOP('',(#2271,#2272,#2273,#2274));
#249=EDGE_LOOP('',(#2275,#2276,#2277,#2278));
#250=EDGE_LOOP('',(#2279,#2280,#2281,#2282));
#251=EDGE_LOOP('',(#2283,#2284,#2285,#2286));
#252=EDGE_LOOP('',(#2287,#2288,#2289,#2290));
#253=EDGE_LOOP('',(#2291,#2292,#2293,#2294));
#254=EDGE_LOOP('',(#2295,#2296,#2297,#2298));
#255=EDGE_LOOP('',(#2299,#2300,#2301,#2302));
#256=EDGE_LOOP('',(#2303,#2304,#2305,#2306));
#257=EDGE_LOOP('',(#2307,#2308,#2309,#2310));
#258=EDGE_LOOP('',(#2311,#2312,#2313,#2314));
#259=EDGE_LOOP('',(#2315,#2316,#2317,#2318));
#260=EDGE_LOOP('',(#2319,#2320,#2321,#2322));
#261=EDGE_LOOP('',(#2323,#2324,#2325,#2326));
#262=EDGE_LOOP('',(#2327,#2328,#2329,#2330));
#263=EDGE_LOOP('',(#2331,#2332,#2333,#2334));
#264=EDGE_LOOP('',(#2335,#2336,#2337,#2338));
#265=EDGE_LOOP('',(#2339,#2340,#2341,#2342));
#266=EDGE_LOOP('',(#2343,#2344,#2345,#2346));
#267=EDGE_LOOP('',(#2347,#2348,#2349,#2350));
#268=EDGE_LOOP('',(#2351,#2352,#2353,#2354));
#269=EDGE_LOOP('',(#2355,#2356,#2357,#2358));
#270=EDGE_LOOP('',(#2359,#2360,#2361,#2362));
#271=EDGE_LOOP('',(#2363,#2364,#2365,#2366));
#272=EDGE_LOOP('',(#2367,#2368,#2369,#2370));
#273=EDGE_LOOP('',(#2371,#2372,#2373,#2374));
#274=EDGE_LOOP('',(#2375,#2376,#2377,#2378));
#275=EDGE_LOOP('',(#2379,#2380,#2381,#2382));
#276=EDGE_LOOP('',(#2383,#2384,#2385,#2386));
#277=EDGE_LOOP('',(#2387,#2388,#2389,#2390));
#278=EDGE_LOOP('',(#2391,#2392,#2393,#2394));
#279=EDGE_LOOP('',(#2395,#2396,#2397,#2398));
#280=EDGE_LOOP('',(#2399,#2400,#2401,#2402));
#281=EDGE_LOOP('',(#2403,#2404,#2405,#2406));
#282=EDGE_LOOP('',(#2407,#2408,#2409,#2410));
#283=EDGE_LOOP('',(#2411,#2412,#2413,#2414));
#284=EDGE_LOOP('',(#2415,#2416,#2417,#2418));
#285=EDGE_LOOP('',(#2419,#2420,#2421,#2422));
#286=EDGE_LOOP('',(#2423,#2424,#2425,#2426));
#287=EDGE_LOOP('',(#2427,#2428,#2429,#2430));
#288=EDGE_LOOP('',(#2431,#2432,#2433,#2434));
#289=EDGE_LOOP('',(#2435,#2436,#2437,#2438));
#290=EDGE_LOOP('',(#2439,#2440,#2441,#2442));
#291=EDGE_LOOP('',(#2443,#2444,#2445,#2446));
#292=EDGE_LOOP('',(#2447,#2448,#2449,#2450));
#293=EDGE_LOOP('',(#2451));
#294=EDGE_LOOP('',(#2452,#2453,#2454,#2455));
#295=EDGE_LOOP('',(#2456,#2457,#2458,#2459));
#296=EDGE_LOOP('',(#2460,#2461,#2462,#2463));
#297=EDGE_LOOP('',(#2464,#2465,#2466,#2467));
#298=EDGE_LOOP('',(#2468));
#299=EDGE_LOOP('',(#2469,#2470,#2471,#2472));
#300=EDGE_LOOP('',(#2473,#2474,#2475,#2476));
#301=EDGE_LOOP('',(#2477));
#302=EDGE_LOOP('',(#2478,#2479,#2480,#2481));
#303=EDGE_LOOP('',(#2482,#2483,#2484,#2485));
#304=EDGE_LOOP('',(#2486,#2487,#2488,#2489));
#305=EDGE_LOOP('',(#2490,#2491,#2492,#2493));
#306=EDGE_LOOP('',(#2494));
#307=EDGE_LOOP('',(#2495,#2496,#2497,#2498));
#308=EDGE_LOOP('',(#2499,#2500,#2501,#2502));
#309=EDGE_LOOP('',(#2503,#2504,#2505,#2506,#2507,#2508,#2509,#2510,#2511,
#2512,#2513,#2514,#2515,#2516,#2517,#2518));
#310=EDGE_LOOP('',(#2519,#2520,#2521,#2522,#2523,#2524,#2525,#2526,#2527,
#2528,#2529,#2530,#2531,#2532,#2533,#2534));
#311=EDGE_LOOP('',(#2535,#2536,#2537,#2538,#2539,#2540,#2541,#2542,#2543,
#2544,#2545,#2546,#2547,#2548,#2549,#2550));
#312=EDGE_LOOP('',(#2551,#2552,#2553,#2554));
#313=EDGE_LOOP('',(#2555,#2556,#2557,#2558));
#314=EDGE_LOOP('',(#2559,#2560,#2561,#2562,#2563,#2564));
#315=EDGE_LOOP('',(#2565,#2566,#2567,#2568));
#316=EDGE_LOOP('',(#2569,#2570,#2571,#2572));
#317=EDGE_LOOP('',(#2573,#2574,#2575,#2576));
#318=EDGE_LOOP('',(#2577,#2578,#2579,#2580));
#319=EDGE_LOOP('',(#2581,#2582,#2583,#2584));
#320=EDGE_LOOP('',(#2585,#2586,#2587,#2588));
#321=EDGE_LOOP('',(#2589,#2590,#2591,#2592));
#322=EDGE_LOOP('',(#2593,#2594,#2595,#2596));
#323=EDGE_LOOP('',(#2597,#2598,#2599,#2600));
#324=EDGE_LOOP('',(#2601,#2602,#2603,#2604));
#325=EDGE_LOOP('',(#2605,#2606,#2607,#2608));
#326=EDGE_LOOP('',(#2609,#2610,#2611,#2612));
#327=EDGE_LOOP('',(#2613,#2614,#2615,#2616,#2617,#2618));
#328=EDGE_LOOP('',(#2619));
#329=EDGE_LOOP('',(#2620,#2621,#2622,#2623));
#330=EDGE_LOOP('',(#2624,#2625,#2626,#2627));
#331=EDGE_LOOP('',(#2628));
#332=EDGE_LOOP('',(#2629,#2630,#2631,#2632));
#333=EDGE_LOOP('',(#2633,#2634,#2635,#2636));
#334=EDGE_LOOP('',(#2637,#2638,#2639,#2640));
#335=EDGE_LOOP('',(#2641,#2642,#2643,#2644));
#336=EDGE_LOOP('',(#2645,#2646,#2647,#2648));
#337=EDGE_LOOP('',(#2649,#2650,#2651,#2652));
#338=EDGE_LOOP('',(#2653,#2654,#2655,#2656));
#339=EDGE_LOOP('',(#2657,#2658,#2659,#2660));
#340=EDGE_LOOP('',(#2661,#2662,#2663,#2664));
#341=EDGE_LOOP('',(#2665,#2666,#2667,#2668));
#342=EDGE_LOOP('',(#2669,#2670,#2671,#2672));
#343=EDGE_LOOP('',(#2673,#2674,#2675,#2676));
#344=EDGE_LOOP('',(#2677,#2678,#2679,#2680));
#345=EDGE_LOOP('',(#2681,#2682,#2683,#2684));
#346=EDGE_LOOP('',(#2685,#2686,#2687,#2688));
#347=EDGE_LOOP('',(#2689,#2690,#2691,#2692));
#348=EDGE_LOOP('',(#2693,#2694,#2695,#2696));
#349=EDGE_LOOP('',(#2697,#2698,#2699,#2700));
#350=EDGE_LOOP('',(#2701,#2702,#2703,#2704));
#351=EDGE_LOOP('',(#2705,#2706,#2707,#2708));
#352=EDGE_LOOP('',(#2709,#2710,#2711,#2712));
#353=EDGE_LOOP('',(#2713,#2714,#2715,#2716));
#354=EDGE_LOOP('',(#2717,#2718,#2719,#2720));
#355=EDGE_LOOP('',(#2721,#2722,#2723,#2724));
#356=EDGE_LOOP('',(#2725,#2726,#2727,#2728));
#357=EDGE_LOOP('',(#2729,#2730,#2731,#2732));
#358=EDGE_LOOP('',(#2733,#2734,#2735,#2736));
#359=EDGE_LOOP('',(#2737,#2738,#2739,#2740));
#360=EDGE_LOOP('',(#2741,#2742,#2743,#2744));
#361=EDGE_LOOP('',(#2745,#2746,#2747,#2748));
#362=EDGE_LOOP('',(#2749,#2750,#2751,#2752));
#363=EDGE_LOOP('',(#2753,#2754,#2755,#2756));
#364=EDGE_LOOP('',(#2757,#2758,#2759,#2760));
#365=EDGE_LOOP('',(#2761,#2762,#2763,#2764));
#366=EDGE_LOOP('',(#2765,#2766,#2767,#2768));
#367=EDGE_LOOP('',(#2769,#2770,#2771,#2772));
#368=EDGE_LOOP('',(#2773,#2774,#2775,#2776));
#369=EDGE_LOOP('',(#2777,#2778,#2779,#2780));
#370=EDGE_LOOP('',(#2781,#2782,#2783,#2784));
#371=EDGE_LOOP('',(#2785,#2786,#2787,#2788));
#372=EDGE_LOOP('',(#2789,#2790,#2791,#2792));
#373=EDGE_LOOP('',(#2793,#2794,#2795,#2796));
#374=EDGE_LOOP('',(#2797,#2798,#2799,#2800));
#375=EDGE_LOOP('',(#2801,#2802,#2803,#2804));
#376=EDGE_LOOP('',(#2805,#2806,#2807,#2808));
#377=EDGE_LOOP('',(#2809,#2810,#2811,#2812));
#378=EDGE_LOOP('',(#2813,#2814,#2815,#2816));
#379=EDGE_LOOP('',(#2817,#2818,#2819,#2820));
#380=EDGE_LOOP('',(#2821,#2822,#2823,#2824));
#381=EDGE_LOOP('',(#2825,#2826,#2827,#2828));
#382=EDGE_LOOP('',(#2829));
#383=EDGE_LOOP('',(#2830,#2831,#2832,#2833));
#384=EDGE_LOOP('',(#2834,#2835,#2836,#2837));
#385=EDGE_LOOP('',(#2838,#2839,#2840,#2841));
#386=EDGE_LOOP('',(#2842,#2843,#2844,#2845));
#387=EDGE_LOOP('',(#2846));
#388=EDGE_LOOP('',(#2847,#2848,#2849,#2850));
#389=EDGE_LOOP('',(#2851,#2852,#2853,#2854));
#390=EDGE_LOOP('',(#2855));
#391=EDGE_LOOP('',(#2856,#2857,#2858,#2859));
#392=EDGE_LOOP('',(#2860,#2861,#2862,#2863));
#393=EDGE_LOOP('',(#2864,#2865,#2866,#2867));
#394=EDGE_LOOP('',(#2868,#2869,#2870,#2871));
#395=EDGE_LOOP('',(#2872));
#396=EDGE_LOOP('',(#2873,#2874,#2875,#2876));
#397=EDGE_LOOP('',(#2877,#2878,#2879,#2880));
#398=EDGE_LOOP('',(#2881,#2882,#2883,#2884,#2885,#2886,#2887,#2888,#2889,
#2890,#2891,#2892,#2893,#2894,#2895,#2896));
#399=EDGE_LOOP('',(#2897,#2898,#2899,#2900,#2901,#2902,#2903,#2904,#2905,
#2906,#2907,#2908,#2909,#2910,#2911,#2912));
#400=EDGE_LOOP('',(#2913,#2914,#2915,#2916,#2917,#2918,#2919,#2920,#2921,
#2922,#2923,#2924,#2925,#2926,#2927,#2928));
#401=EDGE_LOOP('',(#2929,#2930,#2931,#2932));
#402=EDGE_LOOP('',(#2933,#2934,#2935,#2936));
#403=EDGE_LOOP('',(#2937,#2938,#2939,#2940,#2941,#2942));
#404=EDGE_LOOP('',(#2943,#2944,#2945,#2946));
#405=EDGE_LOOP('',(#2947,#2948,#2949,#2950));
#406=EDGE_LOOP('',(#2951,#2952,#2953,#2954));
#407=EDGE_LOOP('',(#2955,#2956,#2957,#2958,#2959,#2960,#2961,#2962,#2963,
#2964,#2965,#2966,#2967,#2968,#2969,#2970,#2971,#2972,#2973,#2974,#2975,
#2976,#2977,#2978));
#408=EDGE_LOOP('',(#2979,#2980,#2981,#2982));
#409=LINE('',#4299,#855);
#410=LINE('',#4301,#856);
#411=LINE('',#4303,#857);
#412=LINE('',#4304,#858);
#413=LINE('',#4307,#859);
#414=LINE('',#4309,#860);
#415=LINE('',#4310,#861);
#416=LINE('',#4313,#862);
#417=LINE('',#4315,#863);
#418=LINE('',#4317,#864);
#419=LINE('',#4319,#865);
#420=LINE('',#4321,#866);
#421=LINE('',#4323,#867);
#422=LINE('',#4325,#868);
#423=LINE('',#4327,#869);
#424=LINE('',#4329,#870);
#425=LINE('',#4331,#871);
#426=LINE('',#4333,#872);
#427=LINE('',#4335,#873);
#428=LINE('',#4337,#874);
#429=LINE('',#4339,#875);
#430=LINE('',#4341,#876);
#431=LINE('',#4343,#877);
#432=LINE('',#4345,#878);
#433=LINE('',#4347,#879);
#434=LINE('',#4349,#880);
#435=LINE('',#4351,#881);
#436=LINE('',#4353,#882);
#437=LINE('',#4355,#883);
#438=LINE('',#4357,#884);
#439=LINE('',#4359,#885);
#440=LINE('',#4361,#886);
#441=LINE('',#4362,#887);
#442=LINE('',#4365,#888);
#443=LINE('',#4367,#889);
#444=LINE('',#4369,#890);
#445=LINE('',#4370,#891);
#446=LINE('',#4373,#892);
#447=LINE('',#4375,#893);
#448=LINE('',#4377,#894);
#449=LINE('',#4379,#895);
#450=LINE('',#4381,#896);
#451=LINE('',#4383,#897);
#452=LINE('',#4385,#898);
#453=LINE('',#4387,#899);
#454=LINE('',#4389,#900);
#455=LINE('',#4391,#901);
#456=LINE('',#4393,#902);
#457=LINE('',#4395,#903);
#458=LINE('',#4397,#904);
#459=LINE('',#4399,#905);
#460=LINE('',#4401,#906);
#461=LINE('',#4402,#907);
#462=LINE('',#4405,#908);
#463=LINE('',#4407,#909);
#464=LINE('',#4409,#910);
#465=LINE('',#4411,#911);
#466=LINE('',#4413,#912);
#467=LINE('',#4415,#913);
#468=LINE('',#4417,#914);
#469=LINE('',#4419,#915);
#470=LINE('',#4421,#916);
#471=LINE('',#4423,#917);
#472=LINE('',#4425,#918);
#473=LINE('',#4427,#919);
#474=LINE('',#4429,#920);
#475=LINE('',#4431,#921);
#476=LINE('',#4433,#922);
#477=LINE('',#4434,#923);
#478=LINE('',#4437,#924);
#479=LINE('',#4439,#925);
#480=LINE('',#4441,#926);
#481=LINE('',#4443,#927);
#482=LINE('',#4445,#928);
#483=LINE('',#4447,#929);
#484=LINE('',#4449,#930);
#485=LINE('',#4451,#931);
#486=LINE('',#4453,#932);
#487=LINE('',#4455,#933);
#488=LINE('',#4457,#934);
#489=LINE('',#4459,#935);
#490=LINE('',#4461,#936);
#491=LINE('',#4463,#937);
#492=LINE('',#4465,#938);
#493=LINE('',#4466,#939);
#494=LINE('',#4469,#940);
#495=LINE('',#4471,#941);
#496=LINE('',#4473,#942);
#497=LINE('',#4474,#943);
#498=LINE('',#4477,#944);
#499=LINE('',#4479,#945);
#500=LINE('',#4481,#946);
#501=LINE('',#4483,#947);
#502=LINE('',#4485,#948);
#503=LINE('',#4486,#949);
#504=LINE('',#4489,#950);
#505=LINE('',#4491,#951);
#506=LINE('',#4493,#952);
#507=LINE('',#4494,#953);
#508=LINE('',#4497,#954);
#509=LINE('',#4499,#955);
#510=LINE('',#4501,#956);
#511=LINE('',#4503,#957);
#512=LINE('',#4505,#958);
#513=LINE('',#4507,#959);
#514=LINE('',#4509,#960);
#515=LINE('',#4511,#961);
#516=LINE('',#4513,#962);
#517=LINE('',#4515,#963);
#518=LINE('',#4517,#964);
#519=LINE('',#4519,#965);
#520=LINE('',#4521,#966);
#521=LINE('',#4523,#967);
#522=LINE('',#4525,#968);
#523=LINE('',#4526,#969);
#524=LINE('',#4529,#970);
#525=LINE('',#4531,#971);
#526=LINE('',#4533,#972);
#527=LINE('',#4535,#973);
#528=LINE('',#4537,#974);
#529=LINE('',#4539,#975);
#530=LINE('',#4541,#976);
#531=LINE('',#4543,#977);
#532=LINE('',#4545,#978);
#533=LINE('',#4547,#979);
#534=LINE('',#4549,#980);
#535=LINE('',#4551,#981);
#536=LINE('',#4553,#982);
#537=LINE('',#4555,#983);
#538=LINE('',#4557,#984);
#539=LINE('',#4558,#985);
#540=LINE('',#4561,#986);
#541=LINE('',#4563,#987);
#542=LINE('',#4565,#988);
#543=LINE('',#4567,#989);
#544=LINE('',#4569,#990);
#545=LINE('',#4571,#991);
#546=LINE('',#4573,#992);
#547=LINE('',#4575,#993);
#548=LINE('',#4577,#994);
#549=LINE('',#4579,#995);
#550=LINE('',#4581,#996);
#551=LINE('',#4583,#997);
#552=LINE('',#4585,#998);
#553=LINE('',#4587,#999);
#554=LINE('',#4589,#1000);
#555=LINE('',#4590,#1001);
#556=LINE('',#4593,#1002);
#557=LINE('',#4595,#1003);
#558=LINE('',#4597,#1004);
#559=LINE('',#4598,#1005);
#560=LINE('',#4601,#1006);
#561=LINE('',#4603,#1007);
#562=LINE('',#4605,#1008);
#563=LINE('',#4607,#1009);
#564=LINE('',#4609,#1010);
#565=LINE('',#4610,#1011);
#566=LINE('',#4615,#1012);
#567=LINE('',#4621,#1013);
#568=LINE('',#4625,#1014);
#569=LINE('',#4627,#1015);
#570=LINE('',#4628,#1016);
#571=LINE('',#4634,#1017);
#572=LINE('',#4638,#1018);
#573=LINE('',#4639,#1019);
#574=LINE('',#4640,#1020);
#575=LINE('',#4644,#1021);
#576=LINE('',#4645,#1022);
#577=LINE('',#4646,#1023);
#578=LINE('',#4649,#1024);
#579=LINE('',#4650,#1025);
#580=LINE('',#4653,#1026);
#581=LINE('',#4654,#1027);
#582=LINE('',#4657,#1028);
#583=LINE('',#4658,#1029);
#584=LINE('',#4661,#1030);
#585=LINE('',#4662,#1031);
#586=LINE('',#4665,#1032);
#587=LINE('',#4666,#1033);
#588=LINE('',#4669,#1034);
#589=LINE('',#4670,#1035);
#590=LINE('',#4673,#1036);
#591=LINE('',#4674,#1037);
#592=LINE('',#4678,#1038);
#593=LINE('',#4679,#1039);
#594=LINE('',#4680,#1040);
#595=LINE('',#4683,#1041);
#596=LINE('',#4684,#1042);
#597=LINE('',#4687,#1043);
#598=LINE('',#4688,#1044);
#599=LINE('',#4691,#1045);
#600=LINE('',#4692,#1046);
#601=LINE('',#4695,#1047);
#602=LINE('',#4696,#1048);
#603=LINE('',#4699,#1049);
#604=LINE('',#4700,#1050);
#605=LINE('',#4703,#1051);
#606=LINE('',#4704,#1052);
#607=LINE('',#4707,#1053);
#608=LINE('',#4708,#1054);
#609=LINE('',#4712,#1055);
#610=LINE('',#4713,#1056);
#611=LINE('',#4714,#1057);
#612=LINE('',#4717,#1058);
#613=LINE('',#4718,#1059);
#614=LINE('',#4721,#1060);
#615=LINE('',#4722,#1061);
#616=LINE('',#4725,#1062);
#617=LINE('',#4726,#1063);
#618=LINE('',#4729,#1064);
#619=LINE('',#4730,#1065);
#620=LINE('',#4733,#1066);
#621=LINE('',#4734,#1067);
#622=LINE('',#4737,#1068);
#623=LINE('',#4738,#1069);
#624=LINE('',#4741,#1070);
#625=LINE('',#4742,#1071);
#626=LINE('',#4745,#1072);
#627=LINE('',#4746,#1073);
#628=LINE('',#4749,#1074);
#629=LINE('',#4750,#1075);
#630=LINE('',#4753,#1076);
#631=LINE('',#4754,#1077);
#632=LINE('',#4757,#1078);
#633=LINE('',#4758,#1079);
#634=LINE('',#4761,#1080);
#635=LINE('',#4762,#1081);
#636=LINE('',#4765,#1082);
#637=LINE('',#4766,#1083);
#638=LINE('',#4769,#1084);
#639=LINE('',#4770,#1085);
#640=LINE('',#4772,#1086);
#641=LINE('',#4775,#1087);
#642=LINE('',#4776,#1088);
#643=LINE('',#4779,#1089);
#644=LINE('',#4780,#1090);
#645=LINE('',#4783,#1091);
#646=LINE('',#4784,#1092);
#647=LINE('',#4787,#1093);
#648=LINE('',#4788,#1094);
#649=LINE('',#4791,#1095);
#650=LINE('',#4792,#1096);
#651=LINE('',#4795,#1097);
#652=LINE('',#4796,#1098);
#653=LINE('',#4799,#1099);
#654=LINE('',#4800,#1100);
#655=LINE('',#4802,#1101);
#656=LINE('',#4805,#1102);
#657=LINE('',#4806,#1103);
#658=LINE('',#4809,#1104);
#659=LINE('',#4810,#1105);
#660=LINE('',#4813,#1106);
#661=LINE('',#4814,#1107);
#662=LINE('',#4817,#1108);
#663=LINE('',#4818,#1109);
#664=LINE('',#4821,#1110);
#665=LINE('',#4822,#1111);
#666=LINE('',#4825,#1112);
#667=LINE('',#4826,#1113);
#668=LINE('',#4829,#1114);
#669=LINE('',#4830,#1115);
#670=LINE('',#4832,#1116);
#671=LINE('',#4835,#1117);
#672=LINE('',#4837,#1118);
#673=LINE('',#4838,#1119);
#674=LINE('',#4842,#1120);
#675=LINE('',#4843,#1121);
#676=LINE('',#4844,#1122);
#677=LINE('',#4846,#1123);
#678=LINE('',#4848,#1124);
#679=LINE('',#4851,#1125);
#680=LINE('',#4852,#1126);
#681=LINE('',#4855,#1127);
#682=LINE('',#4856,#1128);
#683=LINE('',#4858,#1129);
#684=LINE('',#4862,#1130);
#685=LINE('',#4863,#1131);
#686=LINE('',#4864,#1132);
#687=LINE('',#4867,#1133);
#688=LINE('',#4868,#1134);
#689=LINE('',#4871,#1135);
#690=LINE('',#4872,#1136);
#691=LINE('',#4875,#1137);
#692=LINE('',#4876,#1138);
#693=LINE('',#4878,#1139);
#694=LINE('',#4886,#1140);
#695=LINE('',#4887,#1141);
#696=LINE('',#4890,#1142);
#697=LINE('',#4891,#1143);
#698=LINE('',#4894,#1144);
#699=LINE('',#4895,#1145);
#700=LINE('',#4898,#1146);
#701=LINE('',#4899,#1147);
#702=LINE('',#4902,#1148);
#703=LINE('',#4903,#1149);
#704=LINE('',#4906,#1150);
#705=LINE('',#4907,#1151);
#706=LINE('',#4911,#1152);
#707=LINE('',#4912,#1153);
#708=LINE('',#4915,#1154);
#709=LINE('',#4916,#1155);
#710=LINE('',#4918,#1156);
#711=LINE('',#4921,#1157);
#712=LINE('',#4922,#1158);
#713=LINE('',#4925,#1159);
#714=LINE('',#4927,#1160);
#715=LINE('',#4928,#1161);
#716=LINE('',#4930,#1162);
#717=LINE('',#4935,#1163);
#718=LINE('',#4941,#1164);
#719=LINE('',#4945,#1165);
#720=LINE('',#4947,#1166);
#721=LINE('',#4948,#1167);
#722=LINE('',#4954,#1168);
#723=LINE('',#4958,#1169);
#724=LINE('',#4959,#1170);
#725=LINE('',#4960,#1171);
#726=LINE('',#4964,#1172);
#727=LINE('',#4965,#1173);
#728=LINE('',#4966,#1174);
#729=LINE('',#4969,#1175);
#730=LINE('',#4970,#1176);
#731=LINE('',#4973,#1177);
#732=LINE('',#4974,#1178);
#733=LINE('',#4977,#1179);
#734=LINE('',#4978,#1180);
#735=LINE('',#4981,#1181);
#736=LINE('',#4982,#1182);
#737=LINE('',#4985,#1183);
#738=LINE('',#4986,#1184);
#739=LINE('',#4989,#1185);
#740=LINE('',#4990,#1186);
#741=LINE('',#4993,#1187);
#742=LINE('',#4994,#1188);
#743=LINE('',#4998,#1189);
#744=LINE('',#4999,#1190);
#745=LINE('',#5000,#1191);
#746=LINE('',#5003,#1192);
#747=LINE('',#5004,#1193);
#748=LINE('',#5007,#1194);
#749=LINE('',#5008,#1195);
#750=LINE('',#5011,#1196);
#751=LINE('',#5012,#1197);
#752=LINE('',#5015,#1198);
#753=LINE('',#5016,#1199);
#754=LINE('',#5019,#1200);
#755=LINE('',#5020,#1201);
#756=LINE('',#5023,#1202);
#757=LINE('',#5024,#1203);
#758=LINE('',#5027,#1204);
#759=LINE('',#5028,#1205);
#760=LINE('',#5032,#1206);
#761=LINE('',#5033,#1207);
#762=LINE('',#5034,#1208);
#763=LINE('',#5037,#1209);
#764=LINE('',#5038,#1210);
#765=LINE('',#5041,#1211);
#766=LINE('',#5042,#1212);
#767=LINE('',#5045,#1213);
#768=LINE('',#5046,#1214);
#769=LINE('',#5049,#1215);
#770=LINE('',#5050,#1216);
#771=LINE('',#5053,#1217);
#772=LINE('',#5054,#1218);
#773=LINE('',#5057,#1219);
#774=LINE('',#5058,#1220);
#775=LINE('',#5061,#1221);
#776=LINE('',#5062,#1222);
#777=LINE('',#5065,#1223);
#778=LINE('',#5066,#1224);
#779=LINE('',#5069,#1225);
#780=LINE('',#5070,#1226);
#781=LINE('',#5073,#1227);
#782=LINE('',#5074,#1228);
#783=LINE('',#5077,#1229);
#784=LINE('',#5078,#1230);
#785=LINE('',#5081,#1231);
#786=LINE('',#5082,#1232);
#787=LINE('',#5085,#1233);
#788=LINE('',#5086,#1234);
#789=LINE('',#5089,#1235);
#790=LINE('',#5090,#1236);
#791=LINE('',#5092,#1237);
#792=LINE('',#5095,#1238);
#793=LINE('',#5096,#1239);
#794=LINE('',#5099,#1240);
#795=LINE('',#5100,#1241);
#796=LINE('',#5103,#1242);
#797=LINE('',#5104,#1243);
#798=LINE('',#5107,#1244);
#799=LINE('',#5108,#1245);
#800=LINE('',#5111,#1246);
#801=LINE('',#5112,#1247);
#802=LINE('',#5115,#1248);
#803=LINE('',#5116,#1249);
#804=LINE('',#5119,#1250);
#805=LINE('',#5120,#1251);
#806=LINE('',#5122,#1252);
#807=LINE('',#5125,#1253);
#808=LINE('',#5126,#1254);
#809=LINE('',#5129,#1255);
#810=LINE('',#5130,#1256);
#811=LINE('',#5133,#1257);
#812=LINE('',#5134,#1258);
#813=LINE('',#5137,#1259);
#814=LINE('',#5138,#1260);
#815=LINE('',#5141,#1261);
#816=LINE('',#5142,#1262);
#817=LINE('',#5145,#1263);
#818=LINE('',#5146,#1264);
#819=LINE('',#5149,#1265);
#820=LINE('',#5150,#1266);
#821=LINE('',#5152,#1267);
#822=LINE('',#5155,#1268);
#823=LINE('',#5157,#1269);
#824=LINE('',#5158,#1270);
#825=LINE('',#5162,#1271);
#826=LINE('',#5163,#1272);
#827=LINE('',#5164,#1273);
#828=LINE('',#5166,#1274);
#829=LINE('',#5168,#1275);
#830=LINE('',#5171,#1276);
#831=LINE('',#5172,#1277);
#832=LINE('',#5175,#1278);
#833=LINE('',#5176,#1279);
#834=LINE('',#5178,#1280);
#835=LINE('',#5182,#1281);
#836=LINE('',#5183,#1282);
#837=LINE('',#5184,#1283);
#838=LINE('',#5187,#1284);
#839=LINE('',#5188,#1285);
#840=LINE('',#5191,#1286);
#841=LINE('',#5192,#1287);
#842=LINE('',#5194,#1288);
#843=LINE('',#5196,#1289);
#844=LINE('',#5204,#1290);
#845=LINE('',#5205,#1291);
#846=LINE('',#5208,#1292);
#847=LINE('',#5209,#1293);
#848=LINE('',#5212,#1294);
#849=LINE('',#5213,#1295);
#850=LINE('',#5216,#1296);
#851=LINE('',#5217,#1297);
#852=LINE('',#5220,#1298);
#853=LINE('',#5221,#1299);
#854=LINE('',#5223,#1300);
#855=VECTOR('',#3499,10.);
#856=VECTOR('',#3500,10.);
#857=VECTOR('',#3501,10.);
#858=VECTOR('',#3502,10.);
#859=VECTOR('',#3505,10.);
#860=VECTOR('',#3506,10.);
#861=VECTOR('',#3507,10.);
#862=VECTOR('',#3510,10.);
#863=VECTOR('',#3511,10.);
#864=VECTOR('',#3512,10.);
#865=VECTOR('',#3513,10.);
#866=VECTOR('',#3514,10.);
#867=VECTOR('',#3515,10.);
#868=VECTOR('',#3516,10.);
#869=VECTOR('',#3517,10.);
#870=VECTOR('',#3518,10.);
#871=VECTOR('',#3519,10.);
#872=VECTOR('',#3520,10.);
#873=VECTOR('',#3521,10.);
#874=VECTOR('',#3522,10.);
#875=VECTOR('',#3523,10.);
#876=VECTOR('',#3524,10.);
#877=VECTOR('',#3525,10.);
#878=VECTOR('',#3526,10.);
#879=VECTOR('',#3527,10.);
#880=VECTOR('',#3528,10.);
#881=VECTOR('',#3529,10.);
#882=VECTOR('',#3530,10.);
#883=VECTOR('',#3531,10.);
#884=VECTOR('',#3532,10.);
#885=VECTOR('',#3533,10.);
#886=VECTOR('',#3534,10.);
#887=VECTOR('',#3535,10.);
#888=VECTOR('',#3536,10.);
#889=VECTOR('',#3537,10.);
#890=VECTOR('',#3538,10.);
#891=VECTOR('',#3539,10.);
#892=VECTOR('',#3540,10.);
#893=VECTOR('',#3541,10.);
#894=VECTOR('',#3542,10.);
#895=VECTOR('',#3543,10.);
#896=VECTOR('',#3544,10.);
#897=VECTOR('',#3545,10.);
#898=VECTOR('',#3546,10.);
#899=VECTOR('',#3547,10.);
#900=VECTOR('',#3548,10.);
#901=VECTOR('',#3549,10.);
#902=VECTOR('',#3550,10.);
#903=VECTOR('',#3551,10.);
#904=VECTOR('',#3552,10.);
#905=VECTOR('',#3553,10.);
#906=VECTOR('',#3554,10.);
#907=VECTOR('',#3555,10.);
#908=VECTOR('',#3556,10.);
#909=VECTOR('',#3557,10.);
#910=VECTOR('',#3558,10.);
#911=VECTOR('',#3559,10.);
#912=VECTOR('',#3560,10.);
#913=VECTOR('',#3561,10.);
#914=VECTOR('',#3562,10.);
#915=VECTOR('',#3563,10.);
#916=VECTOR('',#3564,10.);
#917=VECTOR('',#3565,10.);
#918=VECTOR('',#3566,10.);
#919=VECTOR('',#3567,10.);
#920=VECTOR('',#3568,10.);
#921=VECTOR('',#3569,10.);
#922=VECTOR('',#3570,10.);
#923=VECTOR('',#3571,10.);
#924=VECTOR('',#3572,10.);
#925=VECTOR('',#3573,10.);
#926=VECTOR('',#3574,10.);
#927=VECTOR('',#3575,10.);
#928=VECTOR('',#3576,10.);
#929=VECTOR('',#3577,10.);
#930=VECTOR('',#3578,10.);
#931=VECTOR('',#3579,10.);
#932=VECTOR('',#3580,10.);
#933=VECTOR('',#3581,10.);
#934=VECTOR('',#3582,10.);
#935=VECTOR('',#3583,10.);
#936=VECTOR('',#3584,10.);
#937=VECTOR('',#3585,10.);
#938=VECTOR('',#3586,10.);
#939=VECTOR('',#3587,10.);
#940=VECTOR('',#3588,10.);
#941=VECTOR('',#3589,10.);
#942=VECTOR('',#3590,10.);
#943=VECTOR('',#3591,10.);
#944=VECTOR('',#3592,10.);
#945=VECTOR('',#3593,10.);
#946=VECTOR('',#3594,10.);
#947=VECTOR('',#3595,10.);
#948=VECTOR('',#3596,10.);
#949=VECTOR('',#3597,10.);
#950=VECTOR('',#3598,10.);
#951=VECTOR('',#3599,10.);
#952=VECTOR('',#3600,10.);
#953=VECTOR('',#3601,10.);
#954=VECTOR('',#3602,10.);
#955=VECTOR('',#3603,10.);
#956=VECTOR('',#3604,10.);
#957=VECTOR('',#3605,10.);
#958=VECTOR('',#3606,10.);
#959=VECTOR('',#3607,10.);
#960=VECTOR('',#3608,10.);
#961=VECTOR('',#3609,10.);
#962=VECTOR('',#3610,10.);
#963=VECTOR('',#3611,10.);
#964=VECTOR('',#3612,10.);
#965=VECTOR('',#3613,10.);
#966=VECTOR('',#3614,10.);
#967=VECTOR('',#3615,10.);
#968=VECTOR('',#3616,10.);
#969=VECTOR('',#3617,10.);
#970=VECTOR('',#3618,10.);
#971=VECTOR('',#3619,10.);
#972=VECTOR('',#3620,10.);
#973=VECTOR('',#3621,10.);
#974=VECTOR('',#3622,10.);
#975=VECTOR('',#3623,10.);
#976=VECTOR('',#3624,10.);
#977=VECTOR('',#3625,10.);
#978=VECTOR('',#3626,10.);
#979=VECTOR('',#3627,10.);
#980=VECTOR('',#3628,10.);
#981=VECTOR('',#3629,10.);
#982=VECTOR('',#3630,10.);
#983=VECTOR('',#3631,10.);
#984=VECTOR('',#3632,10.);
#985=VECTOR('',#3633,10.);
#986=VECTOR('',#3634,10.);
#987=VECTOR('',#3635,10.);
#988=VECTOR('',#3636,10.);
#989=VECTOR('',#3637,10.);
#990=VECTOR('',#3638,10.);
#991=VECTOR('',#3639,10.);
#992=VECTOR('',#3640,10.);
#993=VECTOR('',#3641,10.);
#994=VECTOR('',#3642,10.);
#995=VECTOR('',#3643,10.);
#996=VECTOR('',#3644,10.);
#997=VECTOR('',#3645,10.);
#998=VECTOR('',#3646,10.);
#999=VECTOR('',#3647,10.);
#1000=VECTOR('',#3648,10.);
#1001=VECTOR('',#3649,10.);
#1002=VECTOR('',#3650,10.);
#1003=VECTOR('',#3651,10.);
#1004=VECTOR('',#3652,10.);
#1005=VECTOR('',#3653,10.);
#1006=VECTOR('',#3654,10.);
#1007=VECTOR('',#3655,10.);
#1008=VECTOR('',#3656,10.);
#1009=VECTOR('',#3657,10.);
#1010=VECTOR('',#3658,10.);
#1011=VECTOR('',#3659,10.);
#1012=VECTOR('',#3664,2.4);
#1013=VECTOR('',#3671,2.4);
#1014=VECTOR('',#3676,10.);
#1015=VECTOR('',#3677,10.);
#1016=VECTOR('',#3678,10.);
#1017=VECTOR('',#3685,2.4);
#1018=VECTOR('',#3688,10.);
#1019=VECTOR('',#3689,10.);
#1020=VECTOR('',#3690,10.);
#1021=VECTOR('',#3693,10.);
#1022=VECTOR('',#3694,10.);
#1023=VECTOR('',#3695,10.);
#1024=VECTOR('',#3698,10.);
#1025=VECTOR('',#3699,10.);
#1026=VECTOR('',#3702,10.);
#1027=VECTOR('',#3703,10.);
#1028=VECTOR('',#3706,10.);
#1029=VECTOR('',#3707,10.);
#1030=VECTOR('',#3710,10.);
#1031=VECTOR('',#3711,10.);
#1032=VECTOR('',#3714,10.);
#1033=VECTOR('',#3715,10.);
#1034=VECTOR('',#3718,10.);
#1035=VECTOR('',#3719,10.);
#1036=VECTOR('',#3722,10.);
#1037=VECTOR('',#3723,10.);
#1038=VECTOR('',#3726,10.);
#1039=VECTOR('',#3727,10.);
#1040=VECTOR('',#3728,10.);
#1041=VECTOR('',#3731,10.);
#1042=VECTOR('',#3732,10.);
#1043=VECTOR('',#3735,10.);
#1044=VECTOR('',#3736,10.);
#1045=VECTOR('',#3739,10.);
#1046=VECTOR('',#3740,10.);
#1047=VECTOR('',#3743,10.);
#1048=VECTOR('',#3744,10.);
#1049=VECTOR('',#3747,10.);
#1050=VECTOR('',#3748,10.);
#1051=VECTOR('',#3751,10.);
#1052=VECTOR('',#3752,10.);
#1053=VECTOR('',#3755,10.);
#1054=VECTOR('',#3756,10.);
#1055=VECTOR('',#3759,10.);
#1056=VECTOR('',#3760,10.);
#1057=VECTOR('',#3761,10.);
#1058=VECTOR('',#3764,10.);
#1059=VECTOR('',#3765,10.);
#1060=VECTOR('',#3768,10.);
#1061=VECTOR('',#3769,10.);
#1062=VECTOR('',#3772,10.);
#1063=VECTOR('',#3773,10.);
#1064=VECTOR('',#3776,10.);
#1065=VECTOR('',#3777,10.);
#1066=VECTOR('',#3780,10.);
#1067=VECTOR('',#3781,10.);
#1068=VECTOR('',#3784,10.);
#1069=VECTOR('',#3785,10.);
#1070=VECTOR('',#3788,10.);
#1071=VECTOR('',#3789,10.);
#1072=VECTOR('',#3792,10.);
#1073=VECTOR('',#3793,10.);
#1074=VECTOR('',#3796,10.);
#1075=VECTOR('',#3797,10.);
#1076=VECTOR('',#3800,10.);
#1077=VECTOR('',#3801,10.);
#1078=VECTOR('',#3804,10.);
#1079=VECTOR('',#3805,10.);
#1080=VECTOR('',#3808,10.);
#1081=VECTOR('',#3809,10.);
#1082=VECTOR('',#3812,10.);
#1083=VECTOR('',#3813,10.);
#1084=VECTOR('',#3816,10.);
#1085=VECTOR('',#3817,10.);
#1086=VECTOR('',#3820,10.);
#1087=VECTOR('',#3823,10.);
#1088=VECTOR('',#3824,10.);
#1089=VECTOR('',#3827,10.);
#1090=VECTOR('',#3828,10.);
#1091=VECTOR('',#3831,10.);
#1092=VECTOR('',#3832,10.);
#1093=VECTOR('',#3835,10.);
#1094=VECTOR('',#3836,10.);
#1095=VECTOR('',#3839,10.);
#1096=VECTOR('',#3840,10.);
#1097=VECTOR('',#3843,10.);
#1098=VECTOR('',#3844,10.);
#1099=VECTOR('',#3847,10.);
#1100=VECTOR('',#3848,10.);
#1101=VECTOR('',#3851,10.);
#1102=VECTOR('',#3854,10.);
#1103=VECTOR('',#3855,10.);
#1104=VECTOR('',#3858,10.);
#1105=VECTOR('',#3859,10.);
#1106=VECTOR('',#3862,10.);
#1107=VECTOR('',#3863,10.);
#1108=VECTOR('',#3866,10.);
#1109=VECTOR('',#3867,10.);
#1110=VECTOR('',#3870,10.);
#1111=VECTOR('',#3871,10.);
#1112=VECTOR('',#3874,10.);
#1113=VECTOR('',#3875,10.);
#1114=VECTOR('',#3878,10.);
#1115=VECTOR('',#3879,10.);
#1116=VECTOR('',#3882,10.);
#1117=VECTOR('',#3885,10.);
#1118=VECTOR('',#3886,10.);
#1119=VECTOR('',#3887,10.);
#1120=VECTOR('',#3890,10.);
#1121=VECTOR('',#3891,10.);
#1122=VECTOR('',#3892,10.);
#1123=VECTOR('',#3895,10.);
#1124=VECTOR('',#3898,10.);
#1125=VECTOR('',#3901,10.);
#1126=VECTOR('',#3902,10.);
#1127=VECTOR('',#3905,10.);
#1128=VECTOR('',#3906,10.);
#1129=VECTOR('',#3909,10.);
#1130=VECTOR('',#3912,10.);
#1131=VECTOR('',#3913,10.);
#1132=VECTOR('',#3914,10.);
#1133=VECTOR('',#3917,10.);
#1134=VECTOR('',#3918,10.);
#1135=VECTOR('',#3921,10.);
#1136=VECTOR('',#3922,10.);
#1137=VECTOR('',#3925,10.);
#1138=VECTOR('',#3926,10.);
#1139=VECTOR('',#3929,10.);
#1140=VECTOR('',#3942,10.);
#1141=VECTOR('',#3943,10.);
#1142=VECTOR('',#3946,10.);
#1143=VECTOR('',#3947,10.);
#1144=VECTOR('',#3950,10.);
#1145=VECTOR('',#3951,10.);
#1146=VECTOR('',#3954,10.);
#1147=VECTOR('',#3955,10.);
#1148=VECTOR('',#3958,10.);
#1149=VECTOR('',#3959,10.);
#1150=VECTOR('',#3962,10.);
#1151=VECTOR('',#3963,10.);
#1152=VECTOR('',#3968,10.);
#1153=VECTOR('',#3969,10.);
#1154=VECTOR('',#3972,10.);
#1155=VECTOR('',#3973,10.);
#1156=VECTOR('',#3976,10.);
#1157=VECTOR('',#3979,10.);
#1158=VECTOR('',#3980,10.);
#1159=VECTOR('',#3983,10.);
#1160=VECTOR('',#3984,10.);
#1161=VECTOR('',#3985,10.);
#1162=VECTOR('',#3988,10.);
#1163=VECTOR('',#3993,2.4);
#1164=VECTOR('',#4000,2.4);
#1165=VECTOR('',#4005,10.);
#1166=VECTOR('',#4006,10.);
#1167=VECTOR('',#4007,10.);
#1168=VECTOR('',#4014,2.4);
#1169=VECTOR('',#4017,10.);
#1170=VECTOR('',#4018,10.);
#1171=VECTOR('',#4019,10.);
#1172=VECTOR('',#4022,10.);
#1173=VECTOR('',#4023,10.);
#1174=VECTOR('',#4024,10.);
#1175=VECTOR('',#4027,10.);
#1176=VECTOR('',#4028,10.);
#1177=VECTOR('',#4031,10.);
#1178=VECTOR('',#4032,10.);
#1179=VECTOR('',#4035,10.);
#1180=VECTOR('',#4036,10.);
#1181=VECTOR('',#4039,10.);
#1182=VECTOR('',#4040,10.);
#1183=VECTOR('',#4043,10.);
#1184=VECTOR('',#4044,10.);
#1185=VECTOR('',#4047,10.);
#1186=VECTOR('',#4048,10.);
#1187=VECTOR('',#4051,10.);
#1188=VECTOR('',#4052,10.);
#1189=VECTOR('',#4055,10.);
#1190=VECTOR('',#4056,10.);
#1191=VECTOR('',#4057,10.);
#1192=VECTOR('',#4060,10.);
#1193=VECTOR('',#4061,10.);
#1194=VECTOR('',#4064,10.);
#1195=VECTOR('',#4065,10.);
#1196=VECTOR('',#4068,10.);
#1197=VECTOR('',#4069,10.);
#1198=VECTOR('',#4072,10.);
#1199=VECTOR('',#4073,10.);
#1200=VECTOR('',#4076,10.);
#1201=VECTOR('',#4077,10.);
#1202=VECTOR('',#4080,10.);
#1203=VECTOR('',#4081,10.);
#1204=VECTOR('',#4084,10.);
#1205=VECTOR('',#4085,10.);
#1206=VECTOR('',#4088,10.);
#1207=VECTOR('',#4089,10.);
#1208=VECTOR('',#4090,10.);
#1209=VECTOR('',#4093,10.);
#1210=VECTOR('',#4094,10.);
#1211=VECTOR('',#4097,10.);
#1212=VECTOR('',#4098,10.);
#1213=VECTOR('',#4101,10.);
#1214=VECTOR('',#4102,10.);
#1215=VECTOR('',#4105,10.);
#1216=VECTOR('',#4106,10.);
#1217=VECTOR('',#4109,10.);
#1218=VECTOR('',#4110,10.);
#1219=VECTOR('',#4113,10.);
#1220=VECTOR('',#4114,10.);
#1221=VECTOR('',#4117,10.);
#1222=VECTOR('',#4118,10.);
#1223=VECTOR('',#4121,10.);
#1224=VECTOR('',#4122,10.);
#1225=VECTOR('',#4125,10.);
#1226=VECTOR('',#4126,10.);
#1227=VECTOR('',#4129,10.);
#1228=VECTOR('',#4130,10.);
#1229=VECTOR('',#4133,10.);
#1230=VECTOR('',#4134,10.);
#1231=VECTOR('',#4137,10.);
#1232=VECTOR('',#4138,10.);
#1233=VECTOR('',#4141,10.);
#1234=VECTOR('',#4142,10.);
#1235=VECTOR('',#4145,10.);
#1236=VECTOR('',#4146,10.);
#1237=VECTOR('',#4149,10.);
#1238=VECTOR('',#4152,10.);
#1239=VECTOR('',#4153,10.);
#1240=VECTOR('',#4156,10.);
#1241=VECTOR('',#4157,10.);
#1242=VECTOR('',#4160,10.);
#1243=VECTOR('',#4161,10.);
#1244=VECTOR('',#4164,10.);
#1245=VECTOR('',#4165,10.);
#1246=VECTOR('',#4168,10.);
#1247=VECTOR('',#4169,10.);
#1248=VECTOR('',#4172,10.);
#1249=VECTOR('',#4173,10.);
#1250=VECTOR('',#4176,10.);
#1251=VECTOR('',#4177,10.);
#1252=VECTOR('',#4180,10.);
#1253=VECTOR('',#4183,10.);
#1254=VECTOR('',#4184,10.);
#1255=VECTOR('',#4187,10.);
#1256=VECTOR('',#4188,10.);
#1257=VECTOR('',#4191,10.);
#1258=VECTOR('',#4192,10.);
#1259=VECTOR('',#4195,10.);
#1260=VECTOR('',#4196,10.);
#1261=VECTOR('',#4199,10.);
#1262=VECTOR('',#4200,10.);
#1263=VECTOR('',#4203,10.);
#1264=VECTOR('',#4204,10.);
#1265=VECTOR('',#4207,10.);
#1266=VECTOR('',#4208,10.);
#1267=VECTOR('',#4211,10.);
#1268=VECTOR('',#4214,10.);
#1269=VECTOR('',#4215,10.);
#1270=VECTOR('',#4216,10.);
#1271=VECTOR('',#4219,10.);
#1272=VECTOR('',#4220,10.);
#1273=VECTOR('',#4221,10.);
#1274=VECTOR('',#4224,10.);
#1275=VECTOR('',#4227,10.);
#1276=VECTOR('',#4230,10.);
#1277=VECTOR('',#4231,10.);
#1278=VECTOR('',#4234,10.);
#1279=VECTOR('',#4235,10.);
#1280=VECTOR('',#4238,10.);
#1281=VECTOR('',#4241,10.);
#1282=VECTOR('',#4242,10.);
#1283=VECTOR('',#4243,10.);
#1284=VECTOR('',#4246,10.);
#1285=VECTOR('',#4247,10.);
#1286=VECTOR('',#4250,10.);
#1287=VECTOR('',#4251,10.);
#1288=VECTOR('',#4254,10.);
#1289=VECTOR('',#4257,10.);
#1290=VECTOR('',#4270,10.);
#1291=VECTOR('',#4271,10.);
#1292=VECTOR('',#4274,10.);
#1293=VECTOR('',#4275,10.);
#1294=VECTOR('',#4278,10.);
#1295=VECTOR('',#4279,10.);
#1296=VECTOR('',#4282,10.);
#1297=VECTOR('',#4283,10.);
#1298=VECTOR('',#4286,10.);
#1299=VECTOR('',#4287,10.);
#1300=VECTOR('',#4290,10.);
#1301=VERTEX_POINT('',#4297);
#1302=VERTEX_POINT('',#4298);
#1303=VERTEX_POINT('',#4300);
#1304=VERTEX_POINT('',#4302);
#1305=VERTEX_POINT('',#4306);
#1306=VERTEX_POINT('',#4308);
#1307=VERTEX_POINT('',#4312);
#1308=VERTEX_POINT('',#4314);
#1309=VERTEX_POINT('',#4316);
#1310=VERTEX_POINT('',#4318);
#1311=VERTEX_POINT('',#4320);
#1312=VERTEX_POINT('',#4322);
#1313=VERTEX_POINT('',#4324);
#1314=VERTEX_POINT('',#4326);
#1315=VERTEX_POINT('',#4328);
#1316=VERTEX_POINT('',#4330);
#1317=VERTEX_POINT('',#4332);
#1318=VERTEX_POINT('',#4334);
#1319=VERTEX_POINT('',#4336);
#1320=VERTEX_POINT('',#4338);
#1321=VERTEX_POINT('',#4340);
#1322=VERTEX_POINT('',#4342);
#1323=VERTEX_POINT('',#4344);
#1324=VERTEX_POINT('',#4346);
#1325=VERTEX_POINT('',#4348);
#1326=VERTEX_POINT('',#4350);
#1327=VERTEX_POINT('',#4352);
#1328=VERTEX_POINT('',#4354);
#1329=VERTEX_POINT('',#4356);
#1330=VERTEX_POINT('',#4358);
#1331=VERTEX_POINT('',#4360);
#1332=VERTEX_POINT('',#4363);
#1333=VERTEX_POINT('',#4364);
#1334=VERTEX_POINT('',#4366);
#1335=VERTEX_POINT('',#4368);
#1336=VERTEX_POINT('',#4371);
#1337=VERTEX_POINT('',#4372);
#1338=VERTEX_POINT('',#4374);
#1339=VERTEX_POINT('',#4376);
#1340=VERTEX_POINT('',#4378);
#1341=VERTEX_POINT('',#4380);
#1342=VERTEX_POINT('',#4382);
#1343=VERTEX_POINT('',#4384);
#1344=VERTEX_POINT('',#4386);
#1345=VERTEX_POINT('',#4388);
#1346=VERTEX_POINT('',#4390);
#1347=VERTEX_POINT('',#4392);
#1348=VERTEX_POINT('',#4394);
#1349=VERTEX_POINT('',#4396);
#1350=VERTEX_POINT('',#4398);
#1351=VERTEX_POINT('',#4400);
#1352=VERTEX_POINT('',#4403);
#1353=VERTEX_POINT('',#4404);
#1354=VERTEX_POINT('',#4406);
#1355=VERTEX_POINT('',#4408);
#1356=VERTEX_POINT('',#4410);
#1357=VERTEX_POINT('',#4412);
#1358=VERTEX_POINT('',#4414);
#1359=VERTEX_POINT('',#4416);
#1360=VERTEX_POINT('',#4418);
#1361=VERTEX_POINT('',#4420);
#1362=VERTEX_POINT('',#4422);
#1363=VERTEX_POINT('',#4424);
#1364=VERTEX_POINT('',#4426);
#1365=VERTEX_POINT('',#4428);
#1366=VERTEX_POINT('',#4430);
#1367=VERTEX_POINT('',#4432);
#1368=VERTEX_POINT('',#4435);
#1369=VERTEX_POINT('',#4436);
#1370=VERTEX_POINT('',#4438);
#1371=VERTEX_POINT('',#4440);
#1372=VERTEX_POINT('',#4442);
#1373=VERTEX_POINT('',#4444);
#1374=VERTEX_POINT('',#4446);
#1375=VERTEX_POINT('',#4448);
#1376=VERTEX_POINT('',#4450);
#1377=VERTEX_POINT('',#4452);
#1378=VERTEX_POINT('',#4454);
#1379=VERTEX_POINT('',#4456);
#1380=VERTEX_POINT('',#4458);
#1381=VERTEX_POINT('',#4460);
#1382=VERTEX_POINT('',#4462);
#1383=VERTEX_POINT('',#4464);
#1384=VERTEX_POINT('',#4467);
#1385=VERTEX_POINT('',#4468);
#1386=VERTEX_POINT('',#4470);
#1387=VERTEX_POINT('',#4472);
#1388=VERTEX_POINT('',#4475);
#1389=VERTEX_POINT('',#4476);
#1390=VERTEX_POINT('',#4478);
#1391=VERTEX_POINT('',#4480);
#1392=VERTEX_POINT('',#4482);
#1393=VERTEX_POINT('',#4484);
#1394=VERTEX_POINT('',#4487);
#1395=VERTEX_POINT('',#4488);
#1396=VERTEX_POINT('',#4490);
#1397=VERTEX_POINT('',#4492);
#1398=VERTEX_POINT('',#4495);
#1399=VERTEX_POINT('',#4496);
#1400=VERTEX_POINT('',#4498);
#1401=VERTEX_POINT('',#4500);
#1402=VERTEX_POINT('',#4502);
#1403=VERTEX_POINT('',#4504);
#1404=VERTEX_POINT('',#4506);
#1405=VERTEX_POINT('',#4508);
#1406=VERTEX_POINT('',#4510);
#1407=VERTEX_POINT('',#4512);
#1408=VERTEX_POINT('',#4514);
#1409=VERTEX_POINT('',#4516);
#1410=VERTEX_POINT('',#4518);
#1411=VERTEX_POINT('',#4520);
#1412=VERTEX_POINT('',#4522);
#1413=VERTEX_POINT('',#4524);
#1414=VERTEX_POINT('',#4527);
#1415=VERTEX_POINT('',#4528);
#1416=VERTEX_POINT('',#4530);
#1417=VERTEX_POINT('',#4532);
#1418=VERTEX_POINT('',#4534);
#1419=VERTEX_POINT('',#4536);
#1420=VERTEX_POINT('',#4538);
#1421=VERTEX_POINT('',#4540);
#1422=VERTEX_POINT('',#4542);
#1423=VERTEX_POINT('',#4544);
#1424=VERTEX_POINT('',#4546);
#1425=VERTEX_POINT('',#4548);
#1426=VERTEX_POINT('',#4550);
#1427=VERTEX_POINT('',#4552);
#1428=VERTEX_POINT('',#4554);
#1429=VERTEX_POINT('',#4556);
#1430=VERTEX_POINT('',#4559);
#1431=VERTEX_POINT('',#4560);
#1432=VERTEX_POINT('',#4562);
#1433=VERTEX_POINT('',#4564);
#1434=VERTEX_POINT('',#4566);
#1435=VERTEX_POINT('',#4568);
#1436=VERTEX_POINT('',#4570);
#1437=VERTEX_POINT('',#4572);
#1438=VERTEX_POINT('',#4574);
#1439=VERTEX_POINT('',#4576);
#1440=VERTEX_POINT('',#4578);
#1441=VERTEX_POINT('',#4580);
#1442=VERTEX_POINT('',#4582);
#1443=VERTEX_POINT('',#4584);
#1444=VERTEX_POINT('',#4586);
#1445=VERTEX_POINT('',#4588);
#1446=VERTEX_POINT('',#4591);
#1447=VERTEX_POINT('',#4592);
#1448=VERTEX_POINT('',#4594);
#1449=VERTEX_POINT('',#4596);
#1450=VERTEX_POINT('',#4599);
#1451=VERTEX_POINT('',#4600);
#1452=VERTEX_POINT('',#4602);
#1453=VERTEX_POINT('',#4604);
#1454=VERTEX_POINT('',#4606);
#1455=VERTEX_POINT('',#4608);
#1456=VERTEX_POINT('',#4612);
#1457=VERTEX_POINT('',#4614);
#1458=VERTEX_POINT('',#4618);
#1459=VERTEX_POINT('',#4620);
#1460=VERTEX_POINT('',#4624);
#1461=VERTEX_POINT('',#4626);
#1462=VERTEX_POINT('',#4629);
#1463=VERTEX_POINT('',#4632);
#1464=VERTEX_POINT('',#4636);
#1465=VERTEX_POINT('',#4637);
#1466=VERTEX_POINT('',#4642);
#1467=VERTEX_POINT('',#4643);
#1468=VERTEX_POINT('',#4648);
#1469=VERTEX_POINT('',#4652);
#1470=VERTEX_POINT('',#4656);
#1471=VERTEX_POINT('',#4660);
#1472=VERTEX_POINT('',#4664);
#1473=VERTEX_POINT('',#4668);
#1474=VERTEX_POINT('',#4672);
#1475=VERTEX_POINT('',#4676);
#1476=VERTEX_POINT('',#4677);
#1477=VERTEX_POINT('',#4682);
#1478=VERTEX_POINT('',#4686);
#1479=VERTEX_POINT('',#4690);
#1480=VERTEX_POINT('',#4694);
#1481=VERTEX_POINT('',#4698);
#1482=VERTEX_POINT('',#4702);
#1483=VERTEX_POINT('',#4706);
#1484=VERTEX_POINT('',#4710);
#1485=VERTEX_POINT('',#4711);
#1486=VERTEX_POINT('',#4716);
#1487=VERTEX_POINT('',#4720);
#1488=VERTEX_POINT('',#4724);
#1489=VERTEX_POINT('',#4728);
#1490=VERTEX_POINT('',#4732);
#1491=VERTEX_POINT('',#4736);
#1492=VERTEX_POINT('',#4740);
#1493=VERTEX_POINT('',#4744);
#1494=VERTEX_POINT('',#4748);
#1495=VERTEX_POINT('',#4752);
#1496=VERTEX_POINT('',#4756);
#1497=VERTEX_POINT('',#4760);
#1498=VERTEX_POINT('',#4764);
#1499=VERTEX_POINT('',#4768);
#1500=VERTEX_POINT('',#4774);
#1501=VERTEX_POINT('',#4778);
#1502=VERTEX_POINT('',#4782);
#1503=VERTEX_POINT('',#4786);
#1504=VERTEX_POINT('',#4790);
#1505=VERTEX_POINT('',#4794);
#1506=VERTEX_POINT('',#4798);
#1507=VERTEX_POINT('',#4804);
#1508=VERTEX_POINT('',#4808);
#1509=VERTEX_POINT('',#4812);
#1510=VERTEX_POINT('',#4816);
#1511=VERTEX_POINT('',#4820);
#1512=VERTEX_POINT('',#4824);
#1513=VERTEX_POINT('',#4828);
#1514=VERTEX_POINT('',#4834);
#1515=VERTEX_POINT('',#4836);
#1516=VERTEX_POINT('',#4840);
#1517=VERTEX_POINT('',#4841);
#1518=VERTEX_POINT('',#4850);
#1519=VERTEX_POINT('',#4854);
#1520=VERTEX_POINT('',#4860);
#1521=VERTEX_POINT('',#4861);
#1522=VERTEX_POINT('',#4866);
#1523=VERTEX_POINT('',#4870);
#1524=VERTEX_POINT('',#4874);
#1525=VERTEX_POINT('',#4885);
#1526=VERTEX_POINT('',#4889);
#1527=VERTEX_POINT('',#4893);
#1528=VERTEX_POINT('',#4897);
#1529=VERTEX_POINT('',#4901);
#1530=VERTEX_POINT('',#4905);
#1531=VERTEX_POINT('',#4910);
#1532=VERTEX_POINT('',#4914);
#1533=VERTEX_POINT('',#4920);
#1534=VERTEX_POINT('',#4924);
#1535=VERTEX_POINT('',#4926);
#1536=VERTEX_POINT('',#4932);
#1537=VERTEX_POINT('',#4934);
#1538=VERTEX_POINT('',#4938);
#1539=VERTEX_POINT('',#4940);
#1540=VERTEX_POINT('',#4944);
#1541=VERTEX_POINT('',#4946);
#1542=VERTEX_POINT('',#4949);
#1543=VERTEX_POINT('',#4952);
#1544=VERTEX_POINT('',#4956);
#1545=VERTEX_POINT('',#4957);
#1546=VERTEX_POINT('',#4962);
#1547=VERTEX_POINT('',#4963);
#1548=VERTEX_POINT('',#4968);
#1549=VERTEX_POINT('',#4972);
#1550=VERTEX_POINT('',#4976);
#1551=VERTEX_POINT('',#4980);
#1552=VERTEX_POINT('',#4984);
#1553=VERTEX_POINT('',#4988);
#1554=VERTEX_POINT('',#4992);
#1555=VERTEX_POINT('',#4996);
#1556=VERTEX_POINT('',#4997);
#1557=VERTEX_POINT('',#5002);
#1558=VERTEX_POINT('',#5006);
#1559=VERTEX_POINT('',#5010);
#1560=VERTEX_POINT('',#5014);
#1561=VERTEX_POINT('',#5018);
#1562=VERTEX_POINT('',#5022);
#1563=VERTEX_POINT('',#5026);
#1564=VERTEX_POINT('',#5030);
#1565=VERTEX_POINT('',#5031);
#1566=VERTEX_POINT('',#5036);
#1567=VERTEX_POINT('',#5040);
#1568=VERTEX_POINT('',#5044);
#1569=VERTEX_POINT('',#5048);
#1570=VERTEX_POINT('',#5052);
#1571=VERTEX_POINT('',#5056);
#1572=VERTEX_POINT('',#5060);
#1573=VERTEX_POINT('',#5064);
#1574=VERTEX_POINT('',#5068);
#1575=VERTEX_POINT('',#5072);
#1576=VERTEX_POINT('',#5076);
#1577=VERTEX_POINT('',#5080);
#1578=VERTEX_POINT('',#5084);
#1579=VERTEX_POINT('',#5088);
#1580=VERTEX_POINT('',#5094);
#1581=VERTEX_POINT('',#5098);
#1582=VERTEX_POINT('',#5102);
#1583=VERTEX_POINT('',#5106);
#1584=VERTEX_POINT('',#5110);
#1585=VERTEX_POINT('',#5114);
#1586=VERTEX_POINT('',#5118);
#1587=VERTEX_POINT('',#5124);
#1588=VERTEX_POINT('',#5128);
#1589=VERTEX_POINT('',#5132);
#1590=VERTEX_POINT('',#5136);
#1591=VERTEX_POINT('',#5140);
#1592=VERTEX_POINT('',#5144);
#1593=VERTEX_POINT('',#5148);
#1594=VERTEX_POINT('',#5154);
#1595=VERTEX_POINT('',#5156);
#1596=VERTEX_POINT('',#5160);
#1597=VERTEX_POINT('',#5161);
#1598=VERTEX_POINT('',#5170);
#1599=VERTEX_POINT('',#5174);
#1600=VERTEX_POINT('',#5180);
#1601=VERTEX_POINT('',#5181);
#1602=VERTEX_POINT('',#5186);
#1603=VERTEX_POINT('',#5190);
#1604=VERTEX_POINT('',#5203);
#1605=VERTEX_POINT('',#5207);
#1606=VERTEX_POINT('',#5211);
#1607=VERTEX_POINT('',#5215);
#1608=VERTEX_POINT('',#5219);
#1609=EDGE_CURVE('',#1301,#1302,#409,.T.);
#1610=EDGE_CURVE('',#1303,#1301,#410,.T.);
#1611=EDGE_CURVE('',#1304,#1303,#411,.T.);
#1612=EDGE_CURVE('',#1302,#1304,#412,.T.);
#1613=EDGE_CURVE('',#1305,#1304,#413,.T.);
#1614=EDGE_CURVE('',#1306,#1305,#414,.T.);
#1615=EDGE_CURVE('',#1302,#1306,#415,.T.);
#1616=EDGE_CURVE('',#1303,#1307,#416,.T.);
#1617=EDGE_CURVE('',#1307,#1308,#417,.T.);
#1618=EDGE_CURVE('',#1309,#1308,#418,.T.);
#1619=EDGE_CURVE('',#1310,#1309,#419,.T.);
#1620=EDGE_CURVE('',#1311,#1310,#420,.T.);
#1621=EDGE_CURVE('',#1312,#1311,#421,.T.);
#1622=EDGE_CURVE('',#1312,#1313,#422,.T.);
#1623=EDGE_CURVE('',#1314,#1313,#423,.T.);
#1624=EDGE_CURVE('',#1315,#1314,#424,.T.);
#1625=EDGE_CURVE('',#1315,#1316,#425,.T.);
#1626=EDGE_CURVE('',#1317,#1316,#426,.T.);
#1627=EDGE_CURVE('',#1318,#1317,#427,.T.);
#1628=EDGE_CURVE('',#1318,#1319,#428,.T.);
#1629=EDGE_CURVE('',#1320,#1319,#429,.T.);
#1630=EDGE_CURVE('',#1321,#1320,#430,.T.);
#1631=EDGE_CURVE('',#1321,#1322,#431,.T.);
#1632=EDGE_CURVE('',#1322,#1323,#432,.T.);
#1633=EDGE_CURVE('',#1324,#1323,#433,.T.);
#1634=EDGE_CURVE('',#1324,#1325,#434,.T.);
#1635=EDGE_CURVE('',#1325,#1326,#435,.T.);
#1636=EDGE_CURVE('',#1327,#1326,#436,.T.);
#1637=EDGE_CURVE('',#1327,#1328,#437,.T.);
#1638=EDGE_CURVE('',#1328,#1329,#438,.T.);
#1639=EDGE_CURVE('',#1329,#1330,#439,.T.);
#1640=EDGE_CURVE('',#1330,#1331,#440,.T.);
#1641=EDGE_CURVE('',#1331,#1305,#441,.T.);
#1642=EDGE_CURVE('',#1332,#1333,#442,.T.);
#1643=EDGE_CURVE('',#1334,#1332,#443,.T.);
#1644=EDGE_CURVE('',#1335,#1334,#444,.T.);
#1645=EDGE_CURVE('',#1333,#1335,#445,.T.);
#1646=EDGE_CURVE('',#1336,#1337,#446,.T.);
#1647=EDGE_CURVE('',#1337,#1338,#447,.T.);
#1648=EDGE_CURVE('',#1338,#1339,#448,.T.);
#1649=EDGE_CURVE('',#1339,#1340,#449,.T.);
#1650=EDGE_CURVE('',#1340,#1341,#450,.T.);
#1651=EDGE_CURVE('',#1341,#1342,#451,.T.);
#1652=EDGE_CURVE('',#1342,#1343,#452,.T.);
#1653=EDGE_CURVE('',#1343,#1344,#453,.T.);
#1654=EDGE_CURVE('',#1344,#1345,#454,.T.);
#1655=EDGE_CURVE('',#1345,#1346,#455,.T.);
#1656=EDGE_CURVE('',#1346,#1347,#456,.T.);
#1657=EDGE_CURVE('',#1347,#1348,#457,.T.);
#1658=EDGE_CURVE('',#1348,#1349,#458,.T.);
#1659=EDGE_CURVE('',#1349,#1350,#459,.T.);
#1660=EDGE_CURVE('',#1350,#1351,#460,.T.);
#1661=EDGE_CURVE('',#1351,#1336,#461,.T.);
#1662=EDGE_CURVE('',#1352,#1353,#462,.T.);
#1663=EDGE_CURVE('',#1353,#1354,#463,.T.);
#1664=EDGE_CURVE('',#1354,#1355,#464,.T.);
#1665=EDGE_CURVE('',#1355,#1356,#465,.T.);
#1666=EDGE_CURVE('',#1356,#1357,#466,.T.);
#1667=EDGE_CURVE('',#1357,#1358,#467,.T.);
#1668=EDGE_CURVE('',#1358,#1359,#468,.T.);
#1669=EDGE_CURVE('',#1359,#1360,#469,.T.);
#1670=EDGE_CURVE('',#1360,#1361,#470,.T.);
#1671=EDGE_CURVE('',#1361,#1362,#471,.T.);
#1672=EDGE_CURVE('',#1362,#1363,#472,.T.);
#1673=EDGE_CURVE('',#1363,#1364,#473,.T.);
#1674=EDGE_CURVE('',#1364,#1365,#474,.T.);
#1675=EDGE_CURVE('',#1365,#1366,#475,.T.);
#1676=EDGE_CURVE('',#1366,#1367,#476,.T.);
#1677=EDGE_CURVE('',#1367,#1352,#477,.T.);
#1678=EDGE_CURVE('',#1368,#1369,#478,.T.);
#1679=EDGE_CURVE('',#1369,#1370,#479,.T.);
#1680=EDGE_CURVE('',#1370,#1371,#480,.T.);
#1681=EDGE_CURVE('',#1371,#1372,#481,.T.);
#1682=EDGE_CURVE('',#1372,#1373,#482,.T.);
#1683=EDGE_CURVE('',#1373,#1374,#483,.T.);
#1684=EDGE_CURVE('',#1374,#1375,#484,.T.);
#1685=EDGE_CURVE('',#1375,#1376,#485,.T.);
#1686=EDGE_CURVE('',#1376,#1377,#486,.T.);
#1687=EDGE_CURVE('',#1377,#1378,#487,.T.);
#1688=EDGE_CURVE('',#1378,#1379,#488,.T.);
#1689=EDGE_CURVE('',#1379,#1380,#489,.T.);
#1690=EDGE_CURVE('',#1380,#1381,#490,.T.);
#1691=EDGE_CURVE('',#1381,#1382,#491,.T.);
#1692=EDGE_CURVE('',#1382,#1383,#492,.T.);
#1693=EDGE_CURVE('',#1383,#1368,#493,.T.);
#1694=EDGE_CURVE('',#1384,#1385,#494,.T.);
#1695=EDGE_CURVE('',#1386,#1384,#495,.T.);
#1696=EDGE_CURVE('',#1387,#1386,#496,.T.);
#1697=EDGE_CURVE('',#1385,#1387,#497,.T.);
#1698=EDGE_CURVE('',#1388,#1389,#498,.T.);
#1699=EDGE_CURVE('',#1390,#1389,#499,.T.);
#1700=EDGE_CURVE('',#1391,#1390,#500,.T.);
#1701=EDGE_CURVE('',#1392,#1391,#501,.T.);
#1702=EDGE_CURVE('',#1393,#1392,#502,.T.);
#1703=EDGE_CURVE('',#1388,#1393,#503,.T.);
#1704=EDGE_CURVE('',#1394,#1395,#504,.T.);
#1705=EDGE_CURVE('',#1395,#1396,#505,.T.);
#1706=EDGE_CURVE('',#1396,#1397,#506,.T.);
#1707=EDGE_CURVE('',#1397,#1394,#507,.T.);
#1708=EDGE_CURVE('',#1398,#1399,#508,.T.);
#1709=EDGE_CURVE('',#1400,#1398,#509,.T.);
#1710=EDGE_CURVE('',#1401,#1400,#510,.T.);
#1711=EDGE_CURVE('',#1402,#1401,#511,.T.);
#1712=EDGE_CURVE('',#1403,#1402,#512,.T.);
#1713=EDGE_CURVE('',#1404,#1403,#513,.T.);
#1714=EDGE_CURVE('',#1405,#1404,#514,.T.);
#1715=EDGE_CURVE('',#1406,#1405,#515,.T.);
#1716=EDGE_CURVE('',#1407,#1406,#516,.T.);
#1717=EDGE_CURVE('',#1408,#1407,#517,.T.);
#1718=EDGE_CURVE('',#1409,#1408,#518,.T.);
#1719=EDGE_CURVE('',#1410,#1409,#519,.T.);
#1720=EDGE_CURVE('',#1411,#1410,#520,.T.);
#1721=EDGE_CURVE('',#1412,#1411,#521,.T.);
#1722=EDGE_CURVE('',#1413,#1412,#522,.T.);
#1723=EDGE_CURVE('',#1399,#1413,#523,.T.);
#1724=EDGE_CURVE('',#1414,#1415,#524,.T.);
#1725=EDGE_CURVE('',#1416,#1414,#525,.T.);
#1726=EDGE_CURVE('',#1417,#1416,#526,.T.);
#1727=EDGE_CURVE('',#1418,#1417,#527,.T.);
#1728=EDGE_CURVE('',#1419,#1418,#528,.T.);
#1729=EDGE_CURVE('',#1420,#1419,#529,.T.);
#1730=EDGE_CURVE('',#1421,#1420,#530,.T.);
#1731=EDGE_CURVE('',#1422,#1421,#531,.T.);
#1732=EDGE_CURVE('',#1423,#1422,#532,.T.);
#1733=EDGE_CURVE('',#1424,#1423,#533,.T.);
#1734=EDGE_CURVE('',#1425,#1424,#534,.T.);
#1735=EDGE_CURVE('',#1426,#1425,#535,.T.);
#1736=EDGE_CURVE('',#1427,#1426,#536,.T.);
#1737=EDGE_CURVE('',#1428,#1427,#537,.T.);
#1738=EDGE_CURVE('',#1429,#1428,#538,.T.);
#1739=EDGE_CURVE('',#1415,#1429,#539,.T.);
#1740=EDGE_CURVE('',#1430,#1431,#540,.T.);
#1741=EDGE_CURVE('',#1432,#1430,#541,.T.);
#1742=EDGE_CURVE('',#1433,#1432,#542,.T.);
#1743=EDGE_CURVE('',#1434,#1433,#543,.T.);
#1744=EDGE_CURVE('',#1435,#1434,#544,.T.);
#1745=EDGE_CURVE('',#1436,#1435,#545,.T.);
#1746=EDGE_CURVE('',#1437,#1436,#546,.T.);
#1747=EDGE_CURVE('',#1438,#1437,#547,.T.);
#1748=EDGE_CURVE('',#1439,#1438,#548,.T.);
#1749=EDGE_CURVE('',#1440,#1439,#549,.T.);
#1750=EDGE_CURVE('',#1441,#1440,#550,.T.);
#1751=EDGE_CURVE('',#1442,#1441,#551,.T.);
#1752=EDGE_CURVE('',#1443,#1442,#552,.T.);
#1753=EDGE_CURVE('',#1444,#1443,#553,.T.);
#1754=EDGE_CURVE('',#1445,#1444,#554,.T.);
#1755=EDGE_CURVE('',#1431,#1445,#555,.T.);
#1756=EDGE_CURVE('',#1446,#1447,#556,.T.);
#1757=EDGE_CURVE('',#1447,#1448,#557,.T.);
#1758=EDGE_CURVE('',#1448,#1449,#558,.T.);
#1759=EDGE_CURVE('',#1449,#1446,#559,.T.);
#1760=EDGE_CURVE('',#1450,#1451,#560,.T.);
#1761=EDGE_CURVE('',#1450,#1452,#561,.T.);
#1762=EDGE_CURVE('',#1452,#1453,#562,.T.);
#1763=EDGE_CURVE('',#1453,#1454,#563,.T.);
#1764=EDGE_CURVE('',#1454,#1455,#564,.T.);
#1765=EDGE_CURVE('',#1455,#1451,#565,.T.);
#1766=EDGE_CURVE('',#1456,#1456,#15,.T.);
#1767=EDGE_CURVE('',#1456,#1457,#566,.T.);
#1768=EDGE_CURVE('',#1457,#1457,#16,.T.);
#1769=EDGE_CURVE('',#1458,#1458,#17,.T.);
#1770=EDGE_CURVE('',#1458,#1459,#567,.T.);
#1771=EDGE_CURVE('',#1459,#1459,#18,.T.);
#1772=EDGE_CURVE('',#1455,#1460,#568,.T.);
#1773=EDGE_CURVE('',#1461,#1460,#569,.T.);
#1774=EDGE_CURVE('',#1452,#1461,#570,.T.);
#1775=EDGE_CURVE('',#1462,#1462,#19,.T.);
#1776=EDGE_CURVE('',#1463,#1463,#20,.T.);
#1777=EDGE_CURVE('',#1463,#1462,#571,.T.);
#1778=EDGE_CURVE('',#1464,#1465,#572,.T.);
#1779=EDGE_CURVE('',#1447,#1464,#573,.T.);
#1780=EDGE_CURVE('',#1446,#1465,#574,.T.);
#1781=EDGE_CURVE('',#1466,#1467,#575,.T.);
#1782=EDGE_CURVE('',#1407,#1466,#576,.T.);
#1783=EDGE_CURVE('',#1406,#1467,#577,.T.);
#1784=EDGE_CURVE('',#1467,#1468,#578,.T.);
#1785=EDGE_CURVE('',#1405,#1468,#579,.T.);
#1786=EDGE_CURVE('',#1468,#1469,#580,.T.);
#1787=EDGE_CURVE('',#1404,#1469,#581,.T.);
#1788=EDGE_CURVE('',#1469,#1470,#582,.T.);
#1789=EDGE_CURVE('',#1403,#1470,#583,.T.);
#1790=EDGE_CURVE('',#1470,#1471,#584,.T.);
#1791=EDGE_CURVE('',#1402,#1471,#585,.T.);
#1792=EDGE_CURVE('',#1471,#1472,#586,.T.);
#1793=EDGE_CURVE('',#1401,#1472,#587,.T.);
#1794=EDGE_CURVE('',#1472,#1473,#588,.T.);
#1795=EDGE_CURVE('',#1400,#1473,#589,.T.);
#1796=EDGE_CURVE('',#1473,#1474,#590,.T.);
#1797=EDGE_CURVE('',#1398,#1474,#591,.T.);
#1798=EDGE_CURVE('',#1475,#1476,#592,.T.);
#1799=EDGE_CURVE('',#1423,#1475,#593,.T.);
#1800=EDGE_CURVE('',#1422,#1476,#594,.T.);
#1801=EDGE_CURVE('',#1476,#1477,#595,.T.);
#1802=EDGE_CURVE('',#1421,#1477,#596,.T.);
#1803=EDGE_CURVE('',#1477,#1478,#597,.T.);
#1804=EDGE_CURVE('',#1420,#1478,#598,.T.);
#1805=EDGE_CURVE('',#1478,#1479,#599,.T.);
#1806=EDGE_CURVE('',#1419,#1479,#600,.T.);
#1807=EDGE_CURVE('',#1479,#1480,#601,.T.);
#1808=EDGE_CURVE('',#1418,#1480,#602,.T.);
#1809=EDGE_CURVE('',#1480,#1481,#603,.T.);
#1810=EDGE_CURVE('',#1417,#1481,#604,.T.);
#1811=EDGE_CURVE('',#1481,#1482,#605,.T.);
#1812=EDGE_CURVE('',#1416,#1482,#606,.T.);
#1813=EDGE_CURVE('',#1482,#1483,#607,.T.);
#1814=EDGE_CURVE('',#1414,#1483,#608,.T.);
#1815=EDGE_CURVE('',#1484,#1485,#609,.T.);
#1816=EDGE_CURVE('',#1439,#1484,#610,.T.);
#1817=EDGE_CURVE('',#1438,#1485,#611,.T.);
#1818=EDGE_CURVE('',#1485,#1486,#612,.T.);
#1819=EDGE_CURVE('',#1437,#1486,#613,.T.);
#1820=EDGE_CURVE('',#1486,#1487,#614,.T.);
#1821=EDGE_CURVE('',#1436,#1487,#615,.T.);
#1822=EDGE_CURVE('',#1487,#1488,#616,.T.);
#1823=EDGE_CURVE('',#1435,#1488,#617,.T.);
#1824=EDGE_CURVE('',#1488,#1489,#618,.T.);
#1825=EDGE_CURVE('',#1434,#1489,#619,.T.);
#1826=EDGE_CURVE('',#1489,#1490,#620,.T.);
#1827=EDGE_CURVE('',#1433,#1490,#621,.T.);
#1828=EDGE_CURVE('',#1490,#1491,#622,.T.);
#1829=EDGE_CURVE('',#1432,#1491,#623,.T.);
#1830=EDGE_CURVE('',#1491,#1492,#624,.T.);
#1831=EDGE_CURVE('',#1430,#1492,#625,.T.);
#1832=EDGE_CURVE('',#1474,#1493,#626,.T.);
#1833=EDGE_CURVE('',#1399,#1493,#627,.T.);
#1834=EDGE_CURVE('',#1493,#1494,#628,.T.);
#1835=EDGE_CURVE('',#1413,#1494,#629,.T.);
#1836=EDGE_CURVE('',#1494,#1495,#630,.T.);
#1837=EDGE_CURVE('',#1412,#1495,#631,.T.);
#1838=EDGE_CURVE('',#1495,#1496,#632,.T.);
#1839=EDGE_CURVE('',#1411,#1496,#633,.T.);
#1840=EDGE_CURVE('',#1496,#1497,#634,.T.);
#1841=EDGE_CURVE('',#1410,#1497,#635,.T.);
#1842=EDGE_CURVE('',#1497,#1498,#636,.T.);
#1843=EDGE_CURVE('',#1409,#1498,#637,.T.);
#1844=EDGE_CURVE('',#1498,#1499,#638,.T.);
#1845=EDGE_CURVE('',#1408,#1499,#639,.T.);
#1846=EDGE_CURVE('',#1499,#1466,#640,.T.);
#1847=EDGE_CURVE('',#1483,#1500,#641,.T.);
#1848=EDGE_CURVE('',#1415,#1500,#642,.T.);
#1849=EDGE_CURVE('',#1500,#1501,#643,.T.);
#1850=EDGE_CURVE('',#1429,#1501,#644,.T.);
#1851=EDGE_CURVE('',#1501,#1502,#645,.T.);
#1852=EDGE_CURVE('',#1428,#1502,#646,.T.);
#1853=EDGE_CURVE('',#1502,#1503,#647,.T.);
#1854=EDGE_CURVE('',#1427,#1503,#648,.T.);
#1855=EDGE_CURVE('',#1503,#1504,#649,.T.);
#1856=EDGE_CURVE('',#1426,#1504,#650,.T.);
#1857=EDGE_CURVE('',#1504,#1505,#651,.T.);
#1858=EDGE_CURVE('',#1425,#1505,#652,.T.);
#1859=EDGE_CURVE('',#1505,#1506,#653,.T.);
#1860=EDGE_CURVE('',#1424,#1506,#654,.T.);
#1861=EDGE_CURVE('',#1506,#1475,#655,.T.);
#1862=EDGE_CURVE('',#1492,#1507,#656,.T.);
#1863=EDGE_CURVE('',#1431,#1507,#657,.T.);
#1864=EDGE_CURVE('',#1507,#1508,#658,.T.);
#1865=EDGE_CURVE('',#1445,#1508,#659,.T.);
#1866=EDGE_CURVE('',#1508,#1509,#660,.T.);
#1867=EDGE_CURVE('',#1444,#1509,#661,.T.);
#1868=EDGE_CURVE('',#1509,#1510,#662,.T.);
#1869=EDGE_CURVE('',#1443,#1510,#663,.T.);
#1870=EDGE_CURVE('',#1510,#1511,#664,.T.);
#1871=EDGE_CURVE('',#1442,#1511,#665,.T.);
#1872=EDGE_CURVE('',#1511,#1512,#666,.T.);
#1873=EDGE_CURVE('',#1441,#1512,#667,.T.);
#1874=EDGE_CURVE('',#1512,#1513,#668,.T.);
#1875=EDGE_CURVE('',#1440,#1513,#669,.T.);
#1876=EDGE_CURVE('',#1513,#1484,#670,.T.);
#1877=EDGE_CURVE('',#1323,#1514,#671,.T.);
#1878=EDGE_CURVE('',#1322,#1515,#672,.T.);
#1879=EDGE_CURVE('',#1514,#1515,#673,.T.);
#1880=EDGE_CURVE('',#1516,#1517,#674,.T.);
#1881=EDGE_CURVE('',#1449,#1516,#675,.T.);
#1882=EDGE_CURVE('',#1448,#1517,#676,.T.);
#1883=EDGE_CURVE('',#1465,#1516,#677,.T.);
#1884=EDGE_CURVE('',#1517,#1464,#678,.T.);
#1885=EDGE_CURVE('',#1518,#1461,#679,.T.);
#1886=EDGE_CURVE('',#1453,#1518,#680,.T.);
#1887=EDGE_CURVE('',#1519,#1518,#681,.T.);
#1888=EDGE_CURVE('',#1454,#1519,#682,.T.);
#1889=EDGE_CURVE('',#1460,#1519,#683,.T.);
#1890=EDGE_CURVE('',#1520,#1521,#684,.T.);
#1891=EDGE_CURVE('',#1397,#1520,#685,.T.);
#1892=EDGE_CURVE('',#1396,#1521,#686,.T.);
#1893=EDGE_CURVE('',#1522,#1520,#687,.T.);
#1894=EDGE_CURVE('',#1394,#1522,#688,.T.);
#1895=EDGE_CURVE('',#1521,#1523,#689,.T.);
#1896=EDGE_CURVE('',#1395,#1523,#690,.T.);
#1897=EDGE_CURVE('',#1321,#1524,#691,.T.);
#1898=EDGE_CURVE('',#1515,#1524,#692,.T.);
#1899=EDGE_CURVE('',#1523,#1522,#693,.T.);
#1900=EDGE_CURVE('',#1525,#1514,#694,.T.);
#1901=EDGE_CURVE('',#1324,#1525,#695,.T.);
#1902=EDGE_CURVE('',#1526,#1525,#696,.T.);
#1903=EDGE_CURVE('',#1325,#1526,#697,.T.);
#1904=EDGE_CURVE('',#1527,#1526,#698,.T.);
#1905=EDGE_CURVE('',#1328,#1527,#699,.T.);
#1906=EDGE_CURVE('',#1528,#1527,#700,.T.);
#1907=EDGE_CURVE('',#1329,#1528,#701,.T.);
#1908=EDGE_CURVE('',#1529,#1528,#702,.T.);
#1909=EDGE_CURVE('',#1330,#1529,#703,.T.);
#1910=EDGE_CURVE('',#1530,#1529,#704,.T.);
#1911=EDGE_CURVE('',#1530,#1331,#705,.T.);
#1912=EDGE_CURVE('',#1531,#1301,#706,.T.);
#1913=EDGE_CURVE('',#1307,#1531,#707,.T.);
#1914=EDGE_CURVE('',#1532,#1531,#708,.T.);
#1915=EDGE_CURVE('',#1308,#1532,#709,.T.);
#1916=EDGE_CURVE('',#1306,#1530,#710,.T.);
#1917=EDGE_CURVE('',#1533,#1320,#711,.T.);
#1918=EDGE_CURVE('',#1524,#1533,#712,.T.);
#1919=EDGE_CURVE('',#1318,#1534,#713,.T.);
#1920=EDGE_CURVE('',#1534,#1535,#714,.T.);
#1921=EDGE_CURVE('',#1319,#1535,#715,.T.);
#1922=EDGE_CURVE('',#1535,#1533,#716,.T.);
#1923=EDGE_CURVE('',#1536,#1536,#21,.T.);
#1924=EDGE_CURVE('',#1536,#1537,#717,.T.);
#1925=EDGE_CURVE('',#1537,#1537,#22,.T.);
#1926=EDGE_CURVE('',#1538,#1538,#23,.T.);
#1927=EDGE_CURVE('',#1538,#1539,#718,.T.);
#1928=EDGE_CURVE('',#1539,#1539,#24,.T.);
#1929=EDGE_CURVE('',#1393,#1540,#719,.T.);
#1930=EDGE_CURVE('',#1540,#1541,#720,.T.);
#1931=EDGE_CURVE('',#1390,#1541,#721,.T.);
#1932=EDGE_CURVE('',#1542,#1542,#25,.T.);
#1933=EDGE_CURVE('',#1543,#1543,#26,.T.);
#1934=EDGE_CURVE('',#1543,#1542,#722,.T.);
#1935=EDGE_CURVE('',#1544,#1545,#723,.T.);
#1936=EDGE_CURVE('',#1384,#1545,#724,.T.);
#1937=EDGE_CURVE('',#1385,#1544,#725,.T.);
#1938=EDGE_CURVE('',#1546,#1547,#726,.T.);
#1939=EDGE_CURVE('',#1345,#1547,#727,.T.);
#1940=EDGE_CURVE('',#1344,#1546,#728,.T.);
#1941=EDGE_CURVE('',#1547,#1548,#729,.T.);
#1942=EDGE_CURVE('',#1346,#1548,#730,.T.);
#1943=EDGE_CURVE('',#1548,#1549,#731,.T.);
#1944=EDGE_CURVE('',#1347,#1549,#732,.T.);
#1945=EDGE_CURVE('',#1549,#1550,#733,.T.);
#1946=EDGE_CURVE('',#1348,#1550,#734,.T.);
#1947=EDGE_CURVE('',#1550,#1551,#735,.T.);
#1948=EDGE_CURVE('',#1349,#1551,#736,.T.);
#1949=EDGE_CURVE('',#1551,#1552,#737,.T.);
#1950=EDGE_CURVE('',#1350,#1552,#738,.T.);
#1951=EDGE_CURVE('',#1552,#1553,#739,.T.);
#1952=EDGE_CURVE('',#1351,#1553,#740,.T.);
#1953=EDGE_CURVE('',#1553,#1554,#741,.T.);
#1954=EDGE_CURVE('',#1336,#1554,#742,.T.);
#1955=EDGE_CURVE('',#1555,#1556,#743,.T.);
#1956=EDGE_CURVE('',#1361,#1556,#744,.T.);
#1957=EDGE_CURVE('',#1360,#1555,#745,.T.);
#1958=EDGE_CURVE('',#1556,#1557,#746,.T.);
#1959=EDGE_CURVE('',#1362,#1557,#747,.T.);
#1960=EDGE_CURVE('',#1557,#1558,#748,.T.);
#1961=EDGE_CURVE('',#1363,#1558,#749,.T.);
#1962=EDGE_CURVE('',#1558,#1559,#750,.T.);
#1963=EDGE_CURVE('',#1364,#1559,#751,.T.);
#1964=EDGE_CURVE('',#1559,#1560,#752,.T.);
#1965=EDGE_CURVE('',#1365,#1560,#753,.T.);
#1966=EDGE_CURVE('',#1560,#1561,#754,.T.);
#1967=EDGE_CURVE('',#1366,#1561,#755,.T.);
#1968=EDGE_CURVE('',#1561,#1562,#756,.T.);
#1969=EDGE_CURVE('',#1367,#1562,#757,.T.);
#1970=EDGE_CURVE('',#1562,#1563,#758,.T.);
#1971=EDGE_CURVE('',#1352,#1563,#759,.T.);
#1972=EDGE_CURVE('',#1564,#1565,#760,.T.);
#1973=EDGE_CURVE('',#1377,#1565,#761,.T.);
#1974=EDGE_CURVE('',#1376,#1564,#762,.T.);
#1975=EDGE_CURVE('',#1565,#1566,#763,.T.);
#1976=EDGE_CURVE('',#1378,#1566,#764,.T.);
#1977=EDGE_CURVE('',#1566,#1567,#765,.T.);
#1978=EDGE_CURVE('',#1379,#1567,#766,.T.);
#1979=EDGE_CURVE('',#1567,#1568,#767,.T.);
#1980=EDGE_CURVE('',#1380,#1568,#768,.T.);
#1981=EDGE_CURVE('',#1568,#1569,#769,.T.);
#1982=EDGE_CURVE('',#1381,#1569,#770,.T.);
#1983=EDGE_CURVE('',#1569,#1570,#771,.T.);
#1984=EDGE_CURVE('',#1382,#1570,#772,.T.);
#1985=EDGE_CURVE('',#1570,#1571,#773,.T.);
#1986=EDGE_CURVE('',#1383,#1571,#774,.T.);
#1987=EDGE_CURVE('',#1571,#1572,#775,.T.);
#1988=EDGE_CURVE('',#1368,#1572,#776,.T.);
#1989=EDGE_CURVE('',#1554,#1573,#777,.T.);
#1990=EDGE_CURVE('',#1337,#1573,#778,.T.);
#1991=EDGE_CURVE('',#1573,#1574,#779,.T.);
#1992=EDGE_CURVE('',#1338,#1574,#780,.T.);
#1993=EDGE_CURVE('',#1574,#1575,#781,.T.);
#1994=EDGE_CURVE('',#1339,#1575,#782,.T.);
#1995=EDGE_CURVE('',#1575,#1576,#783,.T.);
#1996=EDGE_CURVE('',#1340,#1576,#784,.T.);
#1997=EDGE_CURVE('',#1576,#1577,#785,.T.);
#1998=EDGE_CURVE('',#1341,#1577,#786,.T.);
#1999=EDGE_CURVE('',#1577,#1578,#787,.T.);
#2000=EDGE_CURVE('',#1342,#1578,#788,.T.);
#2001=EDGE_CURVE('',#1578,#1579,#789,.T.);
#2002=EDGE_CURVE('',#1343,#1579,#790,.T.);
#2003=EDGE_CURVE('',#1579,#1546,#791,.T.);
#2004=EDGE_CURVE('',#1563,#1580,#792,.T.);
#2005=EDGE_CURVE('',#1353,#1580,#793,.T.);
#2006=EDGE_CURVE('',#1580,#1581,#794,.T.);
#2007=EDGE_CURVE('',#1354,#1581,#795,.T.);
#2008=EDGE_CURVE('',#1581,#1582,#796,.T.);
#2009=EDGE_CURVE('',#1355,#1582,#797,.T.);
#2010=EDGE_CURVE('',#1582,#1583,#798,.T.);
#2011=EDGE_CURVE('',#1356,#1583,#799,.T.);
#2012=EDGE_CURVE('',#1583,#1584,#800,.T.);
#2013=EDGE_CURVE('',#1357,#1584,#801,.T.);
#2014=EDGE_CURVE('',#1584,#1585,#802,.T.);
#2015=EDGE_CURVE('',#1358,#1585,#803,.T.);
#2016=EDGE_CURVE('',#1585,#1586,#804,.T.);
#2017=EDGE_CURVE('',#1359,#1586,#805,.T.);
#2018=EDGE_CURVE('',#1586,#1555,#806,.T.);
#2019=EDGE_CURVE('',#1572,#1587,#807,.T.);
#2020=EDGE_CURVE('',#1369,#1587,#808,.T.);
#2021=EDGE_CURVE('',#1587,#1588,#809,.T.);
#2022=EDGE_CURVE('',#1370,#1588,#810,.T.);
#2023=EDGE_CURVE('',#1588,#1589,#811,.T.);
#2024=EDGE_CURVE('',#1371,#1589,#812,.T.);
#2025=EDGE_CURVE('',#1589,#1590,#813,.T.);
#2026=EDGE_CURVE('',#1372,#1590,#814,.T.);
#2027=EDGE_CURVE('',#1590,#1591,#815,.T.);
#2028=EDGE_CURVE('',#1373,#1591,#816,.T.);
#2029=EDGE_CURVE('',#1591,#1592,#817,.T.);
#2030=EDGE_CURVE('',#1374,#1592,#818,.T.);
#2031=EDGE_CURVE('',#1592,#1593,#819,.T.);
#2032=EDGE_CURVE('',#1375,#1593,#820,.T.);
#2033=EDGE_CURVE('',#1593,#1564,#821,.T.);
#2034=EDGE_CURVE('',#1316,#1594,#822,.T.);
#2035=EDGE_CURVE('',#1594,#1595,#823,.T.);
#2036=EDGE_CURVE('',#1317,#1595,#824,.T.);
#2037=EDGE_CURVE('',#1596,#1597,#825,.T.);
#2038=EDGE_CURVE('',#1387,#1597,#826,.T.);
#2039=EDGE_CURVE('',#1386,#1596,#827,.T.);
#2040=EDGE_CURVE('',#1545,#1596,#828,.T.);
#2041=EDGE_CURVE('',#1597,#1544,#829,.T.);
#2042=EDGE_CURVE('',#1598,#1540,#830,.T.);
#2043=EDGE_CURVE('',#1392,#1598,#831,.T.);
#2044=EDGE_CURVE('',#1599,#1598,#832,.T.);
#2045=EDGE_CURVE('',#1391,#1599,#833,.T.);
#2046=EDGE_CURVE('',#1541,#1599,#834,.T.);
#2047=EDGE_CURVE('',#1600,#1601,#835,.T.);
#2048=EDGE_CURVE('',#1335,#1601,#836,.T.);
#2049=EDGE_CURVE('',#1334,#1600,#837,.T.);
#2050=EDGE_CURVE('',#1602,#1600,#838,.T.);
#2051=EDGE_CURVE('',#1332,#1602,#839,.T.);
#2052=EDGE_CURVE('',#1601,#1603,#840,.T.);
#2053=EDGE_CURVE('',#1333,#1603,#841,.T.);
#2054=EDGE_CURVE('',#1595,#1534,#842,.T.);
#2055=EDGE_CURVE('',#1603,#1602,#843,.T.);
#2056=EDGE_CURVE('',#1315,#1604,#844,.T.);
#2057=EDGE_CURVE('',#1604,#1594,#845,.T.);
#2058=EDGE_CURVE('',#1314,#1605,#846,.T.);
#2059=EDGE_CURVE('',#1605,#1604,#847,.T.);
#2060=EDGE_CURVE('',#1311,#1606,#848,.T.);
#2061=EDGE_CURVE('',#1606,#1605,#849,.T.);
#2062=EDGE_CURVE('',#1310,#1607,#850,.T.);
#2063=EDGE_CURVE('',#1607,#1606,#851,.T.);
#2064=EDGE_CURVE('',#1309,#1608,#852,.T.);
#2065=EDGE_CURVE('',#1608,#1607,#853,.T.);
#2066=EDGE_CURVE('',#1532,#1608,#854,.T.);
#2067=ORIENTED_EDGE('',*,*,#1609,.F.);
#2068=ORIENTED_EDGE('',*,*,#1610,.F.);
#2069=ORIENTED_EDGE('',*,*,#1611,.F.);
#2070=ORIENTED_EDGE('',*,*,#1612,.F.);
#2071=ORIENTED_EDGE('',*,*,#1612,.T.);
#2072=ORIENTED_EDGE('',*,*,#1613,.F.);
#2073=ORIENTED_EDGE('',*,*,#1614,.F.);
#2074=ORIENTED_EDGE('',*,*,#1615,.F.);
#2075=ORIENTED_EDGE('',*,*,#1611,.T.);
#2076=ORIENTED_EDGE('',*,*,#1616,.T.);
#2077=ORIENTED_EDGE('',*,*,#1617,.T.);
#2078=ORIENTED_EDGE('',*,*,#1618,.F.);
#2079=ORIENTED_EDGE('',*,*,#1619,.F.);
#2080=ORIENTED_EDGE('',*,*,#1620,.F.);
#2081=ORIENTED_EDGE('',*,*,#1621,.F.);
#2082=ORIENTED_EDGE('',*,*,#1622,.T.);
#2083=ORIENTED_EDGE('',*,*,#1623,.F.);
#2084=ORIENTED_EDGE('',*,*,#1624,.F.);
#2085=ORIENTED_EDGE('',*,*,#1625,.T.);
#2086=ORIENTED_EDGE('',*,*,#1626,.F.);
#2087=ORIENTED_EDGE('',*,*,#1627,.F.);
#2088=ORIENTED_EDGE('',*,*,#1628,.T.);
#2089=ORIENTED_EDGE('',*,*,#1629,.F.);
#2090=ORIENTED_EDGE('',*,*,#1630,.F.);
#2091=ORIENTED_EDGE('',*,*,#1631,.T.);
#2092=ORIENTED_EDGE('',*,*,#1632,.T.);
#2093=ORIENTED_EDGE('',*,*,#1633,.F.);
#2094=ORIENTED_EDGE('',*,*,#1634,.T.);
#2095=ORIENTED_EDGE('',*,*,#1635,.T.);
#2096=ORIENTED_EDGE('',*,*,#1636,.F.);
#2097=ORIENTED_EDGE('',*,*,#1637,.T.);
#2098=ORIENTED_EDGE('',*,*,#1638,.T.);
#2099=ORIENTED_EDGE('',*,*,#1639,.T.);
#2100=ORIENTED_EDGE('',*,*,#1640,.T.);
#2101=ORIENTED_EDGE('',*,*,#1641,.T.);
#2102=ORIENTED_EDGE('',*,*,#1613,.T.);
#2103=ORIENTED_EDGE('',*,*,#1642,.F.);
#2104=ORIENTED_EDGE('',*,*,#1643,.F.);
#2105=ORIENTED_EDGE('',*,*,#1644,.F.);
#2106=ORIENTED_EDGE('',*,*,#1645,.F.);
#2107=ORIENTED_EDGE('',*,*,#1646,.T.);
#2108=ORIENTED_EDGE('',*,*,#1647,.T.);
#2109=ORIENTED_EDGE('',*,*,#1648,.T.);
#2110=ORIENTED_EDGE('',*,*,#1649,.T.);
#2111=ORIENTED_EDGE('',*,*,#1650,.T.);
#2112=ORIENTED_EDGE('',*,*,#1651,.T.);
#2113=ORIENTED_EDGE('',*,*,#1652,.T.);
#2114=ORIENTED_EDGE('',*,*,#1653,.T.);
#2115=ORIENTED_EDGE('',*,*,#1654,.T.);
#2116=ORIENTED_EDGE('',*,*,#1655,.T.);
#2117=ORIENTED_EDGE('',*,*,#1656,.T.);
#2118=ORIENTED_EDGE('',*,*,#1657,.T.);
#2119=ORIENTED_EDGE('',*,*,#1658,.T.);
#2120=ORIENTED_EDGE('',*,*,#1659,.T.);
#2121=ORIENTED_EDGE('',*,*,#1660,.T.);
#2122=ORIENTED_EDGE('',*,*,#1661,.T.);
#2123=ORIENTED_EDGE('',*,*,#1662,.T.);
#2124=ORIENTED_EDGE('',*,*,#1663,.T.);
#2125=ORIENTED_EDGE('',*,*,#1664,.T.);
#2126=ORIENTED_EDGE('',*,*,#1665,.T.);
#2127=ORIENTED_EDGE('',*,*,#1666,.T.);
#2128=ORIENTED_EDGE('',*,*,#1667,.T.);
#2129=ORIENTED_EDGE('',*,*,#1668,.T.);
#2130=ORIENTED_EDGE('',*,*,#1669,.T.);
#2131=ORIENTED_EDGE('',*,*,#1670,.T.);
#2132=ORIENTED_EDGE('',*,*,#1671,.T.);
#2133=ORIENTED_EDGE('',*,*,#1672,.T.);
#2134=ORIENTED_EDGE('',*,*,#1673,.T.);
#2135=ORIENTED_EDGE('',*,*,#1674,.T.);
#2136=ORIENTED_EDGE('',*,*,#1675,.T.);
#2137=ORIENTED_EDGE('',*,*,#1676,.T.);
#2138=ORIENTED_EDGE('',*,*,#1677,.T.);
#2139=ORIENTED_EDGE('',*,*,#1678,.T.);
#2140=ORIENTED_EDGE('',*,*,#1679,.T.);
#2141=ORIENTED_EDGE('',*,*,#1680,.T.);
#2142=ORIENTED_EDGE('',*,*,#1681,.T.);
#2143=ORIENTED_EDGE('',*,*,#1682,.T.);
#2144=ORIENTED_EDGE('',*,*,#1683,.T.);
#2145=ORIENTED_EDGE('',*,*,#1684,.T.);
#2146=ORIENTED_EDGE('',*,*,#1685,.T.);
#2147=ORIENTED_EDGE('',*,*,#1686,.T.);
#2148=ORIENTED_EDGE('',*,*,#1687,.T.);
#2149=ORIENTED_EDGE('',*,*,#1688,.T.);
#2150=ORIENTED_EDGE('',*,*,#1689,.T.);
#2151=ORIENTED_EDGE('',*,*,#1690,.T.);
#2152=ORIENTED_EDGE('',*,*,#1691,.T.);
#2153=ORIENTED_EDGE('',*,*,#1692,.T.);
#2154=ORIENTED_EDGE('',*,*,#1693,.T.);
#2155=ORIENTED_EDGE('',*,*,#1694,.F.);
#2156=ORIENTED_EDGE('',*,*,#1695,.F.);
#2157=ORIENTED_EDGE('',*,*,#1696,.F.);
#2158=ORIENTED_EDGE('',*,*,#1697,.F.);
#2159=ORIENTED_EDGE('',*,*,#1698,.T.);
#2160=ORIENTED_EDGE('',*,*,#1699,.F.);
#2161=ORIENTED_EDGE('',*,*,#1700,.F.);
#2162=ORIENTED_EDGE('',*,*,#1701,.F.);
#2163=ORIENTED_EDGE('',*,*,#1702,.F.);
#2164=ORIENTED_EDGE('',*,*,#1703,.F.);
#2165=ORIENTED_EDGE('',*,*,#1704,.T.);
#2166=ORIENTED_EDGE('',*,*,#1705,.T.);
#2167=ORIENTED_EDGE('',*,*,#1706,.T.);
#2168=ORIENTED_EDGE('',*,*,#1707,.T.);
#2169=ORIENTED_EDGE('',*,*,#1708,.F.);
#2170=ORIENTED_EDGE('',*,*,#1709,.F.);
#2171=ORIENTED_EDGE('',*,*,#1710,.F.);
#2172=ORIENTED_EDGE('',*,*,#1711,.F.);
#2173=ORIENTED_EDGE('',*,*,#1712,.F.);
#2174=ORIENTED_EDGE('',*,*,#1713,.F.);
#2175=ORIENTED_EDGE('',*,*,#1714,.F.);
#2176=ORIENTED_EDGE('',*,*,#1715,.F.);
#2177=ORIENTED_EDGE('',*,*,#1716,.F.);
#2178=ORIENTED_EDGE('',*,*,#1717,.F.);
#2179=ORIENTED_EDGE('',*,*,#1718,.F.);
#2180=ORIENTED_EDGE('',*,*,#1719,.F.);
#2181=ORIENTED_EDGE('',*,*,#1720,.F.);
#2182=ORIENTED_EDGE('',*,*,#1721,.F.);
#2183=ORIENTED_EDGE('',*,*,#1722,.F.);
#2184=ORIENTED_EDGE('',*,*,#1723,.F.);
#2185=ORIENTED_EDGE('',*,*,#1724,.F.);
#2186=ORIENTED_EDGE('',*,*,#1725,.F.);
#2187=ORIENTED_EDGE('',*,*,#1726,.F.);
#2188=ORIENTED_EDGE('',*,*,#1727,.F.);
#2189=ORIENTED_EDGE('',*,*,#1728,.F.);
#2190=ORIENTED_EDGE('',*,*,#1729,.F.);
#2191=ORIENTED_EDGE('',*,*,#1730,.F.);
#2192=ORIENTED_EDGE('',*,*,#1731,.F.);
#2193=ORIENTED_EDGE('',*,*,#1732,.F.);
#2194=ORIENTED_EDGE('',*,*,#1733,.F.);
#2195=ORIENTED_EDGE('',*,*,#1734,.F.);
#2196=ORIENTED_EDGE('',*,*,#1735,.F.);
#2197=ORIENTED_EDGE('',*,*,#1736,.F.);
#2198=ORIENTED_EDGE('',*,*,#1737,.F.);
#2199=ORIENTED_EDGE('',*,*,#1738,.F.);
#2200=ORIENTED_EDGE('',*,*,#1739,.F.);
#2201=ORIENTED_EDGE('',*,*,#1740,.F.);
#2202=ORIENTED_EDGE('',*,*,#1741,.F.);
#2203=ORIENTED_EDGE('',*,*,#1742,.F.);
#2204=ORIENTED_EDGE('',*,*,#1743,.F.);
#2205=ORIENTED_EDGE('',*,*,#1744,.F.);
#2206=ORIENTED_EDGE('',*,*,#1745,.F.);
#2207=ORIENTED_EDGE('',*,*,#1746,.F.);
#2208=ORIENTED_EDGE('',*,*,#1747,.F.);
#2209=ORIENTED_EDGE('',*,*,#1748,.F.);
#2210=ORIENTED_EDGE('',*,*,#1749,.F.);
#2211=ORIENTED_EDGE('',*,*,#1750,.F.);
#2212=ORIENTED_EDGE('',*,*,#1751,.F.);
#2213=ORIENTED_EDGE('',*,*,#1752,.F.);
#2214=ORIENTED_EDGE('',*,*,#1753,.F.);
#2215=ORIENTED_EDGE('',*,*,#1754,.F.);
#2216=ORIENTED_EDGE('',*,*,#1755,.F.);
#2217=ORIENTED_EDGE('',*,*,#1756,.T.);
#2218=ORIENTED_EDGE('',*,*,#1757,.T.);
#2219=ORIENTED_EDGE('',*,*,#1758,.T.);
#2220=ORIENTED_EDGE('',*,*,#1759,.T.);
#2221=ORIENTED_EDGE('',*,*,#1760,.F.);
#2222=ORIENTED_EDGE('',*,*,#1761,.T.);
#2223=ORIENTED_EDGE('',*,*,#1762,.T.);
#2224=ORIENTED_EDGE('',*,*,#1763,.T.);
#2225=ORIENTED_EDGE('',*,*,#1764,.T.);
#2226=ORIENTED_EDGE('',*,*,#1765,.T.);
#2227=ORIENTED_EDGE('',*,*,#1766,.F.);
#2228=ORIENTED_EDGE('',*,*,#1767,.T.);
#2229=ORIENTED_EDGE('',*,*,#1768,.F.);
#2230=ORIENTED_EDGE('',*,*,#1767,.F.);
#2231=ORIENTED_EDGE('',*,*,#1769,.F.);
#2232=ORIENTED_EDGE('',*,*,#1770,.T.);
#2233=ORIENTED_EDGE('',*,*,#1771,.F.);
#2234=ORIENTED_EDGE('',*,*,#1770,.F.);
#2235=ORIENTED_EDGE('',*,*,#1760,.T.);
#2236=ORIENTED_EDGE('',*,*,#1765,.F.);
#2237=ORIENTED_EDGE('',*,*,#1772,.T.);
#2238=ORIENTED_EDGE('',*,*,#1773,.F.);
#2239=ORIENTED_EDGE('',*,*,#1774,.F.);
#2240=ORIENTED_EDGE('',*,*,#1761,.F.);
#2241=ORIENTED_EDGE('',*,*,#1775,.T.);
#2242=ORIENTED_EDGE('',*,*,#1776,.F.);
#2243=ORIENTED_EDGE('',*,*,#1777,.T.);
#2244=ORIENTED_EDGE('',*,*,#1775,.F.);
#2245=ORIENTED_EDGE('',*,*,#1777,.F.);
#2246=ORIENTED_EDGE('',*,*,#1778,.F.);
#2247=ORIENTED_EDGE('',*,*,#1779,.F.);
#2248=ORIENTED_EDGE('',*,*,#1756,.F.);
#2249=ORIENTED_EDGE('',*,*,#1780,.T.);
#2250=ORIENTED_EDGE('',*,*,#1771,.T.);
#2251=ORIENTED_EDGE('',*,*,#1781,.F.);
#2252=ORIENTED_EDGE('',*,*,#1782,.F.);
#2253=ORIENTED_EDGE('',*,*,#1716,.T.);
#2254=ORIENTED_EDGE('',*,*,#1783,.T.);
#2255=ORIENTED_EDGE('',*,*,#1784,.F.);
#2256=ORIENTED_EDGE('',*,*,#1783,.F.);
#2257=ORIENTED_EDGE('',*,*,#1715,.T.);
#2258=ORIENTED_EDGE('',*,*,#1785,.T.);
#2259=ORIENTED_EDGE('',*,*,#1786,.F.);
#2260=ORIENTED_EDGE('',*,*,#1785,.F.);
#2261=ORIENTED_EDGE('',*,*,#1714,.T.);
#2262=ORIENTED_EDGE('',*,*,#1787,.T.);
#2263=ORIENTED_EDGE('',*,*,#1788,.F.);
#2264=ORIENTED_EDGE('',*,*,#1787,.F.);
#2265=ORIENTED_EDGE('',*,*,#1713,.T.);
#2266=ORIENTED_EDGE('',*,*,#1789,.T.);
#2267=ORIENTED_EDGE('',*,*,#1790,.F.);
#2268=ORIENTED_EDGE('',*,*,#1789,.F.);
#2269=ORIENTED_EDGE('',*,*,#1712,.T.);
#2270=ORIENTED_EDGE('',*,*,#1791,.T.);
#2271=ORIENTED_EDGE('',*,*,#1792,.F.);
#2272=ORIENTED_EDGE('',*,*,#1791,.F.);
#2273=ORIENTED_EDGE('',*,*,#1711,.T.);
#2274=ORIENTED_EDGE('',*,*,#1793,.T.);
#2275=ORIENTED_EDGE('',*,*,#1794,.F.);
#2276=ORIENTED_EDGE('',*,*,#1793,.F.);
#2277=ORIENTED_EDGE('',*,*,#1710,.T.);
#2278=ORIENTED_EDGE('',*,*,#1795,.T.);
#2279=ORIENTED_EDGE('',*,*,#1796,.F.);
#2280=ORIENTED_EDGE('',*,*,#1795,.F.);
#2281=ORIENTED_EDGE('',*,*,#1709,.T.);
#2282=ORIENTED_EDGE('',*,*,#1797,.T.);
#2283=ORIENTED_EDGE('',*,*,#1798,.F.);
#2284=ORIENTED_EDGE('',*,*,#1799,.F.);
#2285=ORIENTED_EDGE('',*,*,#1732,.T.);
#2286=ORIENTED_EDGE('',*,*,#1800,.T.);
#2287=ORIENTED_EDGE('',*,*,#1801,.F.);
#2288=ORIENTED_EDGE('',*,*,#1800,.F.);
#2289=ORIENTED_EDGE('',*,*,#1731,.T.);
#2290=ORIENTED_EDGE('',*,*,#1802,.T.);
#2291=ORIENTED_EDGE('',*,*,#1803,.F.);
#2292=ORIENTED_EDGE('',*,*,#1802,.F.);
#2293=ORIENTED_EDGE('',*,*,#1730,.T.);
#2294=ORIENTED_EDGE('',*,*,#1804,.T.);
#2295=ORIENTED_EDGE('',*,*,#1805,.F.);
#2296=ORIENTED_EDGE('',*,*,#1804,.F.);
#2297=ORIENTED_EDGE('',*,*,#1729,.T.);
#2298=ORIENTED_EDGE('',*,*,#1806,.T.);
#2299=ORIENTED_EDGE('',*,*,#1807,.F.);
#2300=ORIENTED_EDGE('',*,*,#1806,.F.);
#2301=ORIENTED_EDGE('',*,*,#1728,.T.);
#2302=ORIENTED_EDGE('',*,*,#1808,.T.);
#2303=ORIENTED_EDGE('',*,*,#1809,.F.);
#2304=ORIENTED_EDGE('',*,*,#1808,.F.);
#2305=ORIENTED_EDGE('',*,*,#1727,.T.);
#2306=ORIENTED_EDGE('',*,*,#1810,.T.);
#2307=ORIENTED_EDGE('',*,*,#1811,.F.);
#2308=ORIENTED_EDGE('',*,*,#1810,.F.);
#2309=ORIENTED_EDGE('',*,*,#1726,.T.);
#2310=ORIENTED_EDGE('',*,*,#1812,.T.);
#2311=ORIENTED_EDGE('',*,*,#1813,.F.);
#2312=ORIENTED_EDGE('',*,*,#1812,.F.);
#2313=ORIENTED_EDGE('',*,*,#1725,.T.);
#2314=ORIENTED_EDGE('',*,*,#1814,.T.);
#2315=ORIENTED_EDGE('',*,*,#1815,.F.);
#2316=ORIENTED_EDGE('',*,*,#1816,.F.);
#2317=ORIENTED_EDGE('',*,*,#1748,.T.);
#2318=ORIENTED_EDGE('',*,*,#1817,.T.);
#2319=ORIENTED_EDGE('',*,*,#1818,.F.);
#2320=ORIENTED_EDGE('',*,*,#1817,.F.);
#2321=ORIENTED_EDGE('',*,*,#1747,.T.);
#2322=ORIENTED_EDGE('',*,*,#1819,.T.);
#2323=ORIENTED_EDGE('',*,*,#1820,.F.);
#2324=ORIENTED_EDGE('',*,*,#1819,.F.);
#2325=ORIENTED_EDGE('',*,*,#1746,.T.);
#2326=ORIENTED_EDGE('',*,*,#1821,.T.);
#2327=ORIENTED_EDGE('',*,*,#1822,.F.);
#2328=ORIENTED_EDGE('',*,*,#1821,.F.);
#2329=ORIENTED_EDGE('',*,*,#1745,.T.);
#2330=ORIENTED_EDGE('',*,*,#1823,.T.);
#2331=ORIENTED_EDGE('',*,*,#1824,.F.);
#2332=ORIENTED_EDGE('',*,*,#1823,.F.);
#2333=ORIENTED_EDGE('',*,*,#1744,.T.);
#2334=ORIENTED_EDGE('',*,*,#1825,.T.);
#2335=ORIENTED_EDGE('',*,*,#1826,.F.);
#2336=ORIENTED_EDGE('',*,*,#1825,.F.);
#2337=ORIENTED_EDGE('',*,*,#1743,.T.);
#2338=ORIENTED_EDGE('',*,*,#1827,.T.);
#2339=ORIENTED_EDGE('',*,*,#1828,.F.);
#2340=ORIENTED_EDGE('',*,*,#1827,.F.);
#2341=ORIENTED_EDGE('',*,*,#1742,.T.);
#2342=ORIENTED_EDGE('',*,*,#1829,.T.);
#2343=ORIENTED_EDGE('',*,*,#1830,.F.);
#2344=ORIENTED_EDGE('',*,*,#1829,.F.);
#2345=ORIENTED_EDGE('',*,*,#1741,.T.);
#2346=ORIENTED_EDGE('',*,*,#1831,.T.);
#2347=ORIENTED_EDGE('',*,*,#1832,.F.);
#2348=ORIENTED_EDGE('',*,*,#1797,.F.);
#2349=ORIENTED_EDGE('',*,*,#1708,.T.);
#2350=ORIENTED_EDGE('',*,*,#1833,.T.);
#2351=ORIENTED_EDGE('',*,*,#1834,.F.);
#2352=ORIENTED_EDGE('',*,*,#1833,.F.);
#2353=ORIENTED_EDGE('',*,*,#1723,.T.);
#2354=ORIENTED_EDGE('',*,*,#1835,.T.);
#2355=ORIENTED_EDGE('',*,*,#1836,.F.);
#2356=ORIENTED_EDGE('',*,*,#1835,.F.);
#2357=ORIENTED_EDGE('',*,*,#1722,.T.);
#2358=ORIENTED_EDGE('',*,*,#1837,.T.);
#2359=ORIENTED_EDGE('',*,*,#1838,.F.);
#2360=ORIENTED_EDGE('',*,*,#1837,.F.);
#2361=ORIENTED_EDGE('',*,*,#1721,.T.);
#2362=ORIENTED_EDGE('',*,*,#1839,.T.);
#2363=ORIENTED_EDGE('',*,*,#1840,.F.);
#2364=ORIENTED_EDGE('',*,*,#1839,.F.);
#2365=ORIENTED_EDGE('',*,*,#1720,.T.);
#2366=ORIENTED_EDGE('',*,*,#1841,.T.);
#2367=ORIENTED_EDGE('',*,*,#1842,.F.);
#2368=ORIENTED_EDGE('',*,*,#1841,.F.);
#2369=ORIENTED_EDGE('',*,*,#1719,.T.);
#2370=ORIENTED_EDGE('',*,*,#1843,.T.);
#2371=ORIENTED_EDGE('',*,*,#1844,.F.);
#2372=ORIENTED_EDGE('',*,*,#1843,.F.);
#2373=ORIENTED_EDGE('',*,*,#1718,.T.);
#2374=ORIENTED_EDGE('',*,*,#1845,.T.);
#2375=ORIENTED_EDGE('',*,*,#1846,.F.);
#2376=ORIENTED_EDGE('',*,*,#1845,.F.);
#2377=ORIENTED_EDGE('',*,*,#1717,.T.);
#2378=ORIENTED_EDGE('',*,*,#1782,.T.);
#2379=ORIENTED_EDGE('',*,*,#1847,.F.);
#2380=ORIENTED_EDGE('',*,*,#1814,.F.);
#2381=ORIENTED_EDGE('',*,*,#1724,.T.);
#2382=ORIENTED_EDGE('',*,*,#1848,.T.);
#2383=ORIENTED_EDGE('',*,*,#1849,.F.);
#2384=ORIENTED_EDGE('',*,*,#1848,.F.);
#2385=ORIENTED_EDGE('',*,*,#1739,.T.);
#2386=ORIENTED_EDGE('',*,*,#1850,.T.);
#2387=ORIENTED_EDGE('',*,*,#1851,.F.);
#2388=ORIENTED_EDGE('',*,*,#1850,.F.);
#2389=ORIENTED_EDGE('',*,*,#1738,.T.);
#2390=ORIENTED_EDGE('',*,*,#1852,.T.);
#2391=ORIENTED_EDGE('',*,*,#1853,.F.);
#2392=ORIENTED_EDGE('',*,*,#1852,.F.);
#2393=ORIENTED_EDGE('',*,*,#1737,.T.);
#2394=ORIENTED_EDGE('',*,*,#1854,.T.);
#2395=ORIENTED_EDGE('',*,*,#1855,.F.);
#2396=ORIENTED_EDGE('',*,*,#1854,.F.);
#2397=ORIENTED_EDGE('',*,*,#1736,.T.);
#2398=ORIENTED_EDGE('',*,*,#1856,.T.);
#2399=ORIENTED_EDGE('',*,*,#1857,.F.);
#2400=ORIENTED_EDGE('',*,*,#1856,.F.);
#2401=ORIENTED_EDGE('',*,*,#1735,.T.);
#2402=ORIENTED_EDGE('',*,*,#1858,.T.);
#2403=ORIENTED_EDGE('',*,*,#1859,.F.);
#2404=ORIENTED_EDGE('',*,*,#1858,.F.);
#2405=ORIENTED_EDGE('',*,*,#1734,.T.);
#2406=ORIENTED_EDGE('',*,*,#1860,.T.);
#2407=ORIENTED_EDGE('',*,*,#1861,.F.);
#2408=ORIENTED_EDGE('',*,*,#1860,.F.);
#2409=ORIENTED_EDGE('',*,*,#1733,.T.);
#2410=ORIENTED_EDGE('',*,*,#1799,.T.);
#2411=ORIENTED_EDGE('',*,*,#1862,.F.);
#2412=ORIENTED_EDGE('',*,*,#1831,.F.);
#2413=ORIENTED_EDGE('',*,*,#1740,.T.);
#2414=ORIENTED_EDGE('',*,*,#1863,.T.);
#2415=ORIENTED_EDGE('',*,*,#1864,.F.);
#2416=ORIENTED_EDGE('',*,*,#1863,.F.);
#2417=ORIENTED_EDGE('',*,*,#1755,.T.);
#2418=ORIENTED_EDGE('',*,*,#1865,.T.);
#2419=ORIENTED_EDGE('',*,*,#1866,.F.);
#2420=ORIENTED_EDGE('',*,*,#1865,.F.);
#2421=ORIENTED_EDGE('',*,*,#1754,.T.);
#2422=ORIENTED_EDGE('',*,*,#1867,.T.);
#2423=ORIENTED_EDGE('',*,*,#1868,.F.);
#2424=ORIENTED_EDGE('',*,*,#1867,.F.);
#2425=ORIENTED_EDGE('',*,*,#1753,.T.);
#2426=ORIENTED_EDGE('',*,*,#1869,.T.);
#2427=ORIENTED_EDGE('',*,*,#1870,.F.);
#2428=ORIENTED_EDGE('',*,*,#1869,.F.);
#2429=ORIENTED_EDGE('',*,*,#1752,.T.);
#2430=ORIENTED_EDGE('',*,*,#1871,.T.);
#2431=ORIENTED_EDGE('',*,*,#1872,.F.);
#2432=ORIENTED_EDGE('',*,*,#1871,.F.);
#2433=ORIENTED_EDGE('',*,*,#1751,.T.);
#2434=ORIENTED_EDGE('',*,*,#1873,.T.);
#2435=ORIENTED_EDGE('',*,*,#1874,.F.);
#2436=ORIENTED_EDGE('',*,*,#1873,.F.);
#2437=ORIENTED_EDGE('',*,*,#1750,.T.);
#2438=ORIENTED_EDGE('',*,*,#1875,.T.);
#2439=ORIENTED_EDGE('',*,*,#1876,.F.);
#2440=ORIENTED_EDGE('',*,*,#1875,.F.);
#2441=ORIENTED_EDGE('',*,*,#1749,.T.);
#2442=ORIENTED_EDGE('',*,*,#1816,.T.);
#2443=ORIENTED_EDGE('',*,*,#1877,.F.);
#2444=ORIENTED_EDGE('',*,*,#1632,.F.);
#2445=ORIENTED_EDGE('',*,*,#1878,.T.);
#2446=ORIENTED_EDGE('',*,*,#1879,.F.);
#2447=ORIENTED_EDGE('',*,*,#1880,.F.);
#2448=ORIENTED_EDGE('',*,*,#1881,.F.);
#2449=ORIENTED_EDGE('',*,*,#1758,.F.);
#2450=ORIENTED_EDGE('',*,*,#1882,.T.);
#2451=ORIENTED_EDGE('',*,*,#1769,.T.);
#2452=ORIENTED_EDGE('',*,*,#1883,.F.);
#2453=ORIENTED_EDGE('',*,*,#1780,.F.);
#2454=ORIENTED_EDGE('',*,*,#1759,.F.);
#2455=ORIENTED_EDGE('',*,*,#1881,.T.);
#2456=ORIENTED_EDGE('',*,*,#1884,.F.);
#2457=ORIENTED_EDGE('',*,*,#1882,.F.);
#2458=ORIENTED_EDGE('',*,*,#1757,.F.);
#2459=ORIENTED_EDGE('',*,*,#1779,.T.);
#2460=ORIENTED_EDGE('',*,*,#1885,.F.);
#2461=ORIENTED_EDGE('',*,*,#1886,.F.);
#2462=ORIENTED_EDGE('',*,*,#1762,.F.);
#2463=ORIENTED_EDGE('',*,*,#1774,.T.);
#2464=ORIENTED_EDGE('',*,*,#1887,.F.);
#2465=ORIENTED_EDGE('',*,*,#1888,.F.);
#2466=ORIENTED_EDGE('',*,*,#1763,.F.);
#2467=ORIENTED_EDGE('',*,*,#1886,.T.);
#2468=ORIENTED_EDGE('',*,*,#1776,.T.);
#2469=ORIENTED_EDGE('',*,*,#1889,.F.);
#2470=ORIENTED_EDGE('',*,*,#1772,.F.);
#2471=ORIENTED_EDGE('',*,*,#1764,.F.);
#2472=ORIENTED_EDGE('',*,*,#1888,.T.);
#2473=ORIENTED_EDGE('',*,*,#1890,.F.);
#2474=ORIENTED_EDGE('',*,*,#1891,.F.);
#2475=ORIENTED_EDGE('',*,*,#1706,.F.);
#2476=ORIENTED_EDGE('',*,*,#1892,.T.);
#2477=ORIENTED_EDGE('',*,*,#1766,.T.);
#2478=ORIENTED_EDGE('',*,*,#1893,.F.);
#2479=ORIENTED_EDGE('',*,*,#1894,.F.);
#2480=ORIENTED_EDGE('',*,*,#1707,.F.);
#2481=ORIENTED_EDGE('',*,*,#1891,.T.);
#2482=ORIENTED_EDGE('',*,*,#1895,.F.);
#2483=ORIENTED_EDGE('',*,*,#1892,.F.);
#2484=ORIENTED_EDGE('',*,*,#1705,.F.);
#2485=ORIENTED_EDGE('',*,*,#1896,.T.);
#2486=ORIENTED_EDGE('',*,*,#1631,.F.);
#2487=ORIENTED_EDGE('',*,*,#1897,.T.);
#2488=ORIENTED_EDGE('',*,*,#1898,.F.);
#2489=ORIENTED_EDGE('',*,*,#1878,.F.);
#2490=ORIENTED_EDGE('',*,*,#1899,.F.);
#2491=ORIENTED_EDGE('',*,*,#1896,.F.);
#2492=ORIENTED_EDGE('',*,*,#1704,.F.);
#2493=ORIENTED_EDGE('',*,*,#1894,.T.);
#2494=ORIENTED_EDGE('',*,*,#1768,.T.);
#2495=ORIENTED_EDGE('',*,*,#1890,.T.);
#2496=ORIENTED_EDGE('',*,*,#1895,.T.);
#2497=ORIENTED_EDGE('',*,*,#1899,.T.);
#2498=ORIENTED_EDGE('',*,*,#1893,.T.);
#2499=ORIENTED_EDGE('',*,*,#1880,.T.);
#2500=ORIENTED_EDGE('',*,*,#1884,.T.);
#2501=ORIENTED_EDGE('',*,*,#1778,.T.);
#2502=ORIENTED_EDGE('',*,*,#1883,.T.);
#2503=ORIENTED_EDGE('',*,*,#1815,.T.);
#2504=ORIENTED_EDGE('',*,*,#1818,.T.);
#2505=ORIENTED_EDGE('',*,*,#1820,.T.);
#2506=ORIENTED_EDGE('',*,*,#1822,.T.);
#2507=ORIENTED_EDGE('',*,*,#1824,.T.);
#2508=ORIENTED_EDGE('',*,*,#1826,.T.);
#2509=ORIENTED_EDGE('',*,*,#1828,.T.);
#2510=ORIENTED_EDGE('',*,*,#1830,.T.);
#2511=ORIENTED_EDGE('',*,*,#1862,.T.);
#2512=ORIENTED_EDGE('',*,*,#1864,.T.);
#2513=ORIENTED_EDGE('',*,*,#1866,.T.);
#2514=ORIENTED_EDGE('',*,*,#1868,.T.);
#2515=ORIENTED_EDGE('',*,*,#1870,.T.);
#2516=ORIENTED_EDGE('',*,*,#1872,.T.);
#2517=ORIENTED_EDGE('',*,*,#1874,.T.);
#2518=ORIENTED_EDGE('',*,*,#1876,.T.);
#2519=ORIENTED_EDGE('',*,*,#1798,.T.);
#2520=ORIENTED_EDGE('',*,*,#1801,.T.);
#2521=ORIENTED_EDGE('',*,*,#1803,.T.);
#2522=ORIENTED_EDGE('',*,*,#1805,.T.);
#2523=ORIENTED_EDGE('',*,*,#1807,.T.);
#2524=ORIENTED_EDGE('',*,*,#1809,.T.);
#2525=ORIENTED_EDGE('',*,*,#1811,.T.);
#2526=ORIENTED_EDGE('',*,*,#1813,.T.);
#2527=ORIENTED_EDGE('',*,*,#1847,.T.);
#2528=ORIENTED_EDGE('',*,*,#1849,.T.);
#2529=ORIENTED_EDGE('',*,*,#1851,.T.);
#2530=ORIENTED_EDGE('',*,*,#1853,.T.);
#2531=ORIENTED_EDGE('',*,*,#1855,.T.);
#2532=ORIENTED_EDGE('',*,*,#1857,.T.);
#2533=ORIENTED_EDGE('',*,*,#1859,.T.);
#2534=ORIENTED_EDGE('',*,*,#1861,.T.);
#2535=ORIENTED_EDGE('',*,*,#1781,.T.);
#2536=ORIENTED_EDGE('',*,*,#1784,.T.);
#2537=ORIENTED_EDGE('',*,*,#1786,.T.);
#2538=ORIENTED_EDGE('',*,*,#1788,.T.);
#2539=ORIENTED_EDGE('',*,*,#1790,.T.);
#2540=ORIENTED_EDGE('',*,*,#1792,.T.);
#2541=ORIENTED_EDGE('',*,*,#1794,.T.);
#2542=ORIENTED_EDGE('',*,*,#1796,.T.);
#2543=ORIENTED_EDGE('',*,*,#1832,.T.);
#2544=ORIENTED_EDGE('',*,*,#1834,.T.);
#2545=ORIENTED_EDGE('',*,*,#1836,.T.);
#2546=ORIENTED_EDGE('',*,*,#1838,.T.);
#2547=ORIENTED_EDGE('',*,*,#1840,.T.);
#2548=ORIENTED_EDGE('',*,*,#1842,.T.);
#2549=ORIENTED_EDGE('',*,*,#1844,.T.);
#2550=ORIENTED_EDGE('',*,*,#1846,.T.);
#2551=ORIENTED_EDGE('',*,*,#1877,.T.);
#2552=ORIENTED_EDGE('',*,*,#1900,.F.);
#2553=ORIENTED_EDGE('',*,*,#1901,.F.);
#2554=ORIENTED_EDGE('',*,*,#1633,.T.);
#2555=ORIENTED_EDGE('',*,*,#1901,.T.);
#2556=ORIENTED_EDGE('',*,*,#1902,.F.);
#2557=ORIENTED_EDGE('',*,*,#1903,.F.);
#2558=ORIENTED_EDGE('',*,*,#1634,.F.);
#2559=ORIENTED_EDGE('',*,*,#1903,.T.);
#2560=ORIENTED_EDGE('',*,*,#1904,.F.);
#2561=ORIENTED_EDGE('',*,*,#1905,.F.);
#2562=ORIENTED_EDGE('',*,*,#1637,.F.);
#2563=ORIENTED_EDGE('',*,*,#1636,.T.);
#2564=ORIENTED_EDGE('',*,*,#1635,.F.);
#2565=ORIENTED_EDGE('',*,*,#1905,.T.);
#2566=ORIENTED_EDGE('',*,*,#1906,.F.);
#2567=ORIENTED_EDGE('',*,*,#1907,.F.);
#2568=ORIENTED_EDGE('',*,*,#1638,.F.);
#2569=ORIENTED_EDGE('',*,*,#1907,.T.);
#2570=ORIENTED_EDGE('',*,*,#1908,.F.);
#2571=ORIENTED_EDGE('',*,*,#1909,.F.);
#2572=ORIENTED_EDGE('',*,*,#1639,.F.);
#2573=ORIENTED_EDGE('',*,*,#1909,.T.);
#2574=ORIENTED_EDGE('',*,*,#1910,.F.);
#2575=ORIENTED_EDGE('',*,*,#1911,.T.);
#2576=ORIENTED_EDGE('',*,*,#1640,.F.);
#2577=ORIENTED_EDGE('',*,*,#1773,.T.);
#2578=ORIENTED_EDGE('',*,*,#1889,.T.);
#2579=ORIENTED_EDGE('',*,*,#1887,.T.);
#2580=ORIENTED_EDGE('',*,*,#1885,.T.);
#2581=ORIENTED_EDGE('',*,*,#1610,.T.);
#2582=ORIENTED_EDGE('',*,*,#1912,.F.);
#2583=ORIENTED_EDGE('',*,*,#1913,.F.);
#2584=ORIENTED_EDGE('',*,*,#1616,.F.);
#2585=ORIENTED_EDGE('',*,*,#1913,.T.);
#2586=ORIENTED_EDGE('',*,*,#1914,.F.);
#2587=ORIENTED_EDGE('',*,*,#1915,.F.);
#2588=ORIENTED_EDGE('',*,*,#1617,.F.);
#2589=ORIENTED_EDGE('',*,*,#1614,.T.);
#2590=ORIENTED_EDGE('',*,*,#1641,.F.);
#2591=ORIENTED_EDGE('',*,*,#1911,.F.);
#2592=ORIENTED_EDGE('',*,*,#1916,.F.);
#2593=ORIENTED_EDGE('',*,*,#1897,.F.);
#2594=ORIENTED_EDGE('',*,*,#1630,.T.);
#2595=ORIENTED_EDGE('',*,*,#1917,.F.);
#2596=ORIENTED_EDGE('',*,*,#1918,.F.);
#2597=ORIENTED_EDGE('',*,*,#1919,.T.);
#2598=ORIENTED_EDGE('',*,*,#1920,.T.);
#2599=ORIENTED_EDGE('',*,*,#1921,.F.);
#2600=ORIENTED_EDGE('',*,*,#1628,.F.);
#2601=ORIENTED_EDGE('',*,*,#1629,.T.);
#2602=ORIENTED_EDGE('',*,*,#1921,.T.);
#2603=ORIENTED_EDGE('',*,*,#1922,.T.);
#2604=ORIENTED_EDGE('',*,*,#1917,.T.);
#2605=ORIENTED_EDGE('',*,*,#1923,.T.);
#2606=ORIENTED_EDGE('',*,*,#1924,.T.);
#2607=ORIENTED_EDGE('',*,*,#1925,.T.);
#2608=ORIENTED_EDGE('',*,*,#1924,.F.);
#2609=ORIENTED_EDGE('',*,*,#1926,.T.);
#2610=ORIENTED_EDGE('',*,*,#1927,.T.);
#2611=ORIENTED_EDGE('',*,*,#1928,.T.);
#2612=ORIENTED_EDGE('',*,*,#1927,.F.);
#2613=ORIENTED_EDGE('',*,*,#1698,.F.);
#2614=ORIENTED_EDGE('',*,*,#1703,.T.);
#2615=ORIENTED_EDGE('',*,*,#1929,.T.);
#2616=ORIENTED_EDGE('',*,*,#1930,.T.);
#2617=ORIENTED_EDGE('',*,*,#1931,.F.);
#2618=ORIENTED_EDGE('',*,*,#1699,.T.);
#2619=ORIENTED_EDGE('',*,*,#1932,.F.);
#2620=ORIENTED_EDGE('',*,*,#1933,.T.);
#2621=ORIENTED_EDGE('',*,*,#1934,.T.);
#2622=ORIENTED_EDGE('',*,*,#1932,.T.);
#2623=ORIENTED_EDGE('',*,*,#1934,.F.);
#2624=ORIENTED_EDGE('',*,*,#1935,.T.);
#2625=ORIENTED_EDGE('',*,*,#1936,.F.);
#2626=ORIENTED_EDGE('',*,*,#1694,.T.);
#2627=ORIENTED_EDGE('',*,*,#1937,.T.);
#2628=ORIENTED_EDGE('',*,*,#1928,.F.);
#2629=ORIENTED_EDGE('',*,*,#1938,.T.);
#2630=ORIENTED_EDGE('',*,*,#1939,.F.);
#2631=ORIENTED_EDGE('',*,*,#1654,.F.);
#2632=ORIENTED_EDGE('',*,*,#1940,.T.);
#2633=ORIENTED_EDGE('',*,*,#1941,.T.);
#2634=ORIENTED_EDGE('',*,*,#1942,.F.);
#2635=ORIENTED_EDGE('',*,*,#1655,.F.);
#2636=ORIENTED_EDGE('',*,*,#1939,.T.);
#2637=ORIENTED_EDGE('',*,*,#1943,.T.);
#2638=ORIENTED_EDGE('',*,*,#1944,.F.);
#2639=ORIENTED_EDGE('',*,*,#1656,.F.);
#2640=ORIENTED_EDGE('',*,*,#1942,.T.);
#2641=ORIENTED_EDGE('',*,*,#1945,.T.);
#2642=ORIENTED_EDGE('',*,*,#1946,.F.);
#2643=ORIENTED_EDGE('',*,*,#1657,.F.);
#2644=ORIENTED_EDGE('',*,*,#1944,.T.);
#2645=ORIENTED_EDGE('',*,*,#1947,.T.);
#2646=ORIENTED_EDGE('',*,*,#1948,.F.);
#2647=ORIENTED_EDGE('',*,*,#1658,.F.);
#2648=ORIENTED_EDGE('',*,*,#1946,.T.);
#2649=ORIENTED_EDGE('',*,*,#1949,.T.);
#2650=ORIENTED_EDGE('',*,*,#1950,.F.);
#2651=ORIENTED_EDGE('',*,*,#1659,.F.);
#2652=ORIENTED_EDGE('',*,*,#1948,.T.);
#2653=ORIENTED_EDGE('',*,*,#1951,.T.);
#2654=ORIENTED_EDGE('',*,*,#1952,.F.);
#2655=ORIENTED_EDGE('',*,*,#1660,.F.);
#2656=ORIENTED_EDGE('',*,*,#1950,.T.);
#2657=ORIENTED_EDGE('',*,*,#1953,.T.);
#2658=ORIENTED_EDGE('',*,*,#1954,.F.);
#2659=ORIENTED_EDGE('',*,*,#1661,.F.);
#2660=ORIENTED_EDGE('',*,*,#1952,.T.);
#2661=ORIENTED_EDGE('',*,*,#1955,.T.);
#2662=ORIENTED_EDGE('',*,*,#1956,.F.);
#2663=ORIENTED_EDGE('',*,*,#1670,.F.);
#2664=ORIENTED_EDGE('',*,*,#1957,.T.);
#2665=ORIENTED_EDGE('',*,*,#1958,.T.);
#2666=ORIENTED_EDGE('',*,*,#1959,.F.);
#2667=ORIENTED_EDGE('',*,*,#1671,.F.);
#2668=ORIENTED_EDGE('',*,*,#1956,.T.);
#2669=ORIENTED_EDGE('',*,*,#1960,.T.);
#2670=ORIENTED_EDGE('',*,*,#1961,.F.);
#2671=ORIENTED_EDGE('',*,*,#1672,.F.);
#2672=ORIENTED_EDGE('',*,*,#1959,.T.);
#2673=ORIENTED_EDGE('',*,*,#1962,.T.);
#2674=ORIENTED_EDGE('',*,*,#1963,.F.);
#2675=ORIENTED_EDGE('',*,*,#1673,.F.);
#2676=ORIENTED_EDGE('',*,*,#1961,.T.);
#2677=ORIENTED_EDGE('',*,*,#1964,.T.);
#2678=ORIENTED_EDGE('',*,*,#1965,.F.);
#2679=ORIENTED_EDGE('',*,*,#1674,.F.);
#2680=ORIENTED_EDGE('',*,*,#1963,.T.);
#2681=ORIENTED_EDGE('',*,*,#1966,.T.);
#2682=ORIENTED_EDGE('',*,*,#1967,.F.);
#2683=ORIENTED_EDGE('',*,*,#1675,.F.);
#2684=ORIENTED_EDGE('',*,*,#1965,.T.);
#2685=ORIENTED_EDGE('',*,*,#1968,.T.);
#2686=ORIENTED_EDGE('',*,*,#1969,.F.);
#2687=ORIENTED_EDGE('',*,*,#1676,.F.);
#2688=ORIENTED_EDGE('',*,*,#1967,.T.);
#2689=ORIENTED_EDGE('',*,*,#1970,.T.);
#2690=ORIENTED_EDGE('',*,*,#1971,.F.);
#2691=ORIENTED_EDGE('',*,*,#1677,.F.);
#2692=ORIENTED_EDGE('',*,*,#1969,.T.);
#2693=ORIENTED_EDGE('',*,*,#1972,.T.);
#2694=ORIENTED_EDGE('',*,*,#1973,.F.);
#2695=ORIENTED_EDGE('',*,*,#1686,.F.);
#2696=ORIENTED_EDGE('',*,*,#1974,.T.);
#2697=ORIENTED_EDGE('',*,*,#1975,.T.);
#2698=ORIENTED_EDGE('',*,*,#1976,.F.);
#2699=ORIENTED_EDGE('',*,*,#1687,.F.);
#2700=ORIENTED_EDGE('',*,*,#1973,.T.);
#2701=ORIENTED_EDGE('',*,*,#1977,.T.);
#2702=ORIENTED_EDGE('',*,*,#1978,.F.);
#2703=ORIENTED_EDGE('',*,*,#1688,.F.);
#2704=ORIENTED_EDGE('',*,*,#1976,.T.);
#2705=ORIENTED_EDGE('',*,*,#1979,.T.);
#2706=ORIENTED_EDGE('',*,*,#1980,.F.);
#2707=ORIENTED_EDGE('',*,*,#1689,.F.);
#2708=ORIENTED_EDGE('',*,*,#1978,.T.);
#2709=ORIENTED_EDGE('',*,*,#1981,.T.);
#2710=ORIENTED_EDGE('',*,*,#1982,.F.);
#2711=ORIENTED_EDGE('',*,*,#1690,.F.);
#2712=ORIENTED_EDGE('',*,*,#1980,.T.);
#2713=ORIENTED_EDGE('',*,*,#1983,.T.);
#2714=ORIENTED_EDGE('',*,*,#1984,.F.);
#2715=ORIENTED_EDGE('',*,*,#1691,.F.);
#2716=ORIENTED_EDGE('',*,*,#1982,.T.);
#2717=ORIENTED_EDGE('',*,*,#1985,.T.);
#2718=ORIENTED_EDGE('',*,*,#1986,.F.);
#2719=ORIENTED_EDGE('',*,*,#1692,.F.);
#2720=ORIENTED_EDGE('',*,*,#1984,.T.);
#2721=ORIENTED_EDGE('',*,*,#1987,.T.);
#2722=ORIENTED_EDGE('',*,*,#1988,.F.);
#2723=ORIENTED_EDGE('',*,*,#1693,.F.);
#2724=ORIENTED_EDGE('',*,*,#1986,.T.);
#2725=ORIENTED_EDGE('',*,*,#1989,.T.);
#2726=ORIENTED_EDGE('',*,*,#1990,.F.);
#2727=ORIENTED_EDGE('',*,*,#1646,.F.);
#2728=ORIENTED_EDGE('',*,*,#1954,.T.);
#2729=ORIENTED_EDGE('',*,*,#1991,.T.);
#2730=ORIENTED_EDGE('',*,*,#1992,.F.);
#2731=ORIENTED_EDGE('',*,*,#1647,.F.);
#2732=ORIENTED_EDGE('',*,*,#1990,.T.);
#2733=ORIENTED_EDGE('',*,*,#1993,.T.);
#2734=ORIENTED_EDGE('',*,*,#1994,.F.);
#2735=ORIENTED_EDGE('',*,*,#1648,.F.);
#2736=ORIENTED_EDGE('',*,*,#1992,.T.);
#2737=ORIENTED_EDGE('',*,*,#1995,.T.);
#2738=ORIENTED_EDGE('',*,*,#1996,.F.);
#2739=ORIENTED_EDGE('',*,*,#1649,.F.);
#2740=ORIENTED_EDGE('',*,*,#1994,.T.);
#2741=ORIENTED_EDGE('',*,*,#1997,.T.);
#2742=ORIENTED_EDGE('',*,*,#1998,.F.);
#2743=ORIENTED_EDGE('',*,*,#1650,.F.);
#2744=ORIENTED_EDGE('',*,*,#1996,.T.);
#2745=ORIENTED_EDGE('',*,*,#1999,.T.);
#2746=ORIENTED_EDGE('',*,*,#2000,.F.);
#2747=ORIENTED_EDGE('',*,*,#1651,.F.);
#2748=ORIENTED_EDGE('',*,*,#1998,.T.);
#2749=ORIENTED_EDGE('',*,*,#2001,.T.);
#2750=ORIENTED_EDGE('',*,*,#2002,.F.);
#2751=ORIENTED_EDGE('',*,*,#1652,.F.);
#2752=ORIENTED_EDGE('',*,*,#2000,.T.);
#2753=ORIENTED_EDGE('',*,*,#2003,.T.);
#2754=ORIENTED_EDGE('',*,*,#1940,.F.);
#2755=ORIENTED_EDGE('',*,*,#1653,.F.);
#2756=ORIENTED_EDGE('',*,*,#2002,.T.);
#2757=ORIENTED_EDGE('',*,*,#2004,.T.);
#2758=ORIENTED_EDGE('',*,*,#2005,.F.);
#2759=ORIENTED_EDGE('',*,*,#1662,.F.);
#2760=ORIENTED_EDGE('',*,*,#1971,.T.);
#2761=ORIENTED_EDGE('',*,*,#2006,.T.);
#2762=ORIENTED_EDGE('',*,*,#2007,.F.);
#2763=ORIENTED_EDGE('',*,*,#1663,.F.);
#2764=ORIENTED_EDGE('',*,*,#2005,.T.);
#2765=ORIENTED_EDGE('',*,*,#2008,.T.);
#2766=ORIENTED_EDGE('',*,*,#2009,.F.);
#2767=ORIENTED_EDGE('',*,*,#1664,.F.);
#2768=ORIENTED_EDGE('',*,*,#2007,.T.);
#2769=ORIENTED_EDGE('',*,*,#2010,.T.);
#2770=ORIENTED_EDGE('',*,*,#2011,.F.);
#2771=ORIENTED_EDGE('',*,*,#1665,.F.);
#2772=ORIENTED_EDGE('',*,*,#2009,.T.);
#2773=ORIENTED_EDGE('',*,*,#2012,.T.);
#2774=ORIENTED_EDGE('',*,*,#2013,.F.);
#2775=ORIENTED_EDGE('',*,*,#1666,.F.);
#2776=ORIENTED_EDGE('',*,*,#2011,.T.);
#2777=ORIENTED_EDGE('',*,*,#2014,.T.);
#2778=ORIENTED_EDGE('',*,*,#2015,.F.);
#2779=ORIENTED_EDGE('',*,*,#1667,.F.);
#2780=ORIENTED_EDGE('',*,*,#2013,.T.);
#2781=ORIENTED_EDGE('',*,*,#2016,.T.);
#2782=ORIENTED_EDGE('',*,*,#2017,.F.);
#2783=ORIENTED_EDGE('',*,*,#1668,.F.);
#2784=ORIENTED_EDGE('',*,*,#2015,.T.);
#2785=ORIENTED_EDGE('',*,*,#2018,.T.);
#2786=ORIENTED_EDGE('',*,*,#1957,.F.);
#2787=ORIENTED_EDGE('',*,*,#1669,.F.);
#2788=ORIENTED_EDGE('',*,*,#2017,.T.);
#2789=ORIENTED_EDGE('',*,*,#2019,.T.);
#2790=ORIENTED_EDGE('',*,*,#2020,.F.);
#2791=ORIENTED_EDGE('',*,*,#1678,.F.);
#2792=ORIENTED_EDGE('',*,*,#1988,.T.);
#2793=ORIENTED_EDGE('',*,*,#2021,.T.);
#2794=ORIENTED_EDGE('',*,*,#2022,.F.);
#2795=ORIENTED_EDGE('',*,*,#1679,.F.);
#2796=ORIENTED_EDGE('',*,*,#2020,.T.);
#2797=ORIENTED_EDGE('',*,*,#2023,.T.);
#2798=ORIENTED_EDGE('',*,*,#2024,.F.);
#2799=ORIENTED_EDGE('',*,*,#1680,.F.);
#2800=ORIENTED_EDGE('',*,*,#2022,.T.);
#2801=ORIENTED_EDGE('',*,*,#2025,.T.);
#2802=ORIENTED_EDGE('',*,*,#2026,.F.);
#2803=ORIENTED_EDGE('',*,*,#1681,.F.);
#2804=ORIENTED_EDGE('',*,*,#2024,.T.);
#2805=ORIENTED_EDGE('',*,*,#2027,.T.);
#2806=ORIENTED_EDGE('',*,*,#2028,.F.);
#2807=ORIENTED_EDGE('',*,*,#1682,.F.);
#2808=ORIENTED_EDGE('',*,*,#2026,.T.);
#2809=ORIENTED_EDGE('',*,*,#2029,.T.);
#2810=ORIENTED_EDGE('',*,*,#2030,.F.);
#2811=ORIENTED_EDGE('',*,*,#1683,.F.);
#2812=ORIENTED_EDGE('',*,*,#2028,.T.);
#2813=ORIENTED_EDGE('',*,*,#2031,.T.);
#2814=ORIENTED_EDGE('',*,*,#2032,.F.);
#2815=ORIENTED_EDGE('',*,*,#1684,.F.);
#2816=ORIENTED_EDGE('',*,*,#2030,.T.);
#2817=ORIENTED_EDGE('',*,*,#2033,.T.);
#2818=ORIENTED_EDGE('',*,*,#1974,.F.);
#2819=ORIENTED_EDGE('',*,*,#1685,.F.);
#2820=ORIENTED_EDGE('',*,*,#2032,.T.);
#2821=ORIENTED_EDGE('',*,*,#2034,.T.);
#2822=ORIENTED_EDGE('',*,*,#2035,.T.);
#2823=ORIENTED_EDGE('',*,*,#2036,.F.);
#2824=ORIENTED_EDGE('',*,*,#1626,.T.);
#2825=ORIENTED_EDGE('',*,*,#2037,.T.);
#2826=ORIENTED_EDGE('',*,*,#2038,.F.);
#2827=ORIENTED_EDGE('',*,*,#1696,.T.);
#2828=ORIENTED_EDGE('',*,*,#2039,.T.);
#2829=ORIENTED_EDGE('',*,*,#1926,.F.);
#2830=ORIENTED_EDGE('',*,*,#2040,.T.);
#2831=ORIENTED_EDGE('',*,*,#2039,.F.);
#2832=ORIENTED_EDGE('',*,*,#1695,.T.);
#2833=ORIENTED_EDGE('',*,*,#1936,.T.);
#2834=ORIENTED_EDGE('',*,*,#2041,.T.);
#2835=ORIENTED_EDGE('',*,*,#1937,.F.);
#2836=ORIENTED_EDGE('',*,*,#1697,.T.);
#2837=ORIENTED_EDGE('',*,*,#2038,.T.);
#2838=ORIENTED_EDGE('',*,*,#2042,.T.);
#2839=ORIENTED_EDGE('',*,*,#1929,.F.);
#2840=ORIENTED_EDGE('',*,*,#1702,.T.);
#2841=ORIENTED_EDGE('',*,*,#2043,.T.);
#2842=ORIENTED_EDGE('',*,*,#2044,.T.);
#2843=ORIENTED_EDGE('',*,*,#2043,.F.);
#2844=ORIENTED_EDGE('',*,*,#1701,.T.);
#2845=ORIENTED_EDGE('',*,*,#2045,.T.);
#2846=ORIENTED_EDGE('',*,*,#1933,.F.);
#2847=ORIENTED_EDGE('',*,*,#2046,.T.);
#2848=ORIENTED_EDGE('',*,*,#2045,.F.);
#2849=ORIENTED_EDGE('',*,*,#1700,.T.);
#2850=ORIENTED_EDGE('',*,*,#1931,.T.);
#2851=ORIENTED_EDGE('',*,*,#2047,.T.);
#2852=ORIENTED_EDGE('',*,*,#2048,.F.);
#2853=ORIENTED_EDGE('',*,*,#1644,.T.);
#2854=ORIENTED_EDGE('',*,*,#2049,.T.);
#2855=ORIENTED_EDGE('',*,*,#1923,.F.);
#2856=ORIENTED_EDGE('',*,*,#2050,.T.);
#2857=ORIENTED_EDGE('',*,*,#2049,.F.);
#2858=ORIENTED_EDGE('',*,*,#1643,.T.);
#2859=ORIENTED_EDGE('',*,*,#2051,.T.);
#2860=ORIENTED_EDGE('',*,*,#2052,.T.);
#2861=ORIENTED_EDGE('',*,*,#2053,.F.);
#2862=ORIENTED_EDGE('',*,*,#1645,.T.);
#2863=ORIENTED_EDGE('',*,*,#2048,.T.);
#2864=ORIENTED_EDGE('',*,*,#1627,.T.);
#2865=ORIENTED_EDGE('',*,*,#2036,.T.);
#2866=ORIENTED_EDGE('',*,*,#2054,.T.);
#2867=ORIENTED_EDGE('',*,*,#1919,.F.);
#2868=ORIENTED_EDGE('',*,*,#2055,.T.);
#2869=ORIENTED_EDGE('',*,*,#2051,.F.);
#2870=ORIENTED_EDGE('',*,*,#1642,.T.);
#2871=ORIENTED_EDGE('',*,*,#2053,.T.);
#2872=ORIENTED_EDGE('',*,*,#1925,.F.);
#2873=ORIENTED_EDGE('',*,*,#2047,.F.);
#2874=ORIENTED_EDGE('',*,*,#2050,.F.);
#2875=ORIENTED_EDGE('',*,*,#2055,.F.);
#2876=ORIENTED_EDGE('',*,*,#2052,.F.);
#2877=ORIENTED_EDGE('',*,*,#2037,.F.);
#2878=ORIENTED_EDGE('',*,*,#2040,.F.);
#2879=ORIENTED_EDGE('',*,*,#1935,.F.);
#2880=ORIENTED_EDGE('',*,*,#2041,.F.);
#2881=ORIENTED_EDGE('',*,*,#1972,.F.);
#2882=ORIENTED_EDGE('',*,*,#2033,.F.);
#2883=ORIENTED_EDGE('',*,*,#2031,.F.);
#2884=ORIENTED_EDGE('',*,*,#2029,.F.);
#2885=ORIENTED_EDGE('',*,*,#2027,.F.);
#2886=ORIENTED_EDGE('',*,*,#2025,.F.);
#2887=ORIENTED_EDGE('',*,*,#2023,.F.);
#2888=ORIENTED_EDGE('',*,*,#2021,.F.);
#2889=ORIENTED_EDGE('',*,*,#2019,.F.);
#2890=ORIENTED_EDGE('',*,*,#1987,.F.);
#2891=ORIENTED_EDGE('',*,*,#1985,.F.);
#2892=ORIENTED_EDGE('',*,*,#1983,.F.);
#2893=ORIENTED_EDGE('',*,*,#1981,.F.);
#2894=ORIENTED_EDGE('',*,*,#1979,.F.);
#2895=ORIENTED_EDGE('',*,*,#1977,.F.);
#2896=ORIENTED_EDGE('',*,*,#1975,.F.);
#2897=ORIENTED_EDGE('',*,*,#1955,.F.);
#2898=ORIENTED_EDGE('',*,*,#2018,.F.);
#2899=ORIENTED_EDGE('',*,*,#2016,.F.);
#2900=ORIENTED_EDGE('',*,*,#2014,.F.);
#2901=ORIENTED_EDGE('',*,*,#2012,.F.);
#2902=ORIENTED_EDGE('',*,*,#2010,.F.);
#2903=ORIENTED_EDGE('',*,*,#2008,.F.);
#2904=ORIENTED_EDGE('',*,*,#2006,.F.);
#2905=ORIENTED_EDGE('',*,*,#2004,.F.);
#2906=ORIENTED_EDGE('',*,*,#1970,.F.);
#2907=ORIENTED_EDGE('',*,*,#1968,.F.);
#2908=ORIENTED_EDGE('',*,*,#1966,.F.);
#2909=ORIENTED_EDGE('',*,*,#1964,.F.);
#2910=ORIENTED_EDGE('',*,*,#1962,.F.);
#2911=ORIENTED_EDGE('',*,*,#1960,.F.);
#2912=ORIENTED_EDGE('',*,*,#1958,.F.);
#2913=ORIENTED_EDGE('',*,*,#1938,.F.);
#2914=ORIENTED_EDGE('',*,*,#2003,.F.);
#2915=ORIENTED_EDGE('',*,*,#2001,.F.);
#2916=ORIENTED_EDGE('',*,*,#1999,.F.);
#2917=ORIENTED_EDGE('',*,*,#1997,.F.);
#2918=ORIENTED_EDGE('',*,*,#1995,.F.);
#2919=ORIENTED_EDGE('',*,*,#1993,.F.);
#2920=ORIENTED_EDGE('',*,*,#1991,.F.);
#2921=ORIENTED_EDGE('',*,*,#1989,.F.);
#2922=ORIENTED_EDGE('',*,*,#1953,.F.);
#2923=ORIENTED_EDGE('',*,*,#1951,.F.);
#2924=ORIENTED_EDGE('',*,*,#1949,.F.);
#2925=ORIENTED_EDGE('',*,*,#1947,.F.);
#2926=ORIENTED_EDGE('',*,*,#1945,.F.);
#2927=ORIENTED_EDGE('',*,*,#1943,.F.);
#2928=ORIENTED_EDGE('',*,*,#1941,.F.);
#2929=ORIENTED_EDGE('',*,*,#2034,.F.);
#2930=ORIENTED_EDGE('',*,*,#1625,.F.);
#2931=ORIENTED_EDGE('',*,*,#2056,.T.);
#2932=ORIENTED_EDGE('',*,*,#2057,.T.);
#2933=ORIENTED_EDGE('',*,*,#2056,.F.);
#2934=ORIENTED_EDGE('',*,*,#1624,.T.);
#2935=ORIENTED_EDGE('',*,*,#2058,.T.);
#2936=ORIENTED_EDGE('',*,*,#2059,.T.);
#2937=ORIENTED_EDGE('',*,*,#2058,.F.);
#2938=ORIENTED_EDGE('',*,*,#1623,.T.);
#2939=ORIENTED_EDGE('',*,*,#1622,.F.);
#2940=ORIENTED_EDGE('',*,*,#1621,.T.);
#2941=ORIENTED_EDGE('',*,*,#2060,.T.);
#2942=ORIENTED_EDGE('',*,*,#2061,.T.);
#2943=ORIENTED_EDGE('',*,*,#2060,.F.);
#2944=ORIENTED_EDGE('',*,*,#1620,.T.);
#2945=ORIENTED_EDGE('',*,*,#2062,.T.);
#2946=ORIENTED_EDGE('',*,*,#2063,.T.);
#2947=ORIENTED_EDGE('',*,*,#2062,.F.);
#2948=ORIENTED_EDGE('',*,*,#1619,.T.);
#2949=ORIENTED_EDGE('',*,*,#2064,.T.);
#2950=ORIENTED_EDGE('',*,*,#2065,.T.);
#2951=ORIENTED_EDGE('',*,*,#2064,.F.);
#2952=ORIENTED_EDGE('',*,*,#1618,.T.);
#2953=ORIENTED_EDGE('',*,*,#1915,.T.);
#2954=ORIENTED_EDGE('',*,*,#2066,.T.);
#2955=ORIENTED_EDGE('',*,*,#1609,.T.);
#2956=ORIENTED_EDGE('',*,*,#1615,.T.);
#2957=ORIENTED_EDGE('',*,*,#1916,.T.);
#2958=ORIENTED_EDGE('',*,*,#1910,.T.);
#2959=ORIENTED_EDGE('',*,*,#1908,.T.);
#2960=ORIENTED_EDGE('',*,*,#1906,.T.);
#2961=ORIENTED_EDGE('',*,*,#1904,.T.);
#2962=ORIENTED_EDGE('',*,*,#1902,.T.);
#2963=ORIENTED_EDGE('',*,*,#1900,.T.);
#2964=ORIENTED_EDGE('',*,*,#1879,.T.);
#2965=ORIENTED_EDGE('',*,*,#1898,.T.);
#2966=ORIENTED_EDGE('',*,*,#1918,.T.);
#2967=ORIENTED_EDGE('',*,*,#1922,.F.);
#2968=ORIENTED_EDGE('',*,*,#1920,.F.);
#2969=ORIENTED_EDGE('',*,*,#2054,.F.);
#2970=ORIENTED_EDGE('',*,*,#2035,.F.);
#2971=ORIENTED_EDGE('',*,*,#2057,.F.);
#2972=ORIENTED_EDGE('',*,*,#2059,.F.);
#2973=ORIENTED_EDGE('',*,*,#2061,.F.);
#2974=ORIENTED_EDGE('',*,*,#2063,.F.);
#2975=ORIENTED_EDGE('',*,*,#2065,.F.);
#2976=ORIENTED_EDGE('',*,*,#2066,.F.);
#2977=ORIENTED_EDGE('',*,*,#1914,.T.);
#2978=ORIENTED_EDGE('',*,*,#1912,.T.);
#2979=ORIENTED_EDGE('',*,*,#1930,.F.);
#2980=ORIENTED_EDGE('',*,*,#2042,.F.);
#2981=ORIENTED_EDGE('',*,*,#2044,.F.);
#2982=ORIENTED_EDGE('',*,*,#2046,.F.);
#2983=PLANE('',#3319);
#2984=PLANE('',#3320);
#2985=PLANE('',#3321);
#2986=PLANE('',#3328);
#2987=PLANE('',#3332);
#2988=PLANE('',#3333);
#2989=PLANE('',#3334);
#2990=PLANE('',#3335);
#2991=PLANE('',#3336);
#2992=PLANE('',#3337);
#2993=PLANE('',#3338);
#2994=PLANE('',#3339);
#2995=PLANE('',#3340);
#2996=PLANE('',#3341);
#2997=PLANE('',#3342);
#2998=PLANE('',#3343);
#2999=PLANE('',#3344);
#3000=PLANE('',#3345);
#3001=PLANE('',#3346);
#3002=PLANE('',#3347);
#3003=PLANE('',#3348);
#3004=PLANE('',#3349);
#3005=PLANE('',#3350);
#3006=PLANE('',#3351);
#3007=PLANE('',#3352);
#3008=PLANE('',#3353);
#3009=PLANE('',#3354);
#3010=PLANE('',#3355);
#3011=PLANE('',#3356);
#3012=PLANE('',#3357);
#3013=PLANE('',#3358);
#3014=PLANE('',#3359);
#3015=PLANE('',#3360);
#3016=PLANE('',#3361);
#3017=PLANE('',#3362);
#3018=PLANE('',#3363);
#3019=PLANE('',#3364);
#3020=PLANE('',#3365);
#3021=PLANE('',#3366);
#3022=PLANE('',#3367);
#3023=PLANE('',#3368);
#3024=PLANE('',#3369);
#3025=PLANE('',#3370);
#3026=PLANE('',#3371);
#3027=PLANE('',#3372);
#3028=PLANE('',#3373);
#3029=PLANE('',#3374);
#3030=PLANE('',#3375);
#3031=PLANE('',#3376);
#3032=PLANE('',#3377);
#3033=PLANE('',#3378);
#3034=PLANE('',#3379);
#3035=PLANE('',#3380);
#3036=PLANE('',#3381);
#3037=PLANE('',#3382);
#3038=PLANE('',#3383);
#3039=PLANE('',#3384);
#3040=PLANE('',#3385);
#3041=PLANE('',#3386);
#3042=PLANE('',#3387);
#3043=PLANE('',#3388);
#3044=PLANE('',#3389);
#3045=PLANE('',#3390);
#3046=PLANE('',#3391);
#3047=PLANE('',#3392);
#3048=PLANE('',#3393);
#3049=PLANE('',#3394);
#3050=PLANE('',#3395);
#3051=PLANE('',#3396);
#3052=PLANE('',#3397);
#3053=PLANE('',#3398);
#3054=PLANE('',#3399);
#3055=PLANE('',#3400);
#3056=PLANE('',#3401);
#3057=PLANE('',#3402);
#3058=PLANE('',#3403);
#3059=PLANE('',#3404);
#3060=PLANE('',#3405);
#3061=PLANE('',#3406);
#3062=PLANE('',#3407);
#3063=PLANE('',#3408);
#3064=PLANE('',#3409);
#3065=PLANE('',#3410);
#3066=PLANE('',#3417);
#3067=PLANE('',#3421);
#3068=PLANE('',#3422);
#3069=PLANE('',#3423);
#3070=PLANE('',#3424);
#3071=PLANE('',#3425);
#3072=PLANE('',#3426);
#3073=PLANE('',#3427);
#3074=PLANE('',#3428);
#3075=PLANE('',#3429);
#3076=PLANE('',#3430);
#3077=PLANE('',#3431);
#3078=PLANE('',#3432);
#3079=PLANE('',#3433);
#3080=PLANE('',#3434);
#3081=PLANE('',#3435);
#3082=PLANE('',#3436);
#3083=PLANE('',#3437);
#3084=PLANE('',#3438);
#3085=PLANE('',#3439);
#3086=PLANE('',#3440);
#3087=PLANE('',#3441);
#3088=PLANE('',#3442);
#3089=PLANE('',#3443);
#3090=PLANE('',#3444);
#3091=PLANE('',#3445);
#3092=PLANE('',#3446);
#3093=PLANE('',#3447);
#3094=PLANE('',#3448);
#3095=PLANE('',#3449);
#3096=PLANE('',#3450);
#3097=PLANE('',#3451);
#3098=PLANE('',#3452);
#3099=PLANE('',#3453);
#3100=PLANE('',#3454);
#3101=PLANE('',#3455);
#3102=PLANE('',#3456);
#3103=PLANE('',#3457);
#3104=PLANE('',#3458);
#3105=PLANE('',#3459);
#3106=PLANE('',#3460);
#3107=PLANE('',#3461);
#3108=PLANE('',#3462);
#3109=PLANE('',#3463);
#3110=PLANE('',#3464);
#3111=PLANE('',#3465);
#3112=PLANE('',#3466);
#3113=PLANE('',#3467);
#3114=PLANE('',#3468);
#3115=PLANE('',#3469);
#3116=PLANE('',#3470);
#3117=PLANE('',#3471);
#3118=PLANE('',#3472);
#3119=PLANE('',#3473);
#3120=PLANE('',#3474);
#3121=PLANE('',#3475);
#3122=PLANE('',#3476);
#3123=PLANE('',#3477);
#3124=PLANE('',#3478);
#3125=PLANE('',#3479);
#3126=PLANE('',#3480);
#3127=PLANE('',#3481);
#3128=PLANE('',#3482);
#3129=PLANE('',#3483);
#3130=PLANE('',#3484);
#3131=PLANE('',#3485);
#3132=PLANE('',#3486);
#3133=PLANE('',#3487);
#3134=PLANE('',#3488);
#3135=PLANE('',#3489);
#3136=PLANE('',#3490);
#3137=PLANE('',#3491);
#3138=PLANE('',#3492);
#3139=PLANE('',#3493);
#3140=PLANE('',#3494);
#3141=ADVANCED_FACE('',(#57),#2983,.F.);
#3142=ADVANCED_FACE('',(#58),#2984,.T.);
#3143=ADVANCED_FACE('',(#59,#33,#34,#35,#36,#37,#38,#39,#40,#41,#42,#43,
#44),#2985,.T.);
#3144=ADVANCED_FACE('',(#60),#27,.T.);
#3145=ADVANCED_FACE('',(#61),#28,.T.);
#3146=ADVANCED_FACE('',(#62,#45),#2986,.F.);
#3147=ADVANCED_FACE('',(#63),#29,.T.);
#3148=ADVANCED_FACE('',(#64,#46),#2987,.F.);
#3149=ADVANCED_FACE('',(#65),#2988,.T.);
#3150=ADVANCED_FACE('',(#66),#2989,.T.);
#3151=ADVANCED_FACE('',(#67),#2990,.T.);
#3152=ADVANCED_FACE('',(#68),#2991,.T.);
#3153=ADVANCED_FACE('',(#69),#2992,.T.);
#3154=ADVANCED_FACE('',(#70),#2993,.T.);
#3155=ADVANCED_FACE('',(#71),#2994,.T.);
#3156=ADVANCED_FACE('',(#72),#2995,.T.);
#3157=ADVANCED_FACE('',(#73),#2996,.T.);
#3158=ADVANCED_FACE('',(#74),#2997,.T.);
#3159=ADVANCED_FACE('',(#75),#2998,.T.);
#3160=ADVANCED_FACE('',(#76),#2999,.T.);
#3161=ADVANCED_FACE('',(#77),#3000,.T.);
#3162=ADVANCED_FACE('',(#78),#3001,.T.);
#3163=ADVANCED_FACE('',(#79),#3002,.T.);
#3164=ADVANCED_FACE('',(#80),#3003,.T.);
#3165=ADVANCED_FACE('',(#81),#3004,.T.);
#3166=ADVANCED_FACE('',(#82),#3005,.T.);
#3167=ADVANCED_FACE('',(#83),#3006,.T.);
#3168=ADVANCED_FACE('',(#84),#3007,.T.);
#3169=ADVANCED_FACE('',(#85),#3008,.T.);
#3170=ADVANCED_FACE('',(#86),#3009,.T.);
#3171=ADVANCED_FACE('',(#87),#3010,.T.);
#3172=ADVANCED_FACE('',(#88),#3011,.T.);
#3173=ADVANCED_FACE('',(#89),#3012,.T.);
#3174=ADVANCED_FACE('',(#90),#3013,.T.);
#3175=ADVANCED_FACE('',(#91),#3014,.T.);
#3176=ADVANCED_FACE('',(#92),#3015,.T.);
#3177=ADVANCED_FACE('',(#93),#3016,.T.);
#3178=ADVANCED_FACE('',(#94),#3017,.T.);
#3179=ADVANCED_FACE('',(#95),#3018,.T.);
#3180=ADVANCED_FACE('',(#96),#3019,.T.);
#3181=ADVANCED_FACE('',(#97),#3020,.T.);
#3182=ADVANCED_FACE('',(#98),#3021,.T.);
#3183=ADVANCED_FACE('',(#99),#3022,.T.);
#3184=ADVANCED_FACE('',(#100),#3023,.T.);
#3185=ADVANCED_FACE('',(#101),#3024,.T.);
#3186=ADVANCED_FACE('',(#102),#3025,.T.);
#3187=ADVANCED_FACE('',(#103),#3026,.T.);
#3188=ADVANCED_FACE('',(#104),#3027,.T.);
#3189=ADVANCED_FACE('',(#105),#3028,.T.);
#3190=ADVANCED_FACE('',(#106),#3029,.T.);
#3191=ADVANCED_FACE('',(#107),#3030,.T.);
#3192=ADVANCED_FACE('',(#108),#3031,.T.);
#3193=ADVANCED_FACE('',(#109),#3032,.T.);
#3194=ADVANCED_FACE('',(#110),#3033,.T.);
#3195=ADVANCED_FACE('',(#111),#3034,.T.);
#3196=ADVANCED_FACE('',(#112),#3035,.T.);
#3197=ADVANCED_FACE('',(#113),#3036,.T.);
#3198=ADVANCED_FACE('',(#114,#47),#3037,.F.);
#3199=ADVANCED_FACE('',(#115),#3038,.F.);
#3200=ADVANCED_FACE('',(#116),#3039,.F.);
#3201=ADVANCED_FACE('',(#117),#3040,.F.);
#3202=ADVANCED_FACE('',(#118,#48),#3041,.F.);
#3203=ADVANCED_FACE('',(#119),#3042,.F.);
#3204=ADVANCED_FACE('',(#120,#49),#3043,.F.);
#3205=ADVANCED_FACE('',(#121),#3044,.F.);
#3206=ADVANCED_FACE('',(#122),#3045,.F.);
#3207=ADVANCED_FACE('',(#123),#3046,.T.);
#3208=ADVANCED_FACE('',(#124,#50),#3047,.F.);
#3209=ADVANCED_FACE('',(#125),#3048,.F.);
#3210=ADVANCED_FACE('',(#126),#3049,.F.);
#3211=ADVANCED_FACE('',(#127),#3050,.F.);
#3212=ADVANCED_FACE('',(#128),#3051,.F.);
#3213=ADVANCED_FACE('',(#129),#3052,.F.);
#3214=ADVANCED_FACE('',(#130),#3053,.T.);
#3215=ADVANCED_FACE('',(#131),#3054,.T.);
#3216=ADVANCED_FACE('',(#132),#3055,.T.);
#3217=ADVANCED_FACE('',(#133),#3056,.T.);
#3218=ADVANCED_FACE('',(#134),#3057,.T.);
#3219=ADVANCED_FACE('',(#135),#3058,.T.);
#3220=ADVANCED_FACE('',(#136),#3059,.F.);
#3221=ADVANCED_FACE('',(#137),#3060,.T.);
#3222=ADVANCED_FACE('',(#138),#3061,.F.);
#3223=ADVANCED_FACE('',(#139),#3062,.F.);
#3224=ADVANCED_FACE('',(#140),#3063,.T.);
#3225=ADVANCED_FACE('',(#141),#3064,.T.);
#3226=ADVANCED_FACE('',(#142),#3065,.T.);
#3227=ADVANCED_FACE('',(#143),#30,.T.);
#3228=ADVANCED_FACE('',(#144),#31,.T.);
#3229=ADVANCED_FACE('',(#145,#51),#3066,.T.);
#3230=ADVANCED_FACE('',(#146),#32,.T.);
#3231=ADVANCED_FACE('',(#147,#52),#3067,.T.);
#3232=ADVANCED_FACE('',(#148),#3068,.F.);
#3233=ADVANCED_FACE('',(#149),#3069,.F.);
#3234=ADVANCED_FACE('',(#150),#3070,.F.);
#3235=ADVANCED_FACE('',(#151),#3071,.F.);
#3236=ADVANCED_FACE('',(#152),#3072,.F.);
#3237=ADVANCED_FACE('',(#153),#3073,.F.);
#3238=ADVANCED_FACE('',(#154),#3074,.F.);
#3239=ADVANCED_FACE('',(#155),#3075,.F.);
#3240=ADVANCED_FACE('',(#156),#3076,.F.);
#3241=ADVANCED_FACE('',(#157),#3077,.F.);
#3242=ADVANCED_FACE('',(#158),#3078,.F.);
#3243=ADVANCED_FACE('',(#159),#3079,.F.);
#3244=ADVANCED_FACE('',(#160),#3080,.F.);
#3245=ADVANCED_FACE('',(#161),#3081,.F.);
#3246=ADVANCED_FACE('',(#162),#3082,.F.);
#3247=ADVANCED_FACE('',(#163),#3083,.F.);
#3248=ADVANCED_FACE('',(#164),#3084,.F.);
#3249=ADVANCED_FACE('',(#165),#3085,.F.);
#3250=ADVANCED_FACE('',(#166),#3086,.F.);
#3251=ADVANCED_FACE('',(#167),#3087,.F.);
#3252=ADVANCED_FACE('',(#168),#3088,.F.);
#3253=ADVANCED_FACE('',(#169),#3089,.F.);
#3254=ADVANCED_FACE('',(#170),#3090,.F.);
#3255=ADVANCED_FACE('',(#171),#3091,.F.);
#3256=ADVANCED_FACE('',(#172),#3092,.F.);
#3257=ADVANCED_FACE('',(#173),#3093,.F.);
#3258=ADVANCED_FACE('',(#174),#3094,.F.);
#3259=ADVANCED_FACE('',(#175),#3095,.F.);
#3260=ADVANCED_FACE('',(#176),#3096,.F.);
#3261=ADVANCED_FACE('',(#177),#3097,.F.);
#3262=ADVANCED_FACE('',(#178),#3098,.F.);
#3263=ADVANCED_FACE('',(#179),#3099,.F.);
#3264=ADVANCED_FACE('',(#180),#3100,.F.);
#3265=ADVANCED_FACE('',(#181),#3101,.F.);
#3266=ADVANCED_FACE('',(#182),#3102,.F.);
#3267=ADVANCED_FACE('',(#183),#3103,.F.);
#3268=ADVANCED_FACE('',(#184),#3104,.F.);
#3269=ADVANCED_FACE('',(#185),#3105,.F.);
#3270=ADVANCED_FACE('',(#186),#3106,.F.);
#3271=ADVANCED_FACE('',(#187),#3107,.F.);
#3272=ADVANCED_FACE('',(#188),#3108,.F.);
#3273=ADVANCED_FACE('',(#189),#3109,.F.);
#3274=ADVANCED_FACE('',(#190),#3110,.F.);
#3275=ADVANCED_FACE('',(#191),#3111,.F.);
#3276=ADVANCED_FACE('',(#192),#3112,.F.);
#3277=ADVANCED_FACE('',(#193),#3113,.F.);
#3278=ADVANCED_FACE('',(#194),#3114,.F.);
#3279=ADVANCED_FACE('',(#195),#3115,.F.);
#3280=ADVANCED_FACE('',(#196),#3116,.F.);
#3281=ADVANCED_FACE('',(#197,#53),#3117,.T.);
#3282=ADVANCED_FACE('',(#198),#3118,.T.);
#3283=ADVANCED_FACE('',(#199),#3119,.T.);
#3284=ADVANCED_FACE('',(#200),#3120,.T.);
#3285=ADVANCED_FACE('',(#201,#54),#3121,.T.);
#3286=ADVANCED_FACE('',(#202),#3122,.T.);
#3287=ADVANCED_FACE('',(#203,#55),#3123,.T.);
#3288=ADVANCED_FACE('',(#204),#3124,.T.);
#3289=ADVANCED_FACE('',(#205),#3125,.T.);
#3290=ADVANCED_FACE('',(#206),#3126,.F.);
#3291=ADVANCED_FACE('',(#207,#56),#3127,.T.);
#3292=ADVANCED_FACE('',(#208),#3128,.T.);
#3293=ADVANCED_FACE('',(#209),#3129,.T.);
#3294=ADVANCED_FACE('',(#210),#3130,.T.);
#3295=ADVANCED_FACE('',(#211),#3131,.T.);
#3296=ADVANCED_FACE('',(#212),#3132,.T.);
#3297=ADVANCED_FACE('',(#213),#3133,.F.);
#3298=ADVANCED_FACE('',(#214),#3134,.F.);
#3299=ADVANCED_FACE('',(#215),#3135,.F.);
#3300=ADVANCED_FACE('',(#216),#3136,.F.);
#3301=ADVANCED_FACE('',(#217),#3137,.F.);
#3302=ADVANCED_FACE('',(#218),#3138,.F.);
#3303=ADVANCED_FACE('',(#219),#3139,.F.);
#3304=ADVANCED_FACE('',(#220),#3140,.T.);
#3305=CLOSED_SHELL('',(#3141,#3142,#3143,#3144,#3145,#3146,#3147,#3148,
#3149,#3150,#3151,#3152,#3153,#3154,#3155,#3156,#3157,#3158,#3159,#3160,
#3161,#3162,#3163,#3164,#3165,#3166,#3167,#3168,#3169,#3170,#3171,#3172,
#3173,#3174,#3175,#3176,#3177,#3178,#3179,#3180,#3181,#3182,#3183,#3184,
#3185,#3186,#3187,#3188,#3189,#3190,#3191,#3192,#3193,#3194,#3195,#3196,
#3197,#3198,#3199,#3200,#3201,#3202,#3203,#3204,#3205,#3206,#3207,#3208,
#3209,#3210,#3211,#3212,#3213,#3214,#3215,#3216,#3217,#3218,#3219,#3220,
#3221,#3222,#3223,#3224,#3225,#3226,#3227,#3228,#3229,#3230,#3231,#3232,
#3233,#3234,#3235,#3236,#3237,#3238,#3239,#3240,#3241,#3242,#3243,#3244,
#3245,#3246,#3247,#3248,#3249,#3250,#3251,#3252,#3253,#3254,#3255,#3256,
#3257,#3258,#3259,#3260,#3261,#3262,#3263,#3264,#3265,#3266,#3267,#3268,
#3269,#3270,#3271,#3272,#3273,#3274,#3275,#3276,#3277,#3278,#3279,#3280,
#3281,#3282,#3283,#3284,#3285,#3286,#3287,#3288,#3289,#3290,#3291,#3292,
#3293,#3294,#3295,#3296,#3297,#3298,#3299,#3300,#3301,#3302,#3303,#3304));
#3306=DERIVED_UNIT_ELEMENT(#3308,1.);
#3307=DERIVED_UNIT_ELEMENT(#5231,-3.);
#3308=(
MASS_UNIT()
NAMED_UNIT(*)
SI_UNIT(.KILO.,.GRAM.)
);
#3309=DERIVED_UNIT((#3306,#3307));
#3310=MEASURE_REPRESENTATION_ITEM('density measure',
POSITIVE_RATIO_MEASURE(7850.),#3309);
#3311=PROPERTY_DEFINITION_REPRESENTATION(#3316,#3313);
#3312=PROPERTY_DEFINITION_REPRESENTATION(#3317,#3314);
#3313=REPRESENTATION('material name',(#3315),#5228);
#3314=REPRESENTATION('density',(#3310),#5228);
#3315=DESCRIPTIVE_REPRESENTATION_ITEM('Steel','Steel');
#3316=PROPERTY_DEFINITION('material property','material name',#5238);
#3317=PROPERTY_DEFINITION('material property','density of part',#5238);
#3318=AXIS2_PLACEMENT_3D('',#4295,#3495,#3496);
#3319=AXIS2_PLACEMENT_3D('',#4296,#3497,#3498);
#3320=AXIS2_PLACEMENT_3D('',#4305,#3503,#3504);
#3321=AXIS2_PLACEMENT_3D('',#4311,#3508,#3509);
#3322=AXIS2_PLACEMENT_3D('',#4611,#3660,#3661);
#3323=AXIS2_PLACEMENT_3D('',#4613,#3662,#3663);
#3324=AXIS2_PLACEMENT_3D('',#4616,#3665,#3666);
#3325=AXIS2_PLACEMENT_3D('',#4617,#3667,#3668);
#3326=AXIS2_PLACEMENT_3D('',#4619,#3669,#3670);
#3327=AXIS2_PLACEMENT_3D('',#4622,#3672,#3673);
#3328=AXIS2_PLACEMENT_3D('',#4623,#3674,#3675);
#3329=AXIS2_PLACEMENT_3D('',#4630,#3679,#3680);
#3330=AXIS2_PLACEMENT_3D('',#4631,#3681,#3682);
#3331=AXIS2_PLACEMENT_3D('',#4633,#3683,#3684);
#3332=AXIS2_PLACEMENT_3D('',#4635,#3686,#3687);
#3333=AXIS2_PLACEMENT_3D('',#4641,#3691,#3692);
#3334=AXIS2_PLACEMENT_3D('',#4647,#3696,#3697);
#3335=AXIS2_PLACEMENT_3D('',#4651,#3700,#3701);
#3336=AXIS2_PLACEMENT_3D('',#4655,#3704,#3705);
#3337=AXIS2_PLACEMENT_3D('',#4659,#3708,#3709);
#3338=AXIS2_PLACEMENT_3D('',#4663,#3712,#3713);
#3339=AXIS2_PLACEMENT_3D('',#4667,#3716,#3717);
#3340=AXIS2_PLACEMENT_3D('',#4671,#3720,#3721);
#3341=AXIS2_PLACEMENT_3D('',#4675,#3724,#3725);
#3342=AXIS2_PLACEMENT_3D('',#4681,#3729,#3730);
#3343=AXIS2_PLACEMENT_3D('',#4685,#3733,#3734);
#3344=AXIS2_PLACEMENT_3D('',#4689,#3737,#3738);
#3345=AXIS2_PLACEMENT_3D('',#4693,#3741,#3742);
#3346=AXIS2_PLACEMENT_3D('',#4697,#3745,#3746);
#3347=AXIS2_PLACEMENT_3D('',#4701,#3749,#3750);
#3348=AXIS2_PLACEMENT_3D('',#4705,#3753,#3754);
#3349=AXIS2_PLACEMENT_3D('',#4709,#3757,#3758);
#3350=AXIS2_PLACEMENT_3D('',#4715,#3762,#3763);
#3351=AXIS2_PLACEMENT_3D('',#4719,#3766,#3767);
#3352=AXIS2_PLACEMENT_3D('',#4723,#3770,#3771);
#3353=AXIS2_PLACEMENT_3D('',#4727,#3774,#3775);
#3354=AXIS2_PLACEMENT_3D('',#4731,#3778,#3779);
#3355=AXIS2_PLACEMENT_3D('',#4735,#3782,#3783);
#3356=AXIS2_PLACEMENT_3D('',#4739,#3786,#3787);
#3357=AXIS2_PLACEMENT_3D('',#4743,#3790,#3791);
#3358=AXIS2_PLACEMENT_3D('',#4747,#3794,#3795);
#3359=AXIS2_PLACEMENT_3D('',#4751,#3798,#3799);
#3360=AXIS2_PLACEMENT_3D('',#4755,#3802,#3803);
#3361=AXIS2_PLACEMENT_3D('',#4759,#3806,#3807);
#3362=AXIS2_PLACEMENT_3D('',#4763,#3810,#3811);
#3363=AXIS2_PLACEMENT_3D('',#4767,#3814,#3815);
#3364=AXIS2_PLACEMENT_3D('',#4771,#3818,#3819);
#3365=AXIS2_PLACEMENT_3D('',#4773,#3821,#3822);
#3366=AXIS2_PLACEMENT_3D('',#4777,#3825,#3826);
#3367=AXIS2_PLACEMENT_3D('',#4781,#3829,#3830);
#3368=AXIS2_PLACEMENT_3D('',#4785,#3833,#3834);
#3369=AXIS2_PLACEMENT_3D('',#4789,#3837,#3838);
#3370=AXIS2_PLACEMENT_3D('',#4793,#3841,#3842);
#3371=AXIS2_PLACEMENT_3D('',#4797,#3845,#3846);
#3372=AXIS2_PLACEMENT_3D('',#4801,#3849,#3850);
#3373=AXIS2_PLACEMENT_3D('',#4803,#3852,#3853);
#3374=AXIS2_PLACEMENT_3D('',#4807,#3856,#3857);
#3375=AXIS2_PLACEMENT_3D('',#4811,#3860,#3861);
#3376=AXIS2_PLACEMENT_3D('',#4815,#3864,#3865);
#3377=AXIS2_PLACEMENT_3D('',#4819,#3868,#3869);
#3378=AXIS2_PLACEMENT_3D('',#4823,#3872,#3873);
#3379=AXIS2_PLACEMENT_3D('',#4827,#3876,#3877);
#3380=AXIS2_PLACEMENT_3D('',#4831,#3880,#3881);
#3381=AXIS2_PLACEMENT_3D('',#4833,#3883,#3884);
#3382=AXIS2_PLACEMENT_3D('',#4839,#3888,#3889);
#3383=AXIS2_PLACEMENT_3D('',#4845,#3893,#3894);
#3384=AXIS2_PLACEMENT_3D('',#4847,#3896,#3897);
#3385=AXIS2_PLACEMENT_3D('',#4849,#3899,#3900);
#3386=AXIS2_PLACEMENT_3D('',#4853,#3903,#3904);
#3387=AXIS2_PLACEMENT_3D('',#4857,#3907,#3908);
#3388=AXIS2_PLACEMENT_3D('',#4859,#3910,#3911);
#3389=AXIS2_PLACEMENT_3D('',#4865,#3915,#3916);
#3390=AXIS2_PLACEMENT_3D('',#4869,#3919,#3920);
#3391=AXIS2_PLACEMENT_3D('',#4873,#3923,#3924);
#3392=AXIS2_PLACEMENT_3D('',#4877,#3927,#3928);
#3393=AXIS2_PLACEMENT_3D('',#4879,#3930,#3931);
#3394=AXIS2_PLACEMENT_3D('',#4880,#3932,#3933);
#3395=AXIS2_PLACEMENT_3D('',#4881,#3934,#3935);
#3396=AXIS2_PLACEMENT_3D('',#4882,#3936,#3937);
#3397=AXIS2_PLACEMENT_3D('',#4883,#3938,#3939);
#3398=AXIS2_PLACEMENT_3D('',#4884,#3940,#3941);
#3399=AXIS2_PLACEMENT_3D('',#4888,#3944,#3945);
#3400=AXIS2_PLACEMENT_3D('',#4892,#3948,#3949);
#3401=AXIS2_PLACEMENT_3D('',#4896,#3952,#3953);
#3402=AXIS2_PLACEMENT_3D('',#4900,#3956,#3957);
#3403=AXIS2_PLACEMENT_3D('',#4904,#3960,#3961);
#3404=AXIS2_PLACEMENT_3D('',#4908,#3964,#3965);
#3405=AXIS2_PLACEMENT_3D('',#4909,#3966,#3967);
#3406=AXIS2_PLACEMENT_3D('',#4913,#3970,#3971);
#3407=AXIS2_PLACEMENT_3D('',#4917,#3974,#3975);
#3408=AXIS2_PLACEMENT_3D('',#4919,#3977,#3978);
#3409=AXIS2_PLACEMENT_3D('',#4923,#3981,#3982);
#3410=AXIS2_PLACEMENT_3D('',#4929,#3986,#3987);
#3411=AXIS2_PLACEMENT_3D('',#4931,#3989,#3990);
#3412=AXIS2_PLACEMENT_3D('',#4933,#3991,#3992);
#3413=AXIS2_PLACEMENT_3D('',#4936,#3994,#3995);
#3414=AXIS2_PLACEMENT_3D('',#4937,#3996,#3997);
#3415=AXIS2_PLACEMENT_3D('',#4939,#3998,#3999);
#3416=AXIS2_PLACEMENT_3D('',#4942,#4001,#4002);
#3417=AXIS2_PLACEMENT_3D('',#4943,#4003,#4004);
#3418=AXIS2_PLACEMENT_3D('',#4950,#4008,#4009);
#3419=AXIS2_PLACEMENT_3D('',#4951,#4010,#4011);
#3420=AXIS2_PLACEMENT_3D('',#4953,#4012,#4013);
#3421=AXIS2_PLACEMENT_3D('',#4955,#4015,#4016);
#3422=AXIS2_PLACEMENT_3D('',#4961,#4020,#4021);
#3423=AXIS2_PLACEMENT_3D('',#4967,#4025,#4026);
#3424=AXIS2_PLACEMENT_3D('',#4971,#4029,#4030);
#3425=AXIS2_PLACEMENT_3D('',#4975,#4033,#4034);
#3426=AXIS2_PLACEMENT_3D('',#4979,#4037,#4038);
#3427=AXIS2_PLACEMENT_3D('',#4983,#4041,#4042);
#3428=AXIS2_PLACEMENT_3D('',#4987,#4045,#4046);
#3429=AXIS2_PLACEMENT_3D('',#4991,#4049,#4050);
#3430=AXIS2_PLACEMENT_3D('',#4995,#4053,#4054);
#3431=AXIS2_PLACEMENT_3D('',#5001,#4058,#4059);
#3432=AXIS2_PLACEMENT_3D('',#5005,#4062,#4063);
#3433=AXIS2_PLACEMENT_3D('',#5009,#4066,#4067);
#3434=AXIS2_PLACEMENT_3D('',#5013,#4070,#4071);
#3435=AXIS2_PLACEMENT_3D('',#5017,#4074,#4075);
#3436=AXIS2_PLACEMENT_3D('',#5021,#4078,#4079);
#3437=AXIS2_PLACEMENT_3D('',#5025,#4082,#4083);
#3438=AXIS2_PLACEMENT_3D('',#5029,#4086,#4087);
#3439=AXIS2_PLACEMENT_3D('',#5035,#4091,#4092);
#3440=AXIS2_PLACEMENT_3D('',#5039,#4095,#4096);
#3441=AXIS2_PLACEMENT_3D('',#5043,#4099,#4100);
#3442=AXIS2_PLACEMENT_3D('',#5047,#4103,#4104);
#3443=AXIS2_PLACEMENT_3D('',#5051,#4107,#4108);
#3444=AXIS2_PLACEMENT_3D('',#5055,#4111,#4112);
#3445=AXIS2_PLACEMENT_3D('',#5059,#4115,#4116);
#3446=AXIS2_PLACEMENT_3D('',#5063,#4119,#4120);
#3447=AXIS2_PLACEMENT_3D('',#5067,#4123,#4124);
#3448=AXIS2_PLACEMENT_3D('',#5071,#4127,#4128);
#3449=AXIS2_PLACEMENT_3D('',#5075,#4131,#4132);
#3450=AXIS2_PLACEMENT_3D('',#5079,#4135,#4136);
#3451=AXIS2_PLACEMENT_3D('',#5083,#4139,#4140);
#3452=AXIS2_PLACEMENT_3D('',#5087,#4143,#4144);
#3453=AXIS2_PLACEMENT_3D('',#5091,#4147,#4148);
#3454=AXIS2_PLACEMENT_3D('',#5093,#4150,#4151);
#3455=AXIS2_PLACEMENT_3D('',#5097,#4154,#4155);
#3456=AXIS2_PLACEMENT_3D('',#5101,#4158,#4159);
#3457=AXIS2_PLACEMENT_3D('',#5105,#4162,#4163);
#3458=AXIS2_PLACEMENT_3D('',#5109,#4166,#4167);
#3459=AXIS2_PLACEMENT_3D('',#5113,#4170,#4171);
#3460=AXIS2_PLACEMENT_3D('',#5117,#4174,#4175);
#3461=AXIS2_PLACEMENT_3D('',#5121,#4178,#4179);
#3462=AXIS2_PLACEMENT_3D('',#5123,#4181,#4182);
#3463=AXIS2_PLACEMENT_3D('',#5127,#4185,#4186);
#3464=AXIS2_PLACEMENT_3D('',#5131,#4189,#4190);
#3465=AXIS2_PLACEMENT_3D('',#5135,#4193,#4194);
#3466=AXIS2_PLACEMENT_3D('',#5139,#4197,#4198);
#3467=AXIS2_PLACEMENT_3D('',#5143,#4201,#4202);
#3468=AXIS2_PLACEMENT_3D('',#5147,#4205,#4206);
#3469=AXIS2_PLACEMENT_3D('',#5151,#4209,#4210);
#3470=AXIS2_PLACEMENT_3D('',#5153,#4212,#4213);
#3471=AXIS2_PLACEMENT_3D('',#5159,#4217,#4218);
#3472=AXIS2_PLACEMENT_3D('',#5165,#4222,#4223);
#3473=AXIS2_PLACEMENT_3D('',#5167,#4225,#4226);
#3474=AXIS2_PLACEMENT_3D('',#5169,#4228,#4229);
#3475=AXIS2_PLACEMENT_3D('',#5173,#4232,#4233);
#3476=AXIS2_PLACEMENT_3D('',#5177,#4236,#4237);
#3477=AXIS2_PLACEMENT_3D('',#5179,#4239,#4240);
#3478=AXIS2_PLACEMENT_3D('',#5185,#4244,#4245);
#3479=AXIS2_PLACEMENT_3D('',#5189,#4248,#4249);
#3480=AXIS2_PLACEMENT_3D('',#5193,#4252,#4253);
#3481=AXIS2_PLACEMENT_3D('',#5195,#4255,#4256);
#3482=AXIS2_PLACEMENT_3D('',#5197,#4258,#4259);
#3483=AXIS2_PLACEMENT_3D('',#5198,#4260,#4261);
#3484=AXIS2_PLACEMENT_3D('',#5199,#4262,#4263);
#3485=AXIS2_PLACEMENT_3D('',#5200,#4264,#4265);
#3486=AXIS2_PLACEMENT_3D('',#5201,#4266,#4267);
#3487=AXIS2_PLACEMENT_3D('',#5202,#4268,#4269);
#3488=AXIS2_PLACEMENT_3D('',#5206,#4272,#4273);
#3489=AXIS2_PLACEMENT_3D('',#5210,#4276,#4277);
#3490=AXIS2_PLACEMENT_3D('',#5214,#4280,#4281);
#3491=AXIS2_PLACEMENT_3D('',#5218,#4284,#4285);
#3492=AXIS2_PLACEMENT_3D('',#5222,#4288,#4289);
#3493=AXIS2_PLACEMENT_3D('',#5224,#4291,#4292);
#3494=AXIS2_PLACEMENT_3D('',#5225,#4293,#4294);
#3495=DIRECTION('axis',(0.,0.,1.));
#3496=DIRECTION('refdir',(1.,0.,0.));
#3497=DIRECTION('center_axis',(0.,0.,-1.));
#3498=DIRECTION('ref_axis',(-1.,0.,0.));
#3499=DIRECTION('',(1.,0.,0.));
#3500=DIRECTION('',(0.,1.,0.));
#3501=DIRECTION('',(-1.,0.,0.));
#3502=DIRECTION('',(0.,-1.,0.));
#3503=DIRECTION('center_axis',(1.,0.,0.));
#3504=DIRECTION('ref_axis',(0.,0.,1.));
#3505=DIRECTION('',(0.,0.,1.));
#3506=DIRECTION('',(0.,-1.,0.));
#3507=DIRECTION('',(0.,0.,-1.));
#3508=DIRECTION('center_axis',(0.,-1.,0.));
#3509=DIRECTION('ref_axis',(1.,0.,6.31088724176809E-30));
#3510=DIRECTION('',(0.,0.,-1.));
#3511=DIRECTION('',(-0.941741911118603,0.,0.336336398331612));
#3512=DIRECTION('',(-5.27663026977127E-14,0.,-1.));
#3513=DIRECTION('',(0.467468646931495,0.,-0.884009651607966));
#3514=DIRECTION('',(0.754377551933037,0.,-0.656440788753652));
#3515=DIRECTION('',(1.,0.,6.31088724176809E-30));
#3516=DIRECTION('',(-1.,0.,-6.31088724176809E-30));
#3517=DIRECTION('',(1.,0.,6.31088724176809E-30));
#3518=DIRECTION('',(-6.31088724176809E-30,0.,1.));
#3519=DIRECTION('',(0.803054249662905,0.,-0.595905925543914));
#3520=DIRECTION('',(-0.630981943481668,0.,0.775797516752984));
#3521=DIRECTION('',(-0.707106663526543,0.,0.707106898846532));
#3522=DIRECTION('',(0.,0.,-1.));
#3523=DIRECTION('',(-1.,0.,0.));
#3524=DIRECTION('',(0.,0.,-1.));
#3525=DIRECTION('',(0.707106663526543,0.,0.707106898846532));
#3526=DIRECTION('',(0.630981943481668,0.,0.775797516752984));
#3527=DIRECTION('',(-0.803054249662905,0.,-0.595905925543914));
#3528=DIRECTION('',(6.31088724176809E-30,0.,1.));
#3529=DIRECTION('',(-1.,0.,6.31088724176809E-30));
#3530=DIRECTION('',(1.,0.,-6.31088724176809E-30));
#3531=DIRECTION('',(-1.,0.,6.31088724176809E-30));
#3532=DIRECTION('',(-0.754377551933037,0.,-0.656440788753652));
#3533=DIRECTION('',(-0.467468646931495,0.,-0.884009651607966));
#3534=DIRECTION('',(5.27663026977127E-14,0.,-1.));
#3535=DIRECTION('',(-0.941741911594838,0.,-0.336336396998156));
#3536=DIRECTION('',(-1.,0.,0.));
#3537=DIRECTION('',(0.,0.,1.));
#3538=DIRECTION('',(1.,0.,0.));
#3539=DIRECTION('',(0.,0.,-1.));
#3540=DIRECTION('',(-5.46571335200076E-14,0.,-1.));
#3541=DIRECTION('',(1.,0.,-5.07530525542927E-14));
#3542=DIRECTION('',(5.92118946466751E-14,0.,1.));
#3543=DIRECTION('',(1.,0.,-5.92118946466756E-14));
#3544=DIRECTION('',(-5.39575968281987E-14,0.,-1.));
#3545=DIRECTION('',(-1.,0.,5.9211894646677E-14));
#3546=DIRECTION('',(2.22044604925031E-14,0.,1.));
#3547=DIRECTION('',(-1.,0.,5.07530525542927E-14));
#3548=DIRECTION('',(-5.46571335200076E-14,0.,-1.));
#3549=DIRECTION('',(-1.,0.,5.92118946466756E-14));
#3550=DIRECTION('',(5.5922344944082E-14,0.,1.));
#3551=DIRECTION('',(1.,0.,-5.27355936696949E-14));
#3552=DIRECTION('',(5.19909318848853E-14,0.,1.));
#3553=DIRECTION('',(-1.,0.,5.27355936696949E-14));
#3554=DIRECTION('',(5.92118946466751E-14,0.,1.));
#3555=DIRECTION('',(1.,0.,-5.92118946466756E-14));
#3556=DIRECTION('',(2.22044604925031E-14,0.,1.));
#3557=DIRECTION('',(-1.,0.,5.07530525542928E-14));
#3558=DIRECTION('',(-5.46571335200076E-14,0.,-1.));
#3559=DIRECTION('',(-1.,0.,5.92118946466756E-14));
#3560=DIRECTION('',(5.2632795241489E-14,0.,1.));
#3561=DIRECTION('',(1.,0.,-5.27355936696948E-14));
#3562=DIRECTION('',(5.19909318848853E-14,0.,1.));
#3563=DIRECTION('',(-1.,0.,5.27355936696948E-14));
#3564=DIRECTION('',(5.92118946466751E-14,0.,1.));
#3565=DIRECTION('',(1.,0.,-5.92118946466756E-14));
#3566=DIRECTION('',(-5.46571335200076E-14,0.,-1.));
#3567=DIRECTION('',(1.,0.,-5.07530525542926E-14));
#3568=DIRECTION('',(5.92118946466751E-14,0.,1.));
#3569=DIRECTION('',(1.,0.,-5.92118946466756E-14));
#3570=DIRECTION('',(-5.39575968281987E-14,0.,-1.));
#3571=DIRECTION('',(-1.,0.,5.9211894646677E-14));
#3572=DIRECTION('',(-5.46571335200076E-14,0.,-1.));
#3573=DIRECTION('',(-1.,0.,5.92118946466756E-14));
#3574=DIRECTION('',(5.2632795241489E-14,0.,1.));
#3575=DIRECTION('',(1.,0.,-5.27355936696948E-14));
#3576=DIRECTION('',(5.19909318848853E-14,0.,1.));
#3577=DIRECTION('',(-1.,0.,5.27355936696948E-14));
#3578=DIRECTION('',(5.92118946466751E-14,0.,1.));
#3579=DIRECTION('',(1.,0.,-5.92118946466756E-14));
#3580=DIRECTION('',(-5.46571335200076E-14,0.,-1.));
#3581=DIRECTION('',(1.,0.,-5.07530525542926E-14));
#3582=DIRECTION('',(5.92118946466751E-14,0.,1.));
#3583=DIRECTION('',(1.,0.,-5.92118946466756E-14));
#3584=DIRECTION('',(-5.39575968281987E-14,0.,-1.));
#3585=DIRECTION('',(-1.,0.,5.9211894646677E-14));
#3586=DIRECTION('',(2.22044604925031E-14,0.,1.));
#3587=DIRECTION('',(-1.,0.,5.07530525542928E-14));
#3588=DIRECTION('',(-1.,0.,0.));
#3589=DIRECTION('',(0.,0.,1.));
#3590=DIRECTION('',(1.,0.,0.));
#3591=DIRECTION('',(0.,0.,-1.));
#3592=DIRECTION('',(1.,0.,0.));
#3593=DIRECTION('',(-1.,0.,0.));
#3594=DIRECTION('',(0.,0.,1.));
#3595=DIRECTION('',(1.,0.,0.));
#3596=DIRECTION('',(0.,0.,-1.));
#3597=DIRECTION('',(-1.,0.,0.));
#3598=DIRECTION('',(1.,0.,0.));
#3599=DIRECTION('',(0.,0.,-1.));
#3600=DIRECTION('',(-1.,0.,0.));
#3601=DIRECTION('',(0.,0.,1.));
#3602=DIRECTION('',(5.46571335200076E-14,0.,-1.));
#3603=DIRECTION('',(-1.,0.,-5.92118946466756E-14));
#3604=DIRECTION('',(-5.92118946466751E-14,0.,1.));
#3605=DIRECTION('',(1.,0.,5.27355936696949E-14));
#3606=DIRECTION('',(-5.19909318848853E-14,0.,1.));
#3607=DIRECTION('',(-1.,0.,-5.27355936696949E-14));
#3608=DIRECTION('',(-5.5922344944082E-14,0.,1.));
#3609=DIRECTION('',(1.,0.,5.92118946466756E-14));
#3610=DIRECTION('',(5.46571335200076E-14,0.,-1.));
#3611=DIRECTION('',(1.,0.,5.07530525542927E-14));
#3612=DIRECTION('',(-2.22044604925031E-14,0.,1.));
#3613=DIRECTION('',(1.,0.,5.9211894646677E-14));
#3614=DIRECTION('',(5.39575968281987E-14,0.,-1.));
#3615=DIRECTION('',(-1.,0.,-5.92118946466756E-14));
#3616=DIRECTION('',(-5.92118946466751E-14,0.,1.));
#3617=DIRECTION('',(-1.,0.,-5.07530525542927E-14));
#3618=DIRECTION('',(-2.22044604925031E-14,0.,1.));
#3619=DIRECTION('',(1.,0.,5.9211894646677E-14));
#3620=DIRECTION('',(5.39575968281987E-14,0.,-1.));
#3621=DIRECTION('',(-1.,0.,-5.92118946466756E-14));
#3622=DIRECTION('',(-5.92118946466751E-14,0.,1.));
#3623=DIRECTION('',(-1.,0.,-5.07530525542926E-14));
#3624=DIRECTION('',(5.46571335200076E-14,0.,-1.));
#3625=DIRECTION('',(-1.,0.,-5.92118946466756E-14));
#3626=DIRECTION('',(-5.92118946466751E-14,0.,1.));
#3627=DIRECTION('',(1.,0.,5.27355936696948E-14));
#3628=DIRECTION('',(-5.19909318848853E-14,0.,1.));
#3629=DIRECTION('',(-1.,0.,-5.27355936696948E-14));
#3630=DIRECTION('',(-5.2632795241489E-14,0.,1.));
#3631=DIRECTION('',(1.,0.,5.92118946466756E-14));
#3632=DIRECTION('',(5.46571335200076E-14,0.,-1.));
#3633=DIRECTION('',(1.,0.,5.07530525542928E-14));
#3634=DIRECTION('',(5.46571335200076E-14,0.,-1.));
#3635=DIRECTION('',(1.,0.,5.07530525542928E-14));
#3636=DIRECTION('',(-2.22044604925031E-14,0.,1.));
#3637=DIRECTION('',(1.,0.,5.9211894646677E-14));
#3638=DIRECTION('',(5.39575968281987E-14,0.,-1.));
#3639=DIRECTION('',(-1.,0.,-5.92118946466756E-14));
#3640=DIRECTION('',(-5.92118946466751E-14,0.,1.));
#3641=DIRECTION('',(-1.,0.,-5.07530525542926E-14));
#3642=DIRECTION('',(5.46571335200076E-14,0.,-1.));
#3643=DIRECTION('',(-1.,0.,-5.92118946466756E-14));
#3644=DIRECTION('',(-5.92118946466751E-14,0.,1.));
#3645=DIRECTION('',(1.,0.,5.27355936696948E-14));
#3646=DIRECTION('',(-5.19909318848853E-14,0.,1.));
#3647=DIRECTION('',(-1.,0.,-5.27355936696948E-14));
#3648=DIRECTION('',(-5.2632795241489E-14,0.,1.));
#3649=DIRECTION('',(1.,0.,5.92118946466756E-14));
#3650=DIRECTION('',(1.,0.,0.));
#3651=DIRECTION('',(0.,0.,-1.));
#3652=DIRECTION('',(-1.,0.,0.));
#3653=DIRECTION('',(0.,0.,1.));
#3654=DIRECTION('',(-1.,0.,0.));
#3655=DIRECTION('',(1.,0.,0.));
#3656=DIRECTION('',(0.,0.,-1.));
#3657=DIRECTION('',(-1.,0.,0.));
#3658=DIRECTION('',(0.,0.,1.));
#3659=DIRECTION('',(1.,0.,0.));
#3660=DIRECTION('center_axis',(0.,0.,-1.));
#3661=DIRECTION('ref_axis',(1.,0.,0.));
#3662=DIRECTION('center_axis',(0.,0.,-1.));
#3663=DIRECTION('ref_axis',(1.,0.,0.));
#3664=DIRECTION('',(0.,0.,1.));
#3665=DIRECTION('center_axis',(0.,0.,1.));
#3666=DIRECTION('ref_axis',(1.,0.,0.));
#3667=DIRECTION('center_axis',(0.,0.,-1.));
#3668=DIRECTION('ref_axis',(1.,0.,0.));
#3669=DIRECTION('center_axis',(0.,0.,-1.));
#3670=DIRECTION('ref_axis',(1.,0.,0.));
#3671=DIRECTION('',(0.,0.,1.));
#3672=DIRECTION('center_axis',(0.,0.,1.));
#3673=DIRECTION('ref_axis',(1.,0.,0.));
#3674=DIRECTION('center_axis',(0.,0.,1.));
#3675=DIRECTION('ref_axis',(1.,0.,0.));
#3676=DIRECTION('',(0.,1.,0.));
#3677=DIRECTION('',(-1.,0.,0.));
#3678=DIRECTION('',(0.,1.,0.));
#3679=DIRECTION('center_axis',(0.,0.,1.));
#3680=DIRECTION('ref_axis',(1.,0.,0.));
#3681=DIRECTION('center_axis',(0.,0.,-1.));
#3682=DIRECTION('ref_axis',(1.,0.,0.));
#3683=DIRECTION('center_axis',(0.,0.,-1.));
#3684=DIRECTION('ref_axis',(1.,0.,0.));
#3685=DIRECTION('',(0.,0.,1.));
#3686=DIRECTION('center_axis',(0.,0.,1.));
#3687=DIRECTION('ref_axis',(1.,3.96508212951671E-17,0.));
#3688=DIRECTION('',(-1.,0.,0.));
#3689=DIRECTION('',(0.,1.,0.));
#3690=DIRECTION('',(0.,1.,0.));
#3691=DIRECTION('center_axis',(1.,0.,5.46571335200076E-14));
#3692=DIRECTION('ref_axis',(5.46571335200076E-14,0.,-1.));
#3693=DIRECTION('',(5.46571335200076E-14,0.,-1.));
#3694=DIRECTION('',(0.,1.,0.));
#3695=DIRECTION('',(0.,1.,0.));
#3696=DIRECTION('center_axis',(-5.92118946466756E-14,0.,1.));
#3697=DIRECTION('ref_axis',(1.,0.,5.92118946466756E-14));
#3698=DIRECTION('',(1.,0.,5.92118946466756E-14));
#3699=DIRECTION('',(0.,1.,0.));
#3700=DIRECTION('center_axis',(-1.,0.,-5.5922344944082E-14));
#3701=DIRECTION('ref_axis',(-5.5922344944082E-14,0.,1.));
#3702=DIRECTION('',(-5.5922344944082E-14,0.,1.));
#3703=DIRECTION('',(0.,1.,0.));
#3704=DIRECTION('center_axis',(5.27355936696949E-14,0.,-1.));
#3705=DIRECTION('ref_axis',(-1.,0.,-5.27355936696949E-14));
#3706=DIRECTION('',(-1.,0.,-5.27355936696949E-14));
#3707=DIRECTION('',(0.,1.,0.));
#3708=DIRECTION('center_axis',(-1.,0.,-5.19909318848853E-14));
#3709=DIRECTION('ref_axis',(-5.19909318848853E-14,0.,1.));
#3710=DIRECTION('',(-5.19909318848853E-14,0.,1.));
#3711=DIRECTION('',(0.,1.,0.));
#3712=DIRECTION('center_axis',(-5.27355936696949E-14,0.,1.));
#3713=DIRECTION('ref_axis',(1.,0.,5.27355936696949E-14));
#3714=DIRECTION('',(1.,0.,5.27355936696949E-14));
#3715=DIRECTION('',(0.,1.,0.));
#3716=DIRECTION('center_axis',(-1.,0.,-5.92118946466751E-14));
#3717=DIRECTION('ref_axis',(-5.92118946466751E-14,0.,1.));
#3718=DIRECTION('',(-5.92118946466751E-14,0.,1.));
#3719=DIRECTION('',(0.,1.,0.));
#3720=DIRECTION('center_axis',(5.92118946466756E-14,0.,-1.));
#3721=DIRECTION('ref_axis',(-1.,0.,-5.92118946466756E-14));
#3722=DIRECTION('',(-1.,0.,-5.92118946466756E-14));
#3723=DIRECTION('',(0.,1.,0.));
#3724=DIRECTION('center_axis',(-1.,0.,-5.92118946466751E-14));
#3725=DIRECTION('ref_axis',(-5.92118946466751E-14,0.,1.));
#3726=DIRECTION('',(-5.92118946466751E-14,0.,1.));
#3727=DIRECTION('',(0.,1.,0.));
#3728=DIRECTION('',(0.,1.,0.));
#3729=DIRECTION('center_axis',(5.92118946466756E-14,0.,-1.));
#3730=DIRECTION('ref_axis',(-1.,0.,-5.92118946466756E-14));
#3731=DIRECTION('',(-1.,0.,-5.92118946466756E-14));
#3732=DIRECTION('',(0.,1.,0.));
#3733=DIRECTION('center_axis',(1.,0.,5.46571335200076E-14));
#3734=DIRECTION('ref_axis',(5.46571335200076E-14,0.,-1.));
#3735=DIRECTION('',(5.46571335200076E-14,0.,-1.));
#3736=DIRECTION('',(0.,1.,0.));
#3737=DIRECTION('center_axis',(5.07530525542926E-14,0.,-1.));
#3738=DIRECTION('ref_axis',(-1.,0.,-5.07530525542926E-14));
#3739=DIRECTION('',(-1.,0.,-5.07530525542926E-14));
#3740=DIRECTION('',(0.,1.,0.));
#3741=DIRECTION('center_axis',(-1.,0.,-5.92118946466751E-14));
#3742=DIRECTION('ref_axis',(-5.92118946466751E-14,0.,1.));
#3743=DIRECTION('',(-5.92118946466751E-14,0.,1.));
#3744=DIRECTION('',(0.,1.,0.));
#3745=DIRECTION('center_axis',(5.92118946466756E-14,0.,-1.));
#3746=DIRECTION('ref_axis',(-1.,0.,-5.92118946466756E-14));
#3747=DIRECTION('',(-1.,0.,-5.92118946466756E-14));
#3748=DIRECTION('',(0.,1.,0.));
#3749=DIRECTION('center_axis',(1.,0.,5.39575968281987E-14));
#3750=DIRECTION('ref_axis',(5.39575968281987E-14,0.,-1.));
#3751=DIRECTION('',(5.39575968281987E-14,0.,-1.));
#3752=DIRECTION('',(0.,1.,0.));
#3753=DIRECTION('center_axis',(-5.9211894646677E-14,0.,1.));
#3754=DIRECTION('ref_axis',(1.,0.,5.9211894646677E-14));
#3755=DIRECTION('',(1.,0.,5.9211894646677E-14));
#3756=DIRECTION('',(0.,1.,0.));
#3757=DIRECTION('center_axis',(1.,0.,5.46571335200076E-14));
#3758=DIRECTION('ref_axis',(5.46571335200076E-14,0.,-1.));
#3759=DIRECTION('',(5.46571335200076E-14,0.,-1.));
#3760=DIRECTION('',(0.,1.,0.));
#3761=DIRECTION('',(0.,1.,0.));
#3762=DIRECTION('center_axis',(5.07530525542926E-14,0.,-1.));
#3763=DIRECTION('ref_axis',(-1.,0.,-5.07530525542926E-14));
#3764=DIRECTION('',(-1.,0.,-5.07530525542926E-14));
#3765=DIRECTION('',(0.,1.,0.));
#3766=DIRECTION('center_axis',(-1.,0.,-5.92118946466751E-14));
#3767=DIRECTION('ref_axis',(-5.92118946466751E-14,0.,1.));
#3768=DIRECTION('',(-5.92118946466751E-14,0.,1.));
#3769=DIRECTION('',(0.,1.,0.));
#3770=DIRECTION('center_axis',(5.92118946466756E-14,0.,-1.));
#3771=DIRECTION('ref_axis',(-1.,0.,-5.92118946466756E-14));
#3772=DIRECTION('',(-1.,0.,-5.92118946466756E-14));
#3773=DIRECTION('',(0.,1.,0.));
#3774=DIRECTION('center_axis',(1.,0.,5.39575968281987E-14));
#3775=DIRECTION('ref_axis',(5.39575968281987E-14,0.,-1.));
#3776=DIRECTION('',(5.39575968281987E-14,0.,-1.));
#3777=DIRECTION('',(0.,1.,0.));
#3778=DIRECTION('center_axis',(-5.9211894646677E-14,0.,1.));
#3779=DIRECTION('ref_axis',(1.,0.,5.9211894646677E-14));
#3780=DIRECTION('',(1.,0.,5.9211894646677E-14));
#3781=DIRECTION('',(0.,1.,0.));
#3782=DIRECTION('center_axis',(-1.,0.,-2.22044604925031E-14));
#3783=DIRECTION('ref_axis',(-2.22044604925031E-14,0.,1.));
#3784=DIRECTION('',(-2.22044604925031E-14,0.,1.));
#3785=DIRECTION('',(0.,1.,0.));
#3786=DIRECTION('center_axis',(-5.07530525542927E-14,0.,1.));
#3787=DIRECTION('ref_axis',(1.,0.,5.07530525542928E-14));
#3788=DIRECTION('',(1.,0.,5.07530525542928E-14));
#3789=DIRECTION('',(0.,1.,0.));
#3790=DIRECTION('center_axis',(1.,0.,5.46571335200076E-14));
#3791=DIRECTION('ref_axis',(5.46571335200076E-14,0.,-1.));
#3792=DIRECTION('',(5.46571335200076E-14,0.,-1.));
#3793=DIRECTION('',(0.,1.,0.));
#3794=DIRECTION('center_axis',(5.07530525542927E-14,0.,-1.));
#3795=DIRECTION('ref_axis',(-1.,0.,-5.07530525542927E-14));
#3796=DIRECTION('',(-1.,0.,-5.07530525542927E-14));
#3797=DIRECTION('',(0.,1.,0.));
#3798=DIRECTION('center_axis',(-1.,0.,-5.92118946466751E-14));
#3799=DIRECTION('ref_axis',(-5.92118946466751E-14,0.,1.));
#3800=DIRECTION('',(-5.92118946466751E-14,0.,1.));
#3801=DIRECTION('',(0.,1.,0.));
#3802=DIRECTION('center_axis',(5.92118946466756E-14,0.,-1.));
#3803=DIRECTION('ref_axis',(-1.,0.,-5.92118946466756E-14));
#3804=DIRECTION('',(-1.,0.,-5.92118946466756E-14));
#3805=DIRECTION('',(0.,1.,0.));
#3806=DIRECTION('center_axis',(1.,0.,5.39575968281987E-14));
#3807=DIRECTION('ref_axis',(5.39575968281987E-14,0.,-1.));
#3808=DIRECTION('',(5.39575968281987E-14,0.,-1.));
#3809=DIRECTION('',(0.,1.,0.));
#3810=DIRECTION('center_axis',(-5.9211894646677E-14,0.,1.));
#3811=DIRECTION('ref_axis',(1.,0.,5.9211894646677E-14));
#3812=DIRECTION('',(1.,0.,5.9211894646677E-14));
#3813=DIRECTION('',(0.,1.,0.));
#3814=DIRECTION('center_axis',(-1.,0.,-2.22044604925031E-14));
#3815=DIRECTION('ref_axis',(-2.22044604925031E-14,0.,1.));
#3816=DIRECTION('',(-2.22044604925031E-14,0.,1.));
#3817=DIRECTION('',(0.,1.,0.));
#3818=DIRECTION('center_axis',(-5.07530525542927E-14,0.,1.));
#3819=DIRECTION('ref_axis',(1.,0.,5.07530525542927E-14));
#3820=DIRECTION('',(1.,0.,5.07530525542927E-14));
#3821=DIRECTION('center_axis',(-1.,0.,-2.22044604925031E-14));
#3822=DIRECTION('ref_axis',(-2.22044604925031E-14,0.,1.));
#3823=DIRECTION('',(-2.22044604925031E-14,0.,1.));
#3824=DIRECTION('',(0.,1.,0.));
#3825=DIRECTION('center_axis',(-5.07530525542927E-14,0.,1.));
#3826=DIRECTION('ref_axis',(1.,0.,5.07530525542928E-14));
#3827=DIRECTION('',(1.,0.,5.07530525542928E-14));
#3828=DIRECTION('',(0.,1.,0.));
#3829=DIRECTION('center_axis',(1.,0.,5.46571335200076E-14));
#3830=DIRECTION('ref_axis',(5.46571335200076E-14,0.,-1.));
#3831=DIRECTION('',(5.46571335200076E-14,0.,-1.));
#3832=DIRECTION('',(0.,1.,0.));
#3833=DIRECTION('center_axis',(-5.92118946466756E-14,0.,1.));
#3834=DIRECTION('ref_axis',(1.,0.,5.92118946466756E-14));
#3835=DIRECTION('',(1.,0.,5.92118946466756E-14));
#3836=DIRECTION('',(0.,1.,0.));
#3837=DIRECTION('center_axis',(-1.,0.,-5.2632795241489E-14));
#3838=DIRECTION('ref_axis',(-5.2632795241489E-14,0.,1.));
#3839=DIRECTION('',(-5.2632795241489E-14,0.,1.));
#3840=DIRECTION('',(0.,1.,0.));
#3841=DIRECTION('center_axis',(5.27355936696948E-14,0.,-1.));
#3842=DIRECTION('ref_axis',(-1.,0.,-5.27355936696948E-14));
#3843=DIRECTION('',(-1.,0.,-5.27355936696948E-14));
#3844=DIRECTION('',(0.,1.,0.));
#3845=DIRECTION('center_axis',(-1.,0.,-5.19909318848853E-14));
#3846=DIRECTION('ref_axis',(-5.19909318848853E-14,0.,1.));
#3847=DIRECTION('',(-5.19909318848853E-14,0.,1.));
#3848=DIRECTION('',(0.,1.,0.));
#3849=DIRECTION('center_axis',(-5.27355936696948E-14,0.,1.));
#3850=DIRECTION('ref_axis',(1.,0.,5.27355936696948E-14));
#3851=DIRECTION('',(1.,0.,5.27355936696948E-14));
#3852=DIRECTION('center_axis',(1.,0.,5.46571335200076E-14));
#3853=DIRECTION('ref_axis',(5.46571335200076E-14,0.,-1.));
#3854=DIRECTION('',(5.46571335200076E-14,0.,-1.));
#3855=DIRECTION('',(0.,1.,0.));
#3856=DIRECTION('center_axis',(-5.92118946466756E-14,0.,1.));
#3857=DIRECTION('ref_axis',(1.,0.,5.92118946466756E-14));
#3858=DIRECTION('',(1.,0.,5.92118946466756E-14));
#3859=DIRECTION('',(0.,1.,0.));
#3860=DIRECTION('center_axis',(-1.,0.,-5.2632795241489E-14));
#3861=DIRECTION('ref_axis',(-5.2632795241489E-14,0.,1.));
#3862=DIRECTION('',(-5.2632795241489E-14,0.,1.));
#3863=DIRECTION('',(0.,1.,0.));
#3864=DIRECTION('center_axis',(5.27355936696948E-14,0.,-1.));
#3865=DIRECTION('ref_axis',(-1.,0.,-5.27355936696948E-14));
#3866=DIRECTION('',(-1.,0.,-5.27355936696948E-14));
#3867=DIRECTION('',(0.,1.,0.));
#3868=DIRECTION('center_axis',(-1.,0.,-5.19909318848853E-14));
#3869=DIRECTION('ref_axis',(-5.19909318848853E-14,0.,1.));
#3870=DIRECTION('',(-5.19909318848853E-14,0.,1.));
#3871=DIRECTION('',(0.,1.,0.));
#3872=DIRECTION('center_axis',(-5.27355936696948E-14,0.,1.));
#3873=DIRECTION('ref_axis',(1.,0.,5.27355936696948E-14));
#3874=DIRECTION('',(1.,0.,5.27355936696948E-14));
#3875=DIRECTION('',(0.,1.,0.));
#3876=DIRECTION('center_axis',(-1.,0.,-5.92118946466751E-14));
#3877=DIRECTION('ref_axis',(-5.92118946466751E-14,0.,1.));
#3878=DIRECTION('',(-5.92118946466751E-14,0.,1.));
#3879=DIRECTION('',(0.,1.,0.));
#3880=DIRECTION('center_axis',(5.92118946466756E-14,0.,-1.));
#3881=DIRECTION('ref_axis',(-1.,0.,-5.92118946466756E-14));
#3882=DIRECTION('',(-1.,0.,-5.92118946466756E-14));
#3883=DIRECTION('center_axis',(0.775797516752985,0.,-0.630981943481668));
#3884=DIRECTION('ref_axis',(0.630981943481668,0.,0.775797516752984));
#3885=DIRECTION('',(0.,1.,0.));
#3886=DIRECTION('',(0.,1.,0.));
#3887=DIRECTION('',(-0.630981943481668,0.,-0.775797516752984));
#3888=DIRECTION('center_axis',(0.,0.,-1.));
#3889=DIRECTION('ref_axis',(-1.,-3.96508212951672E-17,0.));
#3890=DIRECTION('',(1.,0.,0.));
#3891=DIRECTION('',(0.,1.,0.));
#3892=DIRECTION('',(0.,1.,0.));
#3893=DIRECTION('center_axis',(-1.,0.,0.));
#3894=DIRECTION('ref_axis',(0.,2.31296460476533E-16,1.));
#3895=DIRECTION('',(0.,0.,-1.));
#3896=DIRECTION('center_axis',(1.,0.,0.));
#3897=DIRECTION('ref_axis',(0.,-2.31296460476533E-16,-1.));
#3898=DIRECTION('',(0.,0.,1.));
#3899=DIRECTION('center_axis',(1.,0.,0.));
#3900=DIRECTION('ref_axis',(0.,0.,-1.));
#3901=DIRECTION('',(0.,0.,1.));
#3902=DIRECTION('',(0.,1.,0.));
#3903=DIRECTION('center_axis',(0.,0.,-1.));
#3904=DIRECTION('ref_axis',(-1.,0.,0.));
#3905=DIRECTION('',(1.,0.,0.));
#3906=DIRECTION('',(0.,1.,0.));
#3907=DIRECTION('center_axis',(-1.,0.,0.));
#3908=DIRECTION('ref_axis',(0.,0.,1.));
#3909=DIRECTION('',(0.,0.,-1.));
#3910=DIRECTION('center_axis',(0.,0.,-1.));
#3911=DIRECTION('ref_axis',(-1.,-3.96508212951671E-17,0.));
#3912=DIRECTION('',(1.,0.,0.));
#3913=DIRECTION('',(0.,1.,0.));
#3914=DIRECTION('',(0.,1.,0.));
#3915=DIRECTION('center_axis',(-1.,0.,0.));
#3916=DIRECTION('ref_axis',(0.,2.31296460476533E-16,1.));
#3917=DIRECTION('',(0.,0.,-1.));
#3918=DIRECTION('',(0.,1.,0.));
#3919=DIRECTION('center_axis',(1.,0.,0.));
#3920=DIRECTION('ref_axis',(0.,-2.31296460476533E-16,-1.));
#3921=DIRECTION('',(0.,0.,1.));
#3922=DIRECTION('',(0.,1.,0.));
#3923=DIRECTION('center_axis',(0.707106898846532,0.,-0.707106663526543));
#3924=DIRECTION('ref_axis',(-0.707106663526543,0.,-0.707106898846532));
#3925=DIRECTION('',(0.,1.,0.));
#3926=DIRECTION('',(-0.707106663526543,0.,-0.707106898846532));
#3927=DIRECTION('center_axis',(0.,0.,1.));
#3928=DIRECTION('ref_axis',(1.,3.96508212951671E-17,0.));
#3929=DIRECTION('',(-1.,0.,0.));
#3930=DIRECTION('center_axis',(0.,1.,0.));
#3931=DIRECTION('ref_axis',(-1.,0.,0.));
#3932=DIRECTION('center_axis',(0.,1.,0.));
#3933=DIRECTION('ref_axis',(-1.,0.,0.));
#3934=DIRECTION('center_axis',(0.,1.,0.));
#3935=DIRECTION('ref_axis',(-1.,0.,0.));
#3936=DIRECTION('center_axis',(0.,1.,0.));
#3937=DIRECTION('ref_axis',(-1.,0.,0.));
#3938=DIRECTION('center_axis',(0.,1.,0.));
#3939=DIRECTION('ref_axis',(-1.,0.,0.));
#3940=DIRECTION('center_axis',(0.595905925543914,0.,-0.803054249662905));
#3941=DIRECTION('ref_axis',(-0.803054249662905,0.,-0.595905925543914));
#3942=DIRECTION('',(-0.803054249662905,0.,-0.595905925543914));
#3943=DIRECTION('',(0.,1.,0.));
#3944=DIRECTION('center_axis',(1.,0.,0.));
#3945=DIRECTION('ref_axis',(0.,0.,-1.));
#3946=DIRECTION('',(0.,0.,-1.));
#3947=DIRECTION('',(0.,1.,0.));
#3948=DIRECTION('center_axis',(0.,0.,1.));
#3949=DIRECTION('ref_axis',(1.,0.,0.));
#3950=DIRECTION('',(1.,0.,0.));
#3951=DIRECTION('',(0.,1.,0.));
#3952=DIRECTION('center_axis',(-0.656440788753652,0.,0.754377551933037));
#3953=DIRECTION('ref_axis',(0.754377551933037,0.,0.656440788753652));
#3954=DIRECTION('',(0.754377551933037,0.,0.656440788753652));
#3955=DIRECTION('',(0.,1.,0.));
#3956=DIRECTION('center_axis',(-0.884009651607966,0.,0.467468646931495));
#3957=DIRECTION('ref_axis',(0.467468646931495,0.,0.884009651607966));
#3958=DIRECTION('',(0.467468646931495,0.,0.884009651607966));
#3959=DIRECTION('',(0.,1.,0.));
#3960=DIRECTION('center_axis',(-1.,0.,-5.27992910638718E-14));
#3961=DIRECTION('ref_axis',(-5.27992910638718E-14,0.,1.));
#3962=DIRECTION('',(-5.27992910638718E-14,0.,1.));
#3963=DIRECTION('',(0.,-1.,0.));
#3964=DIRECTION('center_axis',(0.,1.,0.));
#3965=DIRECTION('ref_axis',(-1.,0.,0.));
#3966=DIRECTION('center_axis',(-1.,0.,0.));
#3967=DIRECTION('ref_axis',(0.,0.,-1.));
#3968=DIRECTION('',(0.,0.,1.));
#3969=DIRECTION('',(0.,1.,0.));
#3970=DIRECTION('center_axis',(-0.336336398331612,0.,-0.941741911118604));
#3971=DIRECTION('ref_axis',(0.941741911118603,0.,-0.336336398331612));
#3972=DIRECTION('',(0.941741911118603,0.,-0.336336398331612));
#3973=DIRECTION('',(0.,1.,0.));
#3974=DIRECTION('center_axis',(0.336336396998156,0.,-0.941741911594837));
#3975=DIRECTION('ref_axis',(0.941741911594838,0.,0.336336396998156));
#3976=DIRECTION('',(0.941741911594838,0.,0.336336396998156));
#3977=DIRECTION('center_axis',(1.,0.,0.));
#3978=DIRECTION('ref_axis',(0.,-1.,0.));
#3979=DIRECTION('',(0.,-1.,0.));
#3980=DIRECTION('',(0.,0.,-1.));
#3981=DIRECTION('center_axis',(-1.,0.,0.));
#3982=DIRECTION('ref_axis',(0.,1.,0.));
#3983=DIRECTION('',(0.,1.,0.));
#3984=DIRECTION('',(0.,0.,-1.));
#3985=DIRECTION('',(0.,1.,0.));
#3986=DIRECTION('center_axis',(0.,0.,-1.));
#3987=DIRECTION('ref_axis',(-1.,0.,0.));
#3988=DIRECTION('',(1.,0.,0.));
#3989=DIRECTION('center_axis',(0.,0.,1.));
#3990=DIRECTION('ref_axis',(-1.,0.,0.));
#3991=DIRECTION('center_axis',(0.,0.,1.));
#3992=DIRECTION('ref_axis',(-1.,0.,0.));
#3993=DIRECTION('',(0.,0.,1.));
#3994=DIRECTION('center_axis',(0.,0.,-1.));
#3995=DIRECTION('ref_axis',(-1.,0.,0.));
#3996=DIRECTION('center_axis',(0.,0.,1.));
#3997=DIRECTION('ref_axis',(-1.,0.,0.));
#3998=DIRECTION('center_axis',(0.,0.,1.));
#3999=DIRECTION('ref_axis',(-1.,0.,0.));
#4000=DIRECTION('',(0.,0.,1.));
#4001=DIRECTION('center_axis',(0.,0.,-1.));
#4002=DIRECTION('ref_axis',(-1.,0.,0.));
#4003=DIRECTION('center_axis',(0.,0.,-1.));
#4004=DIRECTION('ref_axis',(-1.,0.,0.));
#4005=DIRECTION('',(0.,1.,0.));
#4006=DIRECTION('',(1.,0.,0.));
#4007=DIRECTION('',(0.,1.,0.));
#4008=DIRECTION('center_axis',(0.,0.,-1.));
#4009=DIRECTION('ref_axis',(-1.,0.,0.));
#4010=DIRECTION('center_axis',(0.,0.,1.));
#4011=DIRECTION('ref_axis',(-1.,0.,0.));
#4012=DIRECTION('center_axis',(0.,0.,1.));
#4013=DIRECTION('ref_axis',(-1.,0.,0.));
#4014=DIRECTION('',(0.,0.,1.));
#4015=DIRECTION('center_axis',(0.,0.,-1.));
#4016=DIRECTION('ref_axis',(-1.,3.96508212951671E-17,0.));
#4017=DIRECTION('',(1.,0.,0.));
#4018=DIRECTION('',(0.,1.,0.));
#4019=DIRECTION('',(0.,1.,0.));
#4020=DIRECTION('center_axis',(1.,0.,-5.46571335200076E-14));
#4021=DIRECTION('ref_axis',(-5.46571335200076E-14,0.,-1.));
#4022=DIRECTION('',(-5.46571335200076E-14,0.,-1.));
#4023=DIRECTION('',(0.,1.,0.));
#4024=DIRECTION('',(0.,1.,0.));
#4025=DIRECTION('center_axis',(-5.92118946466756E-14,0.,-1.));
#4026=DIRECTION('ref_axis',(-1.,0.,5.92118946466756E-14));
#4027=DIRECTION('',(-1.,0.,5.92118946466756E-14));
#4028=DIRECTION('',(0.,1.,0.));
#4029=DIRECTION('center_axis',(-1.,0.,5.5922344944082E-14));
#4030=DIRECTION('ref_axis',(5.5922344944082E-14,0.,1.));
#4031=DIRECTION('',(5.5922344944082E-14,0.,1.));
#4032=DIRECTION('',(0.,1.,0.));
#4033=DIRECTION('center_axis',(5.27355936696949E-14,0.,1.));
#4034=DIRECTION('ref_axis',(1.,0.,-5.27355936696949E-14));
#4035=DIRECTION('',(1.,0.,-5.27355936696949E-14));
#4036=DIRECTION('',(0.,1.,0.));
#4037=DIRECTION('center_axis',(-1.,0.,5.19909318848853E-14));
#4038=DIRECTION('ref_axis',(5.19909318848853E-14,0.,1.));
#4039=DIRECTION('',(5.19909318848853E-14,0.,1.));
#4040=DIRECTION('',(0.,1.,0.));
#4041=DIRECTION('center_axis',(-5.27355936696949E-14,0.,-1.));
#4042=DIRECTION('ref_axis',(-1.,0.,5.27355936696949E-14));
#4043=DIRECTION('',(-1.,0.,5.27355936696949E-14));
#4044=DIRECTION('',(0.,1.,0.));
#4045=DIRECTION('center_axis',(-1.,0.,5.92118946466751E-14));
#4046=DIRECTION('ref_axis',(5.92118946466751E-14,0.,1.));
#4047=DIRECTION('',(5.92118946466751E-14,0.,1.));
#4048=DIRECTION('',(0.,1.,0.));
#4049=DIRECTION('center_axis',(5.92118946466756E-14,0.,1.));
#4050=DIRECTION('ref_axis',(1.,0.,-5.92118946466756E-14));
#4051=DIRECTION('',(1.,0.,-5.92118946466756E-14));
#4052=DIRECTION('',(0.,1.,0.));
#4053=DIRECTION('center_axis',(-1.,0.,5.92118946466751E-14));
#4054=DIRECTION('ref_axis',(5.92118946466751E-14,0.,1.));
#4055=DIRECTION('',(5.92118946466751E-14,0.,1.));
#4056=DIRECTION('',(0.,1.,0.));
#4057=DIRECTION('',(0.,1.,0.));
#4058=DIRECTION('center_axis',(5.92118946466756E-14,0.,1.));
#4059=DIRECTION('ref_axis',(1.,0.,-5.92118946466756E-14));
#4060=DIRECTION('',(1.,0.,-5.92118946466756E-14));
#4061=DIRECTION('',(0.,1.,0.));
#4062=DIRECTION('center_axis',(1.,0.,-5.46571335200076E-14));
#4063=DIRECTION('ref_axis',(-5.46571335200076E-14,0.,-1.));
#4064=DIRECTION('',(-5.46571335200076E-14,0.,-1.));
#4065=DIRECTION('',(0.,1.,0.));
#4066=DIRECTION('center_axis',(5.07530525542926E-14,0.,1.));
#4067=DIRECTION('ref_axis',(1.,0.,-5.07530525542926E-14));
#4068=DIRECTION('',(1.,0.,-5.07530525542926E-14));
#4069=DIRECTION('',(0.,1.,0.));
#4070=DIRECTION('center_axis',(-1.,0.,5.92118946466751E-14));
#4071=DIRECTION('ref_axis',(5.92118946466751E-14,0.,1.));
#4072=DIRECTION('',(5.92118946466751E-14,0.,1.));
#4073=DIRECTION('',(0.,1.,0.));
#4074=DIRECTION('center_axis',(5.92118946466756E-14,0.,1.));
#4075=DIRECTION('ref_axis',(1.,0.,-5.92118946466756E-14));
#4076=DIRECTION('',(1.,0.,-5.92118946466756E-14));
#4077=DIRECTION('',(0.,1.,0.));
#4078=DIRECTION('center_axis',(1.,0.,-5.39575968281987E-14));
#4079=DIRECTION('ref_axis',(-5.39575968281987E-14,0.,-1.));
#4080=DIRECTION('',(-5.39575968281987E-14,0.,-1.));
#4081=DIRECTION('',(0.,1.,0.));
#4082=DIRECTION('center_axis',(-5.9211894646677E-14,0.,-1.));
#4083=DIRECTION('ref_axis',(-1.,0.,5.9211894646677E-14));
#4084=DIRECTION('',(-1.,0.,5.9211894646677E-14));
#4085=DIRECTION('',(0.,1.,0.));
#4086=DIRECTION('center_axis',(1.,0.,-5.46571335200076E-14));
#4087=DIRECTION('ref_axis',(-5.46571335200076E-14,0.,-1.));
#4088=DIRECTION('',(-5.46571335200076E-14,0.,-1.));
#4089=DIRECTION('',(0.,1.,0.));
#4090=DIRECTION('',(0.,1.,0.));
#4091=DIRECTION('center_axis',(5.07530525542926E-14,0.,1.));
#4092=DIRECTION('ref_axis',(1.,0.,-5.07530525542926E-14));
#4093=DIRECTION('',(1.,0.,-5.07530525542926E-14));
#4094=DIRECTION('',(0.,1.,0.));
#4095=DIRECTION('center_axis',(-1.,0.,5.92118946466751E-14));
#4096=DIRECTION('ref_axis',(5.92118946466751E-14,0.,1.));
#4097=DIRECTION('',(5.92118946466751E-14,0.,1.));
#4098=DIRECTION('',(0.,1.,0.));
#4099=DIRECTION('center_axis',(5.92118946466756E-14,0.,1.));
#4100=DIRECTION('ref_axis',(1.,0.,-5.92118946466756E-14));
#4101=DIRECTION('',(1.,0.,-5.92118946466756E-14));
#4102=DIRECTION('',(0.,1.,0.));
#4103=DIRECTION('center_axis',(1.,0.,-5.39575968281987E-14));
#4104=DIRECTION('ref_axis',(-5.39575968281987E-14,0.,-1.));
#4105=DIRECTION('',(-5.39575968281987E-14,0.,-1.));
#4106=DIRECTION('',(0.,1.,0.));
#4107=DIRECTION('center_axis',(-5.9211894646677E-14,0.,-1.));
#4108=DIRECTION('ref_axis',(-1.,0.,5.9211894646677E-14));
#4109=DIRECTION('',(-1.,0.,5.9211894646677E-14));
#4110=DIRECTION('',(0.,1.,0.));
#4111=DIRECTION('center_axis',(-1.,0.,2.22044604925031E-14));
#4112=DIRECTION('ref_axis',(2.22044604925031E-14,0.,1.));
#4113=DIRECTION('',(2.22044604925031E-14,0.,1.));
#4114=DIRECTION('',(0.,1.,0.));
#4115=DIRECTION('center_axis',(-5.07530525542927E-14,0.,-1.));
#4116=DIRECTION('ref_axis',(-1.,0.,5.07530525542928E-14));
#4117=DIRECTION('',(-1.,0.,5.07530525542928E-14));
#4118=DIRECTION('',(0.,1.,0.));
#4119=DIRECTION('center_axis',(1.,0.,-5.46571335200076E-14));
#4120=DIRECTION('ref_axis',(-5.46571335200076E-14,0.,-1.));
#4121=DIRECTION('',(-5.46571335200076E-14,0.,-1.));
#4122=DIRECTION('',(0.,1.,0.));
#4123=DIRECTION('center_axis',(5.07530525542927E-14,0.,1.));
#4124=DIRECTION('ref_axis',(1.,0.,-5.07530525542927E-14));
#4125=DIRECTION('',(1.,0.,-5.07530525542927E-14));
#4126=DIRECTION('',(0.,1.,0.));
#4127=DIRECTION('center_axis',(-1.,0.,5.92118946466751E-14));
#4128=DIRECTION('ref_axis',(5.92118946466751E-14,0.,1.));
#4129=DIRECTION('',(5.92118946466751E-14,0.,1.));
#4130=DIRECTION('',(0.,1.,0.));
#4131=DIRECTION('center_axis',(5.92118946466756E-14,0.,1.));
#4132=DIRECTION('ref_axis',(1.,0.,-5.92118946466756E-14));
#4133=DIRECTION('',(1.,0.,-5.92118946466756E-14));
#4134=DIRECTION('',(0.,1.,0.));
#4135=DIRECTION('center_axis',(1.,0.,-5.39575968281987E-14));
#4136=DIRECTION('ref_axis',(-5.39575968281987E-14,0.,-1.));
#4137=DIRECTION('',(-5.39575968281987E-14,0.,-1.));
#4138=DIRECTION('',(0.,1.,0.));
#4139=DIRECTION('center_axis',(-5.9211894646677E-14,0.,-1.));
#4140=DIRECTION('ref_axis',(-1.,0.,5.9211894646677E-14));
#4141=DIRECTION('',(-1.,0.,5.9211894646677E-14));
#4142=DIRECTION('',(0.,1.,0.));
#4143=DIRECTION('center_axis',(-1.,0.,2.22044604925031E-14));
#4144=DIRECTION('ref_axis',(2.22044604925031E-14,0.,1.));
#4145=DIRECTION('',(2.22044604925031E-14,0.,1.));
#4146=DIRECTION('',(0.,1.,0.));
#4147=DIRECTION('center_axis',(-5.07530525542927E-14,0.,-1.));
#4148=DIRECTION('ref_axis',(-1.,0.,5.07530525542927E-14));
#4149=DIRECTION('',(-1.,0.,5.07530525542927E-14));
#4150=DIRECTION('center_axis',(-1.,0.,2.22044604925031E-14));
#4151=DIRECTION('ref_axis',(2.22044604925031E-14,0.,1.));
#4152=DIRECTION('',(2.22044604925031E-14,0.,1.));
#4153=DIRECTION('',(0.,1.,0.));
#4154=DIRECTION('center_axis',(-5.07530525542927E-14,0.,-1.));
#4155=DIRECTION('ref_axis',(-1.,0.,5.07530525542928E-14));
#4156=DIRECTION('',(-1.,0.,5.07530525542928E-14));
#4157=DIRECTION('',(0.,1.,0.));
#4158=DIRECTION('center_axis',(1.,0.,-5.46571335200076E-14));
#4159=DIRECTION('ref_axis',(-5.46571335200076E-14,0.,-1.));
#4160=DIRECTION('',(-5.46571335200076E-14,0.,-1.));
#4161=DIRECTION('',(0.,1.,0.));
#4162=DIRECTION('center_axis',(-5.92118946466756E-14,0.,-1.));
#4163=DIRECTION('ref_axis',(-1.,0.,5.92118946466756E-14));
#4164=DIRECTION('',(-1.,0.,5.92118946466756E-14));
#4165=DIRECTION('',(0.,1.,0.));
#4166=DIRECTION('center_axis',(-1.,0.,5.2632795241489E-14));
#4167=DIRECTION('ref_axis',(5.2632795241489E-14,0.,1.));
#4168=DIRECTION('',(5.2632795241489E-14,0.,1.));
#4169=DIRECTION('',(0.,1.,0.));
#4170=DIRECTION('center_axis',(5.27355936696948E-14,0.,1.));
#4171=DIRECTION('ref_axis',(1.,0.,-5.27355936696948E-14));
#4172=DIRECTION('',(1.,0.,-5.27355936696948E-14));
#4173=DIRECTION('',(0.,1.,0.));
#4174=DIRECTION('center_axis',(-1.,0.,5.19909318848853E-14));
#4175=DIRECTION('ref_axis',(5.19909318848853E-14,0.,1.));
#4176=DIRECTION('',(5.19909318848853E-14,0.,1.));
#4177=DIRECTION('',(0.,1.,0.));
#4178=DIRECTION('center_axis',(-5.27355936696948E-14,0.,-1.));
#4179=DIRECTION('ref_axis',(-1.,0.,5.27355936696948E-14));
#4180=DIRECTION('',(-1.,0.,5.27355936696948E-14));
#4181=DIRECTION('center_axis',(1.,0.,-5.46571335200076E-14));
#4182=DIRECTION('ref_axis',(-5.46571335200076E-14,0.,-1.));
#4183=DIRECTION('',(-5.46571335200076E-14,0.,-1.));
#4184=DIRECTION('',(0.,1.,0.));
#4185=DIRECTION('center_axis',(-5.92118946466756E-14,0.,-1.));
#4186=DIRECTION('ref_axis',(-1.,0.,5.92118946466756E-14));
#4187=DIRECTION('',(-1.,0.,5.92118946466756E-14));
#4188=DIRECTION('',(0.,1.,0.));
#4189=DIRECTION('center_axis',(-1.,0.,5.2632795241489E-14));
#4190=DIRECTION('ref_axis',(5.2632795241489E-14,0.,1.));
#4191=DIRECTION('',(5.2632795241489E-14,0.,1.));
#4192=DIRECTION('',(0.,1.,0.));
#4193=DIRECTION('center_axis',(5.27355936696948E-14,0.,1.));
#4194=DIRECTION('ref_axis',(1.,0.,-5.27355936696948E-14));
#4195=DIRECTION('',(1.,0.,-5.27355936696948E-14));
#4196=DIRECTION('',(0.,1.,0.));
#4197=DIRECTION('center_axis',(-1.,0.,5.19909318848853E-14));
#4198=DIRECTION('ref_axis',(5.19909318848853E-14,0.,1.));
#4199=DIRECTION('',(5.19909318848853E-14,0.,1.));
#4200=DIRECTION('',(0.,1.,0.));
#4201=DIRECTION('center_axis',(-5.27355936696948E-14,0.,-1.));
#4202=DIRECTION('ref_axis',(-1.,0.,5.27355936696948E-14));
#4203=DIRECTION('',(-1.,0.,5.27355936696948E-14));
#4204=DIRECTION('',(0.,1.,0.));
#4205=DIRECTION('center_axis',(-1.,0.,5.92118946466751E-14));
#4206=DIRECTION('ref_axis',(5.92118946466751E-14,0.,1.));
#4207=DIRECTION('',(5.92118946466751E-14,0.,1.));
#4208=DIRECTION('',(0.,1.,0.));
#4209=DIRECTION('center_axis',(5.92118946466756E-14,0.,1.));
#4210=DIRECTION('ref_axis',(1.,0.,-5.92118946466756E-14));
#4211=DIRECTION('',(1.,0.,-5.92118946466756E-14));
#4212=DIRECTION('center_axis',(0.775797516752985,0.,0.630981943481668));
#4213=DIRECTION('ref_axis',(-0.630981943481668,0.,0.775797516752984));
#4214=DIRECTION('',(0.,1.,0.));
#4215=DIRECTION('',(0.630981943481668,0.,-0.775797516752984));
#4216=DIRECTION('',(0.,1.,0.));
#4217=DIRECTION('center_axis',(0.,0.,1.));
#4218=DIRECTION('ref_axis',(1.,-3.96508212951672E-17,0.));
#4219=DIRECTION('',(-1.,0.,0.));
#4220=DIRECTION('',(0.,1.,0.));
#4221=DIRECTION('',(0.,1.,0.));
#4222=DIRECTION('center_axis',(-1.,0.,0.));
#4223=DIRECTION('ref_axis',(0.,2.31296460476533E-16,1.));
#4224=DIRECTION('',(0.,0.,-1.));
#4225=DIRECTION('center_axis',(1.,0.,0.));
#4226=DIRECTION('ref_axis',(0.,-2.31296460476533E-16,-1.));
#4227=DIRECTION('',(0.,0.,1.));
#4228=DIRECTION('center_axis',(1.,0.,0.));
#4229=DIRECTION('ref_axis',(0.,0.,-1.));
#4230=DIRECTION('',(0.,0.,1.));
#4231=DIRECTION('',(0.,1.,0.));
#4232=DIRECTION('center_axis',(0.,0.,1.));
#4233=DIRECTION('ref_axis',(1.,0.,0.));
#4234=DIRECTION('',(-1.,0.,0.));
#4235=DIRECTION('',(0.,1.,0.));
#4236=DIRECTION('center_axis',(-1.,0.,0.));
#4237=DIRECTION('ref_axis',(0.,0.,1.));
#4238=DIRECTION('',(0.,0.,-1.));
#4239=DIRECTION('center_axis',(0.,0.,1.));
#4240=DIRECTION('ref_axis',(1.,-3.96508212951671E-17,0.));
#4241=DIRECTION('',(-1.,0.,0.));
#4242=DIRECTION('',(0.,1.,0.));
#4243=DIRECTION('',(0.,1.,0.));
#4244=DIRECTION('center_axis',(-1.,0.,0.));
#4245=DIRECTION('ref_axis',(0.,2.31296460476533E-16,1.));
#4246=DIRECTION('',(0.,0.,-1.));
#4247=DIRECTION('',(0.,1.,0.));
#4248=DIRECTION('center_axis',(1.,0.,0.));
#4249=DIRECTION('ref_axis',(0.,-2.31296460476533E-16,-1.));
#4250=DIRECTION('',(0.,0.,1.));
#4251=DIRECTION('',(0.,1.,0.));
#4252=DIRECTION('center_axis',(0.707106898846532,0.,0.707106663526543));
#4253=DIRECTION('ref_axis',(0.707106663526543,0.,-0.707106898846532));
#4254=DIRECTION('',(0.707106663526543,0.,-0.707106898846532));
#4255=DIRECTION('center_axis',(0.,0.,-1.));
#4256=DIRECTION('ref_axis',(-1.,3.96508212951671E-17,0.));
#4257=DIRECTION('',(1.,0.,0.));
#4258=DIRECTION('center_axis',(0.,-1.,0.));
#4259=DIRECTION('ref_axis',(1.,0.,0.));
#4260=DIRECTION('center_axis',(0.,-1.,0.));
#4261=DIRECTION('ref_axis',(1.,0.,0.));
#4262=DIRECTION('center_axis',(0.,-1.,0.));
#4263=DIRECTION('ref_axis',(1.,0.,0.));
#4264=DIRECTION('center_axis',(0.,-1.,0.));
#4265=DIRECTION('ref_axis',(1.,0.,0.));
#4266=DIRECTION('center_axis',(0.,-1.,0.));
#4267=DIRECTION('ref_axis',(1.,0.,0.));
#4268=DIRECTION('center_axis',(0.595905925543914,0.,0.803054249662905));
#4269=DIRECTION('ref_axis',(0.803054249662905,0.,-0.595905925543914));
#4270=DIRECTION('',(0.,1.,0.));
#4271=DIRECTION('',(0.803054249662905,0.,-0.595905925543914));
#4272=DIRECTION('center_axis',(1.,0.,0.));
#4273=DIRECTION('ref_axis',(0.,0.,-1.));
#4274=DIRECTION('',(0.,1.,0.));
#4275=DIRECTION('',(0.,0.,-1.));
#4276=DIRECTION('center_axis',(0.,0.,-1.));
#4277=DIRECTION('ref_axis',(-1.,0.,0.));
#4278=DIRECTION('',(0.,1.,0.));
#4279=DIRECTION('',(-1.,0.,0.));
#4280=DIRECTION('center_axis',(-0.656440788753652,0.,-0.754377551933037));
#4281=DIRECTION('ref_axis',(-0.754377551933037,0.,0.656440788753652));
#4282=DIRECTION('',(0.,1.,0.));
#4283=DIRECTION('',(-0.754377551933037,0.,0.656440788753652));
#4284=DIRECTION('center_axis',(-0.884009651607966,0.,-0.467468646931495));
#4285=DIRECTION('ref_axis',(-0.467468646931495,0.,0.884009651607966));
#4286=DIRECTION('',(0.,1.,0.));
#4287=DIRECTION('',(-0.467468646931495,0.,0.884009651607966));
#4288=DIRECTION('center_axis',(-1.,0.,5.27992910638718E-14));
#4289=DIRECTION('ref_axis',(5.27992910638718E-14,0.,1.));
#4290=DIRECTION('',(5.27992910638718E-14,0.,1.));
#4291=DIRECTION('center_axis',(0.,-1.,0.));
#4292=DIRECTION('ref_axis',(0.,0.,1.));
#4293=DIRECTION('center_axis',(0.,-1.,0.));
#4294=DIRECTION('ref_axis',(1.,0.,0.));
#4295=CARTESIAN_POINT('',(0.,0.,0.));
#4296=CARTESIAN_POINT('Origin',(15.0000002235174,-168.,5.458));
#4297=CARTESIAN_POINT('',(-15.0000002235174,-168.,5.458));
#4298=CARTESIAN_POINT('',(15.0000002235174,-168.,5.458));
#4299=CARTESIAN_POINT('',(-28.6500000484275,-168.,5.458));
#4300=CARTESIAN_POINT('',(-15.0000002235174,-185.,5.458));
#4301=CARTESIAN_POINT('',(-15.0000002235174,-168.,5.458));
#4302=CARTESIAN_POINT('',(15.0000002235174,-185.,5.458));
#4303=CARTESIAN_POINT('',(-33.6749996641644,-185.,5.458));
#4304=CARTESIAN_POINT('',(15.0000002235174,-168.,5.458));
#4305=CARTESIAN_POINT('Origin',(15.0000002235174,-168.,5.35714293697051));
#4306=CARTESIAN_POINT('',(15.0000002235174,-185.,5.35714293697051));
#4307=CARTESIAN_POINT('',(15.0000002235174,-185.,6.458));
#4308=CARTESIAN_POINT('',(15.0000002235174,-168.,5.35714293697051));
#4309=CARTESIAN_POINT('',(15.0000002235174,-168.,5.35714293697051));
#4310=CARTESIAN_POINT('',(15.0000002235174,-168.,6.458));
#4311=CARTESIAN_POINT('Origin',(-82.3499995518462,-185.,78.0000008160721));
#4312=CARTESIAN_POINT('',(-15.0000002235174,-185.,5.35714296091877));
#4313=CARTESIAN_POINT('',(-15.0000002235174,-185.,0.));
#4314=CARTESIAN_POINT('',(-28.0000004172327,-185.,10.0000001937151));
#4315=CARTESIAN_POINT('',(-62.8701358915311,-185.,22.4536200616365));
#4316=CARTESIAN_POINT('',(-28.0000004172302,-185.,57.6897658915883));
#4317=CARTESIAN_POINT('',(-28.0000004172325,-185.,13.0000001937151));
#4318=CARTESIAN_POINT('',(-48.0999988801778,-185.,95.6999998509897));
#4319=CARTESIAN_POINT('',(-28.0000004172302,-185.,57.6897658915883));
#4320=CARTESIAN_POINT('',(-76.6000001117591,-185.,120.49999985099));
#4321=CARTESIAN_POINT('',(-76.6000001117591,-185.,120.49999985099));
#4322=CARTESIAN_POINT('',(-93.7087121525223,-185.,120.49999985099));
#4323=CARTESIAN_POINT('',(-116.600000223515,-185.,120.49999985099));
#4324=CARTESIAN_POINT('',(-98.2912878474776,-185.,120.49999985099));
#4325=CARTESIAN_POINT('',(-85.1543561321407,-185.000003054738,120.49999985099));
#4326=CARTESIAN_POINT('',(-116.600000223515,-185.,120.49999985099));
#4327=CARTESIAN_POINT('',(-116.600000223515,-185.,120.49999985099));
#4328=CARTESIAN_POINT('',(-116.600000223515,-185.,56.4999998509881));
#4329=CARTESIAN_POINT('',(-116.600000223515,-185.,56.4999998509881));
#4330=CARTESIAN_POINT('',(-88.3000002235146,-185.,35.5000017811544));
#4331=CARTESIAN_POINT('',(-116.600000223515,-185.,56.4999998509881));
#4332=CARTESIAN_POINT('',(-70.,-185.,13.0000001937173));
#4333=CARTESIAN_POINT('',(-70.,-185.,13.0000001937173));
#4334=CARTESIAN_POINT('',(-67.0000009983778,-185.,10.0000001937171));
#4335=CARTESIAN_POINT('',(-67.0000009983778,-185.,10.0000001937171));
#4336=CARTESIAN_POINT('',(-67.0000009983778,-185.00000025332,-49.9999998062829));
#4337=CARTESIAN_POINT('',(-67.0000009983778,-185.00000025332,10.0000001937171));
#4338=CARTESIAN_POINT('',(67.0000009983778,-185.00000025332,-49.9999998062829));
#4339=CARTESIAN_POINT('',(-67.0000009983778,-185.00000025332,-49.9999998062829));
#4340=CARTESIAN_POINT('',(67.0000009983778,-185.00000025332,10.0000001937171));
#4341=CARTESIAN_POINT('',(67.0000009983778,-185.00000025332,10.0000001937171));
#4342=CARTESIAN_POINT('',(70.,-185.,13.0000001937173));
#4343=CARTESIAN_POINT('',(67.0000009983778,-185.,10.0000001937171));
#4344=CARTESIAN_POINT('',(88.3000002235146,-185.,35.5000017811544));
#4345=CARTESIAN_POINT('',(70.,-185.,13.0000001937173));
#4346=CARTESIAN_POINT('',(116.600000223515,-185.,56.4999998509881));
#4347=CARTESIAN_POINT('',(116.600000223515,-185.,56.4999998509881));
#4348=CARTESIAN_POINT('',(116.600000223515,-185.,120.49999985099));
#4349=CARTESIAN_POINT('',(116.600000223515,-185.,56.4999998509881));
#4350=CARTESIAN_POINT('',(98.2912878474776,-185.,120.49999985099));
#4351=CARTESIAN_POINT('',(116.600000223515,-185.,120.49999985099));
#4352=CARTESIAN_POINT('',(93.7087121525223,-185.,120.49999985099));
#4353=CARTESIAN_POINT('',(85.1543561321407,-185.000003054738,120.49999985099));
#4354=CARTESIAN_POINT('',(76.6000001117591,-185.,120.49999985099));
#4355=CARTESIAN_POINT('',(116.600000223515,-185.,120.49999985099));
#4356=CARTESIAN_POINT('',(48.0999988801778,-185.,95.6999998509897));
#4357=CARTESIAN_POINT('',(76.6000001117591,-185.,120.49999985099));
#4358=CARTESIAN_POINT('',(28.0000004172302,-185.,57.6897658915883));
#4359=CARTESIAN_POINT('',(28.0000004172302,-185.,57.6897658915883));
#4360=CARTESIAN_POINT('',(28.000000542408,-185.00000025332,10.0000001937171));
#4361=CARTESIAN_POINT('',(28.0000004172325,-185.,13.0000001937151));
#4362=CARTESIAN_POINT('',(-24.1642530656941,-185.,-8.63009038060505));
#4363=CARTESIAN_POINT('',(-32.1,-185.,25.3955278309658));
#4364=CARTESIAN_POINT('',(-46.1000001490116,-185.,25.3955278309658));
#4365=CARTESIAN_POINT('',(-57.2249997759231,-185.,25.3955278309658));
#4366=CARTESIAN_POINT('',(-32.1,-185.,13.3955277117565));
#4367=CARTESIAN_POINT('',(-32.1,-185.,45.6977642639143));
#4368=CARTESIAN_POINT('',(-46.1000001490116,-185.,13.3955277117565));
#4369=CARTESIAN_POINT('',(-64.2249998504289,-185.,13.3955277117565));
#4370=CARTESIAN_POINT('',(-46.1000001490116,-185.,51.6977643235189));
#4371=CARTESIAN_POINT('',(-113.300000223515,-185.,118.69999985099));
#4372=CARTESIAN_POINT('',(-113.300000223515,-185.,114.79999985099));
#4373=CARTESIAN_POINT('',(-113.300000223515,-185.,114.79999985099));
#4374=CARTESIAN_POINT('',(-108.400000223515,-185.,114.799999850989));
#4375=CARTESIAN_POINT('',(-108.400000223515,-185.,114.799999850989));
#4376=CARTESIAN_POINT('',(-108.400000223515,-185.,115.699999850989));
#4377=CARTESIAN_POINT('',(-108.400000223515,-185.,115.699999850989));
#4378=CARTESIAN_POINT('',(-106.900000223515,-185.,115.699999850989));
#4379=CARTESIAN_POINT('',(-106.900000223515,-185.,115.699999850989));
#4380=CARTESIAN_POINT('',(-106.900000223516,-185.,86.3999998509893));
#4381=CARTESIAN_POINT('',(-106.900000223516,-185.,86.3999998509893));
#4382=CARTESIAN_POINT('',(-108.400000223516,-185.,86.3999998509894));
#4383=CARTESIAN_POINT('',(-108.400000223516,-185.,86.3999998509894));
#4384=CARTESIAN_POINT('',(-108.400000223516,-185.,87.1999998509894));
#4385=CARTESIAN_POINT('',(-108.400000223516,-185.,87.1999998509894));
#4386=CARTESIAN_POINT('',(-113.300000223516,-185.,87.1999998509896));
#4387=CARTESIAN_POINT('',(-113.300000223516,-185.,87.1999998509896));
#4388=CARTESIAN_POINT('',(-113.300000223516,-185.,83.2999998509896));
#4389=CARTESIAN_POINT('',(-113.300000223516,-185.,83.2999998509896));
#4390=CARTESIAN_POINT('',(-114.800000223516,-185.,83.2999998509897));
#4391=CARTESIAN_POINT('',(-114.800000223516,-185.,83.2999998509897));
#4392=CARTESIAN_POINT('',(-114.800000223516,-185.,88.6999998509897));
#4393=CARTESIAN_POINT('',(-114.800000223516,-185.,88.6999998509897));
#4394=CARTESIAN_POINT('',(-108.400000223516,-185.,88.6999998509894));
#4395=CARTESIAN_POINT('',(-108.400000223516,-185.,88.6999998509894));
#4396=CARTESIAN_POINT('',(-108.400000223515,-185.,113.299999850989));
#4397=CARTESIAN_POINT('',(-108.400000223515,-185.,113.299999850989));
#4398=CARTESIAN_POINT('',(-114.800000223515,-185.,113.29999985099));
#4399=CARTESIAN_POINT('',(-114.800000223515,-185.,113.29999985099));
#4400=CARTESIAN_POINT('',(-114.800000223515,-185.,118.69999985099));
#4401=CARTESIAN_POINT('',(-114.800000223515,-185.,118.69999985099));
#4402=CARTESIAN_POINT('',(-113.300000223515,-185.,118.69999985099));
#4403=CARTESIAN_POINT('',(-51.4000002235163,-185.,40.3999998509894));
#4404=CARTESIAN_POINT('',(-51.4000002235163,-185.,41.1999998509894));
#4405=CARTESIAN_POINT('',(-51.4000002235163,-185.,41.1999998509894));
#4406=CARTESIAN_POINT('',(-56.3000002235163,-185.,41.1999998509896));
#4407=CARTESIAN_POINT('',(-56.3000002235163,-185.,41.1999998509896));
#4408=CARTESIAN_POINT('',(-56.3000002235165,-185.,37.2999998509896));
#4409=CARTESIAN_POINT('',(-56.3000002235165,-185.,37.2999998509896));
#4410=CARTESIAN_POINT('',(-57.8000002235165,-185.,37.2999998509897));
#4411=CARTESIAN_POINT('',(-57.8000002235165,-185.,37.2999998509897));
#4412=CARTESIAN_POINT('',(-57.8000002235162,-185.,42.6999998509897));
#4413=CARTESIAN_POINT('',(-57.8000002235162,-185.,42.6999998509897));
#4414=CARTESIAN_POINT('',(-51.4000002235162,-185.,42.6999998509894));
#4415=CARTESIAN_POINT('',(-51.4000002235162,-185.,42.6999998509894));
#4416=CARTESIAN_POINT('',(-51.4000002235149,-185.,67.2999998509894));
#4417=CARTESIAN_POINT('',(-51.4000002235149,-185.,67.2999998509894));
#4418=CARTESIAN_POINT('',(-57.8000002235149,-185.,67.2999998509897));
#4419=CARTESIAN_POINT('',(-57.8000002235149,-185.,67.2999998509897));
#4420=CARTESIAN_POINT('',(-57.8000002235146,-185.,72.6999998509897));
#4421=CARTESIAN_POINT('',(-57.8000002235146,-185.,72.6999998509897));
#4422=CARTESIAN_POINT('',(-56.3000002235146,-185.,72.6999998509896));
#4423=CARTESIAN_POINT('',(-56.3000002235146,-185.,72.6999998509896));
#4424=CARTESIAN_POINT('',(-56.3000002235148,-185.,68.7999998509896));
#4425=CARTESIAN_POINT('',(-56.3000002235148,-185.,68.7999998509896));
#4426=CARTESIAN_POINT('',(-51.4000002235148,-185.,68.7999998509894));
#4427=CARTESIAN_POINT('',(-51.4000002235148,-185.,68.7999998509894));
#4428=CARTESIAN_POINT('',(-51.4000002235147,-185.,69.6999998509894));
#4429=CARTESIAN_POINT('',(-51.4000002235147,-185.,69.6999998509894));
#4430=CARTESIAN_POINT('',(-49.9000002235147,-185.,69.6999998509893));
#4431=CARTESIAN_POINT('',(-49.9000002235147,-185.,69.6999998509893));
#4432=CARTESIAN_POINT('',(-49.9000002235163,-185.,40.3999998509893));
#4433=CARTESIAN_POINT('',(-49.9000002235163,-185.,40.3999998509893));
#4434=CARTESIAN_POINT('',(-51.4000002235163,-185.,40.3999998509894));
#4435=CARTESIAN_POINT('',(-84.8000002235163,-185.,62.1999998509896));
#4436=CARTESIAN_POINT('',(-84.8000002235165,-185.,58.2999998509896));
#4437=CARTESIAN_POINT('',(-84.8000002235165,-185.,58.2999998509896));
#4438=CARTESIAN_POINT('',(-86.3000002235165,-185.,58.2999998509897));
#4439=CARTESIAN_POINT('',(-86.3000002235165,-185.,58.2999998509897));
#4440=CARTESIAN_POINT('',(-86.3000002235162,-185.,63.6999998509897));
#4441=CARTESIAN_POINT('',(-86.3000002235162,-185.,63.6999998509897));
#4442=CARTESIAN_POINT('',(-79.9000002235162,-185.,63.6999998509894));
#4443=CARTESIAN_POINT('',(-79.9000002235162,-185.,63.6999998509894));
#4444=CARTESIAN_POINT('',(-79.9000002235149,-185.,88.2999998509894));
#4445=CARTESIAN_POINT('',(-79.9000002235149,-185.,88.2999998509894));
#4446=CARTESIAN_POINT('',(-86.3000002235149,-185.,88.2999998509897));
#4447=CARTESIAN_POINT('',(-86.3000002235149,-185.,88.2999998509897));
#4448=CARTESIAN_POINT('',(-86.3000002235146,-185.,93.6999998509897));
#4449=CARTESIAN_POINT('',(-86.3000002235146,-185.,93.6999998509897));
#4450=CARTESIAN_POINT('',(-84.8000002235146,-185.,93.6999998509896));
#4451=CARTESIAN_POINT('',(-84.8000002235146,-185.,93.6999998509896));
#4452=CARTESIAN_POINT('',(-84.8000002235148,-185.,89.7999998509896));
#4453=CARTESIAN_POINT('',(-84.8000002235148,-185.,89.7999998509896));
#4454=CARTESIAN_POINT('',(-79.9000002235148,-185.,89.7999998509894));
#4455=CARTESIAN_POINT('',(-79.9000002235148,-185.,89.7999998509894));
#4456=CARTESIAN_POINT('',(-79.9000002235147,-185.,90.6999998509894));
#4457=CARTESIAN_POINT('',(-79.9000002235147,-185.,90.6999998509894));
#4458=CARTESIAN_POINT('',(-78.4000002235147,-185.,90.6999998509893));
#4459=CARTESIAN_POINT('',(-78.4000002235147,-185.,90.6999998509893));
#4460=CARTESIAN_POINT('',(-78.4000002235163,-185.,61.3999998509893));
#4461=CARTESIAN_POINT('',(-78.4000002235163,-185.,61.3999998509893));
#4462=CARTESIAN_POINT('',(-79.9000002235163,-185.,61.3999998509894));
#4463=CARTESIAN_POINT('',(-79.9000002235163,-185.,61.3999998509894));
#4464=CARTESIAN_POINT('',(-79.9000002235163,-185.,62.1999998509894));
#4465=CARTESIAN_POINT('',(-79.9000002235163,-185.,62.1999998509894));
#4466=CARTESIAN_POINT('',(-84.8000002235163,-185.,62.1999998509896));
#4467=CARTESIAN_POINT('',(-60.6,-185.,46.3955278309658));
#4468=CARTESIAN_POINT('',(-74.6000001490116,-185.,46.3955278309658));
#4469=CARTESIAN_POINT('',(-71.4749997759231,-185.,46.3955278309657));
#4470=CARTESIAN_POINT('',(-60.6,-185.,34.3955277117565));
#4471=CARTESIAN_POINT('',(-60.6,-185.,56.1977642639143));
#4472=CARTESIAN_POINT('',(-74.6000001490116,-185.,34.3955277117565));
#4473=CARTESIAN_POINT('',(-78.4749998504289,-185.,34.3955277117565));
#4474=CARTESIAN_POINT('',(-74.6000001490116,-185.,62.1977643235189));
#4475=CARTESIAN_POINT('',(-98.2912878474776,-185.,71.0000010579824));
#4476=CARTESIAN_POINT('',(-93.7087121525223,-185.,71.0000010579824));
#4477=CARTESIAN_POINT('',(-91.3543567393628,-185.000003054738,71.0000010579824));
#4478=CARTESIAN_POINT('',(-89.0000013262033,-185.,71.0000010579824));
#4479=CARTESIAN_POINT('',(-85.6750004390248,-185.,71.0000010579824));
#4480=CARTESIAN_POINT('',(-89.0000013262033,-185.,60.0000008940697));
#4481=CARTESIAN_POINT('',(-89.0000013262033,-185.,69.0000008550709));
#4482=CARTESIAN_POINT('',(-103.00000153482,-185.,60.0000008940697));
#4483=CARTESIAN_POINT('',(-92.6750005433329,-185.,60.0000008940697));
#4484=CARTESIAN_POINT('',(-103.00000153482,-185.,71.0000010579824));
#4485=CARTESIAN_POINT('',(-103.00000153482,-185.,74.5000009370273));
#4486=CARTESIAN_POINT('',(-85.6750004390248,-185.,71.0000010579824));
#4487=CARTESIAN_POINT('',(32.1,-185.,25.3955278309658));
#4488=CARTESIAN_POINT('',(46.1000001490116,-185.,25.3955278309658));
#4489=CARTESIAN_POINT('',(57.2249997759231,-185.,25.3955278309658));
#4490=CARTESIAN_POINT('',(46.1000001490116,-185.,13.3955277117565));
#4491=CARTESIAN_POINT('',(46.1000001490116,-185.,51.6977643235189));
#4492=CARTESIAN_POINT('',(32.1,-185.,13.3955277117565));
#4493=CARTESIAN_POINT('',(64.2249998504289,-185.,13.3955277117565));
#4494=CARTESIAN_POINT('',(32.1,-185.,45.6977642639143));
#4495=CARTESIAN_POINT('',(113.300000223515,-185.,118.69999985099));
#4496=CARTESIAN_POINT('',(113.300000223515,-185.,114.79999985099));
#4497=CARTESIAN_POINT('',(113.300000223515,-185.,114.79999985099));
#4498=CARTESIAN_POINT('',(114.800000223515,-185.,118.69999985099));
#4499=CARTESIAN_POINT('',(113.300000223515,-185.,118.69999985099));
#4500=CARTESIAN_POINT('',(114.800000223515,-185.,113.29999985099));
#4501=CARTESIAN_POINT('',(114.800000223515,-185.,118.69999985099));
#4502=CARTESIAN_POINT('',(108.400000223515,-185.,113.299999850989));
#4503=CARTESIAN_POINT('',(114.800000223515,-185.,113.29999985099));
#4504=CARTESIAN_POINT('',(108.400000223516,-185.,88.6999998509894));
#4505=CARTESIAN_POINT('',(108.400000223515,-185.,113.299999850989));
#4506=CARTESIAN_POINT('',(114.800000223516,-185.,88.6999998509897));
#4507=CARTESIAN_POINT('',(108.400000223516,-185.,88.6999998509894));
#4508=CARTESIAN_POINT('',(114.800000223516,-185.,83.2999998509897));
#4509=CARTESIAN_POINT('',(114.800000223516,-185.,88.6999998509897));
#4510=CARTESIAN_POINT('',(113.300000223516,-185.,83.2999998509896));
#4511=CARTESIAN_POINT('',(114.800000223516,-185.,83.2999998509897));
#4512=CARTESIAN_POINT('',(113.300000223516,-185.,87.1999998509896));
#4513=CARTESIAN_POINT('',(113.300000223516,-185.,83.2999998509896));
#4514=CARTESIAN_POINT('',(108.400000223516,-185.,87.1999998509894));
#4515=CARTESIAN_POINT('',(113.300000223516,-185.,87.1999998509896));
#4516=CARTESIAN_POINT('',(108.400000223516,-185.,86.3999998509894));
#4517=CARTESIAN_POINT('',(108.400000223516,-185.,87.1999998509894));
#4518=CARTESIAN_POINT('',(106.900000223516,-185.,86.3999998509893));
#4519=CARTESIAN_POINT('',(108.400000223516,-185.,86.3999998509894));
#4520=CARTESIAN_POINT('',(106.900000223515,-185.,115.699999850989));
#4521=CARTESIAN_POINT('',(106.900000223516,-185.,86.3999998509893));
#4522=CARTESIAN_POINT('',(108.400000223515,-185.,115.699999850989));
#4523=CARTESIAN_POINT('',(106.900000223515,-185.,115.699999850989));
#4524=CARTESIAN_POINT('',(108.400000223515,-185.,114.799999850989));
#4525=CARTESIAN_POINT('',(108.400000223515,-185.,115.699999850989));
#4526=CARTESIAN_POINT('',(108.400000223515,-185.,114.799999850989));
#4527=CARTESIAN_POINT('',(51.4000002235163,-185.,40.3999998509894));
#4528=CARTESIAN_POINT('',(51.4000002235163,-185.,41.1999998509894));
#4529=CARTESIAN_POINT('',(51.4000002235163,-185.,41.1999998509894));
#4530=CARTESIAN_POINT('',(49.9000002235163,-185.,40.3999998509893));
#4531=CARTESIAN_POINT('',(51.4000002235163,-185.,40.3999998509894));
#4532=CARTESIAN_POINT('',(49.9000002235147,-185.,69.6999998509893));
#4533=CARTESIAN_POINT('',(49.9000002235163,-185.,40.3999998509893));
#4534=CARTESIAN_POINT('',(51.4000002235147,-185.,69.6999998509894));
#4535=CARTESIAN_POINT('',(49.9000002235147,-185.,69.6999998509893));
#4536=CARTESIAN_POINT('',(51.4000002235148,-185.,68.7999998509894));
#4537=CARTESIAN_POINT('',(51.4000002235147,-185.,69.6999998509894));
#4538=CARTESIAN_POINT('',(56.3000002235148,-185.,68.7999998509896));
#4539=CARTESIAN_POINT('',(51.4000002235148,-185.,68.7999998509894));
#4540=CARTESIAN_POINT('',(56.3000002235146,-185.,72.6999998509896));
#4541=CARTESIAN_POINT('',(56.3000002235148,-185.,68.7999998509896));
#4542=CARTESIAN_POINT('',(57.8000002235146,-185.,72.6999998509897));
#4543=CARTESIAN_POINT('',(56.3000002235146,-185.,72.6999998509896));
#4544=CARTESIAN_POINT('',(57.8000002235149,-185.,67.2999998509897));
#4545=CARTESIAN_POINT('',(57.8000002235146,-185.,72.6999998509897));
#4546=CARTESIAN_POINT('',(51.4000002235149,-185.,67.2999998509894));
#4547=CARTESIAN_POINT('',(57.8000002235149,-185.,67.2999998509897));
#4548=CARTESIAN_POINT('',(51.4000002235162,-185.,42.6999998509894));
#4549=CARTESIAN_POINT('',(51.4000002235149,-185.,67.2999998509894));
#4550=CARTESIAN_POINT('',(57.8000002235162,-185.,42.6999998509897));
#4551=CARTESIAN_POINT('',(51.4000002235162,-185.,42.6999998509894));
#4552=CARTESIAN_POINT('',(57.8000002235165,-185.,37.2999998509897));
#4553=CARTESIAN_POINT('',(57.8000002235162,-185.,42.6999998509897));
#4554=CARTESIAN_POINT('',(56.3000002235165,-185.,37.2999998509896));
#4555=CARTESIAN_POINT('',(57.8000002235165,-185.,37.2999998509897));
#4556=CARTESIAN_POINT('',(56.3000002235163,-185.,41.1999998509896));
#4557=CARTESIAN_POINT('',(56.3000002235165,-185.,37.2999998509896));
#4558=CARTESIAN_POINT('',(56.3000002235163,-185.,41.1999998509896));
#4559=CARTESIAN_POINT('',(84.8000002235163,-185.,62.1999998509896));
#4560=CARTESIAN_POINT('',(84.8000002235165,-185.,58.2999998509896));
#4561=CARTESIAN_POINT('',(84.8000002235165,-185.,58.2999998509896));
#4562=CARTESIAN_POINT('',(79.9000002235163,-185.,62.1999998509894));
#4563=CARTESIAN_POINT('',(84.8000002235163,-185.,62.1999998509896));
#4564=CARTESIAN_POINT('',(79.9000002235163,-185.,61.3999998509894));
#4565=CARTESIAN_POINT('',(79.9000002235163,-185.,62.1999998509894));
#4566=CARTESIAN_POINT('',(78.4000002235163,-185.,61.3999998509893));
#4567=CARTESIAN_POINT('',(79.9000002235163,-185.,61.3999998509894));
#4568=CARTESIAN_POINT('',(78.4000002235147,-185.,90.6999998509893));
#4569=CARTESIAN_POINT('',(78.4000002235163,-185.,61.3999998509893));
#4570=CARTESIAN_POINT('',(79.9000002235147,-185.,90.6999998509894));
#4571=CARTESIAN_POINT('',(78.4000002235147,-185.,90.6999998509893));
#4572=CARTESIAN_POINT('',(79.9000002235148,-185.,89.7999998509894));
#4573=CARTESIAN_POINT('',(79.9000002235147,-185.,90.6999998509894));
#4574=CARTESIAN_POINT('',(84.8000002235148,-185.,89.7999998509896));
#4575=CARTESIAN_POINT('',(79.9000002235148,-185.,89.7999998509894));
#4576=CARTESIAN_POINT('',(84.8000002235146,-185.,93.6999998509896));
#4577=CARTESIAN_POINT('',(84.8000002235148,-185.,89.7999998509896));
#4578=CARTESIAN_POINT('',(86.3000002235146,-185.,93.6999998509897));
#4579=CARTESIAN_POINT('',(84.8000002235146,-185.,93.6999998509896));
#4580=CARTESIAN_POINT('',(86.3000002235149,-185.,88.2999998509897));
#4581=CARTESIAN_POINT('',(86.3000002235146,-185.,93.6999998509897));
#4582=CARTESIAN_POINT('',(79.9000002235149,-185.,88.2999998509894));
#4583=CARTESIAN_POINT('',(86.3000002235149,-185.,88.2999998509897));
#4584=CARTESIAN_POINT('',(79.9000002235162,-185.,63.6999998509894));
#4585=CARTESIAN_POINT('',(79.9000002235149,-185.,88.2999998509894));
#4586=CARTESIAN_POINT('',(86.3000002235162,-185.,63.6999998509897));
#4587=CARTESIAN_POINT('',(79.9000002235162,-185.,63.6999998509894));
#4588=CARTESIAN_POINT('',(86.3000002235165,-185.,58.2999998509897));
#4589=CARTESIAN_POINT('',(86.3000002235162,-185.,63.6999998509897));
#4590=CARTESIAN_POINT('',(86.3000002235165,-185.,58.2999998509897));
#4591=CARTESIAN_POINT('',(60.6,-185.,46.3955278309658));
#4592=CARTESIAN_POINT('',(74.6000001490116,-185.,46.3955278309658));
#4593=CARTESIAN_POINT('',(71.4749997759231,-185.,46.3955278309657));
#4594=CARTESIAN_POINT('',(74.6000001490116,-185.,34.3955277117565));
#4595=CARTESIAN_POINT('',(74.6000001490116,-185.,62.1977643235189));
#4596=CARTESIAN_POINT('',(60.6,-185.,34.3955277117565));
#4597=CARTESIAN_POINT('',(78.4749998504289,-185.,34.3955277117565));
#4598=CARTESIAN_POINT('',(60.6,-185.,56.1977642639143));
#4599=CARTESIAN_POINT('',(98.2912878474776,-185.,71.0000010579824));
#4600=CARTESIAN_POINT('',(93.7087121525223,-185.,71.0000010579824));
#4601=CARTESIAN_POINT('',(91.3543567393628,-185.000003054738,71.0000010579824));
#4602=CARTESIAN_POINT('',(103.00000153482,-185.,71.0000010579824));
#4603=CARTESIAN_POINT('',(85.6750004390248,-185.,71.0000010579824));
#4604=CARTESIAN_POINT('',(103.00000153482,-185.,60.0000008940697));
#4605=CARTESIAN_POINT('',(103.00000153482,-185.,74.5000009370273));
#4606=CARTESIAN_POINT('',(89.0000013262033,-185.,60.0000008940697));
#4607=CARTESIAN_POINT('',(92.6750005433329,-185.,60.0000008940697));
#4608=CARTESIAN_POINT('',(89.0000013262033,-185.,71.0000010579824));
#4609=CARTESIAN_POINT('',(89.0000013262033,-185.,69.0000008550709));
#4610=CARTESIAN_POINT('',(85.6750004390248,-185.,71.0000010579824));
#4611=CARTESIAN_POINT('Origin',(39.1,-180.,25.3955278309658));
#4612=CARTESIAN_POINT('',(36.7,-180.,13.3955277117565));
#4613=CARTESIAN_POINT('Origin',(39.1,-180.,13.3955277117565));
#4614=CARTESIAN_POINT('',(36.7,-180.,25.3955278309658));
#4615=CARTESIAN_POINT('',(36.7,-180.,25.3955278309658));
#4616=CARTESIAN_POINT('Origin',(39.1,-180.,25.3955278309658));
#4617=CARTESIAN_POINT('Origin',(67.6,-180.,46.3955278309658));
#4618=CARTESIAN_POINT('',(65.2,-180.,34.3955277117565));
#4619=CARTESIAN_POINT('Origin',(67.6,-180.,34.3955277117565));
#4620=CARTESIAN_POINT('',(65.2,-180.,46.3955278309658));
#4621=CARTESIAN_POINT('',(65.2,-180.,46.3955278309658));
#4622=CARTESIAN_POINT('Origin',(67.6,-180.,46.3955278309658));
#4623=CARTESIAN_POINT('Origin',(89.0000013262033,-185.,71.0000010579824));
#4624=CARTESIAN_POINT('',(89.0000013262033,-170.,71.0000010579824));
#4625=CARTESIAN_POINT('',(89.0000013262033,-185.,71.0000010579824));
#4626=CARTESIAN_POINT('',(103.00000153482,-170.,71.0000010579824));
#4627=CARTESIAN_POINT('',(80.6500008232879,-170.,71.0000010579824));
#4628=CARTESIAN_POINT('',(103.00000153482,-185.,71.0000010579824));
#4629=CARTESIAN_POINT('',(93.6,-180.,71.0000010579824));
#4630=CARTESIAN_POINT('Origin',(96.,-180.,71.0000010579824));
#4631=CARTESIAN_POINT('Origin',(96.,-180.,71.0000010579824));
#4632=CARTESIAN_POINT('',(93.6,-180.,60.0000008940697));
#4633=CARTESIAN_POINT('Origin',(96.,-180.,60.0000008940697));
#4634=CARTESIAN_POINT('',(93.6,-180.,71.0000010579824));
#4635=CARTESIAN_POINT('Origin',(60.6,-185.,46.3955278309658));
#4636=CARTESIAN_POINT('',(74.6000001490116,-170.,46.3955278309658));
#4637=CARTESIAN_POINT('',(60.6,-170.,46.3955278309658));
#4638=CARTESIAN_POINT('',(66.4500001601862,-170.,46.3955278309657));
#4639=CARTESIAN_POINT('',(74.6000001490116,-185.,46.3955278309658));
#4640=CARTESIAN_POINT('',(60.6,-185.,46.3955278309658));
#4641=CARTESIAN_POINT('Origin',(113.300000223516,-185.,87.1999998509896));
#4642=CARTESIAN_POINT('',(113.300000223516,-170.,87.1999998509896));
#4643=CARTESIAN_POINT('',(113.300000223516,-170.,83.2999998509896));
#4644=CARTESIAN_POINT('',(113.300000223517,-170.,76.2249999366721));
#4645=CARTESIAN_POINT('',(113.300000223516,-185.,87.1999998509896));
#4646=CARTESIAN_POINT('',(113.300000223516,-185.,83.2999998509896));
#4647=CARTESIAN_POINT('Origin',(113.300000223516,-185.,83.2999998509896));
#4648=CARTESIAN_POINT('',(114.800000223516,-170.,83.2999998509897));
#4649=CARTESIAN_POINT('',(92.8000002719439,-170.,83.2999998509884));
#4650=CARTESIAN_POINT('',(114.800000223516,-185.,83.2999998509897));
#4651=CARTESIAN_POINT('Origin',(114.800000223516,-185.,83.2999998509897));
#4652=CARTESIAN_POINT('',(114.800000223516,-170.,88.6999998509897));
#4653=CARTESIAN_POINT('',(114.800000223517,-170.,74.2749999366722));
#4654=CARTESIAN_POINT('',(114.800000223516,-185.,88.6999998509897));
#4655=CARTESIAN_POINT('Origin',(114.800000223516,-185.,88.6999998509897));
#4656=CARTESIAN_POINT('',(108.400000223516,-170.,88.6999998509894));
#4657=CARTESIAN_POINT('',(93.5500002719437,-170.,88.6999998509886));
#4658=CARTESIAN_POINT('',(108.400000223516,-185.,88.6999998509894));
#4659=CARTESIAN_POINT('Origin',(108.400000223516,-185.,88.6999998509894));
#4660=CARTESIAN_POINT('',(108.400000223515,-170.,113.299999850989));
#4661=CARTESIAN_POINT('',(108.400000223517,-170.,76.9749999366718));
#4662=CARTESIAN_POINT('',(108.400000223515,-185.,113.299999850989));
#4663=CARTESIAN_POINT('Origin',(108.400000223515,-185.,113.299999850989));
#4664=CARTESIAN_POINT('',(114.800000223515,-170.,113.29999985099));
#4665=CARTESIAN_POINT('',(90.3500002719424,-170.,113.299999850988));
#4666=CARTESIAN_POINT('',(114.800000223515,-185.,113.29999985099));
#4667=CARTESIAN_POINT('Origin',(114.800000223515,-185.,113.29999985099));
#4668=CARTESIAN_POINT('',(114.800000223515,-170.,118.69999985099));
#4669=CARTESIAN_POINT('',(114.800000223516,-170.,89.2749999366723));
#4670=CARTESIAN_POINT('',(114.800000223515,-185.,118.69999985099));
#4671=CARTESIAN_POINT('Origin',(114.800000223515,-185.,118.69999985099));
#4672=CARTESIAN_POINT('',(113.300000223515,-170.,118.69999985099));
#4673=CARTESIAN_POINT('',(93.5500002719419,-170.,118.699999850988));
#4674=CARTESIAN_POINT('',(113.300000223515,-185.,118.69999985099));
#4675=CARTESIAN_POINT('Origin',(57.8000002235149,-185.,67.2999998509897));
#4676=CARTESIAN_POINT('',(57.8000002235149,-170.,67.2999998509897));
#4677=CARTESIAN_POINT('',(57.8000002235146,-170.,72.6999998509897));
#4678=CARTESIAN_POINT('',(57.8000002235149,-170.,66.2749999366706));
#4679=CARTESIAN_POINT('',(57.8000002235149,-185.,67.2999998509897));
#4680=CARTESIAN_POINT('',(57.8000002235146,-185.,72.6999998509897));
#4681=CARTESIAN_POINT('Origin',(57.8000002235146,-185.,72.6999998509897));
#4682=CARTESIAN_POINT('',(56.3000002235146,-170.,72.6999998509896));
#4683=CARTESIAN_POINT('',(65.0500002719432,-170.,72.6999998509902));
#4684=CARTESIAN_POINT('',(56.3000002235146,-185.,72.6999998509896));
#4685=CARTESIAN_POINT('Origin',(56.3000002235146,-185.,72.6999998509896));
#4686=CARTESIAN_POINT('',(56.3000002235148,-170.,68.7999998509896));
#4687=CARTESIAN_POINT('',(56.3000002235148,-170.,68.9749999366706));
#4688=CARTESIAN_POINT('',(56.3000002235148,-185.,68.7999998509896));
#4689=CARTESIAN_POINT('Origin',(56.3000002235148,-185.,68.7999998509896));
#4690=CARTESIAN_POINT('',(51.4000002235148,-170.,68.7999998509894));
#4691=CARTESIAN_POINT('',(64.3000002719435,-170.,68.79999985099));
#4692=CARTESIAN_POINT('',(51.4000002235148,-185.,68.7999998509894));
#4693=CARTESIAN_POINT('Origin',(51.4000002235148,-185.,68.7999998509894));
#4694=CARTESIAN_POINT('',(51.4000002235147,-170.,69.6999998509894));
#4695=CARTESIAN_POINT('',(51.4000002235149,-170.,67.0249999366703));
#4696=CARTESIAN_POINT('',(51.4000002235147,-185.,69.6999998509894));
#4697=CARTESIAN_POINT('Origin',(51.4000002235147,-185.,69.6999998509894));
#4698=CARTESIAN_POINT('',(49.9000002235147,-170.,69.6999998509893));
#4699=CARTESIAN_POINT('',(61.8500002719434,-170.,69.69999985099));
#4700=CARTESIAN_POINT('',(49.9000002235147,-185.,69.6999998509893));
#4701=CARTESIAN_POINT('Origin',(49.9000002235147,-185.,69.6999998509893));
#4702=CARTESIAN_POINT('',(49.9000002235163,-170.,40.3999998509893));
#4703=CARTESIAN_POINT('',(49.9000002235149,-170.,67.4749999366702));
#4704=CARTESIAN_POINT('',(49.9000002235163,-185.,40.3999998509893));
#4705=CARTESIAN_POINT('Origin',(49.9000002235163,-185.,40.3999998509893));
#4706=CARTESIAN_POINT('',(51.4000002235163,-170.,40.3999998509894));
#4707=CARTESIAN_POINT('',(61.1000002719451,-170.,40.3999998509899));
#4708=CARTESIAN_POINT('',(51.4000002235163,-185.,40.3999998509894));
#4709=CARTESIAN_POINT('Origin',(84.8000002235146,-185.,93.6999998509896));
#4710=CARTESIAN_POINT('',(84.8000002235146,-170.,93.6999998509896));
#4711=CARTESIAN_POINT('',(84.8000002235148,-170.,89.7999998509896));
#4712=CARTESIAN_POINT('',(84.8000002235154,-170.,79.4749999366714));
#4713=CARTESIAN_POINT('',(84.8000002235146,-185.,93.6999998509896));
#4714=CARTESIAN_POINT('',(84.8000002235148,-185.,89.7999998509896));
#4715=CARTESIAN_POINT('Origin',(84.8000002235148,-185.,89.7999998509896));
#4716=CARTESIAN_POINT('',(79.9000002235148,-170.,89.7999998509894));
#4717=CARTESIAN_POINT('',(78.550000271943,-170.,89.7999998509893));
#4718=CARTESIAN_POINT('',(79.9000002235148,-185.,89.7999998509894));
#4719=CARTESIAN_POINT('Origin',(79.9000002235148,-185.,89.7999998509894));
#4720=CARTESIAN_POINT('',(79.9000002235147,-170.,90.6999998509894));
#4721=CARTESIAN_POINT('',(79.9000002235155,-170.,77.5249999366711));
#4722=CARTESIAN_POINT('',(79.9000002235147,-185.,90.6999998509894));
#4723=CARTESIAN_POINT('Origin',(79.9000002235147,-185.,90.6999998509894));
#4724=CARTESIAN_POINT('',(78.4000002235147,-170.,90.6999998509893));
#4725=CARTESIAN_POINT('',(76.1000002719428,-170.,90.6999998509892));
#4726=CARTESIAN_POINT('',(78.4000002235147,-185.,90.6999998509893));
#4727=CARTESIAN_POINT('Origin',(78.4000002235147,-185.,90.6999998509893));
#4728=CARTESIAN_POINT('',(78.4000002235163,-170.,61.3999998509893));
#4729=CARTESIAN_POINT('',(78.4000002235154,-170.,77.974999936671));
#4730=CARTESIAN_POINT('',(78.4000002235163,-185.,61.3999998509893));
#4731=CARTESIAN_POINT('Origin',(78.4000002235163,-185.,61.3999998509893));
#4732=CARTESIAN_POINT('',(79.9000002235163,-170.,61.3999998509894));
#4733=CARTESIAN_POINT('',(75.3500002719445,-170.,61.3999998509891));
#4734=CARTESIAN_POINT('',(79.9000002235163,-185.,61.3999998509894));
#4735=CARTESIAN_POINT('Origin',(79.9000002235163,-185.,61.3999998509894));
#4736=CARTESIAN_POINT('',(79.9000002235163,-170.,62.1999998509894));
#4737=CARTESIAN_POINT('',(79.9000002235162,-170.,63.324999936671));
#4738=CARTESIAN_POINT('',(79.9000002235163,-185.,62.1999998509894));
#4739=CARTESIAN_POINT('Origin',(79.9000002235163,-185.,62.1999998509894));
#4740=CARTESIAN_POINT('',(84.8000002235163,-170.,62.1999998509896));
#4741=CARTESIAN_POINT('',(76.1000002719444,-170.,62.1999998509892));
#4742=CARTESIAN_POINT('',(84.8000002235163,-185.,62.1999998509896));
#4743=CARTESIAN_POINT('Origin',(113.300000223515,-185.,118.69999985099));
#4744=CARTESIAN_POINT('',(113.300000223515,-170.,114.79999985099));
#4745=CARTESIAN_POINT('',(113.300000223516,-170.,91.9749999366721));
#4746=CARTESIAN_POINT('',(113.300000223515,-185.,114.79999985099));
#4747=CARTESIAN_POINT('Origin',(113.300000223515,-185.,114.79999985099));
#4748=CARTESIAN_POINT('',(108.400000223515,-170.,114.799999850989));
#4749=CARTESIAN_POINT('',(92.8000002719423,-170.,114.799999850989));
#4750=CARTESIAN_POINT('',(108.400000223515,-185.,114.799999850989));
#4751=CARTESIAN_POINT('Origin',(108.400000223515,-185.,114.799999850989));
#4752=CARTESIAN_POINT('',(108.400000223515,-170.,115.699999850989));
#4753=CARTESIAN_POINT('',(108.400000223516,-170.,90.024999936672));
#4754=CARTESIAN_POINT('',(108.400000223515,-185.,115.699999850989));
#4755=CARTESIAN_POINT('Origin',(108.400000223515,-185.,115.699999850989));
#4756=CARTESIAN_POINT('',(106.900000223515,-170.,115.699999850989));
#4757=CARTESIAN_POINT('',(90.3500002719421,-170.,115.699999850988));
#4758=CARTESIAN_POINT('',(106.900000223515,-185.,115.699999850989));
#4759=CARTESIAN_POINT('Origin',(106.900000223515,-185.,115.699999850989));
#4760=CARTESIAN_POINT('',(106.900000223516,-170.,86.3999998509893));
#4761=CARTESIAN_POINT('',(106.900000223516,-170.,90.4749999366718));
#4762=CARTESIAN_POINT('',(106.900000223516,-185.,86.3999998509893));
#4763=CARTESIAN_POINT('Origin',(106.900000223516,-185.,86.3999998509893));
#4764=CARTESIAN_POINT('',(108.400000223516,-170.,86.3999998509894));
#4765=CARTESIAN_POINT('',(89.6000002719437,-170.,86.3999998509883));
#4766=CARTESIAN_POINT('',(108.400000223516,-185.,86.3999998509894));
#4767=CARTESIAN_POINT('Origin',(108.400000223516,-185.,86.3999998509894));
#4768=CARTESIAN_POINT('',(108.400000223516,-170.,87.1999998509894));
#4769=CARTESIAN_POINT('',(108.400000223517,-170.,75.8249999366713));
#4770=CARTESIAN_POINT('',(108.400000223516,-185.,87.1999998509894));
#4771=CARTESIAN_POINT('Origin',(108.400000223516,-185.,87.1999998509894));
#4772=CARTESIAN_POINT('',(90.3500002719438,-170.,87.1999998509884));
#4773=CARTESIAN_POINT('Origin',(51.4000002235163,-185.,40.3999998509894));
#4774=CARTESIAN_POINT('',(51.4000002235163,-170.,41.1999998509894));
#4775=CARTESIAN_POINT('',(51.400000223516,-170.,52.8249999366707));
#4776=CARTESIAN_POINT('',(51.4000002235163,-185.,41.1999998509894));
#4777=CARTESIAN_POINT('Origin',(51.4000002235163,-185.,41.1999998509894));
#4778=CARTESIAN_POINT('',(56.3000002235163,-170.,41.1999998509896));
#4779=CARTESIAN_POINT('',(61.8500002719449,-170.,41.1999998509899));
#4780=CARTESIAN_POINT('',(56.3000002235163,-185.,41.1999998509896));
#4781=CARTESIAN_POINT('Origin',(56.3000002235163,-185.,41.1999998509896));
#4782=CARTESIAN_POINT('',(56.3000002235165,-170.,37.2999998509896));
#4783=CARTESIAN_POINT('',(56.3000002235156,-170.,53.2249999366706));
#4784=CARTESIAN_POINT('',(56.3000002235165,-185.,37.2999998509896));
#4785=CARTESIAN_POINT('Origin',(56.3000002235165,-185.,37.2999998509896));
#4786=CARTESIAN_POINT('',(57.8000002235165,-170.,37.2999998509897));
#4787=CARTESIAN_POINT('',(64.3000002719453,-170.,37.2999998509901));
#4788=CARTESIAN_POINT('',(57.8000002235165,-185.,37.2999998509897));
#4789=CARTESIAN_POINT('Origin',(57.8000002235165,-185.,37.2999998509897));
#4790=CARTESIAN_POINT('',(57.8000002235162,-170.,42.6999998509897));
#4791=CARTESIAN_POINT('',(57.8000002235157,-170.,51.2749999366707));
#4792=CARTESIAN_POINT('',(57.8000002235162,-185.,42.6999998509897));
#4793=CARTESIAN_POINT('Origin',(57.8000002235162,-185.,42.6999998509897));
#4794=CARTESIAN_POINT('',(51.4000002235162,-170.,42.6999998509894));
#4795=CARTESIAN_POINT('',(65.0500002719449,-170.,42.6999998509901));
#4796=CARTESIAN_POINT('',(51.4000002235162,-185.,42.6999998509894));
#4797=CARTESIAN_POINT('Origin',(51.4000002235162,-185.,42.6999998509894));
#4798=CARTESIAN_POINT('',(51.4000002235149,-170.,67.2999998509894));
#4799=CARTESIAN_POINT('',(51.4000002235156,-170.,53.9749999366703));
#4800=CARTESIAN_POINT('',(51.4000002235149,-185.,67.2999998509894));
#4801=CARTESIAN_POINT('Origin',(51.4000002235149,-185.,67.2999998509894));
#4802=CARTESIAN_POINT('',(61.8500002719436,-170.,67.29999985099));
#4803=CARTESIAN_POINT('Origin',(84.8000002235163,-185.,62.1999998509896));
#4804=CARTESIAN_POINT('',(84.8000002235165,-170.,58.2999998509896));
#4805=CARTESIAN_POINT('',(84.8000002235162,-170.,63.7249999366713));
#4806=CARTESIAN_POINT('',(84.8000002235165,-185.,58.2999998509896));
#4807=CARTESIAN_POINT('Origin',(84.8000002235165,-185.,58.2999998509896));
#4808=CARTESIAN_POINT('',(86.3000002235165,-170.,58.2999998509897));
#4809=CARTESIAN_POINT('',(78.5500002719446,-170.,58.2999998509892));
#4810=CARTESIAN_POINT('',(86.3000002235165,-185.,58.2999998509897));
#4811=CARTESIAN_POINT('Origin',(86.3000002235165,-185.,58.2999998509897));
#4812=CARTESIAN_POINT('',(86.3000002235162,-170.,63.6999998509897));
#4813=CARTESIAN_POINT('',(86.3000002235163,-170.,61.7749999366714));
#4814=CARTESIAN_POINT('',(86.3000002235162,-185.,63.6999998509897));
#4815=CARTESIAN_POINT('Origin',(86.3000002235162,-185.,63.6999998509897));
#4816=CARTESIAN_POINT('',(79.9000002235162,-170.,63.6999998509894));
#4817=CARTESIAN_POINT('',(79.3000002719443,-170.,63.6999998509893));
#4818=CARTESIAN_POINT('',(79.9000002235162,-185.,63.6999998509894));
#4819=CARTESIAN_POINT('Origin',(79.9000002235162,-185.,63.6999998509894));
#4820=CARTESIAN_POINT('',(79.9000002235149,-170.,88.2999998509894));
#4821=CARTESIAN_POINT('',(79.9000002235161,-170.,64.4749999366711));
#4822=CARTESIAN_POINT('',(79.9000002235149,-185.,88.2999998509894));
#4823=CARTESIAN_POINT('Origin',(79.9000002235149,-185.,88.2999998509894));
#4824=CARTESIAN_POINT('',(86.3000002235149,-170.,88.2999998509897));
#4825=CARTESIAN_POINT('',(76.100000271943,-170.,88.2999998509892));
#4826=CARTESIAN_POINT('',(86.3000002235149,-185.,88.2999998509897));
#4827=CARTESIAN_POINT('Origin',(86.3000002235149,-185.,88.2999998509897));
#4828=CARTESIAN_POINT('',(86.3000002235146,-170.,93.6999998509897));
#4829=CARTESIAN_POINT('',(86.3000002235156,-170.,76.7749999366715));
#4830=CARTESIAN_POINT('',(86.3000002235146,-185.,93.6999998509897));
#4831=CARTESIAN_POINT('Origin',(86.3000002235146,-185.,93.6999998509897));
#4832=CARTESIAN_POINT('',(79.3000002719426,-170.,93.6999998509893));
#4833=CARTESIAN_POINT('Origin',(70.,-170.,13.0000001937173));
#4834=CARTESIAN_POINT('',(88.3000002235146,-168.,35.5000017811544));
#4835=CARTESIAN_POINT('',(88.3000002235146,-170.,35.5000017811544));
#4836=CARTESIAN_POINT('',(70.,-168.,13.0000001937173));
#4837=CARTESIAN_POINT('',(70.,-170.,13.0000001937173));
#4838=CARTESIAN_POINT('',(70.,-168.,13.0000001937173));
#4839=CARTESIAN_POINT('Origin',(74.6000001490116,-185.,34.3955277117565));
#4840=CARTESIAN_POINT('',(60.6,-170.,34.3955277117565));
#4841=CARTESIAN_POINT('',(74.6000001490116,-170.,34.3955277117565));
#4842=CARTESIAN_POINT('',(73.450000234692,-170.,34.3955277117565));
#4843=CARTESIAN_POINT('',(60.6,-185.,34.3955277117565));
#4844=CARTESIAN_POINT('',(74.6000001490116,-185.,34.3955277117565));
#4845=CARTESIAN_POINT('Origin',(60.6,-185.,34.3955277117565));
#4846=CARTESIAN_POINT('',(60.6,-170.,49.8227638670544));
#4847=CARTESIAN_POINT('Origin',(74.6000001490116,-185.,46.3955278309658));
#4848=CARTESIAN_POINT('',(74.6000001490116,-170.,55.8227639266591));
#4849=CARTESIAN_POINT('Origin',(103.00000153482,-185.,71.0000010579824));
#4850=CARTESIAN_POINT('',(103.00000153482,-170.,60.0000008940697));
#4851=CARTESIAN_POINT('',(103.00000153482,-170.,68.1250005401674));
#4852=CARTESIAN_POINT('',(103.00000153482,-185.,60.0000008940697));
#4853=CARTESIAN_POINT('Origin',(103.00000153482,-185.,60.0000008940697));
#4854=CARTESIAN_POINT('',(89.0000013262033,-170.,60.0000008940697));
#4855=CARTESIAN_POINT('',(87.650000927596,-170.,60.0000008940697));
#4856=CARTESIAN_POINT('',(89.0000013262033,-185.,60.0000008940697));
#4857=CARTESIAN_POINT('Origin',(89.0000013262033,-185.,60.0000008940697));
#4858=CARTESIAN_POINT('',(89.0000013262033,-170.,62.625000458211));
#4859=CARTESIAN_POINT('Origin',(46.1000001490116,-185.,13.3955277117565));
#4860=CARTESIAN_POINT('',(32.1,-170.,13.3955277117565));
#4861=CARTESIAN_POINT('',(46.1000001490116,-170.,13.3955277117565));
#4862=CARTESIAN_POINT('',(59.200000234692,-170.,13.3955277117565));
#4863=CARTESIAN_POINT('',(32.1,-185.,13.3955277117565));
#4864=CARTESIAN_POINT('',(46.1000001490116,-185.,13.3955277117565));
#4865=CARTESIAN_POINT('Origin',(32.1,-185.,13.3955277117565));
#4866=CARTESIAN_POINT('',(32.1,-170.,25.3955278309658));
#4867=CARTESIAN_POINT('',(32.1,-170.,39.3227638670544));
#4868=CARTESIAN_POINT('',(32.1,-185.,25.3955278309658));
#4869=CARTESIAN_POINT('Origin',(46.1000001490116,-185.,25.3955278309658));
#4870=CARTESIAN_POINT('',(46.1000001490116,-170.,25.3955278309658));
#4871=CARTESIAN_POINT('',(46.1000001490116,-170.,45.3227639266591));
#4872=CARTESIAN_POINT('',(46.1000001490116,-185.,25.3955278309658));
#4873=CARTESIAN_POINT('Origin',(70.,-185.,13.0000001937173));
#4874=CARTESIAN_POINT('',(67.0000009983778,-168.,10.0000001937171));
#4875=CARTESIAN_POINT('',(67.0000009983778,-185.00000025332,10.0000001937171));
#4876=CARTESIAN_POINT('',(67.0000009983778,-168.,10.0000001937171));
#4877=CARTESIAN_POINT('Origin',(32.1,-185.,25.3955278309658));
#4878=CARTESIAN_POINT('',(52.2000001601862,-170.,25.3955278309658));
#4879=CARTESIAN_POINT('Origin',(72.3000003203724,-170.,65.2500000223524));
#4880=CARTESIAN_POINT('Origin',(72.3000003203724,-170.,65.2500000223524));
#4881=CARTESIAN_POINT('Origin',(72.3000003203724,-170.,65.2500000223524));
#4882=CARTESIAN_POINT('Origin',(72.3000003203724,-170.,65.2500000223524));
#4883=CARTESIAN_POINT('Origin',(72.3000003203724,-170.,65.2500000223524));
#4884=CARTESIAN_POINT('Origin',(116.600000223515,-170.,56.4999998509881));
#4885=CARTESIAN_POINT('',(116.600000223515,-168.,56.4999998509881));
#4886=CARTESIAN_POINT('',(88.3000002235146,-168.,35.5000017811544));
#4887=CARTESIAN_POINT('',(116.600000223515,-170.,56.4999998509881));
#4888=CARTESIAN_POINT('Origin',(116.600000223515,-170.,120.49999985099));
#4889=CARTESIAN_POINT('',(116.600000223515,-168.,120.49999985099));
#4890=CARTESIAN_POINT('',(116.600000223515,-168.,56.4999998509881));
#4891=CARTESIAN_POINT('',(116.600000223515,-170.,120.49999985099));
#4892=CARTESIAN_POINT('Origin',(76.6000001117591,-170.,120.49999985099));
#4893=CARTESIAN_POINT('',(76.6000001117591,-168.,120.49999985099));
#4894=CARTESIAN_POINT('',(116.600000223515,-168.,120.49999985099));
#4895=CARTESIAN_POINT('',(76.6000001117591,-170.,120.49999985099));
#4896=CARTESIAN_POINT('Origin',(48.0999988801778,-170.,95.6999998509897));
#4897=CARTESIAN_POINT('',(48.0999988801778,-168.,95.6999998509897));
#4898=CARTESIAN_POINT('',(48.0999988801778,-168.,95.6999998509897));
#4899=CARTESIAN_POINT('',(48.0999988801778,-170.,95.6999998509897));
#4900=CARTESIAN_POINT('Origin',(28.0000004172302,-170.,57.6897658915883));
#4901=CARTESIAN_POINT('',(28.0000004172302,-168.,57.6897658915883));
#4902=CARTESIAN_POINT('',(48.0999988801778,-168.,95.6999998509897));
#4903=CARTESIAN_POINT('',(28.0000004172302,-170.,57.6897658915883));
#4904=CARTESIAN_POINT('Origin',(28.0000004172327,-170.,10.0000001937151));
#4905=CARTESIAN_POINT('',(28.0000004172325,-168.,10.0000001490116));
#4906=CARTESIAN_POINT('',(28.0000004172302,-168.,57.6897658915883));
#4907=CARTESIAN_POINT('',(28.000000542408,-172.25000006333,10.0000001937171));
#4908=CARTESIAN_POINT('Origin',(72.3000003203724,-170.,65.2500000223524));
#4909=CARTESIAN_POINT('Origin',(-15.0000002235174,-168.,6.458));
#4910=CARTESIAN_POINT('',(-15.0000002235174,-168.,5.35714296091877));
#4911=CARTESIAN_POINT('',(-15.0000002235174,-168.,0.));
#4912=CARTESIAN_POINT('',(-15.0000002235174,-168.,5.35714296091877));
#4913=CARTESIAN_POINT('Origin',(-28.0000004172327,-168.,10.0000001937151));
#4914=CARTESIAN_POINT('',(-28.0000004172327,-168.,10.0000001937151));
#4915=CARTESIAN_POINT('',(-56.3943442489426,-168.,20.1408373218017));
#4916=CARTESIAN_POINT('',(-28.0000004172327,-170.,10.0000001937151));
#4917=CARTESIAN_POINT('Origin',(0.,-168.,0.));
#4918=CARTESIAN_POINT('',(-21.7269232154487,-168.,-7.75961543408882));
#4919=CARTESIAN_POINT('Origin',(67.0000009983778,-168.,10.0000001937171));
#4920=CARTESIAN_POINT('',(67.0000009983778,-168.,-49.9999998062829));
#4921=CARTESIAN_POINT('',(67.0000009983778,-185.00000025332,-49.9999998062829));
#4922=CARTESIAN_POINT('',(67.0000009983778,-168.,10.0000001937171));
#4923=CARTESIAN_POINT('Origin',(-67.0000009983778,-185.00000025332,10.0000001937171));
#4924=CARTESIAN_POINT('',(-67.0000009983778,-168.,10.0000001937171));
#4925=CARTESIAN_POINT('',(-67.0000009983778,-185.,10.0000001937171));
#4926=CARTESIAN_POINT('',(-67.0000009983778,-168.,-49.9999998062829));
#4927=CARTESIAN_POINT('',(-67.0000009983778,-168.,10.0000001937171));
#4928=CARTESIAN_POINT('',(-67.0000009983778,-168.,-49.9999998062829));
#4929=CARTESIAN_POINT('Origin',(0.,-176.50000012666,-49.9999998062829));
#4930=CARTESIAN_POINT('',(67.0000009983778,-168.,-49.9999998062829));
#4931=CARTESIAN_POINT('Origin',(-39.1,-180.,25.3955278309658));
#4932=CARTESIAN_POINT('',(-36.7,-180.,13.3955277117565));
#4933=CARTESIAN_POINT('Origin',(-39.1,-180.,13.3955277117565));
#4934=CARTESIAN_POINT('',(-36.7,-180.,25.3955278309658));
#4935=CARTESIAN_POINT('',(-36.7,-180.,25.3955278309658));
#4936=CARTESIAN_POINT('Origin',(-39.1,-180.,25.3955278309658));
#4937=CARTESIAN_POINT('Origin',(-67.6,-180.,46.3955278309658));
#4938=CARTESIAN_POINT('',(-65.2,-180.,34.3955277117565));
#4939=CARTESIAN_POINT('Origin',(-67.6,-180.,34.3955277117565));
#4940=CARTESIAN_POINT('',(-65.2,-180.,46.3955278309658));
#4941=CARTESIAN_POINT('',(-65.2,-180.,46.3955278309658));
#4942=CARTESIAN_POINT('Origin',(-67.6,-180.,46.3955278309658));
#4943=CARTESIAN_POINT('Origin',(-89.0000013262033,-185.,71.0000010579824));
#4944=CARTESIAN_POINT('',(-103.00000153482,-170.,71.0000010579824));
#4945=CARTESIAN_POINT('',(-103.00000153482,-185.,71.0000010579824));
#4946=CARTESIAN_POINT('',(-89.0000013262033,-170.,71.0000010579824));
#4947=CARTESIAN_POINT('',(-80.6500008232879,-170.,71.0000010579824));
#4948=CARTESIAN_POINT('',(-89.0000013262033,-185.,71.0000010579824));
#4949=CARTESIAN_POINT('',(-93.6,-180.,71.0000010579824));
#4950=CARTESIAN_POINT('Origin',(-96.,-180.,71.0000010579824));
#4951=CARTESIAN_POINT('Origin',(-96.,-180.,71.0000010579824));
#4952=CARTESIAN_POINT('',(-93.6,-180.,60.0000008940697));
#4953=CARTESIAN_POINT('Origin',(-96.,-180.,60.0000008940697));
#4954=CARTESIAN_POINT('',(-93.6,-180.,71.0000010579824));
#4955=CARTESIAN_POINT('Origin',(-60.6,-185.,46.3955278309658));
#4956=CARTESIAN_POINT('',(-74.6000001490116,-170.,46.3955278309658));
#4957=CARTESIAN_POINT('',(-60.6,-170.,46.3955278309658));
#4958=CARTESIAN_POINT('',(-66.4500001601862,-170.,46.3955278309657));
#4959=CARTESIAN_POINT('',(-60.6,-185.,46.3955278309658));
#4960=CARTESIAN_POINT('',(-74.6000001490116,-185.,46.3955278309658));
#4961=CARTESIAN_POINT('Origin',(-113.300000223516,-185.,87.1999998509896));
#4962=CARTESIAN_POINT('',(-113.300000223516,-170.,87.1999998509896));
#4963=CARTESIAN_POINT('',(-113.300000223516,-170.,83.2999998509896));
#4964=CARTESIAN_POINT('',(-113.300000223517,-170.,76.2249999366721));
#4965=CARTESIAN_POINT('',(-113.300000223516,-185.,83.2999998509896));
#4966=CARTESIAN_POINT('',(-113.300000223516,-185.,87.1999998509896));
#4967=CARTESIAN_POINT('Origin',(-113.300000223516,-185.,83.2999998509896));
#4968=CARTESIAN_POINT('',(-114.800000223516,-170.,83.2999998509897));
#4969=CARTESIAN_POINT('',(-92.8000002719439,-170.,83.2999998509884));
#4970=CARTESIAN_POINT('',(-114.800000223516,-185.,83.2999998509897));
#4971=CARTESIAN_POINT('Origin',(-114.800000223516,-185.,83.2999998509897));
#4972=CARTESIAN_POINT('',(-114.800000223516,-170.,88.6999998509897));
#4973=CARTESIAN_POINT('',(-114.800000223517,-170.,74.2749999366722));
#4974=CARTESIAN_POINT('',(-114.800000223516,-185.,88.6999998509897));
#4975=CARTESIAN_POINT('Origin',(-114.800000223516,-185.,88.6999998509897));
#4976=CARTESIAN_POINT('',(-108.400000223516,-170.,88.6999998509894));
#4977=CARTESIAN_POINT('',(-93.5500002719437,-170.,88.6999998509886));
#4978=CARTESIAN_POINT('',(-108.400000223516,-185.,88.6999998509894));
#4979=CARTESIAN_POINT('Origin',(-108.400000223516,-185.,88.6999998509894));
#4980=CARTESIAN_POINT('',(-108.400000223515,-170.,113.299999850989));
#4981=CARTESIAN_POINT('',(-108.400000223517,-170.,76.9749999366718));
#4982=CARTESIAN_POINT('',(-108.400000223515,-185.,113.299999850989));
#4983=CARTESIAN_POINT('Origin',(-108.400000223515,-185.,113.299999850989));
#4984=CARTESIAN_POINT('',(-114.800000223515,-170.,113.29999985099));
#4985=CARTESIAN_POINT('',(-90.3500002719424,-170.,113.299999850988));
#4986=CARTESIAN_POINT('',(-114.800000223515,-185.,113.29999985099));
#4987=CARTESIAN_POINT('Origin',(-114.800000223515,-185.,113.29999985099));
#4988=CARTESIAN_POINT('',(-114.800000223515,-170.,118.69999985099));
#4989=CARTESIAN_POINT('',(-114.800000223516,-170.,89.2749999366723));
#4990=CARTESIAN_POINT('',(-114.800000223515,-185.,118.69999985099));
#4991=CARTESIAN_POINT('Origin',(-114.800000223515,-185.,118.69999985099));
#4992=CARTESIAN_POINT('',(-113.300000223515,-170.,118.69999985099));
#4993=CARTESIAN_POINT('',(-93.5500002719419,-170.,118.699999850988));
#4994=CARTESIAN_POINT('',(-113.300000223515,-185.,118.69999985099));
#4995=CARTESIAN_POINT('Origin',(-57.8000002235149,-185.,67.2999998509897));
#4996=CARTESIAN_POINT('',(-57.8000002235149,-170.,67.2999998509897));
#4997=CARTESIAN_POINT('',(-57.8000002235146,-170.,72.6999998509897));
#4998=CARTESIAN_POINT('',(-57.8000002235149,-170.,66.2749999366706));
#4999=CARTESIAN_POINT('',(-57.8000002235146,-185.,72.6999998509897));
#5000=CARTESIAN_POINT('',(-57.8000002235149,-185.,67.2999998509897));
#5001=CARTESIAN_POINT('Origin',(-57.8000002235146,-185.,72.6999998509897));
#5002=CARTESIAN_POINT('',(-56.3000002235146,-170.,72.6999998509896));
#5003=CARTESIAN_POINT('',(-65.0500002719432,-170.,72.6999998509902));
#5004=CARTESIAN_POINT('',(-56.3000002235146,-185.,72.6999998509896));
#5005=CARTESIAN_POINT('Origin',(-56.3000002235146,-185.,72.6999998509896));
#5006=CARTESIAN_POINT('',(-56.3000002235148,-170.,68.7999998509896));
#5007=CARTESIAN_POINT('',(-56.3000002235148,-170.,68.9749999366706));
#5008=CARTESIAN_POINT('',(-56.3000002235148,-185.,68.7999998509896));
#5009=CARTESIAN_POINT('Origin',(-56.3000002235148,-185.,68.7999998509896));
#5010=CARTESIAN_POINT('',(-51.4000002235148,-170.,68.7999998509894));
#5011=CARTESIAN_POINT('',(-64.3000002719435,-170.,68.79999985099));
#5012=CARTESIAN_POINT('',(-51.4000002235148,-185.,68.7999998509894));
#5013=CARTESIAN_POINT('Origin',(-51.4000002235148,-185.,68.7999998509894));
#5014=CARTESIAN_POINT('',(-51.4000002235147,-170.,69.6999998509894));
#5015=CARTESIAN_POINT('',(-51.4000002235149,-170.,67.0249999366703));
#5016=CARTESIAN_POINT('',(-51.4000002235147,-185.,69.6999998509894));
#5017=CARTESIAN_POINT('Origin',(-51.4000002235147,-185.,69.6999998509894));
#5018=CARTESIAN_POINT('',(-49.9000002235147,-170.,69.6999998509893));
#5019=CARTESIAN_POINT('',(-61.8500002719434,-170.,69.69999985099));
#5020=CARTESIAN_POINT('',(-49.9000002235147,-185.,69.6999998509893));
#5021=CARTESIAN_POINT('Origin',(-49.9000002235147,-185.,69.6999998509893));
#5022=CARTESIAN_POINT('',(-49.9000002235163,-170.,40.3999998509893));
#5023=CARTESIAN_POINT('',(-49.9000002235149,-170.,67.4749999366702));
#5024=CARTESIAN_POINT('',(-49.9000002235163,-185.,40.3999998509893));
#5025=CARTESIAN_POINT('Origin',(-49.9000002235163,-185.,40.3999998509893));
#5026=CARTESIAN_POINT('',(-51.4000002235163,-170.,40.3999998509894));
#5027=CARTESIAN_POINT('',(-61.1000002719451,-170.,40.3999998509899));
#5028=CARTESIAN_POINT('',(-51.4000002235163,-185.,40.3999998509894));
#5029=CARTESIAN_POINT('Origin',(-84.8000002235146,-185.,93.6999998509896));
#5030=CARTESIAN_POINT('',(-84.8000002235146,-170.,93.6999998509896));
#5031=CARTESIAN_POINT('',(-84.8000002235148,-170.,89.7999998509896));
#5032=CARTESIAN_POINT('',(-84.8000002235154,-170.,79.4749999366714));
#5033=CARTESIAN_POINT('',(-84.8000002235148,-185.,89.7999998509896));
#5034=CARTESIAN_POINT('',(-84.8000002235146,-185.,93.6999998509896));
#5035=CARTESIAN_POINT('Origin',(-84.8000002235148,-185.,89.7999998509896));
#5036=CARTESIAN_POINT('',(-79.9000002235148,-170.,89.7999998509894));
#5037=CARTESIAN_POINT('',(-78.550000271943,-170.,89.7999998509893));
#5038=CARTESIAN_POINT('',(-79.9000002235148,-185.,89.7999998509894));
#5039=CARTESIAN_POINT('Origin',(-79.9000002235148,-185.,89.7999998509894));
#5040=CARTESIAN_POINT('',(-79.9000002235147,-170.,90.6999998509894));
#5041=CARTESIAN_POINT('',(-79.9000002235155,-170.,77.5249999366711));
#5042=CARTESIAN_POINT('',(-79.9000002235147,-185.,90.6999998509894));
#5043=CARTESIAN_POINT('Origin',(-79.9000002235147,-185.,90.6999998509894));
#5044=CARTESIAN_POINT('',(-78.4000002235147,-170.,90.6999998509893));
#5045=CARTESIAN_POINT('',(-76.1000002719428,-170.,90.6999998509892));
#5046=CARTESIAN_POINT('',(-78.4000002235147,-185.,90.6999998509893));
#5047=CARTESIAN_POINT('Origin',(-78.4000002235147,-185.,90.6999998509893));
#5048=CARTESIAN_POINT('',(-78.4000002235163,-170.,61.3999998509893));
#5049=CARTESIAN_POINT('',(-78.4000002235154,-170.,77.974999936671));
#5050=CARTESIAN_POINT('',(-78.4000002235163,-185.,61.3999998509893));
#5051=CARTESIAN_POINT('Origin',(-78.4000002235163,-185.,61.3999998509893));
#5052=CARTESIAN_POINT('',(-79.9000002235163,-170.,61.3999998509894));
#5053=CARTESIAN_POINT('',(-75.3500002719445,-170.,61.3999998509891));
#5054=CARTESIAN_POINT('',(-79.9000002235163,-185.,61.3999998509894));
#5055=CARTESIAN_POINT('Origin',(-79.9000002235163,-185.,61.3999998509894));
#5056=CARTESIAN_POINT('',(-79.9000002235163,-170.,62.1999998509894));
#5057=CARTESIAN_POINT('',(-79.9000002235162,-170.,63.324999936671));
#5058=CARTESIAN_POINT('',(-79.9000002235163,-185.,62.1999998509894));
#5059=CARTESIAN_POINT('Origin',(-79.9000002235163,-185.,62.1999998509894));
#5060=CARTESIAN_POINT('',(-84.8000002235163,-170.,62.1999998509896));
#5061=CARTESIAN_POINT('',(-76.1000002719444,-170.,62.1999998509892));
#5062=CARTESIAN_POINT('',(-84.8000002235163,-185.,62.1999998509896));
#5063=CARTESIAN_POINT('Origin',(-113.300000223515,-185.,118.69999985099));
#5064=CARTESIAN_POINT('',(-113.300000223515,-170.,114.79999985099));
#5065=CARTESIAN_POINT('',(-113.300000223516,-170.,91.9749999366721));
#5066=CARTESIAN_POINT('',(-113.300000223515,-185.,114.79999985099));
#5067=CARTESIAN_POINT('Origin',(-113.300000223515,-185.,114.79999985099));
#5068=CARTESIAN_POINT('',(-108.400000223515,-170.,114.799999850989));
#5069=CARTESIAN_POINT('',(-92.8000002719423,-170.,114.799999850989));
#5070=CARTESIAN_POINT('',(-108.400000223515,-185.,114.799999850989));
#5071=CARTESIAN_POINT('Origin',(-108.400000223515,-185.,114.799999850989));
#5072=CARTESIAN_POINT('',(-108.400000223515,-170.,115.699999850989));
#5073=CARTESIAN_POINT('',(-108.400000223516,-170.,90.024999936672));
#5074=CARTESIAN_POINT('',(-108.400000223515,-185.,115.699999850989));
#5075=CARTESIAN_POINT('Origin',(-108.400000223515,-185.,115.699999850989));
#5076=CARTESIAN_POINT('',(-106.900000223515,-170.,115.699999850989));
#5077=CARTESIAN_POINT('',(-90.3500002719421,-170.,115.699999850988));
#5078=CARTESIAN_POINT('',(-106.900000223515,-185.,115.699999850989));
#5079=CARTESIAN_POINT('Origin',(-106.900000223515,-185.,115.699999850989));
#5080=CARTESIAN_POINT('',(-106.900000223516,-170.,86.3999998509893));
#5081=CARTESIAN_POINT('',(-106.900000223516,-170.,90.4749999366718));
#5082=CARTESIAN_POINT('',(-106.900000223516,-185.,86.3999998509893));
#5083=CARTESIAN_POINT('Origin',(-106.900000223516,-185.,86.3999998509893));
#5084=CARTESIAN_POINT('',(-108.400000223516,-170.,86.3999998509894));
#5085=CARTESIAN_POINT('',(-89.6000002719437,-170.,86.3999998509883));
#5086=CARTESIAN_POINT('',(-108.400000223516,-185.,86.3999998509894));
#5087=CARTESIAN_POINT('Origin',(-108.400000223516,-185.,86.3999998509894));
#5088=CARTESIAN_POINT('',(-108.400000223516,-170.,87.1999998509894));
#5089=CARTESIAN_POINT('',(-108.400000223517,-170.,75.8249999366713));
#5090=CARTESIAN_POINT('',(-108.400000223516,-185.,87.1999998509894));
#5091=CARTESIAN_POINT('Origin',(-108.400000223516,-185.,87.1999998509894));
#5092=CARTESIAN_POINT('',(-90.3500002719438,-170.,87.1999998509884));
#5093=CARTESIAN_POINT('Origin',(-51.4000002235163,-185.,40.3999998509894));
#5094=CARTESIAN_POINT('',(-51.4000002235163,-170.,41.1999998509894));
#5095=CARTESIAN_POINT('',(-51.400000223516,-170.,52.8249999366707));
#5096=CARTESIAN_POINT('',(-51.4000002235163,-185.,41.1999998509894));
#5097=CARTESIAN_POINT('Origin',(-51.4000002235163,-185.,41.1999998509894));
#5098=CARTESIAN_POINT('',(-56.3000002235163,-170.,41.1999998509896));
#5099=CARTESIAN_POINT('',(-61.8500002719449,-170.,41.1999998509899));
#5100=CARTESIAN_POINT('',(-56.3000002235163,-185.,41.1999998509896));
#5101=CARTESIAN_POINT('Origin',(-56.3000002235163,-185.,41.1999998509896));
#5102=CARTESIAN_POINT('',(-56.3000002235165,-170.,37.2999998509896));
#5103=CARTESIAN_POINT('',(-56.3000002235156,-170.,53.2249999366706));
#5104=CARTESIAN_POINT('',(-56.3000002235165,-185.,37.2999998509896));
#5105=CARTESIAN_POINT('Origin',(-56.3000002235165,-185.,37.2999998509896));
#5106=CARTESIAN_POINT('',(-57.8000002235165,-170.,37.2999998509897));
#5107=CARTESIAN_POINT('',(-64.3000002719453,-170.,37.2999998509901));
#5108=CARTESIAN_POINT('',(-57.8000002235165,-185.,37.2999998509897));
#5109=CARTESIAN_POINT('Origin',(-57.8000002235165,-185.,37.2999998509897));
#5110=CARTESIAN_POINT('',(-57.8000002235162,-170.,42.6999998509897));
#5111=CARTESIAN_POINT('',(-57.8000002235157,-170.,51.2749999366707));
#5112=CARTESIAN_POINT('',(-57.8000002235162,-185.,42.6999998509897));
#5113=CARTESIAN_POINT('Origin',(-57.8000002235162,-185.,42.6999998509897));
#5114=CARTESIAN_POINT('',(-51.4000002235162,-170.,42.6999998509894));
#5115=CARTESIAN_POINT('',(-65.0500002719449,-170.,42.6999998509901));
#5116=CARTESIAN_POINT('',(-51.4000002235162,-185.,42.6999998509894));
#5117=CARTESIAN_POINT('Origin',(-51.4000002235162,-185.,42.6999998509894));
#5118=CARTESIAN_POINT('',(-51.4000002235149,-170.,67.2999998509894));
#5119=CARTESIAN_POINT('',(-51.4000002235156,-170.,53.9749999366703));
#5120=CARTESIAN_POINT('',(-51.4000002235149,-185.,67.2999998509894));
#5121=CARTESIAN_POINT('Origin',(-51.4000002235149,-185.,67.2999998509894));
#5122=CARTESIAN_POINT('',(-61.8500002719436,-170.,67.29999985099));
#5123=CARTESIAN_POINT('Origin',(-84.8000002235163,-185.,62.1999998509896));
#5124=CARTESIAN_POINT('',(-84.8000002235165,-170.,58.2999998509896));
#5125=CARTESIAN_POINT('',(-84.8000002235162,-170.,63.7249999366713));
#5126=CARTESIAN_POINT('',(-84.8000002235165,-185.,58.2999998509896));
#5127=CARTESIAN_POINT('Origin',(-84.8000002235165,-185.,58.2999998509896));
#5128=CARTESIAN_POINT('',(-86.3000002235165,-170.,58.2999998509897));
#5129=CARTESIAN_POINT('',(-78.5500002719446,-170.,58.2999998509892));
#5130=CARTESIAN_POINT('',(-86.3000002235165,-185.,58.2999998509897));
#5131=CARTESIAN_POINT('Origin',(-86.3000002235165,-185.,58.2999998509897));
#5132=CARTESIAN_POINT('',(-86.3000002235162,-170.,63.6999998509897));
#5133=CARTESIAN_POINT('',(-86.3000002235163,-170.,61.7749999366714));
#5134=CARTESIAN_POINT('',(-86.3000002235162,-185.,63.6999998509897));
#5135=CARTESIAN_POINT('Origin',(-86.3000002235162,-185.,63.6999998509897));
#5136=CARTESIAN_POINT('',(-79.9000002235162,-170.,63.6999998509894));
#5137=CARTESIAN_POINT('',(-79.3000002719443,-170.,63.6999998509893));
#5138=CARTESIAN_POINT('',(-79.9000002235162,-185.,63.6999998509894));
#5139=CARTESIAN_POINT('Origin',(-79.9000002235162,-185.,63.6999998509894));
#5140=CARTESIAN_POINT('',(-79.9000002235149,-170.,88.2999998509894));
#5141=CARTESIAN_POINT('',(-79.9000002235161,-170.,64.4749999366711));
#5142=CARTESIAN_POINT('',(-79.9000002235149,-185.,88.2999998509894));
#5143=CARTESIAN_POINT('Origin',(-79.9000002235149,-185.,88.2999998509894));
#5144=CARTESIAN_POINT('',(-86.3000002235149,-170.,88.2999998509897));
#5145=CARTESIAN_POINT('',(-76.100000271943,-170.,88.2999998509892));
#5146=CARTESIAN_POINT('',(-86.3000002235149,-185.,88.2999998509897));
#5147=CARTESIAN_POINT('Origin',(-86.3000002235149,-185.,88.2999998509897));
#5148=CARTESIAN_POINT('',(-86.3000002235146,-170.,93.6999998509897));
#5149=CARTESIAN_POINT('',(-86.3000002235156,-170.,76.7749999366715));
#5150=CARTESIAN_POINT('',(-86.3000002235146,-185.,93.6999998509897));
#5151=CARTESIAN_POINT('Origin',(-86.3000002235146,-185.,93.6999998509897));
#5152=CARTESIAN_POINT('',(-79.3000002719426,-170.,93.6999998509893));
#5153=CARTESIAN_POINT('Origin',(-70.,-170.,13.0000001937173));
#5154=CARTESIAN_POINT('',(-88.3000002235146,-168.,35.5000017811544));
#5155=CARTESIAN_POINT('',(-88.3000002235146,-170.,35.5000017811544));
#5156=CARTESIAN_POINT('',(-70.,-168.,13.0000001937173));
#5157=CARTESIAN_POINT('',(-70.,-168.,13.0000001937173));
#5158=CARTESIAN_POINT('',(-70.,-170.,13.0000001937173));
#5159=CARTESIAN_POINT('Origin',(-74.6000001490116,-185.,34.3955277117565));
#5160=CARTESIAN_POINT('',(-60.6,-170.,34.3955277117565));
#5161=CARTESIAN_POINT('',(-74.6000001490116,-170.,34.3955277117565));
#5162=CARTESIAN_POINT('',(-73.450000234692,-170.,34.3955277117565));
#5163=CARTESIAN_POINT('',(-74.6000001490116,-185.,34.3955277117565));
#5164=CARTESIAN_POINT('',(-60.6,-185.,34.3955277117565));
#5165=CARTESIAN_POINT('Origin',(-60.6,-185.,34.3955277117565));
#5166=CARTESIAN_POINT('',(-60.6,-170.,49.8227638670544));
#5167=CARTESIAN_POINT('Origin',(-74.6000001490116,-185.,46.3955278309658));
#5168=CARTESIAN_POINT('',(-74.6000001490116,-170.,55.8227639266591));
#5169=CARTESIAN_POINT('Origin',(-103.00000153482,-185.,71.0000010579824));
#5170=CARTESIAN_POINT('',(-103.00000153482,-170.,60.0000008940697));
#5171=CARTESIAN_POINT('',(-103.00000153482,-170.,68.1250005401674));
#5172=CARTESIAN_POINT('',(-103.00000153482,-185.,60.0000008940697));
#5173=CARTESIAN_POINT('Origin',(-103.00000153482,-185.,60.0000008940697));
#5174=CARTESIAN_POINT('',(-89.0000013262033,-170.,60.0000008940697));
#5175=CARTESIAN_POINT('',(-87.650000927596,-170.,60.0000008940697));
#5176=CARTESIAN_POINT('',(-89.0000013262033,-185.,60.0000008940697));
#5177=CARTESIAN_POINT('Origin',(-89.0000013262033,-185.,60.0000008940697));
#5178=CARTESIAN_POINT('',(-89.0000013262033,-170.,62.625000458211));
#5179=CARTESIAN_POINT('Origin',(-46.1000001490116,-185.,13.3955277117565));
#5180=CARTESIAN_POINT('',(-32.1,-170.,13.3955277117565));
#5181=CARTESIAN_POINT('',(-46.1000001490116,-170.,13.3955277117565));
#5182=CARTESIAN_POINT('',(-59.200000234692,-170.,13.3955277117565));
#5183=CARTESIAN_POINT('',(-46.1000001490116,-185.,13.3955277117565));
#5184=CARTESIAN_POINT('',(-32.1,-185.,13.3955277117565));
#5185=CARTESIAN_POINT('Origin',(-32.1,-185.,13.3955277117565));
#5186=CARTESIAN_POINT('',(-32.1,-170.,25.3955278309658));
#5187=CARTESIAN_POINT('',(-32.1,-170.,39.3227638670544));
#5188=CARTESIAN_POINT('',(-32.1,-185.,25.3955278309658));
#5189=CARTESIAN_POINT('Origin',(-46.1000001490116,-185.,25.3955278309658));
#5190=CARTESIAN_POINT('',(-46.1000001490116,-170.,25.3955278309658));
#5191=CARTESIAN_POINT('',(-46.1000001490116,-170.,45.3227639266591));
#5192=CARTESIAN_POINT('',(-46.1000001490116,-185.,25.3955278309658));
#5193=CARTESIAN_POINT('Origin',(-70.,-185.,13.0000001937173));
#5194=CARTESIAN_POINT('',(-67.0000009983778,-168.,10.0000001937171));
#5195=CARTESIAN_POINT('Origin',(-32.1,-185.,25.3955278309658));
#5196=CARTESIAN_POINT('',(-52.2000001601862,-170.,25.3955278309658));
#5197=CARTESIAN_POINT('Origin',(-72.3000003203724,-170.,65.2500000223524));
#5198=CARTESIAN_POINT('Origin',(-72.3000003203724,-170.,65.2500000223524));
#5199=CARTESIAN_POINT('Origin',(-72.3000003203724,-170.,65.2500000223524));
#5200=CARTESIAN_POINT('Origin',(-72.3000003203724,-170.,65.2500000223524));
#5201=CARTESIAN_POINT('Origin',(-72.3000003203724,-170.,65.2500000223524));
#5202=CARTESIAN_POINT('Origin',(-116.600000223515,-170.,56.4999998509881));
#5203=CARTESIAN_POINT('',(-116.600000223515,-168.,56.4999998509881));
#5204=CARTESIAN_POINT('',(-116.600000223515,-170.,56.4999998509881));
#5205=CARTESIAN_POINT('',(-88.3000002235146,-168.,35.5000017811544));
#5206=CARTESIAN_POINT('Origin',(-116.600000223515,-170.,120.49999985099));
#5207=CARTESIAN_POINT('',(-116.600000223515,-168.,120.49999985099));
#5208=CARTESIAN_POINT('',(-116.600000223515,-170.,120.49999985099));
#5209=CARTESIAN_POINT('',(-116.600000223515,-168.,56.4999998509881));
#5210=CARTESIAN_POINT('Origin',(-76.6000001117591,-170.,120.49999985099));
#5211=CARTESIAN_POINT('',(-76.6000001117591,-168.,120.49999985099));
#5212=CARTESIAN_POINT('',(-76.6000001117591,-170.,120.49999985099));
#5213=CARTESIAN_POINT('',(-116.600000223515,-168.,120.49999985099));
#5214=CARTESIAN_POINT('Origin',(-48.0999988801778,-170.,95.6999998509897));
#5215=CARTESIAN_POINT('',(-48.0999988801778,-168.,95.6999998509897));
#5216=CARTESIAN_POINT('',(-48.0999988801778,-170.,95.6999998509897));
#5217=CARTESIAN_POINT('',(-48.0999988801778,-168.,95.6999998509897));
#5218=CARTESIAN_POINT('Origin',(-28.0000004172302,-170.,57.6897658915883));
#5219=CARTESIAN_POINT('',(-28.0000004172302,-168.,57.6897658915883));
#5220=CARTESIAN_POINT('',(-28.0000004172302,-170.,57.6897658915883));
#5221=CARTESIAN_POINT('',(-48.0999988801778,-168.,95.6999998509897));
#5222=CARTESIAN_POINT('Origin',(-28.0000004172327,-170.,10.0000001937151));
#5223=CARTESIAN_POINT('',(-28.0000004172302,-168.,57.6897658915883));
#5224=CARTESIAN_POINT('Origin',(-72.3000003203724,-168.,65.2500000223524));
#5225=CARTESIAN_POINT('Origin',(-72.3000003203724,-170.,65.2500000223524));
#5226=UNCERTAINTY_MEASURE_WITH_UNIT(LENGTH_MEASURE(0.01),#5230,
'DISTANCE_ACCURACY_VALUE',
'Maximum model space distance between geometric entities at asserted c
onnectivities');
#5227=UNCERTAINTY_MEASURE_WITH_UNIT(LENGTH_MEASURE(0.01),#5230,
'DISTANCE_ACCURACY_VALUE',
'Maximum model space distance between geometric entities at asserted c
onnectivities');
#5228=(
GEOMETRIC_REPRESENTATION_CONTEXT(3)
GLOBAL_UNCERTAINTY_ASSIGNED_CONTEXT((#5226))
GLOBAL_UNIT_ASSIGNED_CONTEXT((#5230,#5232,#5233))
REPRESENTATION_CONTEXT('','3D')
);
#5229=(
GEOMETRIC_REPRESENTATION_CONTEXT(3)
GLOBAL_UNCERTAINTY_ASSIGNED_CONTEXT((#5227))
GLOBAL_UNIT_ASSIGNED_CONTEXT((#5230,#5232,#5233))
REPRESENTATION_CONTEXT('','3D')
);
#5230=(
LENGTH_UNIT()
NAMED_UNIT(*)
SI_UNIT(.MILLI.,.METRE.)
);
#5231=(
LENGTH_UNIT()
NAMED_UNIT(*)
SI_UNIT($,.METRE.)
);
#5232=(
NAMED_UNIT(*)
PLANE_ANGLE_UNIT()
SI_UNIT($,.RADIAN.)
);
#5233=(
NAMED_UNIT(*)
SI_UNIT($,.STERADIAN.)
SOLID_ANGLE_UNIT()
);
#5234=SHAPE_DEFINITION_REPRESENTATION(#5235,#5236);
#5235=PRODUCT_DEFINITION_SHAPE('',$,#5238);
#5236=SHAPE_REPRESENTATION('',(#3318),#5228);
#5237=PRODUCT_DEFINITION_CONTEXT('part definition',#5242,'design');
#5238=PRODUCT_DEFINITION('GuitarHeadRailHolder',
'GuitarHeadRailHolder v2',#5239,#5237);
#5239=PRODUCT_DEFINITION_FORMATION('',$,#5244);
#5240=PRODUCT_RELATED_PRODUCT_CATEGORY('GuitarHeadRailHolder v2',
'GuitarHeadRailHolder v2',(#5244));
#5241=APPLICATION_PROTOCOL_DEFINITION('international standard',
'automotive_design',2009,#5242);
#5242=APPLICATION_CONTEXT(
'Core Data for Automotive Mechanical Design Process');
#5243=PRODUCT_CONTEXT('part definition',#5242,'mechanical');
#5244=PRODUCT('GuitarHeadRailHolder','GuitarHeadRailHolder v2',$,(#5243));
#5245=PRESENTATION_STYLE_ASSIGNMENT((#5246));
#5246=SURFACE_STYLE_USAGE(.BOTH.,#5247);
#5247=SURFACE_SIDE_STYLE('',(#5248));
#5248=SURFACE_STYLE_FILL_AREA(#5249);
#5249=FILL_AREA_STYLE('Steel - Satin',(#5250));
#5250=FILL_AREA_STYLE_COLOUR('Steel - Satin',#5251);
#5251=COLOUR_RGB('Steel - Satin',0.627450980392157,0.627450980392157,0.627450980392157);
ENDSEC;
END-ISO-10303-21;
