ISO-10303-21;
HEADER;
/* Generated by software containing ST-Developer
 * from STEP Tools, Inc. (www.steptools.com) 
 */

FILE_DESCRIPTION(
/* description */ (''),
/* implementation_level */ '2;1');

FILE_NAME(
/* name */ 'PickServoHolder.step',
/* time_stamp */ '2026-02-04T07:50:54+02:00',
/* author */ (''),
/* organization */ (''),
/* preprocessor_version */ 'ST-DEVELOPER v20.1',
/* originating_system */ 'Autodesk Translation Framework v14.21.0.0',
/* authorisation */ '');

FILE_SCHEMA (('AUTOMOTIVE_DESIGN { 1 0 10303 214 3 1 1 }'));
ENDSEC;

DATA;
#10=MECHANICAL_DESIGN_GEOMETRIC_PRESENTATION_REPRESENTATION('',(#33,#34),
#3898);
#11=SHAPE_REPRESENTATION_RELATIONSHIP('SRR','None',#3905,#12);
#12=ADVANCED_BREP_SHAPE_REPRESENTATION('',(#35,#36),#3897);
#13=(
BOUNDED_SURFACE()
B_SPLINE_SURFACE(5,1,((#3657,#3658),(#3659,#3660),(#3661,#3662),(#3663,
#3664),(#3665,#3666),(#3667,#3668),(#3669,#3670),(#3671,#3672),(#3673,#3674),
(#3675,#3676),(#3677,#3678),(#3679,#3680),(#3681,#3682),(#3683,#3684),(#3685,
#3686),(#3687,#3688),(#3689,#3690),(#3691,#3692),(#3693,#3694),(#3695,#3696)),
 .UNSPECIFIED.,.F.,.F.,.F.)
B_SPLINE_SURFACE_WITH_KNOTS((6,1,1,1,1,1,1,1,1,1,1,1,1,1,1,6),(2,2),(-0.96199141664321,
-0.933333333333333,-0.866666666666667,-0.8,-0.733333333333333,-0.666666666666667,
-0.6,-0.533333333333333,-0.466666666666667,-0.4,-0.333333333333333,-0.266666666666667,
-0.2,-0.133333333333333,-0.0666666666666667,0.),(0.,1.),.UNSPECIFIED.)
GEOMETRIC_REPRESENTATION_ITEM()
RATIONAL_B_SPLINE_SURFACE(((1.,1.),(1.,1.),(1.,1.),(1.,1.),(1.,1.),(1.,
1.),(1.,1.),(1.,1.),(1.,1.),(1.,1.),(1.,1.),(1.,1.),(1.,1.),(1.,1.),(1.,
1.),(1.,1.),(1.,1.),(1.,1.),(1.,1.),(1.,1.)))
REPRESENTATION_ITEM('')
SURFACE()
);
#14=(
BOUNDED_SURFACE()
B_SPLINE_SURFACE(5,1,((#3719,#3720),(#3721,#3722),(#3723,#3724),(#3725,
#3726),(#3727,#3728),(#3729,#3730),(#3731,#3732),(#3733,#3734),(#3735,#3736),
(#3737,#3738),(#3739,#3740),(#3741,#3742),(#3743,#3744),(#3745,#3746),(#3747,
#3748),(#3749,#3750),(#3751,#3752),(#3753,#3754),(#3755,#3756),(#3757,#3758)),
 .UNSPECIFIED.,.F.,.F.,.F.)
B_SPLINE_SURFACE_WITH_KNOTS((6,1,1,1,1,1,1,1,1,1,1,1,1,1,1,6),(2,2),(0.,
0.0666666666666667,0.133333333333333,0.2,0.266666666666667,0.333333333333333,
0.4,0.466666666666667,0.533333333333333,0.6,0.666666666666667,0.733333333333333,
0.8,0.866666666666667,0.933333333333333,0.962065695932559),(0.,1.),
 .UNSPECIFIED.)
GEOMETRIC_REPRESENTATION_ITEM()
RATIONAL_B_SPLINE_SURFACE(((1.,1.),(1.,1.),(1.,1.),(1.,1.),(1.,1.),(1.,
1.),(1.,1.),(1.,1.),(1.,1.),(1.,1.),(1.,1.),(1.,1.),(1.,1.),(1.,1.),(1.,
1.),(1.,1.),(1.,1.),(1.,1.),(1.,1.),(1.,1.)))
REPRESENTATION_ITEM('')
SURFACE()
);
#15=(
BOUNDED_SURFACE()
B_SPLINE_SURFACE(5,1,((#3782,#3783),(#3784,#3785),(#3786,#3787),(#3788,
#3789),(#3790,#3791),(#3792,#3793),(#3794,#3795),(#3796,#3797),(#3798,#3799),
(#3800,#3801),(#3802,#3803),(#3804,#3805),(#3806,#3807),(#3808,#3809),(#3810,
#3811),(#3812,#3813),(#3814,#3815),(#3816,#3817),(#3818,#3819),(#3820,#3821)),
 .UNSPECIFIED.,.F.,.F.,.F.)
B_SPLINE_SURFACE_WITH_KNOTS((6,1,1,1,1,1,1,1,1,1,1,1,1,1,1,6),(2,2),(0.,
0.0666666666666667,0.133333333333333,0.2,0.266666666666667,0.333333333333333,
0.4,0.466666666666667,0.533333333333333,0.6,0.666666666666667,0.733333333333333,
0.8,0.866666666666667,0.933333333333333,1.),(0.,1.),.UNSPECIFIED.)
GEOMETRIC_REPRESENTATION_ITEM()
RATIONAL_B_SPLINE_SURFACE(((1.,1.),(1.,1.),(1.,1.),(1.,1.),(1.,1.),(1.,
1.),(1.,1.),(1.,1.),(1.,1.),(1.,1.),(1.,1.),(1.,1.),(1.,1.),(1.,1.),(1.,
1.),(1.,1.),(1.,1.),(1.,1.),(1.,1.),(1.,1.)))
REPRESENTATION_ITEM('')
SURFACE()
);
#16=(
BOUNDED_SURFACE()
B_SPLINE_SURFACE(5,1,((#3822,#3823),(#3824,#3825),(#3826,#3827),(#3828,
#3829),(#3830,#3831),(#3832,#3833),(#3834,#3835),(#3836,#3837),(#3838,#3839),
(#3840,#3841),(#3842,#3843),(#3844,#3845),(#3846,#3847),(#3848,#3849),(#3850,
#3851),(#3852,#3853),(#3854,#3855),(#3856,#3857),(#3858,#3859),(#3860,#3861)),
 .UNSPECIFIED.,.F.,.F.,.F.)
B_SPLINE_SURFACE_WITH_KNOTS((6,1,1,1,1,1,1,1,1,1,1,1,1,1,1,6),(2,2),(-1.,
-0.933333333333333,-0.866666666666667,-0.8,-0.733333333333333,-0.666666666666667,
-0.6,-0.533333333333333,-0.466666666666667,-0.4,-0.333333333333333,-0.266666666666667,
-0.2,-0.133333333333333,-0.0666666666666667,-2.59081159189383E-6),(0.,1.),
 .UNSPECIFIED.)
GEOMETRIC_REPRESENTATION_ITEM()
RATIONAL_B_SPLINE_SURFACE(((1.,1.),(1.,1.),(1.,1.),(1.,1.),(1.,1.),(1.,
1.),(1.,1.),(1.,1.),(1.,1.),(1.,1.),(1.,1.),(1.,1.),(1.,1.),(1.,1.),(1.,
1.),(1.,1.),(1.,1.),(1.,1.),(1.,1.),(1.,1.)))
REPRESENTATION_ITEM('')
SURFACE()
);
#17=(
BOUNDED_SURFACE()
B_SPLINE_SURFACE(5,1,((#3864,#3865),(#3866,#3867),(#3868,#3869),(#3870,
#3871),(#3872,#3873),(#3874,#3875),(#3876,#3877),(#3878,#3879),(#3880,#3881),
(#3882,#3883),(#3884,#3885),(#3886,#3887),(#3888,#3889),(#3890,#3891),(#3892,
#3893)),.UNSPECIFIED.,.F.,.F.,.F.)
B_SPLINE_SURFACE_WITH_KNOTS((6,1,1,1,1,1,1,1,1,1,6),(2,2),(-1.,-0.9,-0.8,
-0.7,-0.6,-0.5,-0.4,-0.3,-0.2,-0.1,0.),(0.,1.3),.UNSPECIFIED.)
GEOMETRIC_REPRESENTATION_ITEM()
RATIONAL_B_SPLINE_SURFACE(((1.,1.),(1.,1.),(1.,1.),(1.,1.),(1.,1.),(1.,
1.),(1.,1.),(1.,1.),(1.,1.),(1.,1.),(1.,1.),(1.,1.),(1.,1.),(1.,1.),(1.,
1.)))
REPRESENTATION_ITEM('')
SURFACE()
);
#18=B_SPLINE_CURVE_WITH_KNOTS('',3,(#3475,#3476,#3477,#3478,#3479,#3480,
#3481,#3482,#3483,#3484,#3485,#3486,#3487,#3488,#3489,#3490,#3491,#3492,
#3493,#3494,#3495,#3496,#3497,#3498,#3499,#3500,#3501,#3502,#3503,#3504,
#3505,#3506,#3507,#3508,#3509,#3510,#3511,#3512,#3513,#3514,#3515,#3516,
#3517,#3518,#3519,#3520,#3521,#3522,#3523),.UNSPECIFIED.,.F.,.F.,(4,3,3,
3,3,3,3,3,3,3,3,3,3,3,3,3,4),(0.,0.0672597391910241,0.139843621308029,0.217789679662396,
0.343386970185589,0.414271863592807,0.474107459107286,0.532292202286519,
0.592373795022054,0.656366310157931,0.735805014832376,0.857495762086266,
0.938739118109444,1.0106459685616,1.08094983881222,1.15175892133008,1.22256800384794),
 .UNSPECIFIED.);
#19=B_SPLINE_CURVE_WITH_KNOTS('',3,(#3697,#3698,#3699,#3700,#3701,#3702),
 .UNSPECIFIED.,.F.,.F.,(4,2,4),(-1.,-0.5,0.),.UNSPECIFIED.);
#20=B_SPLINE_CURVE_WITH_KNOTS('',3,(#3761,#3762,#3763,#3764,#3765,#3766),
 .UNSPECIFIED.,.F.,.F.,(4,2,4),(-1.,-0.5,-0.00999999999999907),
 .UNSPECIFIED.);
#21=B_SPLINE_CURVE_WITH_KNOTS('',3,(#3768,#3769,#3770,#3771,#3772,#3773),
 .UNSPECIFIED.,.F.,.F.,(4,2,4),(-0.99,-0.5,0.),.UNSPECIFIED.);
#22=B_SPLINE_CURVE_WITH_KNOTS('',3,(#3774,#3775,#3776,#3777),
 .UNSPECIFIED.,.F.,.F.,(4,4),(-0.0599999999999995,-0.05),.UNSPECIFIED.);
#23=B_SPLINE_CURVE_WITH_KNOTS('',3,(#3778,#3779,#3780,#3781),
 .UNSPECIFIED.,.F.,.F.,(4,4),(-0.0099999999999997,0.),.UNSPECIFIED.);
#24=(
BOUNDED_CURVE()
B_SPLINE_CURVE(5,(#3400,#3401,#3402,#3403,#3404,#3405,#3406,#3407,#3408,
#3409,#3410,#3411,#3412,#3413,#3414),.UNSPECIFIED.,.F.,.F.)
B_SPLINE_CURVE_WITH_KNOTS((6,1,1,1,1,1,1,1,1,1,6),(0.,0.0666666666666667,
0.133333333333333,0.2,0.266666666666667,0.333333333333333,0.4,0.466666666666667,
0.533333333333333,0.6,0.656218855589358),.UNSPECIFIED.)
CURVE()
GEOMETRIC_REPRESENTATION_ITEM()
RATIONAL_B_SPLINE_CURVE((1.,1.,1.,1.,1.,1.,1.,1.,1.,1.,1.,1.,1.,1.,1.))
REPRESENTATION_ITEM('')
);
#25=(
BOUNDED_CURVE()
B_SPLINE_CURVE(5,(#3420,#3421,#3422,#3423,#3424,#3425,#3426,#3427,#3428,
#3429,#3430,#3431,#3432,#3433,#3434,#3435),.UNSPECIFIED.,.F.,.F.)
B_SPLINE_CURVE_WITH_KNOTS((6,1,1,1,1,1,1,1,1,1,1,6),(0.316552454832476,
0.333333333333333,0.4,0.466666666666667,0.533333333333333,0.6,0.666666666666667,
0.733333333333333,0.8,0.866666666666667,0.933333333333333,1.),
 .UNSPECIFIED.)
CURVE()
GEOMETRIC_REPRESENTATION_ITEM()
RATIONAL_B_SPLINE_CURVE((1.,1.,1.,1.,1.,1.,1.,1.,1.,1.,1.,1.,1.,1.,1.,1.))
REPRESENTATION_ITEM('')
);
#26=(
BOUNDED_CURVE()
B_SPLINE_CURVE(5,(#3439,#3440,#3441,#3442,#3443,#3444,#3445,#3446,#3447,
#3448,#3449,#3450,#3451,#3452,#3453,#3454),.UNSPECIFIED.,.F.,.F.)
B_SPLINE_CURVE_WITH_KNOTS((6,1,1,1,1,1,1,1,1,1,1,6),(0.316552454832524,
0.333333333333333,0.4,0.466666666666667,0.533333333333333,0.6,0.666666666666667,
0.733333333333333,0.8,0.866666666666667,0.933333333333333,1.),
 .UNSPECIFIED.)
CURVE()
GEOMETRIC_REPRESENTATION_ITEM()
RATIONAL_B_SPLINE_CURVE((1.,1.,1.,1.,1.,1.,1.,1.,1.,1.,1.,1.,1.,1.,1.,1.))
REPRESENTATION_ITEM('')
);
#27=(
BOUNDED_CURVE()
B_SPLINE_CURVE(5,(#3460,#3461,#3462,#3463,#3464,#3465,#3466,#3467,#3468,
#3469,#3470,#3471,#3472,#3473),.UNSPECIFIED.,.F.,.F.)
B_SPLINE_CURVE_WITH_KNOTS((6,1,1,1,1,1,1,1,1,6),(0.,0.0666666666666667,
0.133333333333333,0.2,0.266666666666667,0.333333333333333,0.4,0.466666666666667,
0.533333333333333,0.597974943367001),.UNSPECIFIED.)
CURVE()
GEOMETRIC_REPRESENTATION_ITEM()
RATIONAL_B_SPLINE_CURVE((1.,1.,1.,1.,1.,1.,1.,1.,1.,1.,1.,1.,1.,1.))
REPRESENTATION_ITEM('')
);
#28=(
BOUNDED_CURVE()
B_SPLINE_CURVE(5,(#3540,#3541,#3542,#3543,#3544,#3545,#3546,#3547,#3548,
#3549,#3550,#3551,#3552,#3553,#3554),.UNSPECIFIED.,.F.,.F.)
B_SPLINE_CURVE_WITH_KNOTS((6,1,1,1,1,1,1,1,1,1,6),(-1.,-0.9,-0.8,-0.7,-0.6,
-0.5,-0.4,-0.3,-0.2,-0.1,0.),.UNSPECIFIED.)
CURVE()
GEOMETRIC_REPRESENTATION_ITEM()
RATIONAL_B_SPLINE_CURVE((1.,1.,1.,1.,1.,1.,1.,1.,1.,1.,1.,1.,1.,1.,1.))
REPRESENTATION_ITEM('')
);
#29=(
BOUNDED_CURVE()
B_SPLINE_CURVE(5,(#3556,#3557,#3558,#3559,#3560,#3561,#3562,#3563,#3564,
#3565,#3566,#3567,#3568,#3569),.UNSPECIFIED.,.F.,.F.)
B_SPLINE_CURVE_WITH_KNOTS((6,1,1,1,1,1,1,1,1,6),(-0.597974943366972,-0.533333333333333,
-0.466666666666667,-0.4,-0.333333333333333,-0.266666666666667,-0.2,-0.133333333333333,
-0.0666666666666667,0.),.UNSPECIFIED.)
CURVE()
GEOMETRIC_REPRESENTATION_ITEM()
RATIONAL_B_SPLINE_CURVE((1.,1.,1.,1.,1.,1.,1.,1.,1.,1.,1.,1.,1.,1.))
REPRESENTATION_ITEM('')
);
#30=(
BOUNDED_CURVE()
B_SPLINE_CURVE(5,(#3575,#3576,#3577,#3578,#3579,#3580,#3581,#3582,#3583,
#3584,#3585,#3586,#3587,#3588,#3589,#3590),.UNSPECIFIED.,.F.,.F.)
B_SPLINE_CURVE_WITH_KNOTS((6,1,1,1,1,1,1,1,1,1,1,6),(-1.,-0.933333333333333,
-0.866666666666667,-0.8,-0.733333333333333,-0.666666666666667,-0.6,-0.533333333333333,
-0.466666666666667,-0.4,-0.333333333333333,-0.316552454832478),
 .UNSPECIFIED.)
CURVE()
GEOMETRIC_REPRESENTATION_ITEM()
RATIONAL_B_SPLINE_CURVE((1.,1.,1.,1.,1.,1.,1.,1.,1.,1.,1.,1.,1.,1.,1.,1.))
REPRESENTATION_ITEM('')
);
#31=(
BOUNDED_CURVE()
B_SPLINE_CURVE(5,(#3594,#3595,#3596,#3597,#3598,#3599,#3600,#3601,#3602,
#3603,#3604,#3605,#3606,#3607,#3608,#3609),.UNSPECIFIED.,.F.,.F.)
B_SPLINE_CURVE_WITH_KNOTS((6,1,1,1,1,1,1,1,1,1,1,6),(0.316552454832477,
0.333333333333333,0.4,0.466666666666667,0.533333333333333,0.6,0.666666666666667,
0.733333333333333,0.8,0.866666666666667,0.933333333333333,1.),
 .UNSPECIFIED.)
CURVE()
GEOMETRIC_REPRESENTATION_ITEM()
RATIONAL_B_SPLINE_CURVE((1.,1.,1.,1.,1.,1.,1.,1.,1.,1.,1.,1.,1.,1.,1.,1.))
REPRESENTATION_ITEM('')
);
#32=(
BOUNDED_CURVE()
B_SPLINE_CURVE(5,(#3614,#3615,#3616,#3617,#3618,#3619,#3620,#3621,#3622,
#3623,#3624,#3625,#3626,#3627,#3628),.UNSPECIFIED.,.F.,.F.)
B_SPLINE_CURVE_WITH_KNOTS((6,1,1,1,1,1,1,1,1,1,6),(0.,0.0666666666666667,
0.133333333333333,0.2,0.266666666666667,0.333333333333333,0.4,0.466666666666667,
0.533333333333333,0.6,0.656218855589358),.UNSPECIFIED.)
CURVE()
GEOMETRIC_REPRESENTATION_ITEM()
RATIONAL_B_SPLINE_CURVE((1.,1.,1.,1.,1.,1.,1.,1.,1.,1.,1.,1.,1.,1.,1.))
REPRESENTATION_ITEM('')
);
#33=STYLED_ITEM('',(#3914),#35);
#34=STYLED_ITEM('',(#3914),#36);
#35=MANIFOLD_SOLID_BREP('Body23',#2217);
#36=MANIFOLD_SOLID_BREP('Body24',#2218);
#37=FACE_BOUND('',#243,.T.);
#38=FACE_BOUND('',#244,.T.);
#39=CIRCLE('',#2266,15.);
#40=CIRCLE('',#2269,15.);
#41=CIRCLE('',#2304,15.);
#42=CIRCLE('',#2309,15.);
#43=ELLIPSE('',#2235,2.82842712474619,2.);
#44=ELLIPSE('',#2236,2.82842712474619,2.);
#45=ELLIPSE('',#2238,2.82842712474619,2.);
#46=ELLIPSE('',#2240,2.82842712474619,2.);
#47=ELLIPSE('',#2318,2.82842712474619,2.);
#48=ELLIPSE('',#2319,2.82842712474619,2.);
#49=ELLIPSE('',#2321,2.82842712474619,2.);
#50=ELLIPSE('',#2323,2.82842712474619,2.);
#51=CYLINDRICAL_SURFACE('',#2234,2.);
#52=CYLINDRICAL_SURFACE('',#2237,2.);
#53=CYLINDRICAL_SURFACE('',#2239,2.);
#54=CYLINDRICAL_SURFACE('',#2241,2.);
#55=CYLINDRICAL_SURFACE('',#2268,15.);
#56=CYLINDRICAL_SURFACE('',#2317,2.);
#57=CYLINDRICAL_SURFACE('',#2320,2.);
#58=CYLINDRICAL_SURFACE('',#2322,2.);
#59=CYLINDRICAL_SURFACE('',#2324,2.);
#60=CYLINDRICAL_SURFACE('',#2326,15.);
#61=FACE_OUTER_BOUND('',#174,.T.);
#62=FACE_OUTER_BOUND('',#175,.T.);
#63=FACE_OUTER_BOUND('',#176,.T.);
#64=FACE_OUTER_BOUND('',#177,.T.);
#65=FACE_OUTER_BOUND('',#178,.T.);
#66=FACE_OUTER_BOUND('',#179,.T.);
#67=FACE_OUTER_BOUND('',#180,.T.);
#68=FACE_OUTER_BOUND('',#181,.T.);
#69=FACE_OUTER_BOUND('',#182,.T.);
#70=FACE_OUTER_BOUND('',#183,.T.);
#71=FACE_OUTER_BOUND('',#184,.T.);
#72=FACE_OUTER_BOUND('',#185,.T.);
#73=FACE_OUTER_BOUND('',#186,.T.);
#74=FACE_OUTER_BOUND('',#187,.T.);
#75=FACE_OUTER_BOUND('',#188,.T.);
#76=FACE_OUTER_BOUND('',#189,.T.);
#77=FACE_OUTER_BOUND('',#190,.T.);
#78=FACE_OUTER_BOUND('',#191,.T.);
#79=FACE_OUTER_BOUND('',#192,.T.);
#80=FACE_OUTER_BOUND('',#193,.T.);
#81=FACE_OUTER_BOUND('',#194,.T.);
#82=FACE_OUTER_BOUND('',#195,.T.);
#83=FACE_OUTER_BOUND('',#196,.T.);
#84=FACE_OUTER_BOUND('',#197,.T.);
#85=FACE_OUTER_BOUND('',#198,.T.);
#86=FACE_OUTER_BOUND('',#199,.T.);
#87=FACE_OUTER_BOUND('',#200,.T.);
#88=FACE_OUTER_BOUND('',#201,.T.);
#89=FACE_OUTER_BOUND('',#202,.T.);
#90=FACE_OUTER_BOUND('',#203,.T.);
#91=FACE_OUTER_BOUND('',#204,.T.);
#92=FACE_OUTER_BOUND('',#205,.T.);
#93=FACE_OUTER_BOUND('',#206,.T.);
#94=FACE_OUTER_BOUND('',#207,.T.);
#95=FACE_OUTER_BOUND('',#208,.T.);
#96=FACE_OUTER_BOUND('',#209,.T.);
#97=FACE_OUTER_BOUND('',#210,.T.);
#98=FACE_OUTER_BOUND('',#211,.T.);
#99=FACE_OUTER_BOUND('',#212,.T.);
#100=FACE_OUTER_BOUND('',#213,.T.);
#101=FACE_OUTER_BOUND('',#214,.T.);
#102=FACE_OUTER_BOUND('',#215,.T.);
#103=FACE_OUTER_BOUND('',#216,.T.);
#104=FACE_OUTER_BOUND('',#217,.T.);
#105=FACE_OUTER_BOUND('',#218,.T.);
#106=FACE_OUTER_BOUND('',#219,.T.);
#107=FACE_OUTER_BOUND('',#220,.T.);
#108=FACE_OUTER_BOUND('',#221,.T.);
#109=FACE_OUTER_BOUND('',#222,.T.);
#110=FACE_OUTER_BOUND('',#223,.T.);
#111=FACE_OUTER_BOUND('',#224,.T.);
#112=FACE_OUTER_BOUND('',#225,.T.);
#113=FACE_OUTER_BOUND('',#226,.T.);
#114=FACE_OUTER_BOUND('',#227,.T.);
#115=FACE_OUTER_BOUND('',#228,.T.);
#116=FACE_OUTER_BOUND('',#229,.T.);
#117=FACE_OUTER_BOUND('',#230,.T.);
#118=FACE_OUTER_BOUND('',#231,.T.);
#119=FACE_OUTER_BOUND('',#232,.T.);
#120=FACE_OUTER_BOUND('',#233,.T.);
#121=FACE_OUTER_BOUND('',#234,.T.);
#122=FACE_OUTER_BOUND('',#235,.T.);
#123=FACE_OUTER_BOUND('',#236,.T.);
#124=FACE_OUTER_BOUND('',#237,.T.);
#125=FACE_OUTER_BOUND('',#238,.T.);
#126=FACE_OUTER_BOUND('',#239,.T.);
#127=FACE_OUTER_BOUND('',#240,.T.);
#128=FACE_OUTER_BOUND('',#241,.T.);
#129=FACE_OUTER_BOUND('',#242,.T.);
#130=FACE_OUTER_BOUND('',#245,.T.);
#131=FACE_OUTER_BOUND('',#246,.T.);
#132=FACE_OUTER_BOUND('',#247,.T.);
#133=FACE_OUTER_BOUND('',#248,.T.);
#134=FACE_OUTER_BOUND('',#249,.T.);
#135=FACE_OUTER_BOUND('',#250,.T.);
#136=FACE_OUTER_BOUND('',#251,.T.);
#137=FACE_OUTER_BOUND('',#252,.T.);
#138=FACE_OUTER_BOUND('',#253,.T.);
#139=FACE_OUTER_BOUND('',#254,.T.);
#140=FACE_OUTER_BOUND('',#255,.T.);
#141=FACE_OUTER_BOUND('',#256,.T.);
#142=FACE_OUTER_BOUND('',#257,.T.);
#143=FACE_OUTER_BOUND('',#258,.T.);
#144=FACE_OUTER_BOUND('',#259,.T.);
#145=FACE_OUTER_BOUND('',#260,.T.);
#146=FACE_OUTER_BOUND('',#261,.T.);
#147=FACE_OUTER_BOUND('',#262,.T.);
#148=FACE_OUTER_BOUND('',#263,.T.);
#149=FACE_OUTER_BOUND('',#264,.T.);
#150=FACE_OUTER_BOUND('',#265,.T.);
#151=FACE_OUTER_BOUND('',#266,.T.);
#152=FACE_OUTER_BOUND('',#267,.T.);
#153=FACE_OUTER_BOUND('',#268,.T.);
#154=FACE_OUTER_BOUND('',#269,.T.);
#155=FACE_OUTER_BOUND('',#270,.T.);
#156=FACE_OUTER_BOUND('',#271,.T.);
#157=FACE_OUTER_BOUND('',#272,.T.);
#158=FACE_OUTER_BOUND('',#273,.T.);
#159=FACE_OUTER_BOUND('',#274,.T.);
#160=FACE_OUTER_BOUND('',#275,.T.);
#161=FACE_OUTER_BOUND('',#276,.T.);
#162=FACE_OUTER_BOUND('',#277,.T.);
#163=FACE_OUTER_BOUND('',#278,.T.);
#164=FACE_OUTER_BOUND('',#279,.T.);
#165=FACE_OUTER_BOUND('',#280,.T.);
#166=FACE_OUTER_BOUND('',#281,.T.);
#167=FACE_OUTER_BOUND('',#282,.T.);
#168=FACE_OUTER_BOUND('',#283,.T.);
#169=FACE_OUTER_BOUND('',#284,.T.);
#170=FACE_OUTER_BOUND('',#285,.T.);
#171=FACE_OUTER_BOUND('',#286,.T.);
#172=FACE_OUTER_BOUND('',#287,.T.);
#173=FACE_OUTER_BOUND('',#288,.T.);
#174=EDGE_LOOP('',(#1380,#1381,#1382,#1383));
#175=EDGE_LOOP('',(#1384,#1385,#1386,#1387));
#176=EDGE_LOOP('',(#1388,#1389,#1390,#1391));
#177=EDGE_LOOP('',(#1392,#1393,#1394,#1395));
#178=EDGE_LOOP('',(#1396,#1397,#1398,#1399));
#179=EDGE_LOOP('',(#1400,#1401,#1402,#1403));
#180=EDGE_LOOP('',(#1404,#1405,#1406,#1407,#1408,#1409));
#181=EDGE_LOOP('',(#1410,#1411,#1412,#1413,#1414,#1415,#1416,#1417,#1418,
#1419,#1420,#1421));
#182=EDGE_LOOP('',(#1422,#1423,#1424,#1425));
#183=EDGE_LOOP('',(#1426,#1427,#1428,#1429,#1430,#1431));
#184=EDGE_LOOP('',(#1432,#1433,#1434,#1435));
#185=EDGE_LOOP('',(#1436,#1437,#1438,#1439,#1440,#1441));
#186=EDGE_LOOP('',(#1442,#1443,#1444,#1445));
#187=EDGE_LOOP('',(#1446,#1447,#1448,#1449));
#188=EDGE_LOOP('',(#1450,#1451,#1452,#1453));
#189=EDGE_LOOP('',(#1454,#1455,#1456,#1457));
#190=EDGE_LOOP('',(#1458,#1459,#1460,#1461,#1462,#1463));
#191=EDGE_LOOP('',(#1464,#1465,#1466,#1467));
#192=EDGE_LOOP('',(#1468,#1469,#1470,#1471,#1472,#1473));
#193=EDGE_LOOP('',(#1474,#1475,#1476,#1477,#1478,#1479,#1480,#1481,#1482,
#1483));
#194=EDGE_LOOP('',(#1484,#1485,#1486,#1487));
#195=EDGE_LOOP('',(#1488,#1489,#1490,#1491));
#196=EDGE_LOOP('',(#1492,#1493,#1494,#1495));
#197=EDGE_LOOP('',(#1496,#1497,#1498,#1499));
#198=EDGE_LOOP('',(#1500,#1501,#1502,#1503));
#199=EDGE_LOOP('',(#1504,#1505,#1506,#1507));
#200=EDGE_LOOP('',(#1508,#1509,#1510,#1511));
#201=EDGE_LOOP('',(#1512,#1513,#1514,#1515));
#202=EDGE_LOOP('',(#1516,#1517,#1518,#1519));
#203=EDGE_LOOP('',(#1520,#1521,#1522,#1523,#1524));
#204=EDGE_LOOP('',(#1525,#1526,#1527,#1528));
#205=EDGE_LOOP('',(#1529,#1530,#1531,#1532));
#206=EDGE_LOOP('',(#1533,#1534,#1535,#1536));
#207=EDGE_LOOP('',(#1537,#1538,#1539,#1540));
#208=EDGE_LOOP('',(#1541,#1542,#1543,#1544,#1545,#1546,#1547,#1548));
#209=EDGE_LOOP('',(#1549,#1550,#1551,#1552));
#210=EDGE_LOOP('',(#1553,#1554,#1555,#1556,#1557,#1558));
#211=EDGE_LOOP('',(#1559,#1560,#1561,#1562));
#212=EDGE_LOOP('',(#1563,#1564,#1565,#1566));
#213=EDGE_LOOP('',(#1567,#1568,#1569,#1570));
#214=EDGE_LOOP('',(#1571,#1572,#1573,#1574));
#215=EDGE_LOOP('',(#1575,#1576,#1577,#1578,#1579,#1580,#1581,#1582,#1583,
#1584));
#216=EDGE_LOOP('',(#1585,#1586,#1587,#1588));
#217=EDGE_LOOP('',(#1589,#1590,#1591,#1592,#1593,#1594));
#218=EDGE_LOOP('',(#1595,#1596,#1597,#1598));
#219=EDGE_LOOP('',(#1599,#1600,#1601,#1602));
#220=EDGE_LOOP('',(#1603,#1604,#1605,#1606,#1607,#1608,#1609,#1610));
#221=EDGE_LOOP('',(#1611,#1612,#1613,#1614,#1615,#1616));
#222=EDGE_LOOP('',(#1617,#1618,#1619,#1620));
#223=EDGE_LOOP('',(#1621,#1622,#1623,#1624,#1625,#1626));
#224=EDGE_LOOP('',(#1627,#1628,#1629,#1630));
#225=EDGE_LOOP('',(#1631,#1632,#1633,#1634));
#226=EDGE_LOOP('',(#1635,#1636,#1637,#1638));
#227=EDGE_LOOP('',(#1639,#1640,#1641,#1642));
#228=EDGE_LOOP('',(#1643,#1644,#1645,#1646,#1647,#1648,#1649,#1650,#1651,
#1652));
#229=EDGE_LOOP('',(#1653,#1654,#1655,#1656));
#230=EDGE_LOOP('',(#1657,#1658,#1659,#1660,#1661,#1662));
#231=EDGE_LOOP('',(#1663,#1664,#1665,#1666));
#232=EDGE_LOOP('',(#1667,#1668,#1669,#1670,#1671));
#233=EDGE_LOOP('',(#1672,#1673,#1674,#1675));
#234=EDGE_LOOP('',(#1676,#1677,#1678,#1679));
#235=EDGE_LOOP('',(#1680,#1681,#1682,#1683));
#236=EDGE_LOOP('',(#1684,#1685,#1686,#1687,#1688,#1689));
#237=EDGE_LOOP('',(#1690,#1691,#1692,#1693,#1694,#1695,#1696,#1697,#1698,
#1699,#1700,#1701));
#238=EDGE_LOOP('',(#1702,#1703,#1704,#1705));
#239=EDGE_LOOP('',(#1706,#1707,#1708,#1709,#1710,#1711,#1712));
#240=EDGE_LOOP('',(#1713,#1714,#1715,#1716));
#241=EDGE_LOOP('',(#1717,#1718,#1719,#1720));
#242=EDGE_LOOP('',(#1721,#1722,#1723,#1724,#1725,#1726,#1727,#1728,#1729,
#1730,#1731,#1732,#1733,#1734,#1735,#1736,#1737,#1738,#1739,#1740,#1741,
#1742,#1743,#1744,#1745,#1746,#1747,#1748,#1749,#1750,#1751,#1752,#1753,
#1754,#1755,#1756,#1757,#1758,#1759,#1760,#1761,#1762,#1763,#1764,#1765,
#1766,#1767,#1768,#1769,#1770,#1771,#1772));
#243=EDGE_LOOP('',(#1773,#1774,#1775,#1776));
#244=EDGE_LOOP('',(#1777,#1778,#1779,#1780));
#245=EDGE_LOOP('',(#1781,#1782,#1783,#1784,#1785,#1786,#1787));
#246=EDGE_LOOP('',(#1788,#1789,#1790,#1791));
#247=EDGE_LOOP('',(#1792,#1793,#1794,#1795));
#248=EDGE_LOOP('',(#1796,#1797,#1798,#1799));
#249=EDGE_LOOP('',(#1800,#1801,#1802,#1803));
#250=EDGE_LOOP('',(#1804,#1805,#1806,#1807));
#251=EDGE_LOOP('',(#1808,#1809,#1810,#1811));
#252=EDGE_LOOP('',(#1812,#1813,#1814,#1815));
#253=EDGE_LOOP('',(#1816,#1817,#1818,#1819));
#254=EDGE_LOOP('',(#1820,#1821,#1822,#1823));
#255=EDGE_LOOP('',(#1824,#1825,#1826,#1827));
#256=EDGE_LOOP('',(#1828,#1829,#1830,#1831));
#257=EDGE_LOOP('',(#1832,#1833,#1834,#1835));
#258=EDGE_LOOP('',(#1836,#1837,#1838,#1839));
#259=EDGE_LOOP('',(#1840,#1841,#1842,#1843));
#260=EDGE_LOOP('',(#1844,#1845,#1846,#1847));
#261=EDGE_LOOP('',(#1848,#1849,#1850,#1851,#1852,#1853));
#262=EDGE_LOOP('',(#1854,#1855,#1856,#1857,#1858,#1859,#1860,#1861));
#263=EDGE_LOOP('',(#1862,#1863,#1864,#1865,#1866,#1867,#1868,#1869));
#264=EDGE_LOOP('',(#1870,#1871,#1872,#1873));
#265=EDGE_LOOP('',(#1874,#1875,#1876,#1877));
#266=EDGE_LOOP('',(#1878,#1879,#1880,#1881));
#267=EDGE_LOOP('',(#1882,#1883,#1884,#1885,#1886,#1887,#1888,#1889,#1890,
#1891,#1892,#1893,#1894,#1895,#1896,#1897));
#268=EDGE_LOOP('',(#1898,#1899,#1900,#1901,#1902,#1903,#1904,#1905,#1906,
#1907,#1908,#1909,#1910,#1911,#1912,#1913));
#269=EDGE_LOOP('',(#1914,#1915,#1916,#1917,#1918,#1919));
#270=EDGE_LOOP('',(#1920,#1921,#1922,#1923,#1924,#1925));
#271=EDGE_LOOP('',(#1926,#1927,#1928,#1929));
#272=EDGE_LOOP('',(#1930,#1931,#1932,#1933));
#273=EDGE_LOOP('',(#1934,#1935,#1936,#1937));
#274=EDGE_LOOP('',(#1938,#1939,#1940,#1941));
#275=EDGE_LOOP('',(#1942,#1943,#1944,#1945));
#276=EDGE_LOOP('',(#1946,#1947,#1948,#1949));
#277=EDGE_LOOP('',(#1950,#1951,#1952,#1953));
#278=EDGE_LOOP('',(#1954,#1955,#1956,#1957));
#279=EDGE_LOOP('',(#1958,#1959,#1960,#1961));
#280=EDGE_LOOP('',(#1962,#1963,#1964,#1965));
#281=EDGE_LOOP('',(#1966,#1967,#1968,#1969));
#282=EDGE_LOOP('',(#1970,#1971,#1972,#1973));
#283=EDGE_LOOP('',(#1974,#1975,#1976,#1977,#1978,#1979));
#284=EDGE_LOOP('',(#1980,#1981,#1982,#1983,#1984));
#285=EDGE_LOOP('',(#1985,#1986,#1987,#1988,#1989));
#286=EDGE_LOOP('',(#1990,#1991,#1992,#1993));
#287=EDGE_LOOP('',(#1994,#1995,#1996,#1997));
#288=EDGE_LOOP('',(#1998,#1999,#2000,#2001,#2002,#2003,#2004,#2005));
#289=LINE('',#2884,#575);
#290=LINE('',#2886,#576);
#291=LINE('',#2888,#577);
#292=LINE('',#2889,#578);
#293=LINE('',#2893,#579);
#294=LINE('',#2895,#580);
#295=LINE('',#2897,#581);
#296=LINE('',#2898,#582);
#297=LINE('',#2902,#583);
#298=LINE('',#2907,#584);
#299=LINE('',#2911,#585);
#300=LINE('',#2914,#586);
#301=LINE('',#2918,#587);
#302=LINE('',#2920,#588);
#303=LINE('',#2922,#589);
#304=LINE('',#2924,#590);
#305=LINE('',#2926,#591);
#306=LINE('',#2927,#592);
#307=LINE('',#2929,#593);
#308=LINE('',#2931,#594);
#309=LINE('',#2933,#595);
#310=LINE('',#2935,#596);
#311=LINE('',#2937,#597);
#312=LINE('',#2939,#598);
#313=LINE('',#2941,#599);
#314=LINE('',#2943,#600);
#315=LINE('',#2945,#601);
#316=LINE('',#2946,#602);
#317=LINE('',#2950,#603);
#318=LINE('',#2952,#604);
#319=LINE('',#2954,#605);
#320=LINE('',#2955,#606);
#321=LINE('',#2959,#607);
#322=LINE('',#2961,#608);
#323=LINE('',#2963,#609);
#324=LINE('',#2964,#610);
#325=LINE('',#2965,#611);
#326=LINE('',#2969,#612);
#327=LINE('',#2971,#613);
#328=LINE('',#2973,#614);
#329=LINE('',#2974,#615);
#330=LINE('',#2978,#616);
#331=LINE('',#2980,#617);
#332=LINE('',#2981,#618);
#333=LINE('',#2983,#619);
#334=LINE('',#2984,#620);
#335=LINE('',#2988,#621);
#336=LINE('',#2990,#622);
#337=LINE('',#2992,#623);
#338=LINE('',#2993,#624);
#339=LINE('',#2996,#625);
#340=LINE('',#2998,#626);
#341=LINE('',#2999,#627);
#342=LINE('',#3002,#628);
#343=LINE('',#3004,#629);
#344=LINE('',#3005,#630);
#345=LINE('',#3008,#631);
#346=LINE('',#3010,#632);
#347=LINE('',#3011,#633);
#348=LINE('',#3013,#634);
#349=LINE('',#3015,#635);
#350=LINE('',#3017,#636);
#351=LINE('',#3018,#637);
#352=LINE('',#3021,#638);
#353=LINE('',#3023,#639);
#354=LINE('',#3024,#640);
#355=LINE('',#3027,#641);
#356=LINE('',#3028,#642);
#357=LINE('',#3029,#643);
#358=LINE('',#3031,#644);
#359=LINE('',#3032,#645);
#360=LINE('',#3036,#646);
#361=LINE('',#3038,#647);
#362=LINE('',#3039,#648);
#363=LINE('',#3042,#649);
#364=LINE('',#3043,#650);
#365=LINE('',#3046,#651);
#366=LINE('',#3047,#652);
#367=LINE('',#3049,#653);
#368=LINE('',#3051,#654);
#369=LINE('',#3052,#655);
#370=LINE('',#3054,#656);
#371=LINE('',#3058,#657);
#372=LINE('',#3059,#658);
#373=LINE('',#3062,#659);
#374=LINE('',#3064,#660);
#375=LINE('',#3067,#661);
#376=LINE('',#3068,#662);
#377=LINE('',#3074,#663);
#378=LINE('',#3076,#664);
#379=LINE('',#3078,#665);
#380=LINE('',#3079,#666);
#381=LINE('',#3083,#667);
#382=LINE('',#3085,#668);
#383=LINE('',#3087,#669);
#384=LINE('',#3088,#670);
#385=LINE('',#3091,#671);
#386=LINE('',#3093,#672);
#387=LINE('',#3094,#673);
#388=LINE('',#3095,#674);
#389=LINE('',#3099,#675);
#390=LINE('',#3101,#676);
#391=LINE('',#3103,#677);
#392=LINE('',#3104,#678);
#393=LINE('',#3108,#679);
#394=LINE('',#3110,#680);
#395=LINE('',#3112,#681);
#396=LINE('',#3114,#682);
#397=LINE('',#3116,#683);
#398=LINE('',#3117,#684);
#399=LINE('',#3120,#685);
#400=LINE('',#3122,#686);
#401=LINE('',#3123,#687);
#402=LINE('',#3126,#688);
#403=LINE('',#3128,#689);
#404=LINE('',#3129,#690);
#405=LINE('',#3132,#691);
#406=LINE('',#3134,#692);
#407=LINE('',#3135,#693);
#408=LINE('',#3137,#694);
#409=LINE('',#3138,#695);
#410=LINE('',#3140,#696);
#411=LINE('',#3141,#697);
#412=LINE('',#3144,#698);
#413=LINE('',#3146,#699);
#414=LINE('',#3147,#700);
#415=LINE('',#3149,#701);
#416=LINE('',#3150,#702);
#417=LINE('',#3154,#703);
#418=LINE('',#3156,#704);
#419=LINE('',#3158,#705);
#420=LINE('',#3159,#706);
#421=LINE('',#3163,#707);
#422=LINE('',#3165,#708);
#423=LINE('',#3167,#709);
#424=LINE('',#3168,#710);
#425=LINE('',#3171,#711);
#426=LINE('',#3173,#712);
#427=LINE('',#3174,#713);
#428=LINE('',#3175,#714);
#429=LINE('',#3179,#715);
#430=LINE('',#3181,#716);
#431=LINE('',#3183,#717);
#432=LINE('',#3185,#718);
#433=LINE('',#3187,#719);
#434=LINE('',#3188,#720);
#435=LINE('',#3191,#721);
#436=LINE('',#3193,#722);
#437=LINE('',#3194,#723);
#438=LINE('',#3198,#724);
#439=LINE('',#3200,#725);
#440=LINE('',#3201,#726);
#441=LINE('',#3203,#727);
#442=LINE('',#3204,#728);
#443=LINE('',#3207,#729);
#444=LINE('',#3209,#730);
#445=LINE('',#3210,#731);
#446=LINE('',#3213,#732);
#447=LINE('',#3215,#733);
#448=LINE('',#3216,#734);
#449=LINE('',#3219,#735);
#450=LINE('',#3221,#736);
#451=LINE('',#3222,#737);
#452=LINE('',#3224,#738);
#453=LINE('',#3225,#739);
#454=LINE('',#3227,#740);
#455=LINE('',#3230,#741);
#456=LINE('',#3232,#742);
#457=LINE('',#3233,#743);
#458=LINE('',#3235,#744);
#459=LINE('',#3236,#745);
#460=LINE('',#3238,#746);
#461=LINE('',#3239,#747);
#462=LINE('',#3243,#748);
#463=LINE('',#3245,#749);
#464=LINE('',#3246,#750);
#465=LINE('',#3249,#751);
#466=LINE('',#3251,#752);
#467=LINE('',#3252,#753);
#468=LINE('',#3255,#754);
#469=LINE('',#3257,#755);
#470=LINE('',#3258,#756);
#471=LINE('',#3260,#757);
#472=LINE('',#3264,#758);
#473=LINE('',#3265,#759);
#474=LINE('',#3267,#760);
#475=LINE('',#3269,#761);
#476=LINE('',#3271,#762);
#477=LINE('',#3273,#763);
#478=LINE('',#3275,#764);
#479=LINE('',#3277,#765);
#480=LINE('',#3279,#766);
#481=LINE('',#3281,#767);
#482=LINE('',#3282,#768);
#483=LINE('',#3285,#769);
#484=LINE('',#3287,#770);
#485=LINE('',#3288,#771);
#486=LINE('',#3291,#772);
#487=LINE('',#3293,#773);
#488=LINE('',#3295,#774);
#489=LINE('',#3297,#775);
#490=LINE('',#3301,#776);
#491=LINE('',#3303,#777);
#492=LINE('',#3304,#778);
#493=LINE('',#3307,#779);
#494=LINE('',#3308,#780);
#495=LINE('',#3310,#781);
#496=LINE('',#3312,#782);
#497=LINE('',#3313,#783);
#498=LINE('',#3315,#784);
#499=LINE('',#3316,#785);
#500=LINE('',#3317,#786);
#501=LINE('',#3318,#787);
#502=LINE('',#3321,#788);
#503=LINE('',#3323,#789);
#504=LINE('',#3325,#790);
#505=LINE('',#3326,#791);
#506=LINE('',#3331,#792);
#507=LINE('',#3333,#793);
#508=LINE('',#3334,#794);
#509=LINE('',#3336,#795);
#510=LINE('',#3340,#796);
#511=LINE('',#3342,#797);
#512=LINE('',#3343,#798);
#513=LINE('',#3346,#799);
#514=LINE('',#3348,#800);
#515=LINE('',#3349,#801);
#516=LINE('',#3351,#802);
#517=LINE('',#3353,#803);
#518=LINE('',#3358,#804);
#519=LINE('',#3363,#805);
#520=LINE('',#3365,#806);
#521=LINE('',#3368,#807);
#522=LINE('',#3371,#808);
#523=LINE('',#3372,#809);
#524=LINE('',#3375,#810);
#525=LINE('',#3379,#811);
#526=LINE('',#3381,#812);
#527=LINE('',#3383,#813);
#528=LINE('',#3390,#814);
#529=LINE('',#3392,#815);
#530=LINE('',#3394,#816);
#531=LINE('',#3396,#817);
#532=LINE('',#3398,#818);
#533=LINE('',#3416,#819);
#534=LINE('',#3418,#820);
#535=LINE('',#3437,#821);
#536=LINE('',#3456,#822);
#537=LINE('',#3458,#823);
#538=LINE('',#3524,#824);
#539=LINE('',#3528,#825);
#540=LINE('',#3530,#826);
#541=LINE('',#3532,#827);
#542=LINE('',#3534,#828);
#543=LINE('',#3536,#829);
#544=LINE('',#3538,#830);
#545=LINE('',#3571,#831);
#546=LINE('',#3573,#832);
#547=LINE('',#3592,#833);
#548=LINE('',#3611,#834);
#549=LINE('',#3613,#835);
#550=LINE('',#3630,#836);
#551=LINE('',#3632,#837);
#552=LINE('',#3634,#838);
#553=LINE('',#3635,#839);
#554=LINE('',#3638,#840);
#555=LINE('',#3640,#841);
#556=LINE('',#3641,#842);
#557=LINE('',#3642,#843);
#558=LINE('',#3645,#844);
#559=LINE('',#3647,#845);
#560=LINE('',#3648,#846);
#561=LINE('',#3651,#847);
#562=LINE('',#3652,#848);
#563=LINE('',#3655,#849);
#564=LINE('',#3656,#850);
#565=LINE('',#3703,#851);
#566=LINE('',#3705,#852);
#567=LINE('',#3707,#853);
#568=LINE('',#3709,#854);
#569=LINE('',#3710,#855);
#570=LINE('',#3712,#856);
#571=LINE('',#3714,#857);
#572=LINE('',#3716,#858);
#573=LINE('',#3718,#859);
#574=LINE('',#3863,#860);
#575=VECTOR('',#2356,10.);
#576=VECTOR('',#2357,10.);
#577=VECTOR('',#2358,10.);
#578=VECTOR('',#2359,10.);
#579=VECTOR('',#2362,10.);
#580=VECTOR('',#2363,10.);
#581=VECTOR('',#2364,10.);
#582=VECTOR('',#2365,10.);
#583=VECTOR('',#2368,10.);
#584=VECTOR('',#2375,10.);
#585=VECTOR('',#2380,10.);
#586=VECTOR('',#2385,10.);
#587=VECTOR('',#2388,10.);
#588=VECTOR('',#2389,10.);
#589=VECTOR('',#2390,10.);
#590=VECTOR('',#2391,10.);
#591=VECTOR('',#2392,10.);
#592=VECTOR('',#2393,10.);
#593=VECTOR('',#2396,10.);
#594=VECTOR('',#2397,10.);
#595=VECTOR('',#2398,10.);
#596=VECTOR('',#2399,10.);
#597=VECTOR('',#2400,10.);
#598=VECTOR('',#2401,10.);
#599=VECTOR('',#2402,10.);
#600=VECTOR('',#2403,10.);
#601=VECTOR('',#2404,10.);
#602=VECTOR('',#2405,10.);
#603=VECTOR('',#2408,10.);
#604=VECTOR('',#2409,10.);
#605=VECTOR('',#2410,10.);
#606=VECTOR('',#2411,10.);
#607=VECTOR('',#2414,10.);
#608=VECTOR('',#2415,10.);
#609=VECTOR('',#2416,10.);
#610=VECTOR('',#2417,10.);
#611=VECTOR('',#2418,10.);
#612=VECTOR('',#2421,10.);
#613=VECTOR('',#2422,10.);
#614=VECTOR('',#2423,10.);
#615=VECTOR('',#2424,10.);
#616=VECTOR('',#2427,10.);
#617=VECTOR('',#2428,10.);
#618=VECTOR('',#2429,10.);
#619=VECTOR('',#2430,10.);
#620=VECTOR('',#2431,10.);
#621=VECTOR('',#2434,10.);
#622=VECTOR('',#2435,10.);
#623=VECTOR('',#2436,10.);
#624=VECTOR('',#2437,10.);
#625=VECTOR('',#2440,10.);
#626=VECTOR('',#2441,10.);
#627=VECTOR('',#2442,10.);
#628=VECTOR('',#2445,10.);
#629=VECTOR('',#2446,10.);
#630=VECTOR('',#2447,10.);
#631=VECTOR('',#2450,10.);
#632=VECTOR('',#2451,10.);
#633=VECTOR('',#2452,10.);
#634=VECTOR('',#2455,10.);
#635=VECTOR('',#2456,10.);
#636=VECTOR('',#2457,10.);
#637=VECTOR('',#2458,10.);
#638=VECTOR('',#2461,10.);
#639=VECTOR('',#2462,10.);
#640=VECTOR('',#2463,10.);
#641=VECTOR('',#2466,10.);
#642=VECTOR('',#2467,10.);
#643=VECTOR('',#2468,10.);
#644=VECTOR('',#2471,10.);
#645=VECTOR('',#2472,10.);
#646=VECTOR('',#2477,10.);
#647=VECTOR('',#2478,10.);
#648=VECTOR('',#2479,10.);
#649=VECTOR('',#2482,10.);
#650=VECTOR('',#2483,10.);
#651=VECTOR('',#2486,10.);
#652=VECTOR('',#2487,10.);
#653=VECTOR('',#2490,10.);
#654=VECTOR('',#2493,10.);
#655=VECTOR('',#2494,10.);
#656=VECTOR('',#2497,10.);
#657=VECTOR('',#2502,10.);
#658=VECTOR('',#2503,10.);
#659=VECTOR('',#2506,10.);
#660=VECTOR('',#2509,10.);
#661=VECTOR('',#2512,10.);
#662=VECTOR('',#2513,15.);
#663=VECTOR('',#2520,10.);
#664=VECTOR('',#2521,10.);
#665=VECTOR('',#2522,10.);
#666=VECTOR('',#2523,10.);
#667=VECTOR('',#2526,10.);
#668=VECTOR('',#2527,10.);
#669=VECTOR('',#2528,10.);
#670=VECTOR('',#2529,10.);
#671=VECTOR('',#2532,10.);
#672=VECTOR('',#2533,10.);
#673=VECTOR('',#2534,10.);
#674=VECTOR('',#2535,10.);
#675=VECTOR('',#2538,10.);
#676=VECTOR('',#2539,10.);
#677=VECTOR('',#2540,10.);
#678=VECTOR('',#2541,10.);
#679=VECTOR('',#2544,10.);
#680=VECTOR('',#2545,10.);
#681=VECTOR('',#2546,10.);
#682=VECTOR('',#2547,10.);
#683=VECTOR('',#2548,10.);
#684=VECTOR('',#2549,10.);
#685=VECTOR('',#2552,10.);
#686=VECTOR('',#2553,10.);
#687=VECTOR('',#2554,10.);
#688=VECTOR('',#2557,10.);
#689=VECTOR('',#2558,10.);
#690=VECTOR('',#2559,10.);
#691=VECTOR('',#2562,10.);
#692=VECTOR('',#2563,10.);
#693=VECTOR('',#2564,10.);
#694=VECTOR('',#2567,10.);
#695=VECTOR('',#2568,10.);
#696=VECTOR('',#2571,10.);
#697=VECTOR('',#2572,10.);
#698=VECTOR('',#2575,10.);
#699=VECTOR('',#2576,10.);
#700=VECTOR('',#2577,10.);
#701=VECTOR('',#2580,10.);
#702=VECTOR('',#2581,10.);
#703=VECTOR('',#2584,10.);
#704=VECTOR('',#2585,10.);
#705=VECTOR('',#2586,10.);
#706=VECTOR('',#2587,10.);
#707=VECTOR('',#2590,10.);
#708=VECTOR('',#2591,10.);
#709=VECTOR('',#2592,10.);
#710=VECTOR('',#2593,10.);
#711=VECTOR('',#2596,10.);
#712=VECTOR('',#2597,10.);
#713=VECTOR('',#2598,10.);
#714=VECTOR('',#2599,10.);
#715=VECTOR('',#2602,10.);
#716=VECTOR('',#2603,10.);
#717=VECTOR('',#2604,10.);
#718=VECTOR('',#2605,10.);
#719=VECTOR('',#2606,10.);
#720=VECTOR('',#2607,10.);
#721=VECTOR('',#2610,10.);
#722=VECTOR('',#2611,10.);
#723=VECTOR('',#2612,10.);
#724=VECTOR('',#2615,10.);
#725=VECTOR('',#2616,10.);
#726=VECTOR('',#2617,10.);
#727=VECTOR('',#2618,10.);
#728=VECTOR('',#2619,10.);
#729=VECTOR('',#2622,10.);
#730=VECTOR('',#2623,10.);
#731=VECTOR('',#2624,10.);
#732=VECTOR('',#2627,10.);
#733=VECTOR('',#2628,10.);
#734=VECTOR('',#2629,10.);
#735=VECTOR('',#2632,10.);
#736=VECTOR('',#2633,10.);
#737=VECTOR('',#2634,10.);
#738=VECTOR('',#2637,10.);
#739=VECTOR('',#2638,10.);
#740=VECTOR('',#2641,10.);
#741=VECTOR('',#2644,10.);
#742=VECTOR('',#2645,10.);
#743=VECTOR('',#2646,10.);
#744=VECTOR('',#2649,10.);
#745=VECTOR('',#2650,10.);
#746=VECTOR('',#2653,10.);
#747=VECTOR('',#2654,10.);
#748=VECTOR('',#2659,10.);
#749=VECTOR('',#2660,10.);
#750=VECTOR('',#2661,10.);
#751=VECTOR('',#2664,10.);
#752=VECTOR('',#2665,10.);
#753=VECTOR('',#2666,10.);
#754=VECTOR('',#2669,10.);
#755=VECTOR('',#2670,10.);
#756=VECTOR('',#2671,10.);
#757=VECTOR('',#2674,10.);
#758=VECTOR('',#2677,10.);
#759=VECTOR('',#2678,10.);
#760=VECTOR('',#2679,10.);
#761=VECTOR('',#2680,10.);
#762=VECTOR('',#2681,10.);
#763=VECTOR('',#2682,10.);
#764=VECTOR('',#2683,10.);
#765=VECTOR('',#2684,10.);
#766=VECTOR('',#2685,10.);
#767=VECTOR('',#2686,10.);
#768=VECTOR('',#2687,10.);
#769=VECTOR('',#2690,10.);
#770=VECTOR('',#2691,10.);
#771=VECTOR('',#2692,10.);
#772=VECTOR('',#2695,10.);
#773=VECTOR('',#2696,10.);
#774=VECTOR('',#2697,10.);
#775=VECTOR('',#2698,10.);
#776=VECTOR('',#2703,10.);
#777=VECTOR('',#2704,10.);
#778=VECTOR('',#2705,10.);
#779=VECTOR('',#2708,10.);
#780=VECTOR('',#2709,10.);
#781=VECTOR('',#2712,10.);
#782=VECTOR('',#2713,10.);
#783=VECTOR('',#2714,10.);
#784=VECTOR('',#2715,10.);
#785=VECTOR('',#2716,10.);
#786=VECTOR('',#2717,10.);
#787=VECTOR('',#2718,10.);
#788=VECTOR('',#2719,10.);
#789=VECTOR('',#2720,10.);
#790=VECTOR('',#2721,10.);
#791=VECTOR('',#2722,10.);
#792=VECTOR('',#2727,10.);
#793=VECTOR('',#2728,10.);
#794=VECTOR('',#2729,10.);
#795=VECTOR('',#2732,10.);
#796=VECTOR('',#2737,10.);
#797=VECTOR('',#2738,10.);
#798=VECTOR('',#2739,10.);
#799=VECTOR('',#2742,10.);
#800=VECTOR('',#2743,10.);
#801=VECTOR('',#2744,10.);
#802=VECTOR('',#2747,10.);
#803=VECTOR('',#2750,10.);
#804=VECTOR('',#2755,10.);
#805=VECTOR('',#2762,10.);
#806=VECTOR('',#2765,10.);
#807=VECTOR('',#2768,10.);
#808=VECTOR('',#2773,10.);
#809=VECTOR('',#2774,10.);
#810=VECTOR('',#2779,15.);
#811=VECTOR('',#2786,10.);
#812=VECTOR('',#2789,10.);
#813=VECTOR('',#2792,10.);
#814=VECTOR('',#2801,10.);
#815=VECTOR('',#2802,10.);
#816=VECTOR('',#2803,10.);
#817=VECTOR('',#2804,10.);
#818=VECTOR('',#2805,10.);
#819=VECTOR('',#2806,10.);
#820=VECTOR('',#2807,10.);
#821=VECTOR('',#2808,10.);
#822=VECTOR('',#2809,10.);
#823=VECTOR('',#2810,10.);
#824=VECTOR('',#2811,10.);
#825=VECTOR('',#2814,10.);
#826=VECTOR('',#2815,10.);
#827=VECTOR('',#2816,10.);
#828=VECTOR('',#2817,10.);
#829=VECTOR('',#2818,10.);
#830=VECTOR('',#2819,10.);
#831=VECTOR('',#2820,10.);
#832=VECTOR('',#2821,10.);
#833=VECTOR('',#2822,10.);
#834=VECTOR('',#2823,10.);
#835=VECTOR('',#2824,10.);
#836=VECTOR('',#2827,10.);
#837=VECTOR('',#2828,10.);
#838=VECTOR('',#2829,10.);
#839=VECTOR('',#2830,10.);
#840=VECTOR('',#2833,10.);
#841=VECTOR('',#2834,10.);
#842=VECTOR('',#2835,10.);
#843=VECTOR('',#2836,10.);
#844=VECTOR('',#2839,10.);
#845=VECTOR('',#2840,10.);
#846=VECTOR('',#2841,10.);
#847=VECTOR('',#2844,10.);
#848=VECTOR('',#2845,10.);
#849=VECTOR('',#2848,10.);
#850=VECTOR('',#2849,10.);
#851=VECTOR('',#2850,10.);
#852=VECTOR('',#2853,10.);
#853=VECTOR('',#2856,10.);
#854=VECTOR('',#2859,10.);
#855=VECTOR('',#2860,10.);
#856=VECTOR('',#2863,10.);
#857=VECTOR('',#2866,10.);
#858=VECTOR('',#2869,10.);
#859=VECTOR('',#2872,10.);
#860=VECTOR('',#2877,10.);
#861=VERTEX_POINT('',#2882);
#862=VERTEX_POINT('',#2883);
#863=VERTEX_POINT('',#2885);
#864=VERTEX_POINT('',#2887);
#865=VERTEX_POINT('',#2891);
#866=VERTEX_POINT('',#2892);
#867=VERTEX_POINT('',#2894);
#868=VERTEX_POINT('',#2896);
#869=VERTEX_POINT('',#2900);
#870=VERTEX_POINT('',#2901);
#871=VERTEX_POINT('',#2906);
#872=VERTEX_POINT('',#2910);
#873=VERTEX_POINT('',#2916);
#874=VERTEX_POINT('',#2917);
#875=VERTEX_POINT('',#2919);
#876=VERTEX_POINT('',#2921);
#877=VERTEX_POINT('',#2923);
#878=VERTEX_POINT('',#2925);
#879=VERTEX_POINT('',#2930);
#880=VERTEX_POINT('',#2932);
#881=VERTEX_POINT('',#2934);
#882=VERTEX_POINT('',#2936);
#883=VERTEX_POINT('',#2938);
#884=VERTEX_POINT('',#2940);
#885=VERTEX_POINT('',#2942);
#886=VERTEX_POINT('',#2944);
#887=VERTEX_POINT('',#2948);
#888=VERTEX_POINT('',#2949);
#889=VERTEX_POINT('',#2951);
#890=VERTEX_POINT('',#2953);
#891=VERTEX_POINT('',#2957);
#892=VERTEX_POINT('',#2958);
#893=VERTEX_POINT('',#2960);
#894=VERTEX_POINT('',#2962);
#895=VERTEX_POINT('',#2967);
#896=VERTEX_POINT('',#2968);
#897=VERTEX_POINT('',#2970);
#898=VERTEX_POINT('',#2972);
#899=VERTEX_POINT('',#2976);
#900=VERTEX_POINT('',#2977);
#901=VERTEX_POINT('',#2979);
#902=VERTEX_POINT('',#2982);
#903=VERTEX_POINT('',#2986);
#904=VERTEX_POINT('',#2987);
#905=VERTEX_POINT('',#2989);
#906=VERTEX_POINT('',#2991);
#907=VERTEX_POINT('',#2995);
#908=VERTEX_POINT('',#2997);
#909=VERTEX_POINT('',#3001);
#910=VERTEX_POINT('',#3003);
#911=VERTEX_POINT('',#3007);
#912=VERTEX_POINT('',#3009);
#913=VERTEX_POINT('',#3014);
#914=VERTEX_POINT('',#3016);
#915=VERTEX_POINT('',#3020);
#916=VERTEX_POINT('',#3022);
#917=VERTEX_POINT('',#3026);
#918=VERTEX_POINT('',#3035);
#919=VERTEX_POINT('',#3037);
#920=VERTEX_POINT('',#3041);
#921=VERTEX_POINT('',#3045);
#922=VERTEX_POINT('',#3057);
#923=VERTEX_POINT('',#3061);
#924=VERTEX_POINT('',#3066);
#925=VERTEX_POINT('',#3072);
#926=VERTEX_POINT('',#3073);
#927=VERTEX_POINT('',#3075);
#928=VERTEX_POINT('',#3077);
#929=VERTEX_POINT('',#3081);
#930=VERTEX_POINT('',#3082);
#931=VERTEX_POINT('',#3084);
#932=VERTEX_POINT('',#3086);
#933=VERTEX_POINT('',#3090);
#934=VERTEX_POINT('',#3092);
#935=VERTEX_POINT('',#3097);
#936=VERTEX_POINT('',#3098);
#937=VERTEX_POINT('',#3100);
#938=VERTEX_POINT('',#3102);
#939=VERTEX_POINT('',#3106);
#940=VERTEX_POINT('',#3107);
#941=VERTEX_POINT('',#3109);
#942=VERTEX_POINT('',#3111);
#943=VERTEX_POINT('',#3113);
#944=VERTEX_POINT('',#3115);
#945=VERTEX_POINT('',#3119);
#946=VERTEX_POINT('',#3121);
#947=VERTEX_POINT('',#3125);
#948=VERTEX_POINT('',#3127);
#949=VERTEX_POINT('',#3131);
#950=VERTEX_POINT('',#3133);
#951=VERTEX_POINT('',#3143);
#952=VERTEX_POINT('',#3145);
#953=VERTEX_POINT('',#3152);
#954=VERTEX_POINT('',#3153);
#955=VERTEX_POINT('',#3155);
#956=VERTEX_POINT('',#3157);
#957=VERTEX_POINT('',#3161);
#958=VERTEX_POINT('',#3162);
#959=VERTEX_POINT('',#3164);
#960=VERTEX_POINT('',#3166);
#961=VERTEX_POINT('',#3170);
#962=VERTEX_POINT('',#3172);
#963=VERTEX_POINT('',#3177);
#964=VERTEX_POINT('',#3178);
#965=VERTEX_POINT('',#3180);
#966=VERTEX_POINT('',#3182);
#967=VERTEX_POINT('',#3184);
#968=VERTEX_POINT('',#3186);
#969=VERTEX_POINT('',#3190);
#970=VERTEX_POINT('',#3192);
#971=VERTEX_POINT('',#3196);
#972=VERTEX_POINT('',#3197);
#973=VERTEX_POINT('',#3199);
#974=VERTEX_POINT('',#3202);
#975=VERTEX_POINT('',#3206);
#976=VERTEX_POINT('',#3208);
#977=VERTEX_POINT('',#3212);
#978=VERTEX_POINT('',#3214);
#979=VERTEX_POINT('',#3218);
#980=VERTEX_POINT('',#3220);
#981=VERTEX_POINT('',#3229);
#982=VERTEX_POINT('',#3231);
#983=VERTEX_POINT('',#3242);
#984=VERTEX_POINT('',#3244);
#985=VERTEX_POINT('',#3248);
#986=VERTEX_POINT('',#3250);
#987=VERTEX_POINT('',#3254);
#988=VERTEX_POINT('',#3256);
#989=VERTEX_POINT('',#3262);
#990=VERTEX_POINT('',#3263);
#991=VERTEX_POINT('',#3266);
#992=VERTEX_POINT('',#3268);
#993=VERTEX_POINT('',#3270);
#994=VERTEX_POINT('',#3272);
#995=VERTEX_POINT('',#3274);
#996=VERTEX_POINT('',#3276);
#997=VERTEX_POINT('',#3278);
#998=VERTEX_POINT('',#3280);
#999=VERTEX_POINT('',#3284);
#1000=VERTEX_POINT('',#3286);
#1001=VERTEX_POINT('',#3290);
#1002=VERTEX_POINT('',#3292);
#1003=VERTEX_POINT('',#3294);
#1004=VERTEX_POINT('',#3296);
#1005=VERTEX_POINT('',#3300);
#1006=VERTEX_POINT('',#3302);
#1007=VERTEX_POINT('',#3306);
#1008=VERTEX_POINT('',#3311);
#1009=VERTEX_POINT('',#3314);
#1010=VERTEX_POINT('',#3319);
#1011=VERTEX_POINT('',#3320);
#1012=VERTEX_POINT('',#3322);
#1013=VERTEX_POINT('',#3324);
#1014=VERTEX_POINT('',#3328);
#1015=VERTEX_POINT('',#3330);
#1016=VERTEX_POINT('',#3332);
#1017=VERTEX_POINT('',#3339);
#1018=VERTEX_POINT('',#3341);
#1019=VERTEX_POINT('',#3345);
#1020=VERTEX_POINT('',#3347);
#1021=VERTEX_POINT('',#3356);
#1022=VERTEX_POINT('',#3357);
#1023=VERTEX_POINT('',#3362);
#1024=VERTEX_POINT('',#3367);
#1025=VERTEX_POINT('',#3388);
#1026=VERTEX_POINT('',#3389);
#1027=VERTEX_POINT('',#3391);
#1028=VERTEX_POINT('',#3393);
#1029=VERTEX_POINT('',#3395);
#1030=VERTEX_POINT('',#3397);
#1031=VERTEX_POINT('',#3399);
#1032=VERTEX_POINT('',#3415);
#1033=VERTEX_POINT('',#3417);
#1034=VERTEX_POINT('',#3419);
#1035=VERTEX_POINT('',#3436);
#1036=VERTEX_POINT('',#3438);
#1037=VERTEX_POINT('',#3455);
#1038=VERTEX_POINT('',#3457);
#1039=VERTEX_POINT('',#3459);
#1040=VERTEX_POINT('',#3474);
#1041=VERTEX_POINT('',#3526);
#1042=VERTEX_POINT('',#3527);
#1043=VERTEX_POINT('',#3529);
#1044=VERTEX_POINT('',#3531);
#1045=VERTEX_POINT('',#3533);
#1046=VERTEX_POINT('',#3535);
#1047=VERTEX_POINT('',#3537);
#1048=VERTEX_POINT('',#3539);
#1049=VERTEX_POINT('',#3555);
#1050=VERTEX_POINT('',#3570);
#1051=VERTEX_POINT('',#3572);
#1052=VERTEX_POINT('',#3574);
#1053=VERTEX_POINT('',#3591);
#1054=VERTEX_POINT('',#3593);
#1055=VERTEX_POINT('',#3610);
#1056=VERTEX_POINT('',#3612);
#1057=VERTEX_POINT('',#3631);
#1058=VERTEX_POINT('',#3633);
#1059=VERTEX_POINT('',#3637);
#1060=VERTEX_POINT('',#3639);
#1061=VERTEX_POINT('',#3644);
#1062=VERTEX_POINT('',#3646);
#1063=VERTEX_POINT('',#3650);
#1064=VERTEX_POINT('',#3654);
#1065=VERTEX_POINT('',#3760);
#1066=VERTEX_POINT('',#3767);
#1067=EDGE_CURVE('',#861,#862,#289,.T.);
#1068=EDGE_CURVE('',#863,#861,#290,.T.);
#1069=EDGE_CURVE('',#864,#863,#291,.T.);
#1070=EDGE_CURVE('',#864,#862,#292,.T.);
#1071=EDGE_CURVE('',#865,#866,#293,.T.);
#1072=EDGE_CURVE('',#867,#865,#294,.T.);
#1073=EDGE_CURVE('',#868,#867,#295,.T.);
#1074=EDGE_CURVE('',#866,#868,#296,.T.);
#1075=EDGE_CURVE('',#869,#870,#297,.T.);
#1076=EDGE_CURVE('',#867,#870,#43,.T.);
#1077=EDGE_CURVE('',#865,#869,#44,.T.);
#1078=EDGE_CURVE('',#870,#871,#298,.T.);
#1079=EDGE_CURVE('',#868,#871,#45,.T.);
#1080=EDGE_CURVE('',#871,#872,#299,.T.);
#1081=EDGE_CURVE('',#866,#872,#46,.T.);
#1082=EDGE_CURVE('',#872,#869,#300,.T.);
#1083=EDGE_CURVE('',#873,#874,#301,.T.);
#1084=EDGE_CURVE('',#875,#873,#302,.T.);
#1085=EDGE_CURVE('',#875,#876,#303,.T.);
#1086=EDGE_CURVE('',#876,#877,#304,.T.);
#1087=EDGE_CURVE('',#877,#878,#305,.T.);
#1088=EDGE_CURVE('',#878,#874,#306,.T.);
#1089=EDGE_CURVE('',#862,#873,#307,.T.);
#1090=EDGE_CURVE('',#879,#864,#308,.T.);
#1091=EDGE_CURVE('',#880,#879,#309,.T.);
#1092=EDGE_CURVE('',#880,#881,#310,.T.);
#1093=EDGE_CURVE('',#882,#881,#311,.T.);
#1094=EDGE_CURVE('',#883,#882,#312,.T.);
#1095=EDGE_CURVE('',#883,#884,#313,.T.);
#1096=EDGE_CURVE('',#885,#884,#314,.T.);
#1097=EDGE_CURVE('',#886,#885,#315,.T.);
#1098=EDGE_CURVE('',#886,#875,#316,.T.);
#1099=EDGE_CURVE('',#887,#888,#317,.T.);
#1100=EDGE_CURVE('',#889,#888,#318,.T.);
#1101=EDGE_CURVE('',#890,#889,#319,.T.);
#1102=EDGE_CURVE('',#887,#890,#320,.T.);
#1103=EDGE_CURVE('',#891,#892,#321,.T.);
#1104=EDGE_CURVE('',#893,#892,#322,.T.);
#1105=EDGE_CURVE('',#894,#893,#323,.T.);
#1106=EDGE_CURVE('',#863,#894,#324,.T.);
#1107=EDGE_CURVE('',#861,#891,#325,.T.);
#1108=EDGE_CURVE('',#895,#896,#326,.T.);
#1109=EDGE_CURVE('',#897,#896,#327,.T.);
#1110=EDGE_CURVE('',#897,#898,#328,.T.);
#1111=EDGE_CURVE('',#895,#898,#329,.T.);
#1112=EDGE_CURVE('',#899,#900,#330,.T.);
#1113=EDGE_CURVE('',#900,#901,#331,.T.);
#1114=EDGE_CURVE('',#901,#878,#332,.T.);
#1115=EDGE_CURVE('',#877,#902,#333,.T.);
#1116=EDGE_CURVE('',#902,#899,#334,.T.);
#1117=EDGE_CURVE('',#903,#904,#335,.T.);
#1118=EDGE_CURVE('',#903,#905,#336,.T.);
#1119=EDGE_CURVE('',#906,#905,#337,.T.);
#1120=EDGE_CURVE('',#904,#906,#338,.T.);
#1121=EDGE_CURVE('',#904,#907,#339,.T.);
#1122=EDGE_CURVE('',#908,#906,#340,.T.);
#1123=EDGE_CURVE('',#907,#908,#341,.T.);
#1124=EDGE_CURVE('',#909,#900,#342,.T.);
#1125=EDGE_CURVE('',#910,#899,#343,.T.);
#1126=EDGE_CURVE('',#909,#910,#344,.T.);
#1127=EDGE_CURVE('',#909,#911,#345,.T.);
#1128=EDGE_CURVE('',#912,#910,#346,.T.);
#1129=EDGE_CURVE('',#911,#912,#347,.T.);
#1130=EDGE_CURVE('',#911,#895,#348,.T.);
#1131=EDGE_CURVE('',#913,#912,#349,.T.);
#1132=EDGE_CURVE('',#914,#913,#350,.T.);
#1133=EDGE_CURVE('',#896,#914,#351,.T.);
#1134=EDGE_CURVE('',#915,#903,#352,.T.);
#1135=EDGE_CURVE('',#916,#915,#353,.T.);
#1136=EDGE_CURVE('',#905,#916,#354,.T.);
#1137=EDGE_CURVE('',#908,#917,#355,.T.);
#1138=EDGE_CURVE('',#917,#876,#356,.T.);
#1139=EDGE_CURVE('',#907,#886,#357,.T.);
#1140=EDGE_CURVE('',#917,#902,#358,.T.);
#1141=EDGE_CURVE('',#913,#916,#359,.T.);
#1142=EDGE_CURVE('',#918,#889,#360,.T.);
#1143=EDGE_CURVE('',#918,#919,#361,.T.);
#1144=EDGE_CURVE('',#890,#919,#362,.T.);
#1145=EDGE_CURVE('',#888,#920,#363,.T.);
#1146=EDGE_CURVE('',#920,#918,#364,.T.);
#1147=EDGE_CURVE('',#921,#887,#365,.T.);
#1148=EDGE_CURVE('',#921,#920,#366,.T.);
#1149=EDGE_CURVE('',#879,#894,#367,.T.);
#1150=EDGE_CURVE('',#893,#880,#368,.T.);
#1151=EDGE_CURVE('',#881,#892,#369,.T.);
#1152=EDGE_CURVE('',#919,#921,#370,.T.);
#1153=EDGE_CURVE('',#901,#922,#371,.T.);
#1154=EDGE_CURVE('',#922,#874,#372,.T.);
#1155=EDGE_CURVE('',#923,#870,#373,.T.);
#1156=EDGE_CURVE('',#883,#923,#39,.T.);
#1157=EDGE_CURVE('',#871,#882,#374,.T.);
#1158=EDGE_CURVE('',#924,#869,#375,.T.);
#1159=EDGE_CURVE('',#923,#924,#376,.T.);
#1160=EDGE_CURVE('',#924,#884,#40,.T.);
#1161=EDGE_CURVE('',#925,#926,#377,.T.);
#1162=EDGE_CURVE('',#926,#927,#378,.T.);
#1163=EDGE_CURVE('',#928,#927,#379,.T.);
#1164=EDGE_CURVE('',#925,#928,#380,.T.);
#1165=EDGE_CURVE('',#929,#930,#381,.T.);
#1166=EDGE_CURVE('',#931,#929,#382,.T.);
#1167=EDGE_CURVE('',#932,#931,#383,.T.);
#1168=EDGE_CURVE('',#932,#930,#384,.T.);
#1169=EDGE_CURVE('',#933,#915,#385,.T.);
#1170=EDGE_CURVE('',#933,#934,#386,.T.);
#1171=EDGE_CURVE('',#934,#932,#387,.T.);
#1172=EDGE_CURVE('',#914,#931,#388,.T.);
#1173=EDGE_CURVE('',#935,#936,#389,.T.);
#1174=EDGE_CURVE('',#937,#935,#390,.T.);
#1175=EDGE_CURVE('',#938,#937,#391,.T.);
#1176=EDGE_CURVE('',#936,#938,#392,.T.);
#1177=EDGE_CURVE('',#939,#940,#393,.T.);
#1178=EDGE_CURVE('',#939,#941,#394,.T.);
#1179=EDGE_CURVE('',#942,#941,#395,.T.);
#1180=EDGE_CURVE('',#943,#942,#396,.T.);
#1181=EDGE_CURVE('',#944,#943,#397,.T.);
#1182=EDGE_CURVE('',#940,#944,#398,.T.);
#1183=EDGE_CURVE('',#945,#939,#399,.T.);
#1184=EDGE_CURVE('',#945,#946,#400,.T.);
#1185=EDGE_CURVE('',#941,#946,#401,.T.);
#1186=EDGE_CURVE('',#945,#947,#402,.T.);
#1187=EDGE_CURVE('',#948,#947,#403,.T.);
#1188=EDGE_CURVE('',#946,#948,#404,.T.);
#1189=EDGE_CURVE('',#933,#949,#405,.T.);
#1190=EDGE_CURVE('',#949,#950,#406,.T.);
#1191=EDGE_CURVE('',#934,#950,#407,.T.);
#1192=EDGE_CURVE('',#936,#949,#408,.T.);
#1193=EDGE_CURVE('',#950,#938,#409,.T.);
#1194=EDGE_CURVE('',#930,#948,#410,.T.);
#1195=EDGE_CURVE('',#942,#937,#411,.T.);
#1196=EDGE_CURVE('',#951,#944,#412,.T.);
#1197=EDGE_CURVE('',#951,#952,#413,.T.);
#1198=EDGE_CURVE('',#940,#952,#414,.T.);
#1199=EDGE_CURVE('',#947,#925,#415,.T.);
#1200=EDGE_CURVE('',#929,#928,#416,.T.);
#1201=EDGE_CURVE('',#953,#954,#417,.T.);
#1202=EDGE_CURVE('',#954,#955,#418,.T.);
#1203=EDGE_CURVE('',#956,#955,#419,.T.);
#1204=EDGE_CURVE('',#953,#956,#420,.T.);
#1205=EDGE_CURVE('',#957,#958,#421,.T.);
#1206=EDGE_CURVE('',#959,#957,#422,.T.);
#1207=EDGE_CURVE('',#960,#959,#423,.T.);
#1208=EDGE_CURVE('',#960,#958,#424,.T.);
#1209=EDGE_CURVE('',#961,#935,#425,.T.);
#1210=EDGE_CURVE('',#961,#962,#426,.T.);
#1211=EDGE_CURVE('',#962,#960,#427,.T.);
#1212=EDGE_CURVE('',#943,#959,#428,.T.);
#1213=EDGE_CURVE('',#963,#964,#429,.T.);
#1214=EDGE_CURVE('',#964,#965,#430,.T.);
#1215=EDGE_CURVE('',#965,#966,#431,.T.);
#1216=EDGE_CURVE('',#967,#966,#432,.T.);
#1217=EDGE_CURVE('',#968,#967,#433,.T.);
#1218=EDGE_CURVE('',#963,#968,#434,.T.);
#1219=EDGE_CURVE('',#966,#969,#435,.T.);
#1220=EDGE_CURVE('',#970,#965,#436,.T.);
#1221=EDGE_CURVE('',#969,#970,#437,.T.);
#1222=EDGE_CURVE('',#971,#972,#438,.T.);
#1223=EDGE_CURVE('',#971,#973,#439,.T.);
#1224=EDGE_CURVE('',#964,#973,#440,.T.);
#1225=EDGE_CURVE('',#974,#963,#441,.T.);
#1226=EDGE_CURVE('',#972,#974,#442,.T.);
#1227=EDGE_CURVE('',#975,#971,#443,.T.);
#1228=EDGE_CURVE('',#975,#976,#444,.T.);
#1229=EDGE_CURVE('',#973,#976,#445,.T.);
#1230=EDGE_CURVE('',#975,#977,#446,.T.);
#1231=EDGE_CURVE('',#978,#977,#447,.T.);
#1232=EDGE_CURVE('',#976,#978,#448,.T.);
#1233=EDGE_CURVE('',#979,#961,#449,.T.);
#1234=EDGE_CURVE('',#979,#980,#450,.T.);
#1235=EDGE_CURVE('',#962,#980,#451,.T.);
#1236=EDGE_CURVE('',#969,#979,#452,.T.);
#1237=EDGE_CURVE('',#980,#970,#453,.T.);
#1238=EDGE_CURVE('',#958,#978,#454,.T.);
#1239=EDGE_CURVE('',#981,#974,#455,.T.);
#1240=EDGE_CURVE('',#981,#982,#456,.T.);
#1241=EDGE_CURVE('',#972,#982,#457,.T.);
#1242=EDGE_CURVE('',#977,#953,#458,.T.);
#1243=EDGE_CURVE('',#957,#956,#459,.T.);
#1244=EDGE_CURVE('',#882,#885,#460,.T.);
#1245=EDGE_CURVE('',#885,#872,#461,.T.);
#1246=EDGE_CURVE('',#898,#983,#462,.T.);
#1247=EDGE_CURVE('',#984,#897,#463,.T.);
#1248=EDGE_CURVE('',#983,#984,#464,.T.);
#1249=EDGE_CURVE('',#952,#985,#465,.T.);
#1250=EDGE_CURVE('',#986,#951,#466,.T.);
#1251=EDGE_CURVE('',#985,#986,#467,.T.);
#1252=EDGE_CURVE('',#982,#987,#468,.T.);
#1253=EDGE_CURVE('',#988,#981,#469,.T.);
#1254=EDGE_CURVE('',#987,#988,#470,.T.);
#1255=EDGE_CURVE('',#922,#891,#471,.T.);
#1256=EDGE_CURVE('',#989,#990,#472,.T.);
#1257=EDGE_CURVE('',#989,#968,#473,.T.);
#1258=EDGE_CURVE('',#967,#991,#474,.T.);
#1259=EDGE_CURVE('',#992,#991,#475,.T.);
#1260=EDGE_CURVE('',#993,#992,#476,.T.);
#1261=EDGE_CURVE('',#994,#993,#477,.T.);
#1262=EDGE_CURVE('',#994,#995,#478,.T.);
#1263=EDGE_CURVE('',#996,#995,#479,.T.);
#1264=EDGE_CURVE('',#997,#996,#480,.T.);
#1265=EDGE_CURVE('',#998,#997,#481,.T.);
#1266=EDGE_CURVE('',#998,#990,#482,.T.);
#1267=EDGE_CURVE('',#997,#999,#483,.T.);
#1268=EDGE_CURVE('',#996,#1000,#484,.T.);
#1269=EDGE_CURVE('',#1000,#999,#485,.T.);
#1270=EDGE_CURVE('',#995,#1001,#486,.T.);
#1271=EDGE_CURVE('',#1002,#1001,#487,.T.);
#1272=EDGE_CURVE('',#1003,#1002,#488,.T.);
#1273=EDGE_CURVE('',#1004,#1003,#489,.T.);
#1274=EDGE_CURVE('',#1000,#1004,#41,.T.);
#1275=EDGE_CURVE('',#1005,#993,#490,.T.);
#1276=EDGE_CURVE('',#992,#1006,#491,.T.);
#1277=EDGE_CURVE('',#1006,#1005,#492,.T.);
#1278=EDGE_CURVE('',#1007,#991,#493,.T.);
#1279=EDGE_CURVE('',#1007,#1006,#494,.T.);
#1280=EDGE_CURVE('',#990,#987,#495,.T.);
#1281=EDGE_CURVE('',#1008,#998,#496,.T.);
#1282=EDGE_CURVE('',#1001,#1008,#497,.T.);
#1283=EDGE_CURVE('',#994,#1009,#498,.T.);
#1284=EDGE_CURVE('',#1009,#1007,#499,.T.);
#1285=EDGE_CURVE('',#926,#983,#500,.T.);
#1286=EDGE_CURVE('',#954,#985,#501,.T.);
#1287=EDGE_CURVE('',#1010,#1011,#502,.T.);
#1288=EDGE_CURVE('',#1011,#1012,#503,.T.);
#1289=EDGE_CURVE('',#1012,#1013,#504,.T.);
#1290=EDGE_CURVE('',#1013,#1010,#505,.T.);
#1291=EDGE_CURVE('',#1014,#999,#42,.T.);
#1292=EDGE_CURVE('',#1014,#1015,#506,.T.);
#1293=EDGE_CURVE('',#1016,#1015,#507,.T.);
#1294=EDGE_CURVE('',#1008,#1016,#508,.T.);
#1295=EDGE_CURVE('',#1005,#1009,#509,.T.);
#1296=EDGE_CURVE('',#1017,#1011,#510,.T.);
#1297=EDGE_CURVE('',#1018,#1017,#511,.T.);
#1298=EDGE_CURVE('',#1012,#1018,#512,.T.);
#1299=EDGE_CURVE('',#1019,#1013,#513,.T.);
#1300=EDGE_CURVE('',#1020,#1019,#514,.T.);
#1301=EDGE_CURVE('',#1010,#1020,#515,.T.);
#1302=EDGE_CURVE('',#1017,#1020,#516,.T.);
#1303=EDGE_CURVE('',#1019,#1018,#517,.T.);
#1304=EDGE_CURVE('',#1021,#1022,#518,.T.);
#1305=EDGE_CURVE('',#1022,#1016,#47,.T.);
#1306=EDGE_CURVE('',#1021,#1015,#48,.T.);
#1307=EDGE_CURVE('',#1022,#1023,#519,.T.);
#1308=EDGE_CURVE('',#1023,#1002,#49,.T.);
#1309=EDGE_CURVE('',#1002,#1016,#520,.T.);
#1310=EDGE_CURVE('',#1023,#1024,#521,.T.);
#1311=EDGE_CURVE('',#1024,#1003,#50,.T.);
#1312=EDGE_CURVE('',#1015,#1003,#522,.T.);
#1313=EDGE_CURVE('',#1024,#1021,#523,.T.);
#1314=EDGE_CURVE('',#1004,#1014,#524,.T.);
#1315=EDGE_CURVE('',#988,#989,#525,.T.);
#1316=EDGE_CURVE('',#984,#927,#526,.T.);
#1317=EDGE_CURVE('',#986,#955,#527,.T.);
#1318=EDGE_CURVE('',#1025,#1026,#528,.T.);
#1319=EDGE_CURVE('',#1026,#1027,#529,.T.);
#1320=EDGE_CURVE('',#1027,#1028,#530,.T.);
#1321=EDGE_CURVE('',#1028,#1029,#531,.T.);
#1322=EDGE_CURVE('',#1029,#1030,#532,.T.);
#1323=EDGE_CURVE('',#1031,#1030,#24,.T.);
#1324=EDGE_CURVE('',#1032,#1031,#533,.T.);
#1325=EDGE_CURVE('',#1033,#1032,#534,.T.);
#1326=EDGE_CURVE('',#1034,#1033,#25,.T.);
#1327=EDGE_CURVE('',#1034,#1035,#535,.T.);
#1328=EDGE_CURVE('',#1035,#1036,#26,.T.);
#1329=EDGE_CURVE('',#1036,#1037,#536,.T.);
#1330=EDGE_CURVE('',#1037,#1038,#537,.T.);
#1331=EDGE_CURVE('',#1038,#1039,#27,.T.);
#1332=EDGE_CURVE('',#1039,#1040,#18,.T.);
#1333=EDGE_CURVE('',#1040,#1025,#538,.T.);
#1334=EDGE_CURVE('',#1041,#1042,#539,.T.);
#1335=EDGE_CURVE('',#1042,#1043,#540,.T.);
#1336=EDGE_CURVE('',#1043,#1044,#541,.T.);
#1337=EDGE_CURVE('',#1044,#1045,#542,.T.);
#1338=EDGE_CURVE('',#1046,#1045,#543,.T.);
#1339=EDGE_CURVE('',#1047,#1046,#544,.T.);
#1340=EDGE_CURVE('',#1047,#1048,#28,.T.);
#1341=EDGE_CURVE('',#1048,#1049,#29,.T.);
#1342=EDGE_CURVE('',#1049,#1050,#545,.T.);
#1343=EDGE_CURVE('',#1050,#1051,#546,.T.);
#1344=EDGE_CURVE('',#1051,#1052,#30,.T.);
#1345=EDGE_CURVE('',#1052,#1053,#547,.T.);
#1346=EDGE_CURVE('',#1053,#1054,#31,.T.);
#1347=EDGE_CURVE('',#1054,#1055,#548,.T.);
#1348=EDGE_CURVE('',#1055,#1056,#549,.T.);
#1349=EDGE_CURVE('',#1056,#1041,#32,.T.);
#1350=EDGE_CURVE('',#1025,#1046,#550,.T.);
#1351=EDGE_CURVE('',#1057,#1045,#551,.T.);
#1352=EDGE_CURVE('',#1058,#1057,#552,.T.);
#1353=EDGE_CURVE('',#1026,#1058,#553,.T.);
#1354=EDGE_CURVE('',#1029,#1059,#554,.T.);
#1355=EDGE_CURVE('',#1060,#1059,#555,.T.);
#1356=EDGE_CURVE('',#1042,#1060,#556,.T.);
#1357=EDGE_CURVE('',#1041,#1030,#557,.T.);
#1358=EDGE_CURVE('',#1027,#1061,#558,.T.);
#1359=EDGE_CURVE('',#1062,#1061,#559,.T.);
#1360=EDGE_CURVE('',#1028,#1062,#560,.T.);
#1361=EDGE_CURVE('',#1060,#1063,#561,.T.);
#1362=EDGE_CURVE('',#1063,#1043,#562,.T.);
#1363=EDGE_CURVE('',#1064,#1044,#563,.T.);
#1364=EDGE_CURVE('',#1057,#1064,#564,.T.);
#1365=EDGE_CURVE('',#1048,#1039,#19,.T.);
#1366=EDGE_CURVE('',#1038,#1049,#565,.T.);
#1367=EDGE_CURVE('',#1059,#1062,#566,.T.);
#1368=EDGE_CURVE('',#1061,#1058,#567,.T.);
#1369=EDGE_CURVE('',#1031,#1056,#568,.T.);
#1370=EDGE_CURVE('',#1032,#1055,#569,.T.);
#1371=EDGE_CURVE('',#1033,#1054,#570,.T.);
#1372=EDGE_CURVE('',#1037,#1050,#571,.T.);
#1373=EDGE_CURVE('',#1036,#1051,#572,.T.);
#1374=EDGE_CURVE('',#1064,#1063,#573,.T.);
#1375=EDGE_CURVE('',#1035,#1065,#20,.T.);
#1376=EDGE_CURVE('',#1066,#1034,#21,.T.);
#1377=EDGE_CURVE('',#1053,#1066,#22,.T.);
#1378=EDGE_CURVE('',#1065,#1052,#23,.T.);
#1379=EDGE_CURVE('',#1040,#1047,#574,.T.);
#1380=ORIENTED_EDGE('',*,*,#1067,.F.);
#1381=ORIENTED_EDGE('',*,*,#1068,.F.);
#1382=ORIENTED_EDGE('',*,*,#1069,.F.);
#1383=ORIENTED_EDGE('',*,*,#1070,.T.);
#1384=ORIENTED_EDGE('',*,*,#1071,.F.);
#1385=ORIENTED_EDGE('',*,*,#1072,.F.);
#1386=ORIENTED_EDGE('',*,*,#1073,.F.);
#1387=ORIENTED_EDGE('',*,*,#1074,.F.);
#1388=ORIENTED_EDGE('',*,*,#1075,.T.);
#1389=ORIENTED_EDGE('',*,*,#1076,.F.);
#1390=ORIENTED_EDGE('',*,*,#1072,.T.);
#1391=ORIENTED_EDGE('',*,*,#1077,.T.);
#1392=ORIENTED_EDGE('',*,*,#1073,.T.);
#1393=ORIENTED_EDGE('',*,*,#1076,.T.);
#1394=ORIENTED_EDGE('',*,*,#1078,.T.);
#1395=ORIENTED_EDGE('',*,*,#1079,.F.);
#1396=ORIENTED_EDGE('',*,*,#1074,.T.);
#1397=ORIENTED_EDGE('',*,*,#1079,.T.);
#1398=ORIENTED_EDGE('',*,*,#1080,.T.);
#1399=ORIENTED_EDGE('',*,*,#1081,.F.);
#1400=ORIENTED_EDGE('',*,*,#1071,.T.);
#1401=ORIENTED_EDGE('',*,*,#1081,.T.);
#1402=ORIENTED_EDGE('',*,*,#1082,.T.);
#1403=ORIENTED_EDGE('',*,*,#1077,.F.);
#1404=ORIENTED_EDGE('',*,*,#1083,.F.);
#1405=ORIENTED_EDGE('',*,*,#1084,.F.);
#1406=ORIENTED_EDGE('',*,*,#1085,.T.);
#1407=ORIENTED_EDGE('',*,*,#1086,.T.);
#1408=ORIENTED_EDGE('',*,*,#1087,.T.);
#1409=ORIENTED_EDGE('',*,*,#1088,.T.);
#1410=ORIENTED_EDGE('',*,*,#1089,.F.);
#1411=ORIENTED_EDGE('',*,*,#1070,.F.);
#1412=ORIENTED_EDGE('',*,*,#1090,.F.);
#1413=ORIENTED_EDGE('',*,*,#1091,.F.);
#1414=ORIENTED_EDGE('',*,*,#1092,.T.);
#1415=ORIENTED_EDGE('',*,*,#1093,.F.);
#1416=ORIENTED_EDGE('',*,*,#1094,.F.);
#1417=ORIENTED_EDGE('',*,*,#1095,.T.);
#1418=ORIENTED_EDGE('',*,*,#1096,.F.);
#1419=ORIENTED_EDGE('',*,*,#1097,.F.);
#1420=ORIENTED_EDGE('',*,*,#1098,.T.);
#1421=ORIENTED_EDGE('',*,*,#1084,.T.);
#1422=ORIENTED_EDGE('',*,*,#1099,.T.);
#1423=ORIENTED_EDGE('',*,*,#1100,.F.);
#1424=ORIENTED_EDGE('',*,*,#1101,.F.);
#1425=ORIENTED_EDGE('',*,*,#1102,.F.);
#1426=ORIENTED_EDGE('',*,*,#1103,.T.);
#1427=ORIENTED_EDGE('',*,*,#1104,.F.);
#1428=ORIENTED_EDGE('',*,*,#1105,.F.);
#1429=ORIENTED_EDGE('',*,*,#1106,.F.);
#1430=ORIENTED_EDGE('',*,*,#1068,.T.);
#1431=ORIENTED_EDGE('',*,*,#1107,.T.);
#1432=ORIENTED_EDGE('',*,*,#1108,.T.);
#1433=ORIENTED_EDGE('',*,*,#1109,.F.);
#1434=ORIENTED_EDGE('',*,*,#1110,.T.);
#1435=ORIENTED_EDGE('',*,*,#1111,.F.);
#1436=ORIENTED_EDGE('',*,*,#1112,.T.);
#1437=ORIENTED_EDGE('',*,*,#1113,.T.);
#1438=ORIENTED_EDGE('',*,*,#1114,.T.);
#1439=ORIENTED_EDGE('',*,*,#1087,.F.);
#1440=ORIENTED_EDGE('',*,*,#1115,.T.);
#1441=ORIENTED_EDGE('',*,*,#1116,.T.);
#1442=ORIENTED_EDGE('',*,*,#1117,.F.);
#1443=ORIENTED_EDGE('',*,*,#1118,.T.);
#1444=ORIENTED_EDGE('',*,*,#1119,.F.);
#1445=ORIENTED_EDGE('',*,*,#1120,.F.);
#1446=ORIENTED_EDGE('',*,*,#1121,.F.);
#1447=ORIENTED_EDGE('',*,*,#1120,.T.);
#1448=ORIENTED_EDGE('',*,*,#1122,.F.);
#1449=ORIENTED_EDGE('',*,*,#1123,.F.);
#1450=ORIENTED_EDGE('',*,*,#1124,.T.);
#1451=ORIENTED_EDGE('',*,*,#1112,.F.);
#1452=ORIENTED_EDGE('',*,*,#1125,.F.);
#1453=ORIENTED_EDGE('',*,*,#1126,.F.);
#1454=ORIENTED_EDGE('',*,*,#1127,.F.);
#1455=ORIENTED_EDGE('',*,*,#1126,.T.);
#1456=ORIENTED_EDGE('',*,*,#1128,.F.);
#1457=ORIENTED_EDGE('',*,*,#1129,.F.);
#1458=ORIENTED_EDGE('',*,*,#1130,.F.);
#1459=ORIENTED_EDGE('',*,*,#1129,.T.);
#1460=ORIENTED_EDGE('',*,*,#1131,.F.);
#1461=ORIENTED_EDGE('',*,*,#1132,.F.);
#1462=ORIENTED_EDGE('',*,*,#1133,.F.);
#1463=ORIENTED_EDGE('',*,*,#1108,.F.);
#1464=ORIENTED_EDGE('',*,*,#1134,.F.);
#1465=ORIENTED_EDGE('',*,*,#1135,.F.);
#1466=ORIENTED_EDGE('',*,*,#1136,.F.);
#1467=ORIENTED_EDGE('',*,*,#1118,.F.);
#1468=ORIENTED_EDGE('',*,*,#1123,.T.);
#1469=ORIENTED_EDGE('',*,*,#1137,.T.);
#1470=ORIENTED_EDGE('',*,*,#1138,.T.);
#1471=ORIENTED_EDGE('',*,*,#1085,.F.);
#1472=ORIENTED_EDGE('',*,*,#1098,.F.);
#1473=ORIENTED_EDGE('',*,*,#1139,.F.);
#1474=ORIENTED_EDGE('',*,*,#1125,.T.);
#1475=ORIENTED_EDGE('',*,*,#1116,.F.);
#1476=ORIENTED_EDGE('',*,*,#1140,.F.);
#1477=ORIENTED_EDGE('',*,*,#1137,.F.);
#1478=ORIENTED_EDGE('',*,*,#1122,.T.);
#1479=ORIENTED_EDGE('',*,*,#1119,.T.);
#1480=ORIENTED_EDGE('',*,*,#1136,.T.);
#1481=ORIENTED_EDGE('',*,*,#1141,.F.);
#1482=ORIENTED_EDGE('',*,*,#1131,.T.);
#1483=ORIENTED_EDGE('',*,*,#1128,.T.);
#1484=ORIENTED_EDGE('',*,*,#1115,.F.);
#1485=ORIENTED_EDGE('',*,*,#1086,.F.);
#1486=ORIENTED_EDGE('',*,*,#1138,.F.);
#1487=ORIENTED_EDGE('',*,*,#1140,.T.);
#1488=ORIENTED_EDGE('',*,*,#1101,.T.);
#1489=ORIENTED_EDGE('',*,*,#1142,.F.);
#1490=ORIENTED_EDGE('',*,*,#1143,.T.);
#1491=ORIENTED_EDGE('',*,*,#1144,.F.);
#1492=ORIENTED_EDGE('',*,*,#1100,.T.);
#1493=ORIENTED_EDGE('',*,*,#1145,.T.);
#1494=ORIENTED_EDGE('',*,*,#1146,.T.);
#1495=ORIENTED_EDGE('',*,*,#1142,.T.);
#1496=ORIENTED_EDGE('',*,*,#1099,.F.);
#1497=ORIENTED_EDGE('',*,*,#1147,.F.);
#1498=ORIENTED_EDGE('',*,*,#1148,.T.);
#1499=ORIENTED_EDGE('',*,*,#1145,.F.);
#1500=ORIENTED_EDGE('',*,*,#1069,.T.);
#1501=ORIENTED_EDGE('',*,*,#1106,.T.);
#1502=ORIENTED_EDGE('',*,*,#1149,.F.);
#1503=ORIENTED_EDGE('',*,*,#1090,.T.);
#1504=ORIENTED_EDGE('',*,*,#1092,.F.);
#1505=ORIENTED_EDGE('',*,*,#1150,.F.);
#1506=ORIENTED_EDGE('',*,*,#1104,.T.);
#1507=ORIENTED_EDGE('',*,*,#1151,.F.);
#1508=ORIENTED_EDGE('',*,*,#1143,.F.);
#1509=ORIENTED_EDGE('',*,*,#1146,.F.);
#1510=ORIENTED_EDGE('',*,*,#1148,.F.);
#1511=ORIENTED_EDGE('',*,*,#1152,.F.);
#1512=ORIENTED_EDGE('',*,*,#1091,.T.);
#1513=ORIENTED_EDGE('',*,*,#1149,.T.);
#1514=ORIENTED_EDGE('',*,*,#1105,.T.);
#1515=ORIENTED_EDGE('',*,*,#1150,.T.);
#1516=ORIENTED_EDGE('',*,*,#1153,.T.);
#1517=ORIENTED_EDGE('',*,*,#1154,.T.);
#1518=ORIENTED_EDGE('',*,*,#1088,.F.);
#1519=ORIENTED_EDGE('',*,*,#1114,.F.);
#1520=ORIENTED_EDGE('',*,*,#1155,.F.);
#1521=ORIENTED_EDGE('',*,*,#1156,.F.);
#1522=ORIENTED_EDGE('',*,*,#1094,.T.);
#1523=ORIENTED_EDGE('',*,*,#1157,.F.);
#1524=ORIENTED_EDGE('',*,*,#1078,.F.);
#1525=ORIENTED_EDGE('',*,*,#1158,.F.);
#1526=ORIENTED_EDGE('',*,*,#1159,.F.);
#1527=ORIENTED_EDGE('',*,*,#1155,.T.);
#1528=ORIENTED_EDGE('',*,*,#1075,.F.);
#1529=ORIENTED_EDGE('',*,*,#1156,.T.);
#1530=ORIENTED_EDGE('',*,*,#1159,.T.);
#1531=ORIENTED_EDGE('',*,*,#1160,.T.);
#1532=ORIENTED_EDGE('',*,*,#1095,.F.);
#1533=ORIENTED_EDGE('',*,*,#1161,.T.);
#1534=ORIENTED_EDGE('',*,*,#1162,.T.);
#1535=ORIENTED_EDGE('',*,*,#1163,.F.);
#1536=ORIENTED_EDGE('',*,*,#1164,.F.);
#1537=ORIENTED_EDGE('',*,*,#1165,.F.);
#1538=ORIENTED_EDGE('',*,*,#1166,.F.);
#1539=ORIENTED_EDGE('',*,*,#1167,.F.);
#1540=ORIENTED_EDGE('',*,*,#1168,.T.);
#1541=ORIENTED_EDGE('',*,*,#1169,.F.);
#1542=ORIENTED_EDGE('',*,*,#1170,.T.);
#1543=ORIENTED_EDGE('',*,*,#1171,.T.);
#1544=ORIENTED_EDGE('',*,*,#1167,.T.);
#1545=ORIENTED_EDGE('',*,*,#1172,.F.);
#1546=ORIENTED_EDGE('',*,*,#1132,.T.);
#1547=ORIENTED_EDGE('',*,*,#1141,.T.);
#1548=ORIENTED_EDGE('',*,*,#1135,.T.);
#1549=ORIENTED_EDGE('',*,*,#1173,.F.);
#1550=ORIENTED_EDGE('',*,*,#1174,.F.);
#1551=ORIENTED_EDGE('',*,*,#1175,.F.);
#1552=ORIENTED_EDGE('',*,*,#1176,.F.);
#1553=ORIENTED_EDGE('',*,*,#1177,.F.);
#1554=ORIENTED_EDGE('',*,*,#1178,.T.);
#1555=ORIENTED_EDGE('',*,*,#1179,.F.);
#1556=ORIENTED_EDGE('',*,*,#1180,.F.);
#1557=ORIENTED_EDGE('',*,*,#1181,.F.);
#1558=ORIENTED_EDGE('',*,*,#1182,.F.);
#1559=ORIENTED_EDGE('',*,*,#1183,.F.);
#1560=ORIENTED_EDGE('',*,*,#1184,.T.);
#1561=ORIENTED_EDGE('',*,*,#1185,.F.);
#1562=ORIENTED_EDGE('',*,*,#1178,.F.);
#1563=ORIENTED_EDGE('',*,*,#1186,.T.);
#1564=ORIENTED_EDGE('',*,*,#1187,.F.);
#1565=ORIENTED_EDGE('',*,*,#1188,.F.);
#1566=ORIENTED_EDGE('',*,*,#1184,.F.);
#1567=ORIENTED_EDGE('',*,*,#1189,.T.);
#1568=ORIENTED_EDGE('',*,*,#1190,.T.);
#1569=ORIENTED_EDGE('',*,*,#1191,.F.);
#1570=ORIENTED_EDGE('',*,*,#1170,.F.);
#1571=ORIENTED_EDGE('',*,*,#1192,.F.);
#1572=ORIENTED_EDGE('',*,*,#1176,.T.);
#1573=ORIENTED_EDGE('',*,*,#1193,.F.);
#1574=ORIENTED_EDGE('',*,*,#1190,.F.);
#1575=ORIENTED_EDGE('',*,*,#1188,.T.);
#1576=ORIENTED_EDGE('',*,*,#1194,.F.);
#1577=ORIENTED_EDGE('',*,*,#1168,.F.);
#1578=ORIENTED_EDGE('',*,*,#1171,.F.);
#1579=ORIENTED_EDGE('',*,*,#1191,.T.);
#1580=ORIENTED_EDGE('',*,*,#1193,.T.);
#1581=ORIENTED_EDGE('',*,*,#1175,.T.);
#1582=ORIENTED_EDGE('',*,*,#1195,.F.);
#1583=ORIENTED_EDGE('',*,*,#1179,.T.);
#1584=ORIENTED_EDGE('',*,*,#1185,.T.);
#1585=ORIENTED_EDGE('',*,*,#1182,.T.);
#1586=ORIENTED_EDGE('',*,*,#1196,.F.);
#1587=ORIENTED_EDGE('',*,*,#1197,.T.);
#1588=ORIENTED_EDGE('',*,*,#1198,.F.);
#1589=ORIENTED_EDGE('',*,*,#1187,.T.);
#1590=ORIENTED_EDGE('',*,*,#1199,.T.);
#1591=ORIENTED_EDGE('',*,*,#1164,.T.);
#1592=ORIENTED_EDGE('',*,*,#1200,.F.);
#1593=ORIENTED_EDGE('',*,*,#1165,.T.);
#1594=ORIENTED_EDGE('',*,*,#1194,.T.);
#1595=ORIENTED_EDGE('',*,*,#1201,.T.);
#1596=ORIENTED_EDGE('',*,*,#1202,.T.);
#1597=ORIENTED_EDGE('',*,*,#1203,.F.);
#1598=ORIENTED_EDGE('',*,*,#1204,.F.);
#1599=ORIENTED_EDGE('',*,*,#1205,.F.);
#1600=ORIENTED_EDGE('',*,*,#1206,.F.);
#1601=ORIENTED_EDGE('',*,*,#1207,.F.);
#1602=ORIENTED_EDGE('',*,*,#1208,.T.);
#1603=ORIENTED_EDGE('',*,*,#1209,.F.);
#1604=ORIENTED_EDGE('',*,*,#1210,.T.);
#1605=ORIENTED_EDGE('',*,*,#1211,.T.);
#1606=ORIENTED_EDGE('',*,*,#1207,.T.);
#1607=ORIENTED_EDGE('',*,*,#1212,.F.);
#1608=ORIENTED_EDGE('',*,*,#1180,.T.);
#1609=ORIENTED_EDGE('',*,*,#1195,.T.);
#1610=ORIENTED_EDGE('',*,*,#1174,.T.);
#1611=ORIENTED_EDGE('',*,*,#1213,.T.);
#1612=ORIENTED_EDGE('',*,*,#1214,.T.);
#1613=ORIENTED_EDGE('',*,*,#1215,.T.);
#1614=ORIENTED_EDGE('',*,*,#1216,.F.);
#1615=ORIENTED_EDGE('',*,*,#1217,.F.);
#1616=ORIENTED_EDGE('',*,*,#1218,.F.);
#1617=ORIENTED_EDGE('',*,*,#1219,.F.);
#1618=ORIENTED_EDGE('',*,*,#1215,.F.);
#1619=ORIENTED_EDGE('',*,*,#1220,.F.);
#1620=ORIENTED_EDGE('',*,*,#1221,.F.);
#1621=ORIENTED_EDGE('',*,*,#1222,.F.);
#1622=ORIENTED_EDGE('',*,*,#1223,.T.);
#1623=ORIENTED_EDGE('',*,*,#1224,.F.);
#1624=ORIENTED_EDGE('',*,*,#1213,.F.);
#1625=ORIENTED_EDGE('',*,*,#1225,.F.);
#1626=ORIENTED_EDGE('',*,*,#1226,.F.);
#1627=ORIENTED_EDGE('',*,*,#1227,.F.);
#1628=ORIENTED_EDGE('',*,*,#1228,.T.);
#1629=ORIENTED_EDGE('',*,*,#1229,.F.);
#1630=ORIENTED_EDGE('',*,*,#1223,.F.);
#1631=ORIENTED_EDGE('',*,*,#1230,.T.);
#1632=ORIENTED_EDGE('',*,*,#1231,.F.);
#1633=ORIENTED_EDGE('',*,*,#1232,.F.);
#1634=ORIENTED_EDGE('',*,*,#1228,.F.);
#1635=ORIENTED_EDGE('',*,*,#1233,.F.);
#1636=ORIENTED_EDGE('',*,*,#1234,.T.);
#1637=ORIENTED_EDGE('',*,*,#1235,.F.);
#1638=ORIENTED_EDGE('',*,*,#1210,.F.);
#1639=ORIENTED_EDGE('',*,*,#1236,.F.);
#1640=ORIENTED_EDGE('',*,*,#1221,.T.);
#1641=ORIENTED_EDGE('',*,*,#1237,.F.);
#1642=ORIENTED_EDGE('',*,*,#1234,.F.);
#1643=ORIENTED_EDGE('',*,*,#1232,.T.);
#1644=ORIENTED_EDGE('',*,*,#1238,.F.);
#1645=ORIENTED_EDGE('',*,*,#1208,.F.);
#1646=ORIENTED_EDGE('',*,*,#1211,.F.);
#1647=ORIENTED_EDGE('',*,*,#1235,.T.);
#1648=ORIENTED_EDGE('',*,*,#1237,.T.);
#1649=ORIENTED_EDGE('',*,*,#1220,.T.);
#1650=ORIENTED_EDGE('',*,*,#1214,.F.);
#1651=ORIENTED_EDGE('',*,*,#1224,.T.);
#1652=ORIENTED_EDGE('',*,*,#1229,.T.);
#1653=ORIENTED_EDGE('',*,*,#1226,.T.);
#1654=ORIENTED_EDGE('',*,*,#1239,.F.);
#1655=ORIENTED_EDGE('',*,*,#1240,.T.);
#1656=ORIENTED_EDGE('',*,*,#1241,.F.);
#1657=ORIENTED_EDGE('',*,*,#1231,.T.);
#1658=ORIENTED_EDGE('',*,*,#1242,.T.);
#1659=ORIENTED_EDGE('',*,*,#1204,.T.);
#1660=ORIENTED_EDGE('',*,*,#1243,.F.);
#1661=ORIENTED_EDGE('',*,*,#1205,.T.);
#1662=ORIENTED_EDGE('',*,*,#1238,.T.);
#1663=ORIENTED_EDGE('',*,*,#1157,.T.);
#1664=ORIENTED_EDGE('',*,*,#1244,.T.);
#1665=ORIENTED_EDGE('',*,*,#1245,.T.);
#1666=ORIENTED_EDGE('',*,*,#1080,.F.);
#1667=ORIENTED_EDGE('',*,*,#1245,.F.);
#1668=ORIENTED_EDGE('',*,*,#1096,.T.);
#1669=ORIENTED_EDGE('',*,*,#1160,.F.);
#1670=ORIENTED_EDGE('',*,*,#1158,.T.);
#1671=ORIENTED_EDGE('',*,*,#1082,.F.);
#1672=ORIENTED_EDGE('',*,*,#1246,.F.);
#1673=ORIENTED_EDGE('',*,*,#1110,.F.);
#1674=ORIENTED_EDGE('',*,*,#1247,.F.);
#1675=ORIENTED_EDGE('',*,*,#1248,.F.);
#1676=ORIENTED_EDGE('',*,*,#1249,.F.);
#1677=ORIENTED_EDGE('',*,*,#1197,.F.);
#1678=ORIENTED_EDGE('',*,*,#1250,.F.);
#1679=ORIENTED_EDGE('',*,*,#1251,.F.);
#1680=ORIENTED_EDGE('',*,*,#1252,.F.);
#1681=ORIENTED_EDGE('',*,*,#1240,.F.);
#1682=ORIENTED_EDGE('',*,*,#1253,.F.);
#1683=ORIENTED_EDGE('',*,*,#1254,.F.);
#1684=ORIENTED_EDGE('',*,*,#1089,.T.);
#1685=ORIENTED_EDGE('',*,*,#1083,.T.);
#1686=ORIENTED_EDGE('',*,*,#1154,.F.);
#1687=ORIENTED_EDGE('',*,*,#1255,.T.);
#1688=ORIENTED_EDGE('',*,*,#1107,.F.);
#1689=ORIENTED_EDGE('',*,*,#1067,.T.);
#1690=ORIENTED_EDGE('',*,*,#1256,.F.);
#1691=ORIENTED_EDGE('',*,*,#1257,.T.);
#1692=ORIENTED_EDGE('',*,*,#1217,.T.);
#1693=ORIENTED_EDGE('',*,*,#1258,.T.);
#1694=ORIENTED_EDGE('',*,*,#1259,.F.);
#1695=ORIENTED_EDGE('',*,*,#1260,.F.);
#1696=ORIENTED_EDGE('',*,*,#1261,.F.);
#1697=ORIENTED_EDGE('',*,*,#1262,.T.);
#1698=ORIENTED_EDGE('',*,*,#1263,.F.);
#1699=ORIENTED_EDGE('',*,*,#1264,.F.);
#1700=ORIENTED_EDGE('',*,*,#1265,.F.);
#1701=ORIENTED_EDGE('',*,*,#1266,.T.);
#1702=ORIENTED_EDGE('',*,*,#1267,.F.);
#1703=ORIENTED_EDGE('',*,*,#1264,.T.);
#1704=ORIENTED_EDGE('',*,*,#1268,.T.);
#1705=ORIENTED_EDGE('',*,*,#1269,.T.);
#1706=ORIENTED_EDGE('',*,*,#1268,.F.);
#1707=ORIENTED_EDGE('',*,*,#1263,.T.);
#1708=ORIENTED_EDGE('',*,*,#1270,.T.);
#1709=ORIENTED_EDGE('',*,*,#1271,.F.);
#1710=ORIENTED_EDGE('',*,*,#1272,.F.);
#1711=ORIENTED_EDGE('',*,*,#1273,.F.);
#1712=ORIENTED_EDGE('',*,*,#1274,.F.);
#1713=ORIENTED_EDGE('',*,*,#1275,.T.);
#1714=ORIENTED_EDGE('',*,*,#1260,.T.);
#1715=ORIENTED_EDGE('',*,*,#1276,.T.);
#1716=ORIENTED_EDGE('',*,*,#1277,.T.);
#1717=ORIENTED_EDGE('',*,*,#1276,.F.);
#1718=ORIENTED_EDGE('',*,*,#1259,.T.);
#1719=ORIENTED_EDGE('',*,*,#1278,.F.);
#1720=ORIENTED_EDGE('',*,*,#1279,.T.);
#1721=ORIENTED_EDGE('',*,*,#1280,.F.);
#1722=ORIENTED_EDGE('',*,*,#1266,.F.);
#1723=ORIENTED_EDGE('',*,*,#1281,.F.);
#1724=ORIENTED_EDGE('',*,*,#1282,.F.);
#1725=ORIENTED_EDGE('',*,*,#1270,.F.);
#1726=ORIENTED_EDGE('',*,*,#1262,.F.);
#1727=ORIENTED_EDGE('',*,*,#1283,.T.);
#1728=ORIENTED_EDGE('',*,*,#1284,.T.);
#1729=ORIENTED_EDGE('',*,*,#1278,.T.);
#1730=ORIENTED_EDGE('',*,*,#1258,.F.);
#1731=ORIENTED_EDGE('',*,*,#1216,.T.);
#1732=ORIENTED_EDGE('',*,*,#1219,.T.);
#1733=ORIENTED_EDGE('',*,*,#1236,.T.);
#1734=ORIENTED_EDGE('',*,*,#1233,.T.);
#1735=ORIENTED_EDGE('',*,*,#1209,.T.);
#1736=ORIENTED_EDGE('',*,*,#1173,.T.);
#1737=ORIENTED_EDGE('',*,*,#1192,.T.);
#1738=ORIENTED_EDGE('',*,*,#1189,.F.);
#1739=ORIENTED_EDGE('',*,*,#1169,.T.);
#1740=ORIENTED_EDGE('',*,*,#1134,.T.);
#1741=ORIENTED_EDGE('',*,*,#1117,.T.);
#1742=ORIENTED_EDGE('',*,*,#1121,.T.);
#1743=ORIENTED_EDGE('',*,*,#1139,.T.);
#1744=ORIENTED_EDGE('',*,*,#1097,.T.);
#1745=ORIENTED_EDGE('',*,*,#1244,.F.);
#1746=ORIENTED_EDGE('',*,*,#1093,.T.);
#1747=ORIENTED_EDGE('',*,*,#1151,.T.);
#1748=ORIENTED_EDGE('',*,*,#1103,.F.);
#1749=ORIENTED_EDGE('',*,*,#1255,.F.);
#1750=ORIENTED_EDGE('',*,*,#1153,.F.);
#1751=ORIENTED_EDGE('',*,*,#1113,.F.);
#1752=ORIENTED_EDGE('',*,*,#1124,.F.);
#1753=ORIENTED_EDGE('',*,*,#1127,.T.);
#1754=ORIENTED_EDGE('',*,*,#1130,.T.);
#1755=ORIENTED_EDGE('',*,*,#1111,.T.);
#1756=ORIENTED_EDGE('',*,*,#1246,.T.);
#1757=ORIENTED_EDGE('',*,*,#1285,.F.);
#1758=ORIENTED_EDGE('',*,*,#1161,.F.);
#1759=ORIENTED_EDGE('',*,*,#1199,.F.);
#1760=ORIENTED_EDGE('',*,*,#1186,.F.);
#1761=ORIENTED_EDGE('',*,*,#1183,.T.);
#1762=ORIENTED_EDGE('',*,*,#1177,.T.);
#1763=ORIENTED_EDGE('',*,*,#1198,.T.);
#1764=ORIENTED_EDGE('',*,*,#1249,.T.);
#1765=ORIENTED_EDGE('',*,*,#1286,.F.);
#1766=ORIENTED_EDGE('',*,*,#1201,.F.);
#1767=ORIENTED_EDGE('',*,*,#1242,.F.);
#1768=ORIENTED_EDGE('',*,*,#1230,.F.);
#1769=ORIENTED_EDGE('',*,*,#1227,.T.);
#1770=ORIENTED_EDGE('',*,*,#1222,.T.);
#1771=ORIENTED_EDGE('',*,*,#1241,.T.);
#1772=ORIENTED_EDGE('',*,*,#1252,.T.);
#1773=ORIENTED_EDGE('',*,*,#1287,.T.);
#1774=ORIENTED_EDGE('',*,*,#1288,.T.);
#1775=ORIENTED_EDGE('',*,*,#1289,.T.);
#1776=ORIENTED_EDGE('',*,*,#1290,.T.);
#1777=ORIENTED_EDGE('',*,*,#1102,.T.);
#1778=ORIENTED_EDGE('',*,*,#1144,.T.);
#1779=ORIENTED_EDGE('',*,*,#1152,.T.);
#1780=ORIENTED_EDGE('',*,*,#1147,.T.);
#1781=ORIENTED_EDGE('',*,*,#1281,.T.);
#1782=ORIENTED_EDGE('',*,*,#1265,.T.);
#1783=ORIENTED_EDGE('',*,*,#1267,.T.);
#1784=ORIENTED_EDGE('',*,*,#1291,.F.);
#1785=ORIENTED_EDGE('',*,*,#1292,.T.);
#1786=ORIENTED_EDGE('',*,*,#1293,.F.);
#1787=ORIENTED_EDGE('',*,*,#1294,.F.);
#1788=ORIENTED_EDGE('',*,*,#1283,.F.);
#1789=ORIENTED_EDGE('',*,*,#1261,.T.);
#1790=ORIENTED_EDGE('',*,*,#1275,.F.);
#1791=ORIENTED_EDGE('',*,*,#1295,.T.);
#1792=ORIENTED_EDGE('',*,*,#1295,.F.);
#1793=ORIENTED_EDGE('',*,*,#1277,.F.);
#1794=ORIENTED_EDGE('',*,*,#1279,.F.);
#1795=ORIENTED_EDGE('',*,*,#1284,.F.);
#1796=ORIENTED_EDGE('',*,*,#1296,.F.);
#1797=ORIENTED_EDGE('',*,*,#1297,.F.);
#1798=ORIENTED_EDGE('',*,*,#1298,.F.);
#1799=ORIENTED_EDGE('',*,*,#1288,.F.);
#1800=ORIENTED_EDGE('',*,*,#1299,.F.);
#1801=ORIENTED_EDGE('',*,*,#1300,.F.);
#1802=ORIENTED_EDGE('',*,*,#1301,.F.);
#1803=ORIENTED_EDGE('',*,*,#1290,.F.);
#1804=ORIENTED_EDGE('',*,*,#1301,.T.);
#1805=ORIENTED_EDGE('',*,*,#1302,.F.);
#1806=ORIENTED_EDGE('',*,*,#1296,.T.);
#1807=ORIENTED_EDGE('',*,*,#1287,.F.);
#1808=ORIENTED_EDGE('',*,*,#1300,.T.);
#1809=ORIENTED_EDGE('',*,*,#1303,.T.);
#1810=ORIENTED_EDGE('',*,*,#1297,.T.);
#1811=ORIENTED_EDGE('',*,*,#1302,.T.);
#1812=ORIENTED_EDGE('',*,*,#1299,.T.);
#1813=ORIENTED_EDGE('',*,*,#1289,.F.);
#1814=ORIENTED_EDGE('',*,*,#1298,.T.);
#1815=ORIENTED_EDGE('',*,*,#1303,.F.);
#1816=ORIENTED_EDGE('',*,*,#1304,.T.);
#1817=ORIENTED_EDGE('',*,*,#1305,.T.);
#1818=ORIENTED_EDGE('',*,*,#1293,.T.);
#1819=ORIENTED_EDGE('',*,*,#1306,.F.);
#1820=ORIENTED_EDGE('',*,*,#1307,.T.);
#1821=ORIENTED_EDGE('',*,*,#1308,.T.);
#1822=ORIENTED_EDGE('',*,*,#1309,.T.);
#1823=ORIENTED_EDGE('',*,*,#1305,.F.);
#1824=ORIENTED_EDGE('',*,*,#1310,.T.);
#1825=ORIENTED_EDGE('',*,*,#1311,.T.);
#1826=ORIENTED_EDGE('',*,*,#1272,.T.);
#1827=ORIENTED_EDGE('',*,*,#1308,.F.);
#1828=ORIENTED_EDGE('',*,*,#1312,.T.);
#1829=ORIENTED_EDGE('',*,*,#1311,.F.);
#1830=ORIENTED_EDGE('',*,*,#1313,.T.);
#1831=ORIENTED_EDGE('',*,*,#1306,.T.);
#1832=ORIENTED_EDGE('',*,*,#1304,.F.);
#1833=ORIENTED_EDGE('',*,*,#1313,.F.);
#1834=ORIENTED_EDGE('',*,*,#1310,.F.);
#1835=ORIENTED_EDGE('',*,*,#1307,.F.);
#1836=ORIENTED_EDGE('',*,*,#1291,.T.);
#1837=ORIENTED_EDGE('',*,*,#1269,.F.);
#1838=ORIENTED_EDGE('',*,*,#1274,.T.);
#1839=ORIENTED_EDGE('',*,*,#1314,.T.);
#1840=ORIENTED_EDGE('',*,*,#1271,.T.);
#1841=ORIENTED_EDGE('',*,*,#1282,.T.);
#1842=ORIENTED_EDGE('',*,*,#1294,.T.);
#1843=ORIENTED_EDGE('',*,*,#1309,.F.);
#1844=ORIENTED_EDGE('',*,*,#1292,.F.);
#1845=ORIENTED_EDGE('',*,*,#1314,.F.);
#1846=ORIENTED_EDGE('',*,*,#1273,.T.);
#1847=ORIENTED_EDGE('',*,*,#1312,.F.);
#1848=ORIENTED_EDGE('',*,*,#1315,.F.);
#1849=ORIENTED_EDGE('',*,*,#1253,.T.);
#1850=ORIENTED_EDGE('',*,*,#1239,.T.);
#1851=ORIENTED_EDGE('',*,*,#1225,.T.);
#1852=ORIENTED_EDGE('',*,*,#1218,.T.);
#1853=ORIENTED_EDGE('',*,*,#1257,.F.);
#1854=ORIENTED_EDGE('',*,*,#1316,.F.);
#1855=ORIENTED_EDGE('',*,*,#1247,.T.);
#1856=ORIENTED_EDGE('',*,*,#1109,.T.);
#1857=ORIENTED_EDGE('',*,*,#1133,.T.);
#1858=ORIENTED_EDGE('',*,*,#1172,.T.);
#1859=ORIENTED_EDGE('',*,*,#1166,.T.);
#1860=ORIENTED_EDGE('',*,*,#1200,.T.);
#1861=ORIENTED_EDGE('',*,*,#1163,.T.);
#1862=ORIENTED_EDGE('',*,*,#1317,.F.);
#1863=ORIENTED_EDGE('',*,*,#1250,.T.);
#1864=ORIENTED_EDGE('',*,*,#1196,.T.);
#1865=ORIENTED_EDGE('',*,*,#1181,.T.);
#1866=ORIENTED_EDGE('',*,*,#1212,.T.);
#1867=ORIENTED_EDGE('',*,*,#1206,.T.);
#1868=ORIENTED_EDGE('',*,*,#1243,.T.);
#1869=ORIENTED_EDGE('',*,*,#1203,.T.);
#1870=ORIENTED_EDGE('',*,*,#1254,.T.);
#1871=ORIENTED_EDGE('',*,*,#1315,.T.);
#1872=ORIENTED_EDGE('',*,*,#1256,.T.);
#1873=ORIENTED_EDGE('',*,*,#1280,.T.);
#1874=ORIENTED_EDGE('',*,*,#1251,.T.);
#1875=ORIENTED_EDGE('',*,*,#1317,.T.);
#1876=ORIENTED_EDGE('',*,*,#1202,.F.);
#1877=ORIENTED_EDGE('',*,*,#1286,.T.);
#1878=ORIENTED_EDGE('',*,*,#1248,.T.);
#1879=ORIENTED_EDGE('',*,*,#1316,.T.);
#1880=ORIENTED_EDGE('',*,*,#1162,.F.);
#1881=ORIENTED_EDGE('',*,*,#1285,.T.);
#1882=ORIENTED_EDGE('',*,*,#1318,.T.);
#1883=ORIENTED_EDGE('',*,*,#1319,.T.);
#1884=ORIENTED_EDGE('',*,*,#1320,.T.);
#1885=ORIENTED_EDGE('',*,*,#1321,.T.);
#1886=ORIENTED_EDGE('',*,*,#1322,.T.);
#1887=ORIENTED_EDGE('',*,*,#1323,.F.);
#1888=ORIENTED_EDGE('',*,*,#1324,.F.);
#1889=ORIENTED_EDGE('',*,*,#1325,.F.);
#1890=ORIENTED_EDGE('',*,*,#1326,.F.);
#1891=ORIENTED_EDGE('',*,*,#1327,.T.);
#1892=ORIENTED_EDGE('',*,*,#1328,.T.);
#1893=ORIENTED_EDGE('',*,*,#1329,.T.);
#1894=ORIENTED_EDGE('',*,*,#1330,.T.);
#1895=ORIENTED_EDGE('',*,*,#1331,.T.);
#1896=ORIENTED_EDGE('',*,*,#1332,.T.);
#1897=ORIENTED_EDGE('',*,*,#1333,.T.);
#1898=ORIENTED_EDGE('',*,*,#1334,.T.);
#1899=ORIENTED_EDGE('',*,*,#1335,.T.);
#1900=ORIENTED_EDGE('',*,*,#1336,.T.);
#1901=ORIENTED_EDGE('',*,*,#1337,.T.);
#1902=ORIENTED_EDGE('',*,*,#1338,.F.);
#1903=ORIENTED_EDGE('',*,*,#1339,.F.);
#1904=ORIENTED_EDGE('',*,*,#1340,.T.);
#1905=ORIENTED_EDGE('',*,*,#1341,.T.);
#1906=ORIENTED_EDGE('',*,*,#1342,.T.);
#1907=ORIENTED_EDGE('',*,*,#1343,.T.);
#1908=ORIENTED_EDGE('',*,*,#1344,.T.);
#1909=ORIENTED_EDGE('',*,*,#1345,.T.);
#1910=ORIENTED_EDGE('',*,*,#1346,.T.);
#1911=ORIENTED_EDGE('',*,*,#1347,.T.);
#1912=ORIENTED_EDGE('',*,*,#1348,.T.);
#1913=ORIENTED_EDGE('',*,*,#1349,.T.);
#1914=ORIENTED_EDGE('',*,*,#1318,.F.);
#1915=ORIENTED_EDGE('',*,*,#1350,.T.);
#1916=ORIENTED_EDGE('',*,*,#1338,.T.);
#1917=ORIENTED_EDGE('',*,*,#1351,.F.);
#1918=ORIENTED_EDGE('',*,*,#1352,.F.);
#1919=ORIENTED_EDGE('',*,*,#1353,.F.);
#1920=ORIENTED_EDGE('',*,*,#1322,.F.);
#1921=ORIENTED_EDGE('',*,*,#1354,.T.);
#1922=ORIENTED_EDGE('',*,*,#1355,.F.);
#1923=ORIENTED_EDGE('',*,*,#1356,.F.);
#1924=ORIENTED_EDGE('',*,*,#1334,.F.);
#1925=ORIENTED_EDGE('',*,*,#1357,.T.);
#1926=ORIENTED_EDGE('',*,*,#1320,.F.);
#1927=ORIENTED_EDGE('',*,*,#1358,.T.);
#1928=ORIENTED_EDGE('',*,*,#1359,.F.);
#1929=ORIENTED_EDGE('',*,*,#1360,.F.);
#1930=ORIENTED_EDGE('',*,*,#1356,.T.);
#1931=ORIENTED_EDGE('',*,*,#1361,.T.);
#1932=ORIENTED_EDGE('',*,*,#1362,.T.);
#1933=ORIENTED_EDGE('',*,*,#1335,.F.);
#1934=ORIENTED_EDGE('',*,*,#1351,.T.);
#1935=ORIENTED_EDGE('',*,*,#1337,.F.);
#1936=ORIENTED_EDGE('',*,*,#1363,.F.);
#1937=ORIENTED_EDGE('',*,*,#1364,.F.);
#1938=ORIENTED_EDGE('',*,*,#1365,.T.);
#1939=ORIENTED_EDGE('',*,*,#1331,.F.);
#1940=ORIENTED_EDGE('',*,*,#1366,.T.);
#1941=ORIENTED_EDGE('',*,*,#1341,.F.);
#1942=ORIENTED_EDGE('',*,*,#1354,.F.);
#1943=ORIENTED_EDGE('',*,*,#1321,.F.);
#1944=ORIENTED_EDGE('',*,*,#1360,.T.);
#1945=ORIENTED_EDGE('',*,*,#1367,.F.);
#1946=ORIENTED_EDGE('',*,*,#1358,.F.);
#1947=ORIENTED_EDGE('',*,*,#1319,.F.);
#1948=ORIENTED_EDGE('',*,*,#1353,.T.);
#1949=ORIENTED_EDGE('',*,*,#1368,.F.);
#1950=ORIENTED_EDGE('',*,*,#1324,.T.);
#1951=ORIENTED_EDGE('',*,*,#1369,.T.);
#1952=ORIENTED_EDGE('',*,*,#1348,.F.);
#1953=ORIENTED_EDGE('',*,*,#1370,.F.);
#1954=ORIENTED_EDGE('',*,*,#1325,.T.);
#1955=ORIENTED_EDGE('',*,*,#1370,.T.);
#1956=ORIENTED_EDGE('',*,*,#1347,.F.);
#1957=ORIENTED_EDGE('',*,*,#1371,.F.);
#1958=ORIENTED_EDGE('',*,*,#1330,.F.);
#1959=ORIENTED_EDGE('',*,*,#1372,.T.);
#1960=ORIENTED_EDGE('',*,*,#1342,.F.);
#1961=ORIENTED_EDGE('',*,*,#1366,.F.);
#1962=ORIENTED_EDGE('',*,*,#1329,.F.);
#1963=ORIENTED_EDGE('',*,*,#1373,.T.);
#1964=ORIENTED_EDGE('',*,*,#1343,.F.);
#1965=ORIENTED_EDGE('',*,*,#1372,.F.);
#1966=ORIENTED_EDGE('',*,*,#1363,.T.);
#1967=ORIENTED_EDGE('',*,*,#1336,.F.);
#1968=ORIENTED_EDGE('',*,*,#1362,.F.);
#1969=ORIENTED_EDGE('',*,*,#1374,.F.);
#1970=ORIENTED_EDGE('',*,*,#1357,.F.);
#1971=ORIENTED_EDGE('',*,*,#1349,.F.);
#1972=ORIENTED_EDGE('',*,*,#1369,.F.);
#1973=ORIENTED_EDGE('',*,*,#1323,.T.);
#1974=ORIENTED_EDGE('',*,*,#1375,.F.);
#1975=ORIENTED_EDGE('',*,*,#1327,.F.);
#1976=ORIENTED_EDGE('',*,*,#1376,.F.);
#1977=ORIENTED_EDGE('',*,*,#1377,.F.);
#1978=ORIENTED_EDGE('',*,*,#1345,.F.);
#1979=ORIENTED_EDGE('',*,*,#1378,.F.);
#1980=ORIENTED_EDGE('',*,*,#1377,.T.);
#1981=ORIENTED_EDGE('',*,*,#1376,.T.);
#1982=ORIENTED_EDGE('',*,*,#1326,.T.);
#1983=ORIENTED_EDGE('',*,*,#1371,.T.);
#1984=ORIENTED_EDGE('',*,*,#1346,.F.);
#1985=ORIENTED_EDGE('',*,*,#1378,.T.);
#1986=ORIENTED_EDGE('',*,*,#1344,.F.);
#1987=ORIENTED_EDGE('',*,*,#1373,.F.);
#1988=ORIENTED_EDGE('',*,*,#1328,.F.);
#1989=ORIENTED_EDGE('',*,*,#1375,.T.);
#1990=ORIENTED_EDGE('',*,*,#1379,.T.);
#1991=ORIENTED_EDGE('',*,*,#1339,.T.);
#1992=ORIENTED_EDGE('',*,*,#1350,.F.);
#1993=ORIENTED_EDGE('',*,*,#1333,.F.);
#1994=ORIENTED_EDGE('',*,*,#1332,.F.);
#1995=ORIENTED_EDGE('',*,*,#1365,.F.);
#1996=ORIENTED_EDGE('',*,*,#1340,.F.);
#1997=ORIENTED_EDGE('',*,*,#1379,.F.);
#1998=ORIENTED_EDGE('',*,*,#1352,.T.);
#1999=ORIENTED_EDGE('',*,*,#1364,.T.);
#2000=ORIENTED_EDGE('',*,*,#1374,.T.);
#2001=ORIENTED_EDGE('',*,*,#1361,.F.);
#2002=ORIENTED_EDGE('',*,*,#1355,.T.);
#2003=ORIENTED_EDGE('',*,*,#1367,.T.);
#2004=ORIENTED_EDGE('',*,*,#1359,.T.);
#2005=ORIENTED_EDGE('',*,*,#1368,.T.);
#2006=PLANE('',#2232);
#2007=PLANE('',#2233);
#2008=PLANE('',#2242);
#2009=PLANE('',#2243);
#2010=PLANE('',#2244);
#2011=PLANE('',#2245);
#2012=PLANE('',#2246);
#2013=PLANE('',#2247);
#2014=PLANE('',#2248);
#2015=PLANE('',#2249);
#2016=PLANE('',#2250);
#2017=PLANE('',#2251);
#2018=PLANE('',#2252);
#2019=PLANE('',#2253);
#2020=PLANE('',#2254);
#2021=PLANE('',#2255);
#2022=PLANE('',#2256);
#2023=PLANE('',#2257);
#2024=PLANE('',#2258);
#2025=PLANE('',#2259);
#2026=PLANE('',#2260);
#2027=PLANE('',#2261);
#2028=PLANE('',#2262);
#2029=PLANE('',#2263);
#2030=PLANE('',#2264);
#2031=PLANE('',#2265);
#2032=PLANE('',#2267);
#2033=PLANE('',#2270);
#2034=PLANE('',#2271);
#2035=PLANE('',#2272);
#2036=PLANE('',#2273);
#2037=PLANE('',#2274);
#2038=PLANE('',#2275);
#2039=PLANE('',#2276);
#2040=PLANE('',#2277);
#2041=PLANE('',#2278);
#2042=PLANE('',#2279);
#2043=PLANE('',#2280);
#2044=PLANE('',#2281);
#2045=PLANE('',#2282);
#2046=PLANE('',#2283);
#2047=PLANE('',#2284);
#2048=PLANE('',#2285);
#2049=PLANE('',#2286);
#2050=PLANE('',#2287);
#2051=PLANE('',#2288);
#2052=PLANE('',#2289);
#2053=PLANE('',#2290);
#2054=PLANE('',#2291);
#2055=PLANE('',#2292);
#2056=PLANE('',#2293);
#2057=PLANE('',#2294);
#2058=PLANE('',#2295);
#2059=PLANE('',#2296);
#2060=PLANE('',#2297);
#2061=PLANE('',#2298);
#2062=PLANE('',#2299);
#2063=PLANE('',#2300);
#2064=PLANE('',#2301);
#2065=PLANE('',#2302);
#2066=PLANE('',#2303);
#2067=PLANE('',#2305);
#2068=PLANE('',#2306);
#2069=PLANE('',#2307);
#2070=PLANE('',#2308);
#2071=PLANE('',#2310);
#2072=PLANE('',#2311);
#2073=PLANE('',#2312);
#2074=PLANE('',#2313);
#2075=PLANE('',#2314);
#2076=PLANE('',#2315);
#2077=PLANE('',#2316);
#2078=PLANE('',#2325);
#2079=PLANE('',#2327);
#2080=PLANE('',#2328);
#2081=PLANE('',#2329);
#2082=PLANE('',#2330);
#2083=PLANE('',#2331);
#2084=PLANE('',#2332);
#2085=PLANE('',#2333);
#2086=PLANE('',#2334);
#2087=PLANE('',#2335);
#2088=PLANE('',#2336);
#2089=PLANE('',#2337);
#2090=PLANE('',#2338);
#2091=PLANE('',#2339);
#2092=PLANE('',#2340);
#2093=PLANE('',#2341);
#2094=PLANE('',#2342);
#2095=PLANE('',#2343);
#2096=PLANE('',#2344);
#2097=PLANE('',#2345);
#2098=PLANE('',#2346);
#2099=PLANE('',#2347);
#2100=PLANE('',#2348);
#2101=PLANE('',#2349);
#2102=PLANE('',#2350);
#2103=PLANE('',#2351);
#2104=ADVANCED_FACE('',(#61),#2006,.F.);
#2105=ADVANCED_FACE('',(#62),#2007,.T.);
#2106=ADVANCED_FACE('',(#63),#51,.T.);
#2107=ADVANCED_FACE('',(#64),#52,.T.);
#2108=ADVANCED_FACE('',(#65),#53,.T.);
#2109=ADVANCED_FACE('',(#66),#54,.T.);
#2110=ADVANCED_FACE('',(#67),#2008,.T.);
#2111=ADVANCED_FACE('',(#68),#2009,.T.);
#2112=ADVANCED_FACE('',(#69),#2010,.T.);
#2113=ADVANCED_FACE('',(#70),#2011,.F.);
#2114=ADVANCED_FACE('',(#71),#2012,.T.);
#2115=ADVANCED_FACE('',(#72),#2013,.T.);
#2116=ADVANCED_FACE('',(#73),#2014,.T.);
#2117=ADVANCED_FACE('',(#74),#2015,.T.);
#2118=ADVANCED_FACE('',(#75),#2016,.T.);
#2119=ADVANCED_FACE('',(#76),#2017,.T.);
#2120=ADVANCED_FACE('',(#77),#2018,.T.);
#2121=ADVANCED_FACE('',(#78),#2019,.T.);
#2122=ADVANCED_FACE('',(#79),#2020,.T.);
#2123=ADVANCED_FACE('',(#80),#2021,.F.);
#2124=ADVANCED_FACE('',(#81),#2022,.F.);
#2125=ADVANCED_FACE('',(#82),#2023,.F.);
#2126=ADVANCED_FACE('',(#83),#2024,.T.);
#2127=ADVANCED_FACE('',(#84),#2025,.F.);
#2128=ADVANCED_FACE('',(#85),#2026,.T.);
#2129=ADVANCED_FACE('',(#86),#2027,.T.);
#2130=ADVANCED_FACE('',(#87),#2028,.T.);
#2131=ADVANCED_FACE('',(#88),#2029,.T.);
#2132=ADVANCED_FACE('',(#89),#2030,.F.);
#2133=ADVANCED_FACE('',(#90),#2031,.T.);
#2134=ADVANCED_FACE('',(#91),#2032,.T.);
#2135=ADVANCED_FACE('',(#92),#55,.T.);
#2136=ADVANCED_FACE('',(#93),#2033,.T.);
#2137=ADVANCED_FACE('',(#94),#2034,.F.);
#2138=ADVANCED_FACE('',(#95),#2035,.T.);
#2139=ADVANCED_FACE('',(#96),#2036,.T.);
#2140=ADVANCED_FACE('',(#97),#2037,.T.);
#2141=ADVANCED_FACE('',(#98),#2038,.T.);
#2142=ADVANCED_FACE('',(#99),#2039,.T.);
#2143=ADVANCED_FACE('',(#100),#2040,.T.);
#2144=ADVANCED_FACE('',(#101),#2041,.T.);
#2145=ADVANCED_FACE('',(#102),#2042,.F.);
#2146=ADVANCED_FACE('',(#103),#2043,.T.);
#2147=ADVANCED_FACE('',(#104),#2044,.T.);
#2148=ADVANCED_FACE('',(#105),#2045,.T.);
#2149=ADVANCED_FACE('',(#106),#2046,.F.);
#2150=ADVANCED_FACE('',(#107),#2047,.T.);
#2151=ADVANCED_FACE('',(#108),#2048,.T.);
#2152=ADVANCED_FACE('',(#109),#2049,.T.);
#2153=ADVANCED_FACE('',(#110),#2050,.T.);
#2154=ADVANCED_FACE('',(#111),#2051,.T.);
#2155=ADVANCED_FACE('',(#112),#2052,.T.);
#2156=ADVANCED_FACE('',(#113),#2053,.T.);
#2157=ADVANCED_FACE('',(#114),#2054,.T.);
#2158=ADVANCED_FACE('',(#115),#2055,.F.);
#2159=ADVANCED_FACE('',(#116),#2056,.T.);
#2160=ADVANCED_FACE('',(#117),#2057,.T.);
#2161=ADVANCED_FACE('',(#118),#2058,.T.);
#2162=ADVANCED_FACE('',(#119),#2059,.T.);
#2163=ADVANCED_FACE('',(#120),#2060,.F.);
#2164=ADVANCED_FACE('',(#121),#2061,.F.);
#2165=ADVANCED_FACE('',(#122),#2062,.F.);
#2166=ADVANCED_FACE('',(#123),#2063,.T.);
#2167=ADVANCED_FACE('',(#124),#2064,.T.);
#2168=ADVANCED_FACE('',(#125),#2065,.T.);
#2169=ADVANCED_FACE('',(#126),#2066,.T.);
#2170=ADVANCED_FACE('',(#127),#2067,.T.);
#2171=ADVANCED_FACE('',(#128),#2068,.T.);
#2172=ADVANCED_FACE('',(#129,#37,#38),#2069,.F.);
#2173=ADVANCED_FACE('',(#130),#2070,.T.);
#2174=ADVANCED_FACE('',(#131),#2071,.T.);
#2175=ADVANCED_FACE('',(#132),#2072,.F.);
#2176=ADVANCED_FACE('',(#133),#2073,.F.);
#2177=ADVANCED_FACE('',(#134),#2074,.T.);
#2178=ADVANCED_FACE('',(#135),#2075,.F.);
#2179=ADVANCED_FACE('',(#136),#2076,.T.);
#2180=ADVANCED_FACE('',(#137),#2077,.F.);
#2181=ADVANCED_FACE('',(#138),#56,.T.);
#2182=ADVANCED_FACE('',(#139),#57,.T.);
#2183=ADVANCED_FACE('',(#140),#58,.T.);
#2184=ADVANCED_FACE('',(#141),#59,.T.);
#2185=ADVANCED_FACE('',(#142),#2078,.T.);
#2186=ADVANCED_FACE('',(#143),#60,.T.);
#2187=ADVANCED_FACE('',(#144),#2079,.T.);
#2188=ADVANCED_FACE('',(#145),#2080,.T.);
#2189=ADVANCED_FACE('',(#146),#2081,.T.);
#2190=ADVANCED_FACE('',(#147),#2082,.T.);
#2191=ADVANCED_FACE('',(#148),#2083,.T.);
#2192=ADVANCED_FACE('',(#149),#2084,.T.);
#2193=ADVANCED_FACE('',(#150),#2085,.T.);
#2194=ADVANCED_FACE('',(#151),#2086,.T.);
#2195=ADVANCED_FACE('',(#152),#2087,.F.);
#2196=ADVANCED_FACE('',(#153),#2088,.F.);
#2197=ADVANCED_FACE('',(#154),#2089,.F.);
#2198=ADVANCED_FACE('',(#155),#2090,.F.);
#2199=ADVANCED_FACE('',(#156),#2091,.F.);
#2200=ADVANCED_FACE('',(#157),#2092,.T.);
#2201=ADVANCED_FACE('',(#158),#2093,.T.);
#2202=ADVANCED_FACE('',(#159),#13,.T.);
#2203=ADVANCED_FACE('',(#160),#2094,.F.);
#2204=ADVANCED_FACE('',(#161),#2095,.F.);
#2205=ADVANCED_FACE('',(#162),#2096,.T.);
#2206=ADVANCED_FACE('',(#163),#2097,.T.);
#2207=ADVANCED_FACE('',(#164),#2098,.T.);
#2208=ADVANCED_FACE('',(#165),#2099,.T.);
#2209=ADVANCED_FACE('',(#166),#2100,.T.);
#2210=ADVANCED_FACE('',(#167),#14,.T.);
#2211=ADVANCED_FACE('',(#168),#2101,.T.);
#2212=ADVANCED_FACE('',(#169),#15,.T.);
#2213=ADVANCED_FACE('',(#170),#16,.T.);
#2214=ADVANCED_FACE('',(#171),#2102,.F.);
#2215=ADVANCED_FACE('',(#172),#17,.F.);
#2216=ADVANCED_FACE('',(#173),#2103,.T.);
#2217=CLOSED_SHELL('',(#2104,#2105,#2106,#2107,#2108,#2109,#2110,#2111,
#2112,#2113,#2114,#2115,#2116,#2117,#2118,#2119,#2120,#2121,#2122,#2123,
#2124,#2125,#2126,#2127,#2128,#2129,#2130,#2131,#2132,#2133,#2134,#2135,
#2136,#2137,#2138,#2139,#2140,#2141,#2142,#2143,#2144,#2145,#2146,#2147,
#2148,#2149,#2150,#2151,#2152,#2153,#2154,#2155,#2156,#2157,#2158,#2159,
#2160,#2161,#2162,#2163,#2164,#2165,#2166,#2167,#2168,#2169,#2170,#2171,
#2172,#2173,#2174,#2175,#2176,#2177,#2178,#2179,#2180,#2181,#2182,#2183,
#2184,#2185,#2186,#2187,#2188,#2189,#2190,#2191,#2192,#2193,#2194));
#2218=CLOSED_SHELL('',(#2195,#2196,#2197,#2198,#2199,#2200,#2201,#2202,
#2203,#2204,#2205,#2206,#2207,#2208,#2209,#2210,#2211,#2212,#2213,#2214,
#2215,#2216));
#2219=DERIVED_UNIT_ELEMENT(#2221,1.);
#2220=DERIVED_UNIT_ELEMENT(#3900,-3.);
#2221=(
MASS_UNIT()
NAMED_UNIT(*)
SI_UNIT(.KILO.,.GRAM.)
);
#2222=DERIVED_UNIT((#2219,#2220));
#2223=MEASURE_REPRESENTATION_ITEM('density measure',
POSITIVE_RATIO_MEASURE(7850.),#2222);
#2224=PROPERTY_DEFINITION_REPRESENTATION(#2229,#2226);
#2225=PROPERTY_DEFINITION_REPRESENTATION(#2230,#2227);
#2226=REPRESENTATION('material name',(#2228),#3897);
#2227=REPRESENTATION('density',(#2223),#3897);
#2228=DESCRIPTIVE_REPRESENTATION_ITEM('Steel','Steel');
#2229=PROPERTY_DEFINITION('material property','material name',#3907);
#2230=PROPERTY_DEFINITION('material property','density of part',#3907);
#2231=AXIS2_PLACEMENT_3D('',#2880,#2352,#2353);
#2232=AXIS2_PLACEMENT_3D('',#2881,#2354,#2355);
#2233=AXIS2_PLACEMENT_3D('',#2890,#2360,#2361);
#2234=AXIS2_PLACEMENT_3D('',#2899,#2366,#2367);
#2235=AXIS2_PLACEMENT_3D('',#2903,#2369,#2370);
#2236=AXIS2_PLACEMENT_3D('',#2904,#2371,#2372);
#2237=AXIS2_PLACEMENT_3D('',#2905,#2373,#2374);
#2238=AXIS2_PLACEMENT_3D('',#2908,#2376,#2377);
#2239=AXIS2_PLACEMENT_3D('',#2909,#2378,#2379);
#2240=AXIS2_PLACEMENT_3D('',#2912,#2381,#2382);
#2241=AXIS2_PLACEMENT_3D('',#2913,#2383,#2384);
#2242=AXIS2_PLACEMENT_3D('',#2915,#2386,#2387);
#2243=AXIS2_PLACEMENT_3D('',#2928,#2394,#2395);
#2244=AXIS2_PLACEMENT_3D('',#2947,#2406,#2407);
#2245=AXIS2_PLACEMENT_3D('',#2956,#2412,#2413);
#2246=AXIS2_PLACEMENT_3D('',#2966,#2419,#2420);
#2247=AXIS2_PLACEMENT_3D('',#2975,#2425,#2426);
#2248=AXIS2_PLACEMENT_3D('',#2985,#2432,#2433);
#2249=AXIS2_PLACEMENT_3D('',#2994,#2438,#2439);
#2250=AXIS2_PLACEMENT_3D('',#3000,#2443,#2444);
#2251=AXIS2_PLACEMENT_3D('',#3006,#2448,#2449);
#2252=AXIS2_PLACEMENT_3D('',#3012,#2453,#2454);
#2253=AXIS2_PLACEMENT_3D('',#3019,#2459,#2460);
#2254=AXIS2_PLACEMENT_3D('',#3025,#2464,#2465);
#2255=AXIS2_PLACEMENT_3D('',#3030,#2469,#2470);
#2256=AXIS2_PLACEMENT_3D('',#3033,#2473,#2474);
#2257=AXIS2_PLACEMENT_3D('',#3034,#2475,#2476);
#2258=AXIS2_PLACEMENT_3D('',#3040,#2480,#2481);
#2259=AXIS2_PLACEMENT_3D('',#3044,#2484,#2485);
#2260=AXIS2_PLACEMENT_3D('',#3048,#2488,#2489);
#2261=AXIS2_PLACEMENT_3D('',#3050,#2491,#2492);
#2262=AXIS2_PLACEMENT_3D('',#3053,#2495,#2496);
#2263=AXIS2_PLACEMENT_3D('',#3055,#2498,#2499);
#2264=AXIS2_PLACEMENT_3D('',#3056,#2500,#2501);
#2265=AXIS2_PLACEMENT_3D('',#3060,#2504,#2505);
#2266=AXIS2_PLACEMENT_3D('',#3063,#2507,#2508);
#2267=AXIS2_PLACEMENT_3D('',#3065,#2510,#2511);
#2268=AXIS2_PLACEMENT_3D('',#3069,#2514,#2515);
#2269=AXIS2_PLACEMENT_3D('',#3070,#2516,#2517);
#2270=AXIS2_PLACEMENT_3D('',#3071,#2518,#2519);
#2271=AXIS2_PLACEMENT_3D('',#3080,#2524,#2525);
#2272=AXIS2_PLACEMENT_3D('',#3089,#2530,#2531);
#2273=AXIS2_PLACEMENT_3D('',#3096,#2536,#2537);
#2274=AXIS2_PLACEMENT_3D('',#3105,#2542,#2543);
#2275=AXIS2_PLACEMENT_3D('',#3118,#2550,#2551);
#2276=AXIS2_PLACEMENT_3D('',#3124,#2555,#2556);
#2277=AXIS2_PLACEMENT_3D('',#3130,#2560,#2561);
#2278=AXIS2_PLACEMENT_3D('',#3136,#2565,#2566);
#2279=AXIS2_PLACEMENT_3D('',#3139,#2569,#2570);
#2280=AXIS2_PLACEMENT_3D('',#3142,#2573,#2574);
#2281=AXIS2_PLACEMENT_3D('',#3148,#2578,#2579);
#2282=AXIS2_PLACEMENT_3D('',#3151,#2582,#2583);
#2283=AXIS2_PLACEMENT_3D('',#3160,#2588,#2589);
#2284=AXIS2_PLACEMENT_3D('',#3169,#2594,#2595);
#2285=AXIS2_PLACEMENT_3D('',#3176,#2600,#2601);
#2286=AXIS2_PLACEMENT_3D('',#3189,#2608,#2609);
#2287=AXIS2_PLACEMENT_3D('',#3195,#2613,#2614);
#2288=AXIS2_PLACEMENT_3D('',#3205,#2620,#2621);
#2289=AXIS2_PLACEMENT_3D('',#3211,#2625,#2626);
#2290=AXIS2_PLACEMENT_3D('',#3217,#2630,#2631);
#2291=AXIS2_PLACEMENT_3D('',#3223,#2635,#2636);
#2292=AXIS2_PLACEMENT_3D('',#3226,#2639,#2640);
#2293=AXIS2_PLACEMENT_3D('',#3228,#2642,#2643);
#2294=AXIS2_PLACEMENT_3D('',#3234,#2647,#2648);
#2295=AXIS2_PLACEMENT_3D('',#3237,#2651,#2652);
#2296=AXIS2_PLACEMENT_3D('',#3240,#2655,#2656);
#2297=AXIS2_PLACEMENT_3D('',#3241,#2657,#2658);
#2298=AXIS2_PLACEMENT_3D('',#3247,#2662,#2663);
#2299=AXIS2_PLACEMENT_3D('',#3253,#2667,#2668);
#2300=AXIS2_PLACEMENT_3D('',#3259,#2672,#2673);
#2301=AXIS2_PLACEMENT_3D('',#3261,#2675,#2676);
#2302=AXIS2_PLACEMENT_3D('',#3283,#2688,#2689);
#2303=AXIS2_PLACEMENT_3D('',#3289,#2693,#2694);
#2304=AXIS2_PLACEMENT_3D('',#3298,#2699,#2700);
#2305=AXIS2_PLACEMENT_3D('',#3299,#2701,#2702);
#2306=AXIS2_PLACEMENT_3D('',#3305,#2706,#2707);
#2307=AXIS2_PLACEMENT_3D('',#3309,#2710,#2711);
#2308=AXIS2_PLACEMENT_3D('',#3327,#2723,#2724);
#2309=AXIS2_PLACEMENT_3D('',#3329,#2725,#2726);
#2310=AXIS2_PLACEMENT_3D('',#3335,#2730,#2731);
#2311=AXIS2_PLACEMENT_3D('',#3337,#2733,#2734);
#2312=AXIS2_PLACEMENT_3D('',#3338,#2735,#2736);
#2313=AXIS2_PLACEMENT_3D('',#3344,#2740,#2741);
#2314=AXIS2_PLACEMENT_3D('',#3350,#2745,#2746);
#2315=AXIS2_PLACEMENT_3D('',#3352,#2748,#2749);
#2316=AXIS2_PLACEMENT_3D('',#3354,#2751,#2752);
#2317=AXIS2_PLACEMENT_3D('',#3355,#2753,#2754);
#2318=AXIS2_PLACEMENT_3D('',#3359,#2756,#2757);
#2319=AXIS2_PLACEMENT_3D('',#3360,#2758,#2759);
#2320=AXIS2_PLACEMENT_3D('',#3361,#2760,#2761);
#2321=AXIS2_PLACEMENT_3D('',#3364,#2763,#2764);
#2322=AXIS2_PLACEMENT_3D('',#3366,#2766,#2767);
#2323=AXIS2_PLACEMENT_3D('',#3369,#2769,#2770);
#2324=AXIS2_PLACEMENT_3D('',#3370,#2771,#2772);
#2325=AXIS2_PLACEMENT_3D('',#3373,#2775,#2776);
#2326=AXIS2_PLACEMENT_3D('',#3374,#2777,#2778);
#2327=AXIS2_PLACEMENT_3D('',#3376,#2780,#2781);
#2328=AXIS2_PLACEMENT_3D('',#3377,#2782,#2783);
#2329=AXIS2_PLACEMENT_3D('',#3378,#2784,#2785);
#2330=AXIS2_PLACEMENT_3D('',#3380,#2787,#2788);
#2331=AXIS2_PLACEMENT_3D('',#3382,#2790,#2791);
#2332=AXIS2_PLACEMENT_3D('',#3384,#2793,#2794);
#2333=AXIS2_PLACEMENT_3D('',#3385,#2795,#2796);
#2334=AXIS2_PLACEMENT_3D('',#3386,#2797,#2798);
#2335=AXIS2_PLACEMENT_3D('',#3387,#2799,#2800);
#2336=AXIS2_PLACEMENT_3D('',#3525,#2812,#2813);
#2337=AXIS2_PLACEMENT_3D('',#3629,#2825,#2826);
#2338=AXIS2_PLACEMENT_3D('',#3636,#2831,#2832);
#2339=AXIS2_PLACEMENT_3D('',#3643,#2837,#2838);
#2340=AXIS2_PLACEMENT_3D('',#3649,#2842,#2843);
#2341=AXIS2_PLACEMENT_3D('',#3653,#2846,#2847);
#2342=AXIS2_PLACEMENT_3D('',#3704,#2851,#2852);
#2343=AXIS2_PLACEMENT_3D('',#3706,#2854,#2855);
#2344=AXIS2_PLACEMENT_3D('',#3708,#2857,#2858);
#2345=AXIS2_PLACEMENT_3D('',#3711,#2861,#2862);
#2346=AXIS2_PLACEMENT_3D('',#3713,#2864,#2865);
#2347=AXIS2_PLACEMENT_3D('',#3715,#2867,#2868);
#2348=AXIS2_PLACEMENT_3D('',#3717,#2870,#2871);
#2349=AXIS2_PLACEMENT_3D('',#3759,#2873,#2874);
#2350=AXIS2_PLACEMENT_3D('',#3862,#2875,#2876);
#2351=AXIS2_PLACEMENT_3D('',#3894,#2878,#2879);
#2352=DIRECTION('axis',(0.,0.,1.));
#2353=DIRECTION('refdir',(1.,0.,0.));
#2354=DIRECTION('center_axis',(0.,-1.,2.22044604925031E-16));
#2355=DIRECTION('ref_axis',(1.,0.,0.));
#2356=DIRECTION('',(1.,0.,0.));
#2357=DIRECTION('',(0.,-2.22044604925031E-16,-1.));
#2358=DIRECTION('',(-1.,2.21111851073754E-32,9.95799250102959E-17));
#2359=DIRECTION('',(0.,-2.22044604925031E-16,-1.));
#2360=DIRECTION('center_axis',(0.,-1.,2.22044604925031E-16));
#2361=DIRECTION('ref_axis',(-9.95799250102959E-17,-2.22044604925031E-16,
-1.));
#2362=DIRECTION('',(1.,-2.21111851073754E-32,-9.9579925010296E-17));
#2363=DIRECTION('',(9.95799250102959E-17,2.22044604925031E-16,1.));
#2364=DIRECTION('',(-1.,2.21111851073754E-32,9.9579925010296E-17));
#2365=DIRECTION('',(-9.95799250102959E-17,-2.22044604925031E-16,-1.));
#2366=DIRECTION('center_axis',(-9.95799250102959E-17,-2.22044604925031E-16,
-1.));
#2367=DIRECTION('ref_axis',(-0.707106781186549,-0.707106781186546,2.27422886113205E-16));
#2368=DIRECTION('',(-9.95799250102959E-17,-2.22044604925031E-16,-1.));
#2369=DIRECTION('center_axis',(0.707106781186548,-1.57009245868377E-16,
-0.707106781186548));
#2370=DIRECTION('ref_axis',(-0.707106781186548,-1.57009245868377E-16,-0.707106781186547));
#2371=DIRECTION('center_axis',(-0.707106781186548,-1.57009245868377E-16,
-0.707106781186547));
#2372=DIRECTION('ref_axis',(-0.707106781186547,1.57009245868378E-16,0.707106781186548));
#2373=DIRECTION('center_axis',(1.,-2.21111851073754E-32,-9.95799250102959E-17));
#2374=DIRECTION('ref_axis',(-7.04136402448283E-17,-0.707106781186546,-0.707106781186549));
#2375=DIRECTION('',(1.,-2.21111851073754E-32,-9.95799250102959E-17));
#2376=DIRECTION('center_axis',(0.707106781186548,1.57009245868377E-16,0.707106781186548));
#2377=DIRECTION('ref_axis',(0.707106781186547,-1.57009245868377E-16,-0.707106781186548));
#2378=DIRECTION('center_axis',(9.95799250102959E-17,2.22044604925031E-16,
1.));
#2379=DIRECTION('ref_axis',(0.707106781186548,-0.707106781186547,8.65956056235491E-17));
#2380=DIRECTION('',(9.95799250102959E-17,2.22044604925031E-16,1.));
#2381=DIRECTION('center_axis',(-0.707106781186548,1.57009245868377E-16,
0.707106781186547));
#2382=DIRECTION('ref_axis',(0.707106781186547,1.57009245868378E-16,0.707106781186548));
#2383=DIRECTION('center_axis',(-1.,2.21111851073754E-32,9.95799250102959E-17));
#2384=DIRECTION('ref_axis',(7.04136402448283E-17,-0.707106781186546,0.707106781186549));
#2385=DIRECTION('',(-1.,2.21111851073754E-32,9.95799250102959E-17));
#2386=DIRECTION('center_axis',(0.,1.,-2.22044604925031E-16));
#2387=DIRECTION('ref_axis',(1.,0.,0.));
#2388=DIRECTION('',(1.,0.,0.));
#2389=DIRECTION('',(0.,-2.22044604925031E-16,-1.));
#2390=DIRECTION('',(1.,0.,0.));
#2391=DIRECTION('',(0.,-2.22044604925031E-16,-1.));
#2392=DIRECTION('',(-1.,0.,0.));
#2393=DIRECTION('',(0.,-2.22044604925031E-16,-1.));
#2394=DIRECTION('center_axis',(-1.,0.,0.));
#2395=DIRECTION('ref_axis',(0.,2.22044604925031E-16,1.));
#2396=DIRECTION('',(0.,1.,0.));
#2397=DIRECTION('',(0.,-1.,2.22044604925031E-16));
#2398=DIRECTION('',(0.,-2.22044604925031E-16,-1.));
#2399=DIRECTION('',(0.,-1.,2.22044604925031E-16));
#2400=DIRECTION('',(0.,-2.22044604925031E-16,-1.));
#2401=DIRECTION('',(0.,-1.,2.22044604925031E-16));
#2402=DIRECTION('',(9.95799250102959E-17,2.22044604925031E-16,1.));
#2403=DIRECTION('',(0.,1.,-2.22044604925031E-16));
#2404=DIRECTION('',(0.,-2.22044604925031E-16,-1.));
#2405=DIRECTION('',(0.,1.,-2.22044604925031E-16));
#2406=DIRECTION('center_axis',(-1.,0.,0.));
#2407=DIRECTION('ref_axis',(0.,2.22044604925031E-16,1.));
#2408=DIRECTION('',(0.,1.,-2.22044604925031E-16));
#2409=DIRECTION('',(0.,2.22044604925031E-16,1.));
#2410=DIRECTION('',(0.,1.,-2.22044604925031E-16));
#2411=DIRECTION('',(0.,-2.22044604925031E-16,-1.));
#2412=DIRECTION('center_axis',(1.,2.71926214689378E-32,1.22464679914735E-16));
#2413=DIRECTION('ref_axis',(0.,1.,-2.22044604925031E-16));
#2414=DIRECTION('',(0.,2.22044604925031E-16,1.));
#2415=DIRECTION('',(0.,-1.,2.22044604925031E-16));
#2416=DIRECTION('',(-1.22464679914735E-16,2.22044604925031E-16,1.));
#2417=DIRECTION('',(0.,1.,-2.22044604925031E-16));
#2418=DIRECTION('',(0.,-1.,0.));
#2419=DIRECTION('center_axis',(0.,-2.22044604925031E-16,-1.));
#2420=DIRECTION('ref_axis',(-1.,0.,0.));
#2421=DIRECTION('',(0.,1.,-2.22044604925031E-16));
#2422=DIRECTION('',(-1.,0.,0.));
#2423=DIRECTION('',(0.,-1.,2.22044604925031E-16));
#2424=DIRECTION('',(1.,0.,0.));
#2425=DIRECTION('center_axis',(0.,-2.22044604925031E-16,-1.));
#2426=DIRECTION('ref_axis',(-1.,0.,0.));
#2427=DIRECTION('',(0.,-1.,2.22044604925031E-16));
#2428=DIRECTION('',(-1.,0.,0.));
#2429=DIRECTION('',(0.,1.,-2.22044604925031E-16));
#2430=DIRECTION('',(0.,-1.,2.22044604925031E-16));
#2431=DIRECTION('',(1.,0.,0.));
#2432=DIRECTION('center_axis',(0.,2.22044604925031E-16,1.));
#2433=DIRECTION('ref_axis',(1.,0.,0.));
#2434=DIRECTION('',(-1.,0.,0.));
#2435=DIRECTION('',(0.,1.,-2.22044604925031E-16));
#2436=DIRECTION('',(1.,0.,0.));
#2437=DIRECTION('',(0.,1.,-2.22044604925031E-16));
#2438=DIRECTION('center_axis',(-1.,0.,0.));
#2439=DIRECTION('ref_axis',(0.,2.22044604925031E-16,1.));
#2440=DIRECTION('',(0.,-2.22044604925031E-16,-1.));
#2441=DIRECTION('',(0.,2.22044604925031E-16,1.));
#2442=DIRECTION('',(0.,1.,-2.22044604925031E-16));
#2443=DIRECTION('center_axis',(1.,0.,0.));
#2444=DIRECTION('ref_axis',(0.,-2.22044604925031E-16,-1.));
#2445=DIRECTION('',(0.,-2.22044604925031E-16,-1.));
#2446=DIRECTION('',(-1.66325546760323E-16,-2.22044604925031E-16,-1.));
#2447=DIRECTION('',(0.,1.,-2.22044604925031E-16));
#2448=DIRECTION('center_axis',(0.,-2.22044604925031E-16,-1.));
#2449=DIRECTION('ref_axis',(-1.,0.,0.));
#2450=DIRECTION('',(1.,0.,0.));
#2451=DIRECTION('',(-1.,0.,0.));
#2452=DIRECTION('',(0.,1.,-2.22044604925031E-16));
#2453=DIRECTION('center_axis',(-1.,0.,0.));
#2454=DIRECTION('ref_axis',(0.,2.22044604925031E-16,1.));
#2455=DIRECTION('',(-1.66325546760323E-16,-2.22044604925031E-16,-1.));
#2456=DIRECTION('',(0.,2.22044604925031E-16,1.));
#2457=DIRECTION('',(0.,-1.,2.22044604925031E-16));
#2458=DIRECTION('',(1.66325546760323E-16,2.22044604925031E-16,1.));
#2459=DIRECTION('center_axis',(1.,0.,0.));
#2460=DIRECTION('ref_axis',(0.,-2.22044604925031E-16,-1.));
#2461=DIRECTION('',(0.,2.22044604925031E-16,1.));
#2462=DIRECTION('',(0.,-1.,2.22044604925031E-16));
#2463=DIRECTION('',(0.,-2.22044604925031E-16,-1.));
#2464=DIRECTION('center_axis',(0.,2.22044604925031E-16,1.));
#2465=DIRECTION('ref_axis',(1.,0.,0.));
#2466=DIRECTION('',(1.,0.,0.));
#2467=DIRECTION('',(0.,1.,-2.22044604925031E-16));
#2468=DIRECTION('',(-1.,0.,0.));
#2469=DIRECTION('center_axis',(0.,-1.,2.22044604925031E-16));
#2470=DIRECTION('ref_axis',(-1.,0.,0.));
#2471=DIRECTION('',(0.,-2.22044604925031E-16,-1.));
#2472=DIRECTION('',(1.,0.,0.));
#2473=DIRECTION('center_axis',(-1.,0.,0.));
#2474=DIRECTION('ref_axis',(0.,1.,-2.22044604925031E-16));
#2475=DIRECTION('center_axis',(-9.95799250102959E-17,-2.22044604925031E-16,
-1.));
#2476=DIRECTION('ref_axis',(0.,1.,-2.22044604925031E-16));
#2477=DIRECTION('',(1.,2.71926214689378E-32,1.22464679914735E-16));
#2478=DIRECTION('',(0.,-1.,2.22044604925031E-16));
#2479=DIRECTION('',(-1.,2.21111851073754E-32,9.95799250102959E-17));
#2480=DIRECTION('center_axis',(0.,-1.,2.22044604925031E-16));
#2481=DIRECTION('ref_axis',(9.95799250102959E-17,2.22044604925031E-16,1.));
#2482=DIRECTION('',(-1.,2.21111851073754E-32,9.95799250102959E-17));
#2483=DIRECTION('',(1.22464679914735E-16,-2.22044604925031E-16,-1.));
#2484=DIRECTION('center_axis',(9.95799250102959E-17,2.22044604925031E-16,
1.));
#2485=DIRECTION('ref_axis',(0.,-1.,2.22044604925031E-16));
#2486=DIRECTION('',(1.,2.71926214689378E-32,1.22464679914735E-16));
#2487=DIRECTION('',(0.,1.,-2.22044604925031E-16));
#2488=DIRECTION('center_axis',(-9.95799250102959E-17,-2.22044604925031E-16,
-1.));
#2489=DIRECTION('ref_axis',(-1.,2.21111851073754E-32,9.95799250102959E-17));
#2490=DIRECTION('',(-1.,2.21111851073754E-32,9.9579925010296E-17));
#2491=DIRECTION('center_axis',(9.95799250102959E-17,2.22044604925031E-16,
1.));
#2492=DIRECTION('ref_axis',(1.,-2.21111851073754E-32,-9.95799250102959E-17));
#2493=DIRECTION('',(1.,2.71926214689378E-32,1.22464679914735E-16));
#2494=DIRECTION('',(-1.,2.21111851073754E-32,9.95799250102959E-17));
#2495=DIRECTION('center_axis',(1.,2.71926214689378E-32,1.22464679914735E-16));
#2496=DIRECTION('ref_axis',(0.,1.,-2.22044604925031E-16));
#2497=DIRECTION('',(9.95799250102959E-17,2.22044604925031E-16,1.));
#2498=DIRECTION('center_axis',(0.,1.,-2.22044604925031E-16));
#2499=DIRECTION('ref_axis',(-9.95799250102959E-17,-2.22044604925031E-16,
-1.));
#2500=DIRECTION('center_axis',(-1.,0.,0.));
#2501=DIRECTION('ref_axis',(0.,2.22044604925031E-16,1.));
#2502=DIRECTION('',(0.,-2.22044604925031E-16,-1.));
#2503=DIRECTION('',(0.,1.,-2.22044604925031E-16));
#2504=DIRECTION('center_axis',(-9.95799250102959E-17,-2.22044604925031E-16,
-1.));
#2505=DIRECTION('ref_axis',(0.,-1.,2.22044604925031E-16));
#2506=DIRECTION('',(0.,-1.,2.22044604925031E-16));
#2507=DIRECTION('center_axis',(9.95799250102959E-17,2.22044604925031E-16,
1.));
#2508=DIRECTION('ref_axis',(-0.466666666666667,0.884433277428107,-1.49913005997603E-16));
#2509=DIRECTION('',(0.,1.,-2.22044604925031E-16));
#2510=DIRECTION('center_axis',(-1.,2.21111851073754E-32,9.95799250102959E-17));
#2511=DIRECTION('ref_axis',(0.,-1.,2.22044604925031E-16));
#2512=DIRECTION('',(0.,-1.,2.22044604925031E-16));
#2513=DIRECTION('',(9.95799250102959E-17,2.22044604925031E-16,1.));
#2514=DIRECTION('center_axis',(9.95799250102959E-17,2.22044604925031E-16,
1.));
#2515=DIRECTION('ref_axis',(-0.466666666666667,0.884433277428107,-1.49913005997603E-16));
#2516=DIRECTION('center_axis',(-9.95799250102959E-17,-2.22044604925031E-16,
-1.));
#2517=DIRECTION('ref_axis',(-0.466666666666667,0.884433277428107,-1.49913005997603E-16));
#2518=DIRECTION('center_axis',(1.,0.,0.));
#2519=DIRECTION('ref_axis',(0.,-2.22044604925031E-16,-1.));
#2520=DIRECTION('',(0.,-2.22044604925031E-16,-1.));
#2521=DIRECTION('',(0.,1.,-2.22044604925031E-16));
#2522=DIRECTION('',(0.,-2.22044604925031E-16,-1.));
#2523=DIRECTION('',(0.,1.,-2.22044604925031E-16));
#2524=DIRECTION('center_axis',(-1.,0.,0.));
#2525=DIRECTION('ref_axis',(0.,1.,-2.22044604925031E-16));
#2526=DIRECTION('',(0.,-1.,2.22044604925031E-16));
#2527=DIRECTION('',(0.,-2.22044604925031E-16,-1.));
#2528=DIRECTION('',(0.,1.,-2.22044604925031E-16));
#2529=DIRECTION('',(0.,-2.22044604925031E-16,-1.));
#2530=DIRECTION('center_axis',(0.,2.22044604925031E-16,1.));
#2531=DIRECTION('ref_axis',(1.,0.,0.));
#2532=DIRECTION('',(-1.,0.,0.));
#2533=DIRECTION('',(0.,1.,-2.22044604925031E-16));
#2534=DIRECTION('',(1.,0.,0.));
#2535=DIRECTION('',(1.,0.,0.));
#2536=DIRECTION('center_axis',(1.,0.,0.));
#2537=DIRECTION('ref_axis',(0.,-2.22044604925031E-16,-1.));
#2538=DIRECTION('',(0.,2.22044604925031E-16,1.));
#2539=DIRECTION('',(0.,-1.,2.22044604925031E-16));
#2540=DIRECTION('',(0.,-2.22044604925031E-16,-1.));
#2541=DIRECTION('',(0.,1.,-2.22044604925031E-16));
#2542=DIRECTION('center_axis',(-1.,4.93038065763133E-31,2.22044604925031E-15));
#2543=DIRECTION('ref_axis',(2.22044604925031E-15,2.22044604925031E-16,1.));
#2544=DIRECTION('',(-1.72797361593091E-16,-2.22044604925031E-16,-1.));
#2545=DIRECTION('',(0.,1.,-2.22044604925031E-16));
#2546=DIRECTION('',(2.22044604925031E-15,2.22044604925031E-16,1.));
#2547=DIRECTION('',(0.,-1.,2.22044604925031E-16));
#2548=DIRECTION('',(1.72797361593091E-16,2.22044604925031E-16,1.));
#2549=DIRECTION('',(0.,1.,-2.22044604925031E-16));
#2550=DIRECTION('center_axis',(-3.70074341541719E-16,-2.22044604925031E-16,
-1.));
#2551=DIRECTION('ref_axis',(-1.,8.21730109605221E-32,3.70074341541719E-16));
#2552=DIRECTION('',(1.,-8.21730109605221E-32,-3.70074341541719E-16));
#2553=DIRECTION('',(0.,1.,-2.22044604925031E-16));
#2554=DIRECTION('',(-1.,8.21730109605221E-32,3.70074341541719E-16));
#2555=DIRECTION('center_axis',(1.,0.,0.));
#2556=DIRECTION('ref_axis',(0.,-2.22044604925031E-16,-1.));
#2557=DIRECTION('',(0.,-2.22044604925031E-16,-1.));
#2558=DIRECTION('',(0.,-1.,2.22044604925031E-16));
#2559=DIRECTION('',(-1.69336744281907E-16,-2.22044604925031E-16,-1.));
#2560=DIRECTION('center_axis',(-1.,4.93038065763132E-31,2.22044604925031E-15));
#2561=DIRECTION('ref_axis',(2.22044604925031E-15,2.22044604925031E-16,1.));
#2562=DIRECTION('',(2.22044604925031E-15,2.22044604925031E-16,1.));
#2563=DIRECTION('',(0.,1.,-2.22044604925031E-16));
#2564=DIRECTION('',(2.22044604925031E-15,2.22044604925031E-16,1.));
#2565=DIRECTION('center_axis',(3.70074341541719E-16,2.22044604925031E-16,
1.));
#2566=DIRECTION('ref_axis',(1.,-8.21730109605221E-32,-3.70074341541719E-16));
#2567=DIRECTION('',(-1.,8.21730109605221E-32,3.70074341541719E-16));
#2568=DIRECTION('',(1.,-8.21730109605221E-32,-3.70074341541719E-16));
#2569=DIRECTION('center_axis',(0.,-1.,2.22044604925031E-16));
#2570=DIRECTION('ref_axis',(-1.,0.,0.));
#2571=DIRECTION('',(1.,0.,0.));
#2572=DIRECTION('',(1.,0.,0.));
#2573=DIRECTION('center_axis',(0.,-2.22044604925031E-16,-1.));
#2574=DIRECTION('ref_axis',(-1.,0.,0.));
#2575=DIRECTION('',(-1.,0.,0.));
#2576=DIRECTION('',(0.,-1.,2.22044604925031E-16));
#2577=DIRECTION('',(1.,0.,0.));
#2578=DIRECTION('center_axis',(0.,-2.22044604925031E-16,-1.));
#2579=DIRECTION('ref_axis',(-1.,0.,0.));
#2580=DIRECTION('',(-1.,0.,0.));
#2581=DIRECTION('',(-1.,0.,0.));
#2582=DIRECTION('center_axis',(1.,0.,0.));
#2583=DIRECTION('ref_axis',(0.,-2.22044604925031E-16,-1.));
#2584=DIRECTION('',(0.,-2.22044604925031E-16,-1.));
#2585=DIRECTION('',(0.,1.,-2.22044604925031E-16));
#2586=DIRECTION('',(0.,-2.22044604925031E-16,-1.));
#2587=DIRECTION('',(0.,1.,-2.22044604925031E-16));
#2588=DIRECTION('center_axis',(-1.,0.,0.));
#2589=DIRECTION('ref_axis',(0.,1.,-2.22044604925031E-16));
#2590=DIRECTION('',(0.,-1.,2.22044604925031E-16));
#2591=DIRECTION('',(0.,-2.22044604925031E-16,-1.));
#2592=DIRECTION('',(0.,1.,-2.22044604925031E-16));
#2593=DIRECTION('',(0.,-2.22044604925031E-16,-1.));
#2594=DIRECTION('center_axis',(0.,2.22044604925031E-16,1.));
#2595=DIRECTION('ref_axis',(1.,0.,0.));
#2596=DIRECTION('',(-1.,0.,0.));
#2597=DIRECTION('',(0.,1.,-2.22044604925031E-16));
#2598=DIRECTION('',(1.,0.,0.));
#2599=DIRECTION('',(1.,0.,0.));
#2600=DIRECTION('center_axis',(0.,2.22044604925031E-16,1.));
#2601=DIRECTION('ref_axis',(1.,0.,0.));
#2602=DIRECTION('',(0.,-1.,2.22044604925031E-16));
#2603=DIRECTION('',(1.,0.,0.));
#2604=DIRECTION('',(0.,-1.,2.22044604925031E-16));
#2605=DIRECTION('',(-1.,0.,0.));
#2606=DIRECTION('',(0.,-1.,2.22044604925031E-16));
#2607=DIRECTION('',(1.,0.,0.));
#2608=DIRECTION('center_axis',(1.,0.,0.));
#2609=DIRECTION('ref_axis',(0.,-2.22044604925031E-16,-1.));
#2610=DIRECTION('',(0.,2.22044604925031E-16,1.));
#2611=DIRECTION('',(0.,-2.22044604925031E-16,-1.));
#2612=DIRECTION('',(0.,1.,-2.22044604925031E-16));
#2613=DIRECTION('center_axis',(-1.,0.,0.));
#2614=DIRECTION('ref_axis',(0.,2.22044604925031E-16,1.));
#2615=DIRECTION('',(-1.76657780567019E-16,-2.22044604925031E-16,-1.));
#2616=DIRECTION('',(0.,1.,-2.22044604925031E-16));
#2617=DIRECTION('',(0.,2.22044604925031E-16,1.));
#2618=DIRECTION('',(1.76657780567019E-16,2.22044604925031E-16,1.));
#2619=DIRECTION('',(0.,1.,-2.22044604925031E-16));
#2620=DIRECTION('center_axis',(0.,-2.22044604925031E-16,-1.));
#2621=DIRECTION('ref_axis',(-1.,0.,0.));
#2622=DIRECTION('',(1.,0.,0.));
#2623=DIRECTION('',(0.,1.,-2.22044604925031E-16));
#2624=DIRECTION('',(-1.,0.,0.));
#2625=DIRECTION('center_axis',(1.,0.,0.));
#2626=DIRECTION('ref_axis',(0.,-2.22044604925031E-16,-1.));
#2627=DIRECTION('',(0.,-2.22044604925031E-16,-1.));
#2628=DIRECTION('',(0.,-1.,2.22044604925031E-16));
#2629=DIRECTION('',(0.,-2.22044604925031E-16,-1.));
#2630=DIRECTION('center_axis',(-1.,0.,0.));
#2631=DIRECTION('ref_axis',(0.,2.22044604925031E-16,1.));
#2632=DIRECTION('',(0.,-2.22044604925031E-16,-1.));
#2633=DIRECTION('',(0.,1.,-2.22044604925031E-16));
#2634=DIRECTION('',(0.,2.22044604925031E-16,1.));
#2635=DIRECTION('center_axis',(0.,2.22044604925031E-16,1.));
#2636=DIRECTION('ref_axis',(1.,0.,0.));
#2637=DIRECTION('',(-1.,0.,0.));
#2638=DIRECTION('',(1.,0.,0.));
#2639=DIRECTION('center_axis',(0.,-1.,2.22044604925031E-16));
#2640=DIRECTION('ref_axis',(-1.,0.,0.));
#2641=DIRECTION('',(1.,0.,0.));
#2642=DIRECTION('center_axis',(0.,-2.22044604925031E-16,-1.));
#2643=DIRECTION('ref_axis',(-1.,0.,0.));
#2644=DIRECTION('',(-1.,0.,0.));
#2645=DIRECTION('',(0.,-1.,2.22044604925031E-16));
#2646=DIRECTION('',(1.,0.,0.));
#2647=DIRECTION('center_axis',(0.,-2.22044604925031E-16,-1.));
#2648=DIRECTION('ref_axis',(-1.,0.,0.));
#2649=DIRECTION('',(-1.,0.,0.));
#2650=DIRECTION('',(-1.,0.,0.));
#2651=DIRECTION('center_axis',(1.,-2.21111851073754E-32,-9.95799250102959E-17));
#2652=DIRECTION('ref_axis',(9.95799250102959E-17,2.22044604925031E-16,1.));
#2653=DIRECTION('',(9.95799250102959E-17,2.22044604925031E-16,1.));
#2654=DIRECTION('',(0.,-1.,2.22044604925031E-16));
#2655=DIRECTION('center_axis',(9.95799250102959E-17,2.22044604925031E-16,
1.));
#2656=DIRECTION('ref_axis',(0.,1.,-2.22044604925031E-16));
#2657=DIRECTION('center_axis',(1.,0.,0.));
#2658=DIRECTION('ref_axis',(0.,0.,-1.));
#2659=DIRECTION('',(0.,-2.22044604925031E-16,-1.));
#2660=DIRECTION('',(0.,2.22044604925031E-16,1.));
#2661=DIRECTION('',(0.,1.,0.));
#2662=DIRECTION('center_axis',(1.,0.,0.));
#2663=DIRECTION('ref_axis',(0.,0.,-1.));
#2664=DIRECTION('',(0.,-2.22044604925031E-16,-1.));
#2665=DIRECTION('',(0.,2.22044604925031E-16,1.));
#2666=DIRECTION('',(0.,1.,0.));
#2667=DIRECTION('center_axis',(1.,0.,0.));
#2668=DIRECTION('ref_axis',(0.,0.,-1.));
#2669=DIRECTION('',(0.,-2.22044604925031E-16,-1.));
#2670=DIRECTION('',(0.,2.22044604925031E-16,1.));
#2671=DIRECTION('',(0.,1.,0.));
#2672=DIRECTION('center_axis',(0.,0.,-1.));
#2673=DIRECTION('ref_axis',(-1.,0.,0.));
#2674=DIRECTION('',(-1.,0.,0.));
#2675=DIRECTION('center_axis',(1.,0.,0.));
#2676=DIRECTION('ref_axis',(0.,0.,-1.));
#2677=DIRECTION('',(0.,-1.,0.));
#2678=DIRECTION('',(0.,2.22044604925031E-16,1.));
#2679=DIRECTION('',(0.,-2.22044604925031E-16,-1.));
#2680=DIRECTION('',(0.,-1.,2.22044604925031E-16));
#2681=DIRECTION('',(0.,2.22044604925031E-16,1.));
#2682=DIRECTION('',(0.,1.,-2.22044604925031E-16));
#2683=DIRECTION('',(0.,-2.22044604925031E-16,-1.));
#2684=DIRECTION('',(0.,-1.,2.22044604925031E-16));
#2685=DIRECTION('',(0.,2.22044604925031E-16,1.));
#2686=DIRECTION('',(0.,1.,-2.22044604925031E-16));
#2687=DIRECTION('',(0.,-2.22044604925031E-16,-1.));
#2688=DIRECTION('center_axis',(0.,1.,-2.22044604925031E-16));
#2689=DIRECTION('ref_axis',(0.,2.22044604925031E-16,1.));
#2690=DIRECTION('',(1.,0.,0.));
#2691=DIRECTION('',(1.,0.,0.));
#2692=DIRECTION('',(-2.22044604925031E-16,-2.22044604925031E-16,-1.));
#2693=DIRECTION('center_axis',(2.22044604925031E-16,2.22044604925031E-16,
1.));
#2694=DIRECTION('ref_axis',(0.,-1.,2.22044604925031E-16));
#2695=DIRECTION('',(1.,0.,0.));
#2696=DIRECTION('',(0.,1.,-2.22044604925031E-16));
#2697=DIRECTION('',(-1.,4.93038065763132E-32,2.22044604925031E-16));
#2698=DIRECTION('',(0.,-1.,2.22044604925031E-16));
#2699=DIRECTION('center_axis',(-2.22044604925031E-16,-2.22044604925031E-16,
-1.));
#2700=DIRECTION('ref_axis',(0.466666666666667,0.884433277428107,-3.00004453300756E-16));
#2701=DIRECTION('center_axis',(0.,1.,-2.22044604925031E-16));
#2702=DIRECTION('ref_axis',(2.22044604925031E-16,2.22044604925031E-16,1.));
#2703=DIRECTION('',(-1.,0.,0.));
#2704=DIRECTION('',(1.,-4.93038065763132E-32,-2.22044604925031E-16));
#2705=DIRECTION('',(0.,-2.22044604925031E-16,-1.));
#2706=DIRECTION('center_axis',(2.22044604925031E-16,2.22044604925031E-16,
1.));
#2707=DIRECTION('ref_axis',(1.,-4.93038065763132E-32,-2.22044604925031E-16));
#2708=DIRECTION('',(-1.,0.,0.));
#2709=DIRECTION('',(0.,1.,-2.22044604925031E-16));
#2710=DIRECTION('center_axis',(0.,1.,-2.22044604925031E-16));
#2711=DIRECTION('ref_axis',(-1.,-2.71926214689378E-32,-1.22464679914735E-16));
#2712=DIRECTION('',(-1.,0.,0.));
#2713=DIRECTION('',(-1.,6.1629759597924E-32,2.77555762360144E-16));
#2714=DIRECTION('',(-2.22044604925031E-16,-2.22044604925031E-16,-1.));
#2715=DIRECTION('',(1.,-4.93038065763132E-32,-2.22044604925031E-16));
#2716=DIRECTION('',(0.,2.22044604925031E-16,1.));
#2717=DIRECTION('',(-1.,0.,0.));
#2718=DIRECTION('',(-1.,0.,0.));
#2719=DIRECTION('',(-1.,0.,0.));
#2720=DIRECTION('',(0.,2.22044604925031E-16,1.));
#2721=DIRECTION('',(1.,-4.93038065763132E-32,-2.22044604925031E-16));
#2722=DIRECTION('',(-2.22044604925031E-16,-2.22044604925031E-16,-1.));
#2723=DIRECTION('center_axis',(-2.22044604925031E-16,-2.22044604925031E-16,
-1.));
#2724=DIRECTION('ref_axis',(0.,1.,-2.22044604925031E-16));
#2725=DIRECTION('center_axis',(2.22044604925031E-16,2.22044604925031E-16,
1.));
#2726=DIRECTION('ref_axis',(0.466666666666667,0.884433277428107,-3.00004453300756E-16));
#2727=DIRECTION('',(0.,-1.,2.22044604925031E-16));
#2728=DIRECTION('',(1.,-4.93038065763132E-32,-2.22044604925031E-16));
#2729=DIRECTION('',(0.,-1.,2.22044604925031E-16));
#2730=DIRECTION('center_axis',(-2.22044604925031E-16,-2.22044604925031E-16,
-1.));
#2731=DIRECTION('ref_axis',(-1.,4.93038065763132E-32,2.22044604925031E-16));
#2732=DIRECTION('',(0.,-1.,2.22044604925031E-16));
#2733=DIRECTION('center_axis',(-1.,0.,0.));
#2734=DIRECTION('ref_axis',(0.,1.,-2.22044604925031E-16));
#2735=DIRECTION('center_axis',(-1.,0.,0.));
#2736=DIRECTION('ref_axis',(0.,1.,-2.22044604925031E-16));
#2737=DIRECTION('',(0.,-1.,2.22044604925031E-16));
#2738=DIRECTION('',(-2.22044604925031E-16,-2.22044604925031E-16,-1.));
#2739=DIRECTION('',(0.,1.,-2.22044604925031E-16));
#2740=DIRECTION('center_axis',(-1.,0.,0.));
#2741=DIRECTION('ref_axis',(0.,1.,-2.22044604925031E-16));
#2742=DIRECTION('',(0.,-1.,2.22044604925031E-16));
#2743=DIRECTION('',(0.,2.22044604925031E-16,1.));
#2744=DIRECTION('',(0.,1.,-2.22044604925031E-16));
#2745=DIRECTION('center_axis',(-2.22044604925031E-16,-2.22044604925031E-16,
-1.));
#2746=DIRECTION('ref_axis',(0.,-1.,2.22044604925031E-16));
#2747=DIRECTION('',(1.,-4.93038065763132E-32,-2.22044604925031E-16));
#2748=DIRECTION('center_axis',(0.,-1.,2.22044604925031E-16));
#2749=DIRECTION('ref_axis',(-2.22044604925031E-16,-2.22044604925031E-16,
-1.));
#2750=DIRECTION('',(-1.,0.,0.));
#2751=DIRECTION('center_axis',(2.22044604925031E-16,2.22044604925031E-16,
1.));
#2752=DIRECTION('ref_axis',(0.,1.,-2.22044604925031E-16));
#2753=DIRECTION('center_axis',(1.,-4.93038065763132E-32,-2.22044604925031E-16));
#2754=DIRECTION('ref_axis',(-1.57009245868378E-16,-0.707106781186546,-0.707106781186549));
#2755=DIRECTION('',(-1.,4.93038065763132E-32,2.22044604925031E-16));
#2756=DIRECTION('center_axis',(0.707106781186548,-1.57009245868377E-16,
-0.707106781186547));
#2757=DIRECTION('ref_axis',(-0.707106781186547,-1.57009245868378E-16,-0.707106781186548));
#2758=DIRECTION('center_axis',(0.707106781186548,1.57009245868377E-16,0.707106781186547));
#2759=DIRECTION('ref_axis',(0.707106781186547,-1.57009245868378E-16,-0.707106781186548));
#2760=DIRECTION('center_axis',(-2.22044604925031E-16,-2.22044604925031E-16,
-1.));
#2761=DIRECTION('ref_axis',(-0.707106781186548,-0.707106781186547,3.14018491736755E-16));
#2762=DIRECTION('',(2.22044604925031E-16,2.22044604925031E-16,1.));
#2763=DIRECTION('center_axis',(-0.707106781186548,-1.57009245868377E-16,
-0.707106781186547));
#2764=DIRECTION('ref_axis',(-0.707106781186547,1.57009245868377E-16,0.707106781186548));
#2765=DIRECTION('',(-2.22044604925031E-16,-2.22044604925031E-16,-1.));
#2766=DIRECTION('center_axis',(-1.,4.93038065763132E-32,2.22044604925031E-16));
#2767=DIRECTION('ref_axis',(1.57009245868378E-16,-0.707106781186546,0.707106781186549));
#2768=DIRECTION('',(1.,-4.93038065763132E-32,-2.22044604925031E-16));
#2769=DIRECTION('center_axis',(-0.707106781186547,1.57009245868378E-16,
0.707106781186548));
#2770=DIRECTION('ref_axis',(0.707106781186548,1.57009245868377E-16,0.707106781186547));
#2771=DIRECTION('center_axis',(2.22044604925031E-16,2.22044604925031E-16,
1.));
#2772=DIRECTION('ref_axis',(0.707106781186549,-0.707106781186546,-7.08742219534503E-31));
#2773=DIRECTION('',(2.22044604925031E-16,2.22044604925031E-16,1.));
#2774=DIRECTION('',(-2.22044604925031E-16,-2.22044604925031E-16,-1.));
#2775=DIRECTION('center_axis',(0.,-1.,2.22044604925031E-16));
#2776=DIRECTION('ref_axis',(2.22044604925031E-16,2.22044604925031E-16,1.));
#2777=DIRECTION('center_axis',(-2.22044604925031E-16,-2.22044604925031E-16,
-1.));
#2778=DIRECTION('ref_axis',(0.466666666666667,0.884433277428107,-3.00004453300756E-16));
#2779=DIRECTION('',(-2.22044604925031E-16,-2.22044604925031E-16,-1.));
#2780=DIRECTION('center_axis',(-1.,4.93038065763132E-32,2.22044604925031E-16));
#2781=DIRECTION('ref_axis',(-2.22044604925031E-16,-2.22044604925031E-16,
-1.));
#2782=DIRECTION('center_axis',(1.,-4.93038065763132E-32,-2.22044604925031E-16));
#2783=DIRECTION('ref_axis',(0.,-1.,2.22044604925031E-16));
#2784=DIRECTION('center_axis',(0.,1.,-2.22044604925031E-16));
#2785=DIRECTION('ref_axis',(1.,0.,0.));
#2786=DIRECTION('',(1.,0.,0.));
#2787=DIRECTION('center_axis',(0.,1.,-2.22044604925031E-16));
#2788=DIRECTION('ref_axis',(1.,0.,0.));
#2789=DIRECTION('',(1.,0.,0.));
#2790=DIRECTION('center_axis',(0.,1.,-2.22044604925031E-16));
#2791=DIRECTION('ref_axis',(1.,0.,0.));
#2792=DIRECTION('',(1.,0.,0.));
#2793=DIRECTION('center_axis',(0.,0.,-1.));
#2794=DIRECTION('ref_axis',(-1.,0.,0.));
#2795=DIRECTION('center_axis',(0.,0.,-1.));
#2796=DIRECTION('ref_axis',(-1.,0.,0.));
#2797=DIRECTION('center_axis',(0.,0.,-1.));
#2798=DIRECTION('ref_axis',(-1.,0.,0.));
#2799=DIRECTION('center_axis',(0.,1.,-2.22044604925031E-16));
#2800=DIRECTION('ref_axis',(-1.,-2.71926214689378E-32,-1.22464679914735E-16));
#2801=DIRECTION('',(-1.,0.,0.));
#2802=DIRECTION('',(-1.,6.28694204287398E-24,2.83138698415872E-8));
#2803=DIRECTION('',(-1.,0.,0.));
#2804=DIRECTION('',(-1.,6.28694204287398E-24,2.83138698415872E-8));
#2805=DIRECTION('',(-1.,0.,0.));
#2806=DIRECTION('',(-1.,0.,0.));
#2807=DIRECTION('',(0.,-2.22044604925031E-16,-1.));
#2808=DIRECTION('',(1.,0.,0.));
#2809=DIRECTION('',(0.,-2.22044604925031E-16,-1.));
#2810=DIRECTION('',(1.,0.,0.));
#2811=DIRECTION('',(-1.,6.35361511040777E-24,2.8614138643688E-8));
#2812=DIRECTION('center_axis',(0.,-1.,2.22044604925031E-16));
#2813=DIRECTION('ref_axis',(1.,0.,0.));
#2814=DIRECTION('',(1.,0.,0.));
#2815=DIRECTION('',(0.,-2.22044604925031E-16,-1.));
#2816=DIRECTION('',(1.,0.,0.));
#2817=DIRECTION('',(0.,2.22044604925031E-16,1.));
#2818=DIRECTION('',(-1.,0.,0.));
#2819=DIRECTION('',(-1.,6.35361511040777E-24,2.8614138643688E-8));
#2820=DIRECTION('',(-1.,0.,0.));
#2821=DIRECTION('',(0.,2.22044604925031E-16,1.));
#2822=DIRECTION('',(-1.,0.,0.));
#2823=DIRECTION('',(0.,-2.22044604925031E-16,-1.));
#2824=DIRECTION('',(-1.,0.,0.));
#2825=DIRECTION('center_axis',(0.,0.,-1.));
#2826=DIRECTION('ref_axis',(-1.,0.,0.));
#2827=DIRECTION('',(0.,1.,-2.22044604925031E-16));
#2828=DIRECTION('',(0.,-1.,0.));
#2829=DIRECTION('',(1.,0.,0.));
#2830=DIRECTION('',(0.,1.,-2.22044604925031E-16));
#2831=DIRECTION('center_axis',(0.,0.,-1.));
#2832=DIRECTION('ref_axis',(-1.,0.,0.));
#2833=DIRECTION('',(0.,1.,-2.22044604925031E-16));
#2834=DIRECTION('',(1.,0.,0.));
#2835=DIRECTION('',(0.,1.,0.));
#2836=DIRECTION('',(0.,-1.,2.22044604925031E-16));
#2837=DIRECTION('center_axis',(0.,0.,-1.));
#2838=DIRECTION('ref_axis',(-1.,0.,0.));
#2839=DIRECTION('',(0.,1.,-2.22044604925031E-16));
#2840=DIRECTION('',(1.,0.,0.));
#2841=DIRECTION('',(0.,1.,-2.22044604925031E-16));
#2842=DIRECTION('center_axis',(-1.,0.,0.));
#2843=DIRECTION('ref_axis',(0.,2.22044604925031E-16,1.));
#2844=DIRECTION('',(0.,-2.22044604925031E-16,-1.));
#2845=DIRECTION('',(0.,-1.,2.22044604925031E-16));
#2846=DIRECTION('center_axis',(1.,0.,0.));
#2847=DIRECTION('ref_axis',(0.,-2.22044604925031E-16,-1.));
#2848=DIRECTION('',(0.,-1.,2.22044604925031E-16));
#2849=DIRECTION('',(0.,-2.22044604925031E-16,-1.));
#2850=DIRECTION('',(0.,1.,-2.22044604925031E-16));
#2851=DIRECTION('center_axis',(-2.83138698415872E-8,0.,-1.));
#2852=DIRECTION('ref_axis',(1.,0.,-2.83138698415872E-8));
#2853=DIRECTION('',(1.,-6.28694204287398E-24,-2.83138698415872E-8));
#2854=DIRECTION('center_axis',(-2.83138698415872E-8,0.,-1.));
#2855=DIRECTION('ref_axis',(1.,0.,-2.83138698415872E-8));
#2856=DIRECTION('',(1.,-6.28694204287398E-24,-2.83138698415872E-8));
#2857=DIRECTION('center_axis',(0.,-2.22044604925031E-16,-1.));
#2858=DIRECTION('ref_axis',(-1.,0.,0.));
#2859=DIRECTION('',(0.,1.,-2.22044604925031E-16));
#2860=DIRECTION('',(0.,1.,-2.22044604925031E-16));
#2861=DIRECTION('center_axis',(1.,0.,0.));
#2862=DIRECTION('ref_axis',(0.,-2.22044604925031E-16,-1.));
#2863=DIRECTION('',(0.,1.,-2.22044604925031E-16));
#2864=DIRECTION('center_axis',(0.,-2.22044604925031E-16,-1.));
#2865=DIRECTION('ref_axis',(-1.,0.,0.));
#2866=DIRECTION('',(0.,1.,-2.22044604925031E-16));
#2867=DIRECTION('center_axis',(-1.,0.,0.));
#2868=DIRECTION('ref_axis',(0.,2.22044604925031E-16,1.));
#2869=DIRECTION('',(0.,1.,-2.22044604925031E-16));
#2870=DIRECTION('center_axis',(0.,-2.22044604925031E-16,-1.));
#2871=DIRECTION('ref_axis',(-1.,0.,0.));
#2872=DIRECTION('',(-1.,0.,0.));
#2873=DIRECTION('center_axis',(0.,-2.25514051876985E-16,-1.));
#2874=DIRECTION('ref_axis',(-1.,0.,0.));
#2875=DIRECTION('center_axis',(-2.8614138643688E-8,0.,-1.));
#2876=DIRECTION('ref_axis',(1.,0.,-2.8614138643688E-8));
#2877=DIRECTION('',(0.,1.,0.));
#2878=DIRECTION('center_axis',(0.,1.,-2.22044604925031E-16));
#2879=DIRECTION('ref_axis',(1.,0.,0.));
#2880=CARTESIAN_POINT('',(0.,0.,0.));
#2881=CARTESIAN_POINT('Origin',(-121.50436794525,2.22044604925031E-15,13.2428399282725));
#2882=CARTESIAN_POINT('',(-111.00300096485,4.44089209850063E-15,25.3000012226403));
#2883=CARTESIAN_POINT('',(-101.503000655651,4.78030523907726E-15,25.3000012226403));
#2884=CARTESIAN_POINT('',(-93.503230986802,4.44089209850063E-15,25.3000012226403));
#2885=CARTESIAN_POINT('',(-111.00300096485,6.66133814775094E-15,25.5000006370247));
#2886=CARTESIAN_POINT('',(-111.00300096485,3.88578058618805E-15,19.6957642645263));
#2887=CARTESIAN_POINT('',(-101.50300068375,6.66133814775094E-15,25.5000006370247));
#2888=CARTESIAN_POINT('',(-111.50368438427,7.7715611723761E-15,25.5000006370247));
#2889=CARTESIAN_POINT('',(-101.503000655651,3.33066907387547E-15,18.7714203292147));
#2890=CARTESIAN_POINT('Origin',(-101.503000819564,-62.9999999552965,38.3000007301569));
#2891=CARTESIAN_POINT('',(-107.503000819564,-62.9999999552965,44.3000007301569));
#2892=CARTESIAN_POINT('',(-103.503000819564,-62.9999999552965,44.3000007301569));
#2893=CARTESIAN_POINT('',(-101.503000819564,-62.9999999552965,44.3000007301569));
#2894=CARTESIAN_POINT('',(-107.503000819564,-62.9999999552965,40.3000007301569));
#2895=CARTESIAN_POINT('',(-107.503000819564,-62.9999999552965,40.3000007301569));
#2896=CARTESIAN_POINT('',(-103.503000819564,-62.9999999552965,40.3000007301569));
#2897=CARTESIAN_POINT('',(-101.503000819564,-62.9999999552965,40.3000007301569));
#2898=CARTESIAN_POINT('',(-103.503000819564,-62.9999999552965,38.300000730157));
#2899=CARTESIAN_POINT('Origin',(-107.503000819564,-60.9999999552965,40.3000007301569));
#2900=CARTESIAN_POINT('',(-109.503000819564,-60.9999999552965,46.3000007301569));
#2901=CARTESIAN_POINT('',(-109.503000819564,-60.9999999552965,38.3000007301569));
#2902=CARTESIAN_POINT('',(-109.503000819564,-60.9999999552965,40.3000007301569));
#2903=CARTESIAN_POINT('Origin',(-107.503000819564,-60.9999999552965,40.3000007301569));
#2904=CARTESIAN_POINT('Origin',(-107.503000819564,-60.9999999552965,44.3000007301569));
#2905=CARTESIAN_POINT('Origin',(-101.503000819564,-60.9999999552965,40.3000007301569));
#2906=CARTESIAN_POINT('',(-101.503000819564,-60.9999999552965,38.3000007301569));
#2907=CARTESIAN_POINT('',(-101.503000819564,-60.9999999552965,38.3000007301569));
#2908=CARTESIAN_POINT('Origin',(-103.503000819564,-60.9999999552965,40.3000007301569));
#2909=CARTESIAN_POINT('Origin',(-103.503000819564,-60.9999999552965,38.300000730157));
#2910=CARTESIAN_POINT('',(-101.503000819564,-60.9999999552965,46.300000730157));
#2911=CARTESIAN_POINT('',(-101.503000819564,-60.9999999552965,38.3000007301569));
#2912=CARTESIAN_POINT('Origin',(-103.503000819564,-60.9999999552965,44.3000007301569));
#2913=CARTESIAN_POINT('Origin',(-101.503000819564,-60.9999999552965,44.3000007301569));
#2914=CARTESIAN_POINT('',(-101.503000819564,-60.9999999552965,46.300000730157));
#2915=CARTESIAN_POINT('Origin',(-66.5030006556511,5.90000000000001,36.6500007301569));
#2916=CARTESIAN_POINT('',(-101.503000655651,5.90000000000001,25.3000012226403));
#2917=CARTESIAN_POINT('',(-100.502999687076,5.90000000000001,25.3000012226403));
#2918=CARTESIAN_POINT('',(-67.5030473420024,5.90000000000001,25.3000012226403));
#2919=CARTESIAN_POINT('',(-101.503000655651,5.90000000000001,49.0000007301569));
#2920=CARTESIAN_POINT('',(-101.503000655651,5.90000000000001,49.0000007301569));
#2921=CARTESIAN_POINT('',(-96.5030013262033,5.90000000000001,49.0000007301569));
#2922=CARTESIAN_POINT('',(-55.5030006556511,5.90000000000001,49.0000007301569));
#2923=CARTESIAN_POINT('',(-96.5030013262033,5.90000000000001,48.0000007152557));
#2924=CARTESIAN_POINT('',(-96.5030013262033,5.90000000000001,42.8250007301569));
#2925=CARTESIAN_POINT('',(-100.502999687076,5.90000000000001,48.0000007152557));
#2926=CARTESIAN_POINT('',(-88.5030011473894,5.90000000000001,48.0000007152557));
#2927=CARTESIAN_POINT('',(-100.502999687076,5.90000000000001,48.0000007152557));
#2928=CARTESIAN_POINT('Origin',(-101.503000655651,-9.99999999999999,24.3000007301569));
#2929=CARTESIAN_POINT('',(-101.503000655651,-19.2749999888241,25.3000012226403));
#2930=CARTESIAN_POINT('',(-101.503000655651,4.50000021606685,25.5000006370247));
#2931=CARTESIAN_POINT('',(-101.503000655651,-8.49999997764825,25.5000006370247));
#2932=CARTESIAN_POINT('',(-101.503000655651,4.50000021606685,36.5000008009374));
#2933=CARTESIAN_POINT('',(-101.503000655651,4.50000021606684,30.4000007655472));
#2934=CARTESIAN_POINT('',(-101.503000655651,-9.99999995529651,36.5000008009375));
#2935=CARTESIAN_POINT('',(-101.503000655651,-8.49999997764825,36.5000008009375));
#2936=CARTESIAN_POINT('',(-101.503000983477,-9.99999999999999,38.3000009387732));
#2937=CARTESIAN_POINT('',(-101.503000655651,-9.99999999999999,49.0000007301569));
#2938=CARTESIAN_POINT('',(-101.503000819564,1.00000004470349,38.3000007301569));
#2939=CARTESIAN_POINT('',(-101.503000655651,-4.49999997764825,38.3000007301569));
#2940=CARTESIAN_POINT('',(-101.503000819564,1.0000000447035,46.3000007301569));
#2941=CARTESIAN_POINT('',(-101.503000819564,1.00000004470349,28.8000008121133));
#2942=CARTESIAN_POINT('',(-101.503000983477,-9.99999999999999,46.3000010579825));
#2943=CARTESIAN_POINT('',(-101.503000655651,-8.49999997764825,46.3000007301569));
#2944=CARTESIAN_POINT('',(-101.503000655651,-9.99999999999999,49.0000007301569));
#2945=CARTESIAN_POINT('',(-101.503000655651,-9.99999999999999,49.0000007301569));
#2946=CARTESIAN_POINT('',(-101.503000655651,-9.99999999999999,49.0000007301569));
#2947=CARTESIAN_POINT('Origin',(-101.503000655651,-9.99999999999999,24.3000007301569));
#2948=CARTESIAN_POINT('',(-101.503000655651,-9.99999995529651,35.1000007785857));
#2949=CARTESIAN_POINT('',(-101.503000655651,3.00000004470349,35.1000007785857));
#2950=CARTESIAN_POINT('',(-101.503000655651,-8.49999997764825,35.1000007785857));
#2951=CARTESIAN_POINT('',(-101.503000655651,3.00000004470349,26.9000007785857));
#2952=CARTESIAN_POINT('',(-101.503000655651,3.00000004470349,24.9000006835908));
#2953=CARTESIAN_POINT('',(-101.503000655651,-9.99999995529651,26.9000007785857));
#2954=CARTESIAN_POINT('',(-101.503000655651,-8.49999997764825,26.9000007785857));
#2955=CARTESIAN_POINT('',(-101.503000655651,-9.99999999999999,49.0000007301569));
#2956=CARTESIAN_POINT('Origin',(-111.00300096485,-6.99999995529651,25.5000006370247));
#2957=CARTESIAN_POINT('',(-111.00300096485,-9.99999999999999,25.3000012226403));
#2958=CARTESIAN_POINT('',(-111.00300096485,-9.99999995529651,36.5000008009375));
#2959=CARTESIAN_POINT('',(-111.00300096485,-9.99999999999999,31.3993446654686));
#2960=CARTESIAN_POINT('',(-111.003000823289,4.50000021606685,36.5000008009374));
#2961=CARTESIAN_POINT('',(-111.00300096485,-6.99999995529651,36.5000008009375));
#2962=CARTESIAN_POINT('',(-111.003000823289,4.50000021606685,25.5000006370247));
#2963=CARTESIAN_POINT('',(-111.00300096485,4.50000021606684,31.0000007189811));
#2964=CARTESIAN_POINT('',(-111.00300096485,-6.99999995529651,25.5000006370247));
#2965=CARTESIAN_POINT('',(-111.00300096485,-9.99999999999999,25.3000012226403));
#2966=CARTESIAN_POINT('Origin',(-88.5030011473894,-9.99999999999999,48.0000007152557));
#2967=CARTESIAN_POINT('',(-92.5028825375711,-9.99999999999999,48.0000007152557));
#2968=CARTESIAN_POINT('',(-92.5028825375711,5.90000000000001,48.0000007152557));
#2969=CARTESIAN_POINT('',(-92.5028825375711,-9.99999999999999,48.0000007152557));
#2970=CARTESIAN_POINT('',(-88.3030011473894,5.90000000000001,48.0000007152557));
#2971=CARTESIAN_POINT('',(-77.5030009015203,5.90000000000001,48.0000007152557));
#2972=CARTESIAN_POINT('',(-88.3030011473894,-9.99999999999999,48.0000007152557));
#2973=CARTESIAN_POINT('',(-88.3030011473894,-9.99999999999999,48.0000007152557));
#2974=CARTESIAN_POINT('',(-70.503001065433,-9.99999999999999,48.0000007152557));
#2975=CARTESIAN_POINT('Origin',(-88.5030011473894,-9.99999999999999,48.0000007152557));
#2976=CARTESIAN_POINT('',(-96.5028825375711,-0.100000089406954,48.0000007152557));
#2977=CARTESIAN_POINT('',(-96.5028825375711,-9.99999999999999,48.0000007152557));
#2978=CARTESIAN_POINT('',(-96.5028825375711,-9.99999999999999,48.0000007152557));
#2979=CARTESIAN_POINT('',(-100.502999687076,-9.99999999999999,48.0000007152557));
#2980=CARTESIAN_POINT('',(-88.5030011473894,-9.99999999999999,48.0000007152557));
#2981=CARTESIAN_POINT('',(-100.502999687076,-9.99999999999999,48.0000007152557));
#2982=CARTESIAN_POINT('',(-96.5030013262033,-0.100000089406954,48.0000007152557));
#2983=CARTESIAN_POINT('',(-96.5030013262033,-5.05000004470347,48.0000007152557));
#2984=CARTESIAN_POINT('',(-90.5030012218952,-0.100000089406954,48.0000007152557));
#2985=CARTESIAN_POINT('Origin',(-97.5028825375711,-9.99999999999999,51.9999996370636));
#2986=CARTESIAN_POINT('',(-91.5028825375711,-9.99999999999999,51.9999996370636));
#2987=CARTESIAN_POINT('',(-97.5028825375711,-9.99999999999999,51.9999996370636));
#2988=CARTESIAN_POINT('',(-91.5028825375711,-9.99999999999999,51.9999996370636));
#2989=CARTESIAN_POINT('',(-91.5028825375711,-0.0999999999999868,51.9999996370636));
#2990=CARTESIAN_POINT('',(-91.5028825375711,-9.99999999999999,51.9999996370636));
#2991=CARTESIAN_POINT('',(-97.5028825375711,-0.0999999999999868,51.9999996370636));
#2992=CARTESIAN_POINT('',(-91.5028825375711,-0.0999999999999868,51.9999996370636));
#2993=CARTESIAN_POINT('',(-97.5028825375711,-9.99999999999999,51.9999996370636));
#2994=CARTESIAN_POINT('Origin',(-97.5028825375711,-9.99999999999999,49.0000007301569));
#2995=CARTESIAN_POINT('',(-97.5028825375711,-9.99999999999999,49.0000007301569));
#2996=CARTESIAN_POINT('',(-97.5028825375711,-9.99999999999999,51.9999996370636));
#2997=CARTESIAN_POINT('',(-97.5028825375711,-0.0999999999999879,49.0000007301569));
#2998=CARTESIAN_POINT('',(-97.5028825375711,-0.0999999999999868,51.9999996370636));
#2999=CARTESIAN_POINT('',(-97.5028825375711,-9.99999999999999,49.0000007301569));
#3000=CARTESIAN_POINT('Origin',(-96.5028825375711,-9.99999999999999,50.9999996370636));
#3001=CARTESIAN_POINT('',(-96.5028825375711,-9.99999999999999,50.9999996370636));
#3002=CARTESIAN_POINT('',(-96.5028825375711,-9.99999999999999,51.9999996370636));
#3003=CARTESIAN_POINT('',(-96.5028825375711,-0.0999999999999857,50.9999996370636));
#3004=CARTESIAN_POINT('',(-96.5028825375711,-0.100000089406955,48.5000007227063));
#3005=CARTESIAN_POINT('',(-96.5028825375711,-9.99999999999999,50.9999996370636));
#3006=CARTESIAN_POINT('Origin',(-92.5028825375711,-9.99999999999999,50.9999996370636));
#3007=CARTESIAN_POINT('',(-92.5028825375711,-9.99999999999999,50.9999996370636));
#3008=CARTESIAN_POINT('',(-97.5028825375711,-9.99999999999999,50.9999996370636));
#3009=CARTESIAN_POINT('',(-92.5028825375711,-0.0999999999999857,50.9999996370636));
#3010=CARTESIAN_POINT('',(-97.5028825375711,-0.0999999999999857,50.9999996370636));
#3011=CARTESIAN_POINT('',(-92.5028825375711,-9.99999999999999,50.9999996370636));
#3012=CARTESIAN_POINT('Origin',(-92.5028825375711,-9.99999999999999,49.0000007301569));
#3013=CARTESIAN_POINT('',(-92.5028825375711,-9.99999999999999,42.8250007301569));
#3014=CARTESIAN_POINT('',(-92.5028825375711,-0.0999999999999879,49.0000007301569));
#3015=CARTESIAN_POINT('',(-92.5028825375711,-0.0999999999999868,51.9999996370636));
#3016=CARTESIAN_POINT('',(-92.5028825375711,5.90000000000001,49.0000007301569));
#3017=CARTESIAN_POINT('',(-92.5028825375711,-9.99999999999999,49.0000007301569));
#3018=CARTESIAN_POINT('',(-92.5028825375711,5.90000000000001,42.8250007301569));
#3019=CARTESIAN_POINT('Origin',(-91.5028825375711,-9.99999999999999,51.9999996370636));
#3020=CARTESIAN_POINT('',(-91.5028825375711,-9.99999999999999,49.0000007301569));
#3021=CARTESIAN_POINT('',(-91.5028825375711,-9.99999999999999,47.9999996370636));
#3022=CARTESIAN_POINT('',(-91.5028825375711,-0.0999999999999879,49.0000007301569));
#3023=CARTESIAN_POINT('',(-91.5028825375711,-9.99999999999999,49.0000007301569));
#3024=CARTESIAN_POINT('',(-91.5028825375711,-0.0999999999999879,47.9999996370636));
#3025=CARTESIAN_POINT('Origin',(-101.503000655651,-9.99999999999999,49.0000007301569));
#3026=CARTESIAN_POINT('',(-96.5030013262033,-0.100000089406955,49.0000007301569));
#3027=CARTESIAN_POINT('',(-98.0029415966111,-0.0999999999999879,49.0000007301569));
#3028=CARTESIAN_POINT('',(-96.5030013262033,-5.05000004470347,49.0000007301569));
#3029=CARTESIAN_POINT('',(-55.5030006556511,-9.99999999999999,49.0000007301569));
#3030=CARTESIAN_POINT('Origin',(-92.503001296401,-0.100000089406955,49.0000007301569));
#3031=CARTESIAN_POINT('',(-96.5030013262033,-0.100000089406955,49.0000007301569));
#3032=CARTESIAN_POINT('',(-98.0029415966111,-0.0999999999999879,49.0000007301569));
#3033=CARTESIAN_POINT('Origin',(-96.5030013262033,-0.100000089406955,49.0000007301569));
#3034=CARTESIAN_POINT('Origin',(-109.503000823289,-6.99999995529651,26.9000007785857));
#3035=CARTESIAN_POINT('',(-109.603000823289,3.00000004470349,26.9000007785857));
#3036=CARTESIAN_POINT('',(-101.503000823289,3.00000004470349,26.9000007785857));
#3037=CARTESIAN_POINT('',(-109.603000823289,-9.99999995529651,26.9000007785857));
#3038=CARTESIAN_POINT('',(-109.603000823289,-6.99999995529651,26.9000007785857));
#3039=CARTESIAN_POINT('',(-107.878000858679,-9.99999995529651,26.9000007785857));
#3040=CARTESIAN_POINT('Origin',(-101.503000823289,3.00000004470349,25.5000006370247));
#3041=CARTESIAN_POINT('',(-109.603000823289,3.00000004470349,35.1000007785857));
#3042=CARTESIAN_POINT('',(-107.878000858679,3.00000004470349,35.1000007785857));
#3043=CARTESIAN_POINT('',(-109.603000823289,3.00000004470349,30.2500007078052));
#3044=CARTESIAN_POINT('Origin',(-101.503000823289,-6.99999995529651,35.1000007785857));
#3045=CARTESIAN_POINT('',(-109.603000823289,-9.99999995529651,35.1000007785857));
#3046=CARTESIAN_POINT('',(-103.878000858679,-9.99999995529651,35.1000007785857));
#3047=CARTESIAN_POINT('',(-109.603000823289,-6.99999995529651,35.1000007785857));
#3048=CARTESIAN_POINT('Origin',(-101.503000823289,-6.99999995529651,25.5000006370247));
#3049=CARTESIAN_POINT('',(-101.503000823289,4.50000021606685,25.5000006370247));
#3050=CARTESIAN_POINT('Origin',(-111.00300096485,-6.99999995529651,36.5000008009375));
#3051=CARTESIAN_POINT('',(-101.503000823289,4.50000021606685,36.5000008009374));
#3052=CARTESIAN_POINT('',(-111.00300096485,-9.99999995529651,36.5000008009375));
#3053=CARTESIAN_POINT('Origin',(-109.603000823289,-6.99999995529651,35.0000007785857));
#3054=CARTESIAN_POINT('',(-109.603000823289,-9.99999995529651,33.0000007487834));
#3055=CARTESIAN_POINT('Origin',(-101.503000823289,4.50000021606685,36.5000008009374));
#3056=CARTESIAN_POINT('Origin',(-100.502999687076,-9.99999999999999,25.3000012226403));
#3057=CARTESIAN_POINT('',(-100.502999687076,-9.99999999999999,25.3000012226403));
#3058=CARTESIAN_POINT('',(-100.502999687076,-9.99999999999999,48.0000007152557));
#3059=CARTESIAN_POINT('',(-100.502999687076,-9.99999999999999,25.3000012226403));
#3060=CARTESIAN_POINT('Origin',(-101.503000819564,1.00000004470349,38.3000007301569));
#3061=CARTESIAN_POINT('',(-109.503000819564,-12.2664991167181,38.3000007301569));
#3062=CARTESIAN_POINT('',(-109.503000819564,-16.9999999552965,38.3000007301569));
#3063=CARTESIAN_POINT('Origin',(-94.5030008195639,-12.2664991167181,38.3000007301569));
#3064=CARTESIAN_POINT('',(-101.503000819564,-18.4999999776483,38.3000007301569));
#3065=CARTESIAN_POINT('Origin',(-109.503000819564,-2.99999995529651,42.3000007301569));
#3066=CARTESIAN_POINT('',(-109.503000819564,-12.2664991167181,46.3000007301569));
#3067=CARTESIAN_POINT('',(-109.503000819564,-6.9999999552965,46.3000007301569));
#3068=CARTESIAN_POINT('',(-109.503000819564,-12.2664991167181,28.8000008121133));
#3069=CARTESIAN_POINT('Origin',(-94.5030008195639,-12.2664991167181,28.8000008121133));
#3070=CARTESIAN_POINT('Origin',(-94.5030008195639,-12.2664991167181,46.3000007301569));
#3071=CARTESIAN_POINT('Origin',(-78.5030000447035,-9.99999999999999,48.0000007152557));
#3072=CARTESIAN_POINT('',(-78.5030000447035,-9.99999999999999,48.0000007152557));
#3073=CARTESIAN_POINT('',(-78.5030000447035,-9.99999999999999,25.3000012226403));
#3074=CARTESIAN_POINT('',(-78.5030000447035,-9.99999999999999,48.0000007152557));
#3075=CARTESIAN_POINT('',(-78.5030000447035,5.90000000000001,25.3000012226403));
#3076=CARTESIAN_POINT('',(-78.5030000447035,-9.99999999999999,25.3000012226403));
#3077=CARTESIAN_POINT('',(-78.5030000447035,5.90000000000001,48.0000007152557));
#3078=CARTESIAN_POINT('',(-78.5030000447035,5.90000000000001,48.0000007152557));
#3079=CARTESIAN_POINT('',(-78.5030000447035,-9.99999999999999,48.0000007152557));
#3080=CARTESIAN_POINT('Origin',(-74.5030013262034,-0.100000089406955,49.0000007301569));
#3081=CARTESIAN_POINT('',(-74.5030013262034,5.90000000000001,48.0000007152557));
#3082=CARTESIAN_POINT('',(-74.5030013262034,-0.100000089406954,48.0000007152557));
#3083=CARTESIAN_POINT('',(-74.5030013262034,-5.05000004470347,48.0000007152557));
#3084=CARTESIAN_POINT('',(-74.5030013262034,5.90000000000001,49.0000007301569));
#3085=CARTESIAN_POINT('',(-74.5030013262034,5.90000000000001,42.8250007301569));
#3086=CARTESIAN_POINT('',(-74.5030013262034,-0.100000089406955,49.0000007301569));
#3087=CARTESIAN_POINT('',(-74.5030013262034,-5.05000004470347,49.0000007301569));
#3088=CARTESIAN_POINT('',(-74.5030013262034,-0.100000089406955,49.0000007301569));
#3089=CARTESIAN_POINT('Origin',(-95.5030006556511,-9.99999999999999,49.0000007301569));
#3090=CARTESIAN_POINT('',(-75.5028825375711,-9.99999999999999,49.0000007301569));
#3091=CARTESIAN_POINT('',(-55.5030006556511,-9.99999999999999,49.0000007301569));
#3092=CARTESIAN_POINT('',(-75.5028825375711,-0.0999999999999879,49.0000007301569));
#3093=CARTESIAN_POINT('',(-75.5028825375711,-9.99999999999999,49.0000007301569));
#3094=CARTESIAN_POINT('',(-84.0029415966111,-0.0999999999999879,49.0000007301569));
#3095=CARTESIAN_POINT('',(-55.5030006556511,5.90000000000001,49.0000007301569));
#3096=CARTESIAN_POINT('Origin',(-69.5028825375711,-9.99999999999999,51.9999996370636));
#3097=CARTESIAN_POINT('',(-69.5028825375711,-9.99999999999999,49.0000007301569));
#3098=CARTESIAN_POINT('',(-69.5028825375711,-9.99999999999999,51.9999996370636));
#3099=CARTESIAN_POINT('',(-69.5028825375711,-9.99999999999999,47.9999996370636));
#3100=CARTESIAN_POINT('',(-69.5028825375711,-0.0999999999999879,49.0000007301569));
#3101=CARTESIAN_POINT('',(-69.5028825375711,-9.99999999999999,49.0000007301569));
#3102=CARTESIAN_POINT('',(-69.5028825375711,-0.0999999999999868,51.9999996370636));
#3103=CARTESIAN_POINT('',(-69.5028825375711,-0.0999999999999879,47.9999996370636));
#3104=CARTESIAN_POINT('',(-69.5028825375711,-9.99999999999999,51.9999996370636));
#3105=CARTESIAN_POINT('Origin',(-70.5028825375711,-9.99999999999999,49.0000007301569));
#3106=CARTESIAN_POINT('',(-70.5028825375711,-9.99999999999999,50.9999996370636));
#3107=CARTESIAN_POINT('',(-70.5028825375711,-9.99999999999999,48.0000007152557));
#3108=CARTESIAN_POINT('',(-70.5028825375711,-9.99999999999999,42.8250007301569));
#3109=CARTESIAN_POINT('',(-70.5028825375711,-0.0999999999999857,50.9999996370636));
#3110=CARTESIAN_POINT('',(-70.5028825375711,-9.99999999999999,50.9999996370636));
#3111=CARTESIAN_POINT('',(-70.5028825375711,-0.0999999999999879,49.0000007301569));
#3112=CARTESIAN_POINT('',(-70.5028825375711,-0.0999999999999868,51.9999996370636));
#3113=CARTESIAN_POINT('',(-70.5028825375711,5.90000000000001,49.0000007301569));
#3114=CARTESIAN_POINT('',(-70.5028825375711,-9.99999999999999,49.0000007301569));
#3115=CARTESIAN_POINT('',(-70.5028825375711,5.90000000000001,48.0000007152557));
#3116=CARTESIAN_POINT('',(-70.5028825375711,5.90000000000001,42.8250007301569));
#3117=CARTESIAN_POINT('',(-70.5028825375711,-9.99999999999999,48.0000007152557));
#3118=CARTESIAN_POINT('Origin',(-70.5028825375711,-9.99999999999999,50.9999996370636));
#3119=CARTESIAN_POINT('',(-74.5028825375711,-9.99999999999999,50.9999996370636));
#3120=CARTESIAN_POINT('',(-75.5028825375711,-9.99999999999999,50.9999996370636));
#3121=CARTESIAN_POINT('',(-74.5028825375711,-0.0999999999999857,50.9999996370636));
#3122=CARTESIAN_POINT('',(-74.5028825375711,-9.99999999999999,50.9999996370636));
#3123=CARTESIAN_POINT('',(-75.5028825375711,-0.0999999999999857,50.9999996370636));
#3124=CARTESIAN_POINT('Origin',(-74.5028825375711,-9.99999999999999,50.9999996370636));
#3125=CARTESIAN_POINT('',(-74.5028825375711,-9.99999999999999,48.0000007152557));
#3126=CARTESIAN_POINT('',(-74.5028825375711,-9.99999999999999,51.9999996370636));
#3127=CARTESIAN_POINT('',(-74.5028825375711,-0.100000089406954,48.0000007152557));
#3128=CARTESIAN_POINT('',(-74.5028825375711,-9.99999999999999,48.0000007152557));
#3129=CARTESIAN_POINT('',(-74.5028825375711,-0.100000089406955,48.5000007227063));
#3130=CARTESIAN_POINT('Origin',(-75.5028825375711,-9.99999999999999,49.0000007301569));
#3131=CARTESIAN_POINT('',(-75.5028825375711,-9.99999999999999,51.9999996370636));
#3132=CARTESIAN_POINT('',(-75.5028825375711,-9.99999999999999,47.9999996370636));
#3133=CARTESIAN_POINT('',(-75.5028825375711,-0.0999999999999868,51.9999996370636));
#3134=CARTESIAN_POINT('',(-75.5028825375711,-9.99999999999999,51.9999996370636));
#3135=CARTESIAN_POINT('',(-75.5028825375711,-0.0999999999999879,47.9999996370636));
#3136=CARTESIAN_POINT('Origin',(-75.5028825375711,-9.99999999999999,51.9999996370636));
#3137=CARTESIAN_POINT('',(-69.5028825375711,-9.99999999999999,51.9999996370636));
#3138=CARTESIAN_POINT('',(-69.5028825375711,-0.0999999999999868,51.9999996370636));
#3139=CARTESIAN_POINT('Origin',(-70.503001296401,-0.100000089406955,49.0000007301569));
#3140=CARTESIAN_POINT('',(-68.5030008046627,-0.100000089406954,48.0000007152557));
#3141=CARTESIAN_POINT('',(-84.0029415966111,-0.0999999999999879,49.0000007301569));
#3142=CARTESIAN_POINT('Origin',(-66.5030003129244,-9.99999999999999,48.0000007152557));
#3143=CARTESIAN_POINT('',(-66.3030003129244,5.90000000000001,48.0000007152557));
#3144=CARTESIAN_POINT('',(-66.5030004842878,5.90000000000001,48.0000007152557));
#3145=CARTESIAN_POINT('',(-66.3030003129244,-9.99999999999999,48.0000007152557));
#3146=CARTESIAN_POINT('',(-66.3030003129244,-9.99999999999999,48.0000007152557));
#3147=CARTESIAN_POINT('',(-59.5030006482005,-9.99999999999999,48.0000007152557));
#3148=CARTESIAN_POINT('Origin',(-66.5030003129244,-9.99999999999999,48.0000007152557));
#3149=CARTESIAN_POINT('',(-66.5030003129244,-9.99999999999999,48.0000007152557));
#3150=CARTESIAN_POINT('',(-66.5030003129244,5.90000000000001,48.0000007152557));
#3151=CARTESIAN_POINT('Origin',(-56.5030012405217,-9.99999999999999,48.0000007152557));
#3152=CARTESIAN_POINT('',(-56.5030012405217,-9.99999999999999,48.0000007152557));
#3153=CARTESIAN_POINT('',(-56.5030012405217,-9.99999999999999,25.2999996370636));
#3154=CARTESIAN_POINT('',(-56.5030012405217,-9.99999999999999,48.0000007152557));
#3155=CARTESIAN_POINT('',(-56.5030012405217,5.90000000000001,25.2999996370636));
#3156=CARTESIAN_POINT('',(-56.5030012405217,-9.99999999999999,25.2999996370636));
#3157=CARTESIAN_POINT('',(-56.5030012405217,5.90000000000001,48.0000007152557));
#3158=CARTESIAN_POINT('',(-56.5030012405217,5.90000000000001,48.0000007152557));
#3159=CARTESIAN_POINT('',(-56.5030012405217,-9.99999999999999,48.0000007152557));
#3160=CARTESIAN_POINT('Origin',(-52.5030013262034,-0.100000089406955,49.0000007301569));
#3161=CARTESIAN_POINT('',(-52.5030013262034,5.90000000000001,48.0000007152557));
#3162=CARTESIAN_POINT('',(-52.5030013262034,-0.100000089406954,48.0000007152557));
#3163=CARTESIAN_POINT('',(-52.5030013262034,-5.05000004470347,48.0000007152557));
#3164=CARTESIAN_POINT('',(-52.5030013262034,5.90000000000001,49.0000007301569));
#3165=CARTESIAN_POINT('',(-52.5030013262034,5.90000000000001,42.8250007301569));
#3166=CARTESIAN_POINT('',(-52.5030013262034,-0.100000089406955,49.0000007301569));
#3167=CARTESIAN_POINT('',(-52.5030013262034,-5.05000004470347,49.0000007301569));
#3168=CARTESIAN_POINT('',(-52.5030013262034,-0.100000089406955,49.0000007301569));
#3169=CARTESIAN_POINT('Origin',(-89.5030006556511,-9.99999999999999,49.0000007301569));
#3170=CARTESIAN_POINT('',(-53.5028825375711,-9.99999999999999,49.0000007301569));
#3171=CARTESIAN_POINT('',(-49.5030006556511,-9.99999999999999,49.0000007301569));
#3172=CARTESIAN_POINT('',(-53.5028825375711,-0.0999999999999879,49.0000007301569));
#3173=CARTESIAN_POINT('',(-53.5028825375711,-9.99999999999999,49.0000007301569));
#3174=CARTESIAN_POINT('',(-70.0029415966111,-0.0999999999999879,49.0000007301569));
#3175=CARTESIAN_POINT('',(-49.5030006556511,5.90000000000001,49.0000007301569));
#3176=CARTESIAN_POINT('Origin',(-89.5030006556511,-9.99999999999999,49.0000007301569));
#3177=CARTESIAN_POINT('',(-48.5028825375711,5.90000000000001,49.0000007301569));
#3178=CARTESIAN_POINT('',(-48.5028825375711,-0.0999999999999879,49.0000007301569));
#3179=CARTESIAN_POINT('',(-48.5028825375711,-9.99999999999999,49.0000007301569));
#3180=CARTESIAN_POINT('',(-47.5028825375711,-0.0999999999999879,49.0000007301569));
#3181=CARTESIAN_POINT('',(-70.0029415966111,-0.0999999999999879,49.0000007301569));
#3182=CARTESIAN_POINT('',(-47.5028825375711,-9.99999999999999,49.0000007301569));
#3183=CARTESIAN_POINT('',(-47.5028825375711,-9.99999999999999,49.0000007301569));
#3184=CARTESIAN_POINT('',(-43.3030006556511,-9.99999999999999,49.0000007301569));
#3185=CARTESIAN_POINT('',(-43.5030006556511,-9.99999999999999,49.0000007301569));
#3186=CARTESIAN_POINT('',(-43.3030006556511,5.90000000000001,49.0000007301569));
#3187=CARTESIAN_POINT('',(-43.3030006556511,-9.99999999999999,49.0000007301569));
#3188=CARTESIAN_POINT('',(-43.5030006556511,5.90000000000001,49.0000007301569));
#3189=CARTESIAN_POINT('Origin',(-47.5028825375711,-9.99999999999999,51.9999996370636));
#3190=CARTESIAN_POINT('',(-47.5028825375711,-9.99999999999999,51.9999996370636));
#3191=CARTESIAN_POINT('',(-47.5028825375711,-9.99999999999999,47.9999996370636));
#3192=CARTESIAN_POINT('',(-47.5028825375711,-0.0999999999999868,51.9999996370636));
#3193=CARTESIAN_POINT('',(-47.5028825375711,-0.0999999999999879,47.9999996370636));
#3194=CARTESIAN_POINT('',(-47.5028825375711,-9.99999999999999,51.9999996370636));
#3195=CARTESIAN_POINT('Origin',(-48.5028825375711,-9.99999999999999,49.0000007301569));
#3196=CARTESIAN_POINT('',(-48.5028825375711,-9.99999999999999,50.9999996370636));
#3197=CARTESIAN_POINT('',(-48.5028825375711,-9.99999999999999,48.0000007152557));
#3198=CARTESIAN_POINT('',(-48.5028825375711,-9.99999999999999,42.8250007301569));
#3199=CARTESIAN_POINT('',(-48.5028825375711,-0.0999999999999857,50.9999996370636));
#3200=CARTESIAN_POINT('',(-48.5028825375711,-9.99999999999999,50.9999996370636));
#3201=CARTESIAN_POINT('',(-48.5028825375711,-0.0999999999999868,51.9999996370636));
#3202=CARTESIAN_POINT('',(-48.5028825375711,5.90000000000001,48.0000007152557));
#3203=CARTESIAN_POINT('',(-48.5028825375711,5.90000000000001,42.8250007301569));
#3204=CARTESIAN_POINT('',(-48.5028825375711,-9.99999999999999,48.0000007152557));
#3205=CARTESIAN_POINT('Origin',(-48.5028825375711,-9.99999999999999,50.9999996370636));
#3206=CARTESIAN_POINT('',(-52.5028825375711,-9.99999999999999,50.9999996370636));
#3207=CARTESIAN_POINT('',(-53.5028825375711,-9.99999999999999,50.9999996370636));
#3208=CARTESIAN_POINT('',(-52.5028825375711,-0.0999999999999857,50.9999996370636));
#3209=CARTESIAN_POINT('',(-52.5028825375711,-9.99999999999999,50.9999996370636));
#3210=CARTESIAN_POINT('',(-53.5028825375711,-0.0999999999999857,50.9999996370636));
#3211=CARTESIAN_POINT('Origin',(-52.5028825375711,-9.99999999999999,50.9999996370636));
#3212=CARTESIAN_POINT('',(-52.5028825375711,-9.99999999999999,48.0000007152557));
#3213=CARTESIAN_POINT('',(-52.5028825375711,-9.99999999999999,51.9999996370636));
#3214=CARTESIAN_POINT('',(-52.5028825375711,-0.100000089406954,48.0000007152557));
#3215=CARTESIAN_POINT('',(-52.5028825375711,-9.99999999999999,48.0000007152557));
#3216=CARTESIAN_POINT('',(-52.5028825375711,-0.100000089406955,48.5000007227063));
#3217=CARTESIAN_POINT('Origin',(-53.5028825375711,-9.99999999999999,49.0000007301569));
#3218=CARTESIAN_POINT('',(-53.5028825375711,-9.99999999999999,51.9999996370636));
#3219=CARTESIAN_POINT('',(-53.5028825375711,-9.99999999999999,51.9999996370636));
#3220=CARTESIAN_POINT('',(-53.5028825375711,-0.0999999999999868,51.9999996370636));
#3221=CARTESIAN_POINT('',(-53.5028825375711,-9.99999999999999,51.9999996370636));
#3222=CARTESIAN_POINT('',(-53.5028825375711,-0.0999999999999868,51.9999996370636));
#3223=CARTESIAN_POINT('Origin',(-53.5028825375711,-9.99999999999999,51.9999996370636));
#3224=CARTESIAN_POINT('',(-47.5028825375711,-9.99999999999999,51.9999996370636));
#3225=CARTESIAN_POINT('',(-47.5028825375711,-0.0999999999999868,51.9999996370636));
#3226=CARTESIAN_POINT('Origin',(-48.503001296401,-0.100000089406955,49.0000007301569));
#3227=CARTESIAN_POINT('',(-46.5030009834766,-0.100000089406954,48.0000007152557));
#3228=CARTESIAN_POINT('Origin',(-44.5030006705523,-9.99999999999999,48.0000007152557));
#3229=CARTESIAN_POINT('',(-44.3030006705523,5.90000000000001,48.0000007152557));
#3230=CARTESIAN_POINT('',(-55.5030006631017,5.90000000000001,48.0000007152557));
#3231=CARTESIAN_POINT('',(-44.3030006705523,-9.99999999999999,48.0000007152557));
#3232=CARTESIAN_POINT('',(-44.3030006705523,-9.99999999999999,48.0000007152557));
#3233=CARTESIAN_POINT('',(-48.5030008270145,-9.99999999999999,48.0000007152557));
#3234=CARTESIAN_POINT('Origin',(-44.5030006705523,-9.99999999999999,48.0000007152557));
#3235=CARTESIAN_POINT('',(-44.5030006705523,-9.99999999999999,48.0000007152557));
#3236=CARTESIAN_POINT('',(-44.5030006705523,5.90000000000001,48.0000007152557));
#3237=CARTESIAN_POINT('Origin',(-101.503000819564,-6.99999995529651,38.3000007301569));
#3238=CARTESIAN_POINT('',(-101.503000819564,-9.99999999999999,38.3000008344651));
#3239=CARTESIAN_POINT('',(-101.503000819564,-18.4999999776482,46.3000007301569));
#3240=CARTESIAN_POINT('Origin',(-101.503000819564,-6.9999999552965,46.3000007301569));
#3241=CARTESIAN_POINT('Origin',(-88.3030011473894,-9.99999999999999,25.3000012226403));
#3242=CARTESIAN_POINT('',(-88.3030011473894,-9.99999999999999,25.3000012226403));
#3243=CARTESIAN_POINT('',(-88.3030011473894,-9.99999999999999,30.9750009763986));
#3244=CARTESIAN_POINT('',(-88.3030011473894,5.90000000000001,25.3000012226403));
#3245=CARTESIAN_POINT('',(-88.3030011473894,5.90000000000001,30.9750009763986));
#3246=CARTESIAN_POINT('',(-88.3030011473894,-19.2749999888241,25.3000012226403));
#3247=CARTESIAN_POINT('Origin',(-66.3030003129244,-9.99999999999999,25.3000012226403));
#3248=CARTESIAN_POINT('',(-66.3030003129244,-9.99999999999999,25.3000012226403));
#3249=CARTESIAN_POINT('',(-66.3030003129244,-9.99999999999999,30.9750009763986));
#3250=CARTESIAN_POINT('',(-66.3030003129244,5.90000000000001,25.3000012226403));
#3251=CARTESIAN_POINT('',(-66.3030003129244,5.90000000000001,30.9750009763986));
#3252=CARTESIAN_POINT('',(-66.3030003129244,-19.2749999888241,25.3000012226403));
#3253=CARTESIAN_POINT('Origin',(-44.3030006705523,-9.99999999999999,25.2999996370636));
#3254=CARTESIAN_POINT('',(-44.3030006705523,-9.99999999999999,25.2999996370636));
#3255=CARTESIAN_POINT('',(-44.3030006705523,-9.99999999999999,30.9750001836103));
#3256=CARTESIAN_POINT('',(-44.3030006705523,5.90000000000001,25.2999996370636));
#3257=CARTESIAN_POINT('',(-44.3030006705523,5.90000000000001,30.9750001836102));
#3258=CARTESIAN_POINT('',(-44.3030006705523,-19.2749999888241,25.3000012226403));
#3259=CARTESIAN_POINT('Origin',(-68.5030940283537,-28.5499999776482,25.3000012226403));
#3260=CARTESIAN_POINT('',(-59.0025475059152,-9.99999999999999,25.3000012226403));
#3261=CARTESIAN_POINT('Origin',(-43.3030006556511,-9.99999999999999,49.0000007301569));
#3262=CARTESIAN_POINT('',(-43.3030006556511,5.90000000000001,25.3000012226403));
#3263=CARTESIAN_POINT('',(-43.3029991506338,-9.99999999999999,25.2999996084494));
#3264=CARTESIAN_POINT('',(-43.3030006556511,-19.2749999888241,25.3000012226403));
#3265=CARTESIAN_POINT('',(-43.3030006556511,5.90000000000001,24.3000007301569));
#3266=CARTESIAN_POINT('',(-43.3030011064112,-9.9999999552965,47.8000009648502));
#3267=CARTESIAN_POINT('',(-43.3030006556511,-9.99999999999999,24.3000007301569));
#3268=CARTESIAN_POINT('',(-43.3030011064112,4.50000021606685,47.8000009648502));
#3269=CARTESIAN_POINT('',(-43.3030006556511,-8.49999997764825,47.8000009648502));
#3270=CARTESIAN_POINT('',(-43.3030011064112,4.50000021606685,36.8000008009374));
#3271=CARTESIAN_POINT('',(-43.3030006556511,4.50000021606685,42.9000007655472));
#3272=CARTESIAN_POINT('',(-43.3030011064112,-9.99999995529651,36.8000008009374));
#3273=CARTESIAN_POINT('',(-43.3030006556511,-8.49999997764825,36.8000008009374));
#3274=CARTESIAN_POINT('',(-43.3030006556511,-9.99999999999999,35.0000005215406));
#3275=CARTESIAN_POINT('',(-43.3030006556511,-9.99999999999999,24.3000007301569));
#3276=CARTESIAN_POINT('',(-43.3030006556511,1.00000016391278,35.0000005215406));
#3277=CARTESIAN_POINT('',(-43.3030006556511,-4.49999997764825,35.0000007301569));
#3278=CARTESIAN_POINT('',(-43.3030006556511,1.00000016391278,27.0000004023313));
#3279=CARTESIAN_POINT('',(-43.3030006556511,1.00000016391278,38.0000005662441));
#3280=CARTESIAN_POINT('',(-43.3029991506338,-9.99999999999999,27.0000004023314));
#3281=CARTESIAN_POINT('',(-43.3030006556511,-8.49999997764825,27.0000007301569));
#3282=CARTESIAN_POINT('',(-43.3029991506338,-9.99999999999999,30.9750001693032));
#3283=CARTESIAN_POINT('Origin',(-43.5030006556511,1.00000016391278,27.0000004023313));
#3284=CARTESIAN_POINT('',(-32.5050008195639,1.00000004470349,27.0000007301569));
#3285=CARTESIAN_POINT('',(-45.0040006556511,1.00000016391278,27.0000004023313));
#3286=CARTESIAN_POINT('',(-32.5050008195639,1.00000004470349,35.0000007301569));
#3287=CARTESIAN_POINT('',(-43.5030006556511,1.00000016391278,35.0000005215406));
#3288=CARTESIAN_POINT('',(-32.5050008195639,1.0000000447035,44.5000006482005));
#3289=CARTESIAN_POINT('Origin',(-35.5030008195639,1.00000004470349,35.0000007301569));
#3290=CARTESIAN_POINT('',(-32.5050006556511,-9.99999999999999,35.0000005215406));
#3291=CARTESIAN_POINT('',(-39.0040006556511,-9.99999999999999,35.0000005215406));
#3292=CARTESIAN_POINT('',(-32.5050008195639,-60.9999999552965,35.0000007301569));
#3293=CARTESIAN_POINT('',(-32.5050008195639,-8.49999997764825,35.0000007301569));
#3294=CARTESIAN_POINT('',(-24.5050008195639,-60.9999999552965,35.0000007301569));
#3295=CARTESIAN_POINT('',(-32.5050008195639,-60.9999999552965,35.0000007301569));
#3296=CARTESIAN_POINT('',(-24.5050008195639,-12.2664991167181,35.0000007301569));
#3297=CARTESIAN_POINT('',(-24.5050008195639,-16.9999999552965,35.0000007301569));
#3298=CARTESIAN_POINT('Origin',(-39.5050008195639,-12.2664991167181,35.0000007301569));
#3299=CARTESIAN_POINT('Origin',(-29.5030011064112,4.50000021606685,36.8000008009374));
#3300=CARTESIAN_POINT('',(-23.0050011064112,4.50000021606685,36.8000008009374));
#3301=CARTESIAN_POINT('',(-31.0040011064112,4.50000021606685,36.8000008009374));
#3302=CARTESIAN_POINT('',(-23.0050011064112,4.50000021606685,47.8000009648502));
#3303=CARTESIAN_POINT('',(-35.5030011064112,4.50000021606685,47.8000009648502));
#3304=CARTESIAN_POINT('',(-23.0050009648502,4.50000021606684,42.3000008828938));
#3305=CARTESIAN_POINT('Origin',(-29.5030011064112,-6.99999995529651,47.8000009648502));
#3306=CARTESIAN_POINT('',(-23.0050009648502,-9.99999995529651,47.8000009648502));
#3307=CARTESIAN_POINT('',(-37.0040011064112,-9.99999995529651,47.8000009648502));
#3308=CARTESIAN_POINT('',(-23.0050009648502,-6.99999995529651,47.8000009648502));
#3309=CARTESIAN_POINT('Origin',(-52.5030009834766,-9.99999999999999,36.6500007301569));
#3310=CARTESIAN_POINT('',(-59.0025475059152,-9.99999999999999,25.3000012226403));
#3311=CARTESIAN_POINT('',(-32.5050006556511,-9.99999999999999,27.0000004023313));
#3312=CARTESIAN_POINT('',(-45.0030000670552,-9.99999999999999,27.0000004023314));
#3313=CARTESIAN_POINT('',(-32.5050008195639,-9.99999999999999,35.0000006258488));
#3314=CARTESIAN_POINT('',(-23.0050009648502,-9.99999995529651,36.8000008009374));
#3315=CARTESIAN_POINT('',(-26.0030009648502,-9.99999995529651,36.8000008009374));
#3316=CARTESIAN_POINT('',(-23.0050009648502,-9.99999995529651,45.050000923872));
#3317=CARTESIAN_POINT('',(-59.0025475059152,-9.99999999999999,25.3000012226403));
#3318=CARTESIAN_POINT('',(-59.0025475059152,-9.99999999999999,25.3000012226403));
#3319=CARTESIAN_POINT('',(-24.4050011064112,-9.99999995529651,38.2000008232891));
#3320=CARTESIAN_POINT('',(-32.6050011064112,-9.99999995529651,38.2000008232891));
#3321=CARTESIAN_POINT('',(-30.130001071021,-9.99999995529651,38.2000008232891));
#3322=CARTESIAN_POINT('',(-32.6050011064112,-9.99999995529651,46.4000008232892));
#3323=CARTESIAN_POINT('',(-32.6050011064112,-9.99999995529651,42.3000008828938));
#3324=CARTESIAN_POINT('',(-24.4050011064112,-9.99999995529651,46.4000008232891));
#3325=CARTESIAN_POINT('',(-26.130001071021,-9.99999995529651,46.4000008232891));
#3326=CARTESIAN_POINT('',(-24.4050011064112,-9.99999995529651,40.3000008530915));
#3327=CARTESIAN_POINT('Origin',(-35.5030008195639,-6.99999995529651,27.0000007301569));
#3328=CARTESIAN_POINT('',(-24.5050008195639,-12.2664991167181,27.0000007301569));
#3329=CARTESIAN_POINT('Origin',(-39.5050008195639,-12.2664991167181,27.0000007301569));
#3330=CARTESIAN_POINT('',(-24.5050008195639,-60.9999999552965,27.0000007301569));
#3331=CARTESIAN_POINT('',(-24.5050008195639,-16.9999999552965,27.0000007301569));
#3332=CARTESIAN_POINT('',(-32.5050008195639,-60.9999999552965,27.0000007301569));
#3333=CARTESIAN_POINT('',(-32.5050008195639,-60.9999999552965,27.0000007301569));
#3334=CARTESIAN_POINT('',(-32.5050008195639,-18.4999999776483,27.0000007301569));
#3335=CARTESIAN_POINT('Origin',(-20.0030009648502,-6.99999995529651,36.8000008009374));
#3336=CARTESIAN_POINT('',(-23.0050009648502,-6.99999995529651,36.8000008009374));
#3337=CARTESIAN_POINT('Origin',(-23.0050009648502,-6.99999995529651,47.8000009648502));
#3338=CARTESIAN_POINT('Origin',(-32.6050011064112,-1.24999986961483,42.3000008828938));
#3339=CARTESIAN_POINT('',(-32.6050011064112,3.00000004470349,38.2000008232891));
#3340=CARTESIAN_POINT('',(-32.6050011064112,-6.99999995529651,38.2000008232891));
#3341=CARTESIAN_POINT('',(-32.6050011064112,3.00000004470349,46.4000008232891));
#3342=CARTESIAN_POINT('',(-32.6050011064112,3.00000004470349,52.550000692904));
#3343=CARTESIAN_POINT('',(-32.6050011064112,-8.49999997764825,46.4000008232892));
#3344=CARTESIAN_POINT('Origin',(-24.4050011064112,-6.99999995529651,38.3000008232891));
#3345=CARTESIAN_POINT('',(-24.4050011064112,3.00000004470349,46.4000008232891));
#3346=CARTESIAN_POINT('',(-24.4050011064112,-6.99999995529651,46.4000008232891));
#3347=CARTESIAN_POINT('',(-24.4050011064112,3.00000004470349,38.2000008232891));
#3348=CARTESIAN_POINT('',(-24.4050011064112,3.00000004470349,43.0500008940697));
#3349=CARTESIAN_POINT('',(-24.4050011064112,-6.99999995529651,38.2000008232891));
#3350=CARTESIAN_POINT('Origin',(-32.5050011064112,-6.99999995529651,38.2000008232891));
#3351=CARTESIAN_POINT('',(-26.130001071021,3.00000004470349,38.2000008232891));
#3352=CARTESIAN_POINT('Origin',(-32.5050011064112,3.00000004470349,47.8000009648502));
#3353=CARTESIAN_POINT('',(-32.5050011064112,3.00000004470349,46.4000008232891));
#3354=CARTESIAN_POINT('Origin',(-24.5050011064112,-6.99999995529651,46.4000008232891));
#3355=CARTESIAN_POINT('Origin',(-32.5050008195639,-60.9999999552965,29.0000007301569));
#3356=CARTESIAN_POINT('',(-26.5050008195639,-62.9999999552965,29.0000007301569));
#3357=CARTESIAN_POINT('',(-30.5050008195639,-62.9999999552965,29.0000007301569));
#3358=CARTESIAN_POINT('',(-32.5050008195639,-62.9999999552965,29.0000007301569));
#3359=CARTESIAN_POINT('Origin',(-30.5050008195639,-60.9999999552965,29.0000007301569));
#3360=CARTESIAN_POINT('Origin',(-26.5050008195639,-60.9999999552965,29.0000007301569));
#3361=CARTESIAN_POINT('Origin',(-30.5050008195639,-60.9999999552965,35.0000007301569));
#3362=CARTESIAN_POINT('',(-30.5050008195639,-62.9999999552965,33.0000007301569));
#3363=CARTESIAN_POINT('',(-30.5050008195639,-62.9999999552965,35.0000007301569));
#3364=CARTESIAN_POINT('Origin',(-30.5050008195639,-60.9999999552965,33.0000007301569));
#3365=CARTESIAN_POINT('',(-32.5050008195639,-60.9999999552965,35.0000007301569));
#3366=CARTESIAN_POINT('Origin',(-32.5050008195639,-60.9999999552965,33.0000007301569));
#3367=CARTESIAN_POINT('',(-26.5050008195639,-62.9999999552965,33.0000007301569));
#3368=CARTESIAN_POINT('',(-32.5050008195639,-62.9999999552965,33.0000007301569));
#3369=CARTESIAN_POINT('Origin',(-26.5050008195639,-60.9999999552965,33.0000007301569));
#3370=CARTESIAN_POINT('Origin',(-26.5050008195639,-60.9999999552965,33.0000007301569));
#3371=CARTESIAN_POINT('',(-24.5050008195639,-60.9999999552965,33.0000007301569));
#3372=CARTESIAN_POINT('',(-26.5050008195639,-62.9999999552965,33.0000007301569));
#3373=CARTESIAN_POINT('Origin',(-32.5050008195639,-62.9999999552965,35.0000007301569));
#3374=CARTESIAN_POINT('Origin',(-39.5050008195639,-12.2664991167181,44.5000006482005));
#3375=CARTESIAN_POINT('',(-24.5050008195639,-12.2664991167181,44.5000006482005));
#3376=CARTESIAN_POINT('Origin',(-32.5050008195639,-6.99999995529651,35.0000007301569));
#3377=CARTESIAN_POINT('Origin',(-24.5050008195639,-2.99999995529651,31.0000007301569));
#3378=CARTESIAN_POINT('Origin',(-66.5030006556511,5.90000000000001,36.6500007301569));
#3379=CARTESIAN_POINT('',(-66.0025473420024,5.90000000000001,25.3000012226403));
#3380=CARTESIAN_POINT('Origin',(-66.5030006556511,5.90000000000001,36.6500007301569));
#3381=CARTESIAN_POINT('',(-66.0025473420024,5.90000000000001,25.3000012226403));
#3382=CARTESIAN_POINT('Origin',(-66.5030006556511,5.90000000000001,36.6500007301569));
#3383=CARTESIAN_POINT('',(-66.0025473420024,5.90000000000001,25.3000012226403));
#3384=CARTESIAN_POINT('Origin',(-65.5020940283537,-28.5499999776482,25.3000012226403));
#3385=CARTESIAN_POINT('Origin',(-65.5020940283537,-28.5499999776482,25.3000012226403));
#3386=CARTESIAN_POINT('Origin',(-65.5020940283537,-28.5499999776482,25.3000012226403));
#3387=CARTESIAN_POINT('Origin',(-54.0020009834766,-9.99999999999999,36.6500007301569));
#3388=CARTESIAN_POINT('',(-39.0000006705523,-9.99999999999999,25.2999996370636));
#3389=CARTESIAN_POINT('',(-51.0000012405217,-9.99999999999999,25.2999996370636));
#3390=CARTESIAN_POINT('',(-60.5015475059152,-9.99999999999999,25.3000012226403));
#3391=CARTESIAN_POINT('',(-55.0010012405217,-9.99999999999999,25.2999996370636));
#3392=CARTESIAN_POINT('',(-74.0000004959574,-9.99999999999999,25.300000628049));
#3393=CARTESIAN_POINT('',(-73.0000000447035,-9.99999999999999,25.3000012226403));
#3394=CARTESIAN_POINT('',(-60.5015475059152,-9.99999999999999,25.3000012226403));
#3395=CARTESIAN_POINT('',(-77.0010000447035,-9.99999999999999,25.3000012226403));
#3396=CARTESIAN_POINT('',(-74.0000004959574,-9.99999999999999,25.300000628049));
#3397=CARTESIAN_POINT('',(-112.194718265775,-10.,25.3000012226403));
#3398=CARTESIAN_POINT('',(-60.5015475059152,-9.99999999999999,25.3000012226403));
#3399=CARTESIAN_POINT('',(-140.002188056707,-10.,-4.44089209850063E-15));
#3400=CARTESIAN_POINT('Ctrl Pts',(-140.002188056707,-10.,-4.44089209850063E-15));
#3401=CARTESIAN_POINT('Ctrl Pts',(-140.00193314016,-10.,0.816270321354193));
#3402=CARTESIAN_POINT('Ctrl Pts',(-139.967335139981,-10.,2.42999180448633));
#3403=CARTESIAN_POINT('Ctrl Pts',(-139.813166740473,-10.,4.79411483582504));
#3404=CARTESIAN_POINT('Ctrl Pts',(-139.375323907586,-10.,7.82449014153683));
#3405=CARTESIAN_POINT('Ctrl Pts',(-138.291368039017,-10.,11.3585457015739));
#3406=CARTESIAN_POINT('Ctrl Pts',(-136.500104152502,-9.99999999999999,14.574789589682));
#3407=CARTESIAN_POINT('Ctrl Pts',(-133.867362434784,-9.99999999999999,17.4119247765792));
#3408=CARTESIAN_POINT('Ctrl Pts',(-130.360687549216,-9.99999999999999,19.8289582458541));
#3409=CARTESIAN_POINT('Ctrl Pts',(-126.104703610822,-10.,21.8206706185497));
#3410=CARTESIAN_POINT('Ctrl Pts',(-121.475147450619,-9.99999999999999,23.3554581380957));
#3411=CARTESIAN_POINT('Ctrl Pts',(-117.626311140239,-9.99999999999999,24.2970328319344));
#3412=CARTESIAN_POINT('Ctrl Pts',(-114.799456679861,-9.99999999999999,24.8577924698617));
#3413=CARTESIAN_POINT('Ctrl Pts',(-113.00504870849,-9.99999999999999,25.1685130436573));
#3414=CARTESIAN_POINT('Ctrl Pts',(-112.194718265773,-9.99999999999999,25.3000012226406));
#3415=CARTESIAN_POINT('',(-130.002188056707,-10.,-4.44089209850063E-15));
#3416=CARTESIAN_POINT('',(-130.002188056707,-10.,-4.44089209850063E-15));
#3417=CARTESIAN_POINT('',(-130.002188056707,-10.,8.00000011920929));
#3418=CARTESIAN_POINT('',(-130.002188056707,-10.,8.00000011920929));
#3419=CARTESIAN_POINT('',(-107.107897936923,-9.99999999999999,20.2999996370636));
#3420=CARTESIAN_POINT('Ctrl Pts',(-107.107897936921,-10.,20.2999996370638));
#3421=CARTESIAN_POINT('Ctrl Pts',(-107.273603292804,-10.,20.2843794189591));
#3422=CARTESIAN_POINT('Ctrl Pts',(-108.097814901069,-10.,20.2057066890878));
#3423=CARTESIAN_POINT('Ctrl Pts',(-109.581792533273,-10.,20.055006556105));
#3424=CARTESIAN_POINT('Ctrl Pts',(-111.721943148691,-9.99999999999999,19.8100437603636));
#3425=CARTESIAN_POINT('Ctrl Pts',(-114.486752731756,-9.99999999999999,19.4231521226889));
#3426=CARTESIAN_POINT('Ctrl Pts',(-117.614442003554,-9.99999999999999,18.8338221687322));
#3427=CARTESIAN_POINT('Ctrl Pts',(-120.533672019798,-9.99999999999999,18.0681274058814));
#3428=CARTESIAN_POINT('Ctrl Pts',(-123.159450178006,-9.99999999999999,17.0844601780696));
#3429=CARTESIAN_POINT('Ctrl Pts',(-125.416862696238,-10.,15.8466397694032));
#3430=CARTESIAN_POINT('Ctrl Pts',(-127.253101284321,-10.,14.3300655536067));
#3431=CARTESIAN_POINT('Ctrl Pts',(-128.64761156781,-10.,12.5269415354293));
#3432=CARTESIAN_POINT('Ctrl Pts',(-129.407995735376,-10.,10.8561749434904));
#3433=CARTESIAN_POINT('Ctrl Pts',(-129.781189836356,-10.,9.47683708286688));
#3434=CARTESIAN_POINT('Ctrl Pts',(-129.943016691851,-10.,8.50156466919092));
#3435=CARTESIAN_POINT('Ctrl Pts',(-130.002188056707,-10.,8.00000011920929));
#3436=CARTESIAN_POINT('',(-26.8942902687935,-10.,20.2999996370636));
#3437=CARTESIAN_POINT('',(-41.9998825375711,-10.,20.2999996370636));
#3438=CARTESIAN_POINT('',(-4.00000014901162,-10.,8.00000011920929));
#3439=CARTESIAN_POINT('Ctrl Pts',(-26.8942902687935,-10.,20.2999996370636));
#3440=CARTESIAN_POINT('Ctrl Pts',(-26.7285849129108,-10.,20.2843794189589));
#3441=CARTESIAN_POINT('Ctrl Pts',(-25.9043733046471,-10.,20.2057066890877));
#3442=CARTESIAN_POINT('Ctrl Pts',(-24.4203956724456,-10.,20.0550065561049));
#3443=CARTESIAN_POINT('Ctrl Pts',(-22.2802450570285,-9.99999999999999,19.8100437603636));
#3444=CARTESIAN_POINT('Ctrl Pts',(-19.5154354739628,-9.99999999999999,19.4231521226889));
#3445=CARTESIAN_POINT('Ctrl Pts',(-16.3877462021621,-9.99999999999999,18.8338221687322));
#3446=CARTESIAN_POINT('Ctrl Pts',(-13.4685161859159,-9.99999999999999,18.0681274058814));
#3447=CARTESIAN_POINT('Ctrl Pts',(-10.8427380277081,-9.99999999999999,17.0844601780696));
#3448=CARTESIAN_POINT('Ctrl Pts',(-8.5853255094809,-9.99999999999999,15.8466397694032));
#3449=CARTESIAN_POINT('Ctrl Pts',(-6.74908692140546,-9.99999999999999,14.3300655536067));
#3450=CARTESIAN_POINT('Ctrl Pts',(-5.35457663792227,-10.,12.5269415354293));
#3451=CARTESIAN_POINT('Ctrl Pts',(-4.59419247035598,-10.,10.8561749434904));
#3452=CARTESIAN_POINT('Ctrl Pts',(-4.22099836937186,-10.,9.47683708286688));
#3453=CARTESIAN_POINT('Ctrl Pts',(-4.05917151387118,-10.,8.50156466919092));
#3454=CARTESIAN_POINT('Ctrl Pts',(-4.00000014901162,-10.,8.00000011920929));
#3455=CARTESIAN_POINT('',(-4.00000014901162,-10.,-4.44089209850063E-15));
#3456=CARTESIAN_POINT('',(-4.00000014901162,-10.,8.00000011920929));
#3457=CARTESIAN_POINT('',(6.,-10.,-4.44089209850063E-15));
#3458=CARTESIAN_POINT('',(-4.00000014901162,-10.,-4.44089209850063E-15));
#3459=CARTESIAN_POINT('',(-17.5262179771112,-10.,24.5000003650783));
#3460=CARTESIAN_POINT('Ctrl Pts',(6.,-10.,-4.44089209850063E-15));
#3461=CARTESIAN_POINT('Ctrl Pts',(5.99974508345246,-10.,0.816270321354193));
#3462=CARTESIAN_POINT('Ctrl Pts',(5.96514708327402,-10.,2.42999180448633));
#3463=CARTESIAN_POINT('Ctrl Pts',(5.81097868376549,-10.,4.79411483582504));
#3464=CARTESIAN_POINT('Ctrl Pts',(5.37313585087858,-10.,7.82449014153683));
#3465=CARTESIAN_POINT('Ctrl Pts',(4.28917998230928,-10.,11.3585457015739));
#3466=CARTESIAN_POINT('Ctrl Pts',(2.4979160957944,-10.,14.574789589682));
#3467=CARTESIAN_POINT('Ctrl Pts',(-0.134825621923573,-10.,17.4119247765792));
#3468=CARTESIAN_POINT('Ctrl Pts',(-3.64150050749108,-10.,19.8289582458541));
#3469=CARTESIAN_POINT('Ctrl Pts',(-7.87162862037159,-10.,21.8085706274956));
#3470=CARTESIAN_POINT('Ctrl Pts',(-11.6629238819749,-10.,23.0689599165726));
#3471=CARTESIAN_POINT('Ctrl Pts',(-14.6049916573237,-10.,23.8467190170101));
#3472=CARTESIAN_POINT('Ctrl Pts',(-16.5642432284058,-10.,24.2950441511755));
#3473=CARTESIAN_POINT('Ctrl Pts',(-17.5262179771135,-10.,24.5000003650788));
#3474=CARTESIAN_POINT('',(-27.8676665427923,-9.99999999999999,25.2999993185214));
#3475=CARTESIAN_POINT('Ctrl Pts',(-17.5262179771112,-9.99999999999999,24.5000003650783));
#3476=CARTESIAN_POINT('Ctrl Pts',(-17.642608182734,-9.99999999999999,24.5260680336426));
#3477=CARTESIAN_POINT('Ctrl Pts',(-17.762747394022,-9.99999999999999,24.5515524346923));
#3478=CARTESIAN_POINT('Ctrl Pts',(-17.8866624825333,-9.99999999999999,24.5764493875704));
#3479=CARTESIAN_POINT('Ctrl Pts',(-18.0203864351565,-9.99999999999999,24.6033171321456));
#3480=CARTESIAN_POINT('Ctrl Pts',(-18.1585075154752,-9.99999999999999,24.6295007748624));
#3481=CARTESIAN_POINT('Ctrl Pts',(-18.301122819507,-9.99999999999999,24.654985209595));
#3482=CARTESIAN_POINT('Ctrl Pts',(-18.4542739115409,-9.99999999999999,24.6823523216709));
#3483=CARTESIAN_POINT('Ctrl Pts',(-18.6126088492973,-9.99999999999999,24.7089129348828));
#3484=CARTESIAN_POINT('Ctrl Pts',(-18.7763137963963,-9.99999999999999,24.7346380860336));
#3485=CARTESIAN_POINT('Ctrl Pts',(-19.0400974723765,-9.99999999999999,24.7760899483991));
#3486=CARTESIAN_POINT('Ctrl Pts',(-19.317828148606,-9.99999999999999,24.8153719468348));
#3487=CARTESIAN_POINT('Ctrl Pts',(-19.6104391464501,-9.99999999999999,24.8523388758977));
#3488=CARTESIAN_POINT('Ctrl Pts',(-19.7755836277169,-9.99999999999999,24.8732023580262));
#3489=CARTESIAN_POINT('Ctrl Pts',(-19.94547031901,-9.99999999999999,24.8933280506447));
#3490=CARTESIAN_POINT('Ctrl Pts',(-20.1202483741587,-9.99999999999999,24.9126927485118));
#3491=CARTESIAN_POINT('Ctrl Pts',(-20.2677826160824,-9.99999999999999,24.9290389426462));
#3492=CARTESIAN_POINT('Ctrl Pts',(-20.4188031772943,-9.99999999999999,24.9448427378181));
#3493=CARTESIAN_POINT('Ctrl Pts',(-20.5733659110561,-9.99999999999999,24.9600954444187));
#3494=CARTESIAN_POINT('Ctrl Pts',(-20.7236642893322,-9.99999999999999,24.9749273318381));
#3495=CARTESIAN_POINT('Ctrl Pts',(-20.8773128905456,-9.99999999999999,24.9892379940641));
#3496=CARTESIAN_POINT('Ctrl Pts',(-21.0343139204198,-9.99999999999999,25.003027087932));
#3497=CARTESIAN_POINT('Ctrl Pts',(-21.1964332565301,-9.99999999999999,25.0172657126417));
#3498=CARTESIAN_POINT('Ctrl Pts',(-21.3621269644566,-9.99999999999999,25.0309482392422));
#3499=CARTESIAN_POINT('Ctrl Pts',(-21.5313412432273,-9.99999999999999,25.0440830380487));
#3500=CARTESIAN_POINT('Ctrl Pts',(-21.7115702751557,-9.99999999999999,25.0580728271532));
#3501=CARTESIAN_POINT('Ctrl Pts',(-21.895792905675,-9.99999999999999,25.0714412951585));
#3502=CARTESIAN_POINT('Ctrl Pts',(-22.0838835346753,-9.99999999999999,25.0842079828365));
#3503=CARTESIAN_POINT('Ctrl Pts',(-22.3173745280745,-9.99999999999999,25.1000562289942));
#3504=CARTESIAN_POINT('Ctrl Pts',(-22.5568251063877,-9.99999999999999,25.1149772873624));
#3505=CARTESIAN_POINT('Ctrl Pts',(-22.8019099742196,-9.99999999999999,25.1290217671569));
#3506=CARTESIAN_POINT('Ctrl Pts',(-23.1773511502725,-9.99999999999999,25.1505362574546));
#3507=CARTESIAN_POINT('Ctrl Pts',(-23.5660043046957,-9.99999999999999,25.1699952379815));
#3508=CARTESIAN_POINT('Ctrl Pts',(-23.9666033070833,-9.99999999999999,25.1875956923638));
#3509=CARTESIAN_POINT('Ctrl Pts',(-24.2340518034395,-9.99999999999999,25.1993461336572));
#3510=CARTESIAN_POINT('Ctrl Pts',(-24.5068229256243,-9.99999999999999,25.2102684847815));
#3511=CARTESIAN_POINT('Ctrl Pts',(-24.7845740200333,-9.99999999999999,25.2204160555294));
#3512=CARTESIAN_POINT('Ctrl Pts',(-25.0304058933853,-9.99999999999999,25.2293974650618));
#3513=CARTESIAN_POINT('Ctrl Pts',(-25.2801384787145,-9.99999999999999,25.2377720047246));
#3514=CARTESIAN_POINT('Ctrl Pts',(-25.5335760016936,-9.99999999999999,25.2455701329421));
#3515=CARTESIAN_POINT('Ctrl Pts',(-25.7813637801892,-9.99999999999999,25.25319442174));
#3516=CARTESIAN_POINT('Ctrl Pts',(-26.0326929141424,-9.99999999999999,25.2602677490884));
#3517=CARTESIAN_POINT('Ctrl Pts',(-26.2874282594543,-9.99999999999999,25.2668111406056));
#3518=CARTESIAN_POINT('Ctrl Pts',(-26.5439941643199,-9.99999999999999,25.2734015537397));
#3519=CARTESIAN_POINT('Ctrl Pts',(-26.8040150482241,-9.99999999999999,25.2794544438033));
#3520=CARTESIAN_POINT('Ctrl Pts',(-27.0674067850975,-9.99999999999999,25.2849828990674));
#3521=CARTESIAN_POINT('Ctrl Pts',(-27.3307985219709,-9.99999999999999,25.2905113543315));
#3522=CARTESIAN_POINT('Ctrl Pts',(-27.5975610816838,-9.99999999999999,25.2955153794837));
#3523=CARTESIAN_POINT('Ctrl Pts',(-27.8676665427925,-9.99999999999999,25.2999993185214));
#3524=CARTESIAN_POINT('',(-46.0000009893997,-9.99999999999999,25.2999998373626));
#3525=CARTESIAN_POINT('Origin',(-123.00336794525,2.22044604925031E-15,13.2428399282725));
#3526=CARTESIAN_POINT('',(-112.194718265775,5.55111512312578E-15,25.3000012226403));
#3527=CARTESIAN_POINT('',(-100.001000655651,4.78030523907726E-15,25.3000012226403));
#3528=CARTESIAN_POINT('',(-95.002230986802,4.44089209850063E-15,25.3000012226403));
#3529=CARTESIAN_POINT('',(-100.001000655651,4.44089209850063E-15,24.3000007301569));
#3530=CARTESIAN_POINT('',(-100.001000655651,3.33066907387547E-15,18.7714203292147));
#3531=CARTESIAN_POINT('',(-42.0010006556511,5.55111512312578E-15,24.3000007301569));
#3532=CARTESIAN_POINT('',(-108.001184300451,4.44089209850063E-15,24.3000007301569));
#3533=CARTESIAN_POINT('',(-42.0009991506338,5.55111512312578E-15,25.2999996084494));
#3534=CARTESIAN_POINT('',(-42.0010006556511,8.88178419700125E-15,31.1214150384399));
#3535=CARTESIAN_POINT('',(-39.0000006705523,7.7715611723761E-15,25.2999996370636));
#3536=CARTESIAN_POINT('',(-44.5000009480864,7.88258335348087E-15,25.2999996370636));
#3537=CARTESIAN_POINT('',(-27.8676665427925,7.47665818146004E-15,25.2999993185214));
#3538=CARTESIAN_POINT('',(-38.5000006487946,7.88258335030407E-15,25.2999996227565));
#3539=CARTESIAN_POINT('',(-17.5262179771112,5.55111512312578E-15,24.5000003650783));
#3540=CARTESIAN_POINT('Ctrl Pts',(-27.8676665427925,7.47665818146004E-15,
25.2999993185214));
#3541=CARTESIAN_POINT('Ctrl Pts',(-27.5878530363829,7.47665818146004E-15,
25.2953542191609));
#3542=CARTESIAN_POINT('Ctrl Pts',(-27.0342136376522,7.47665818146004E-15,
25.2851324718903));
#3543=CARTESIAN_POINT('Ctrl Pts',(-26.2217163572716,7.47665818146004E-15,
25.267005364735));
#3544=CARTESIAN_POINT('Ctrl Pts',(-25.1749101181763,7.47665818146004E-15,
25.2371535945121));
#3545=CARTESIAN_POINT('Ctrl Pts',(-23.9317551508602,7.47665818146004E-15,
25.1896713367837));
#3546=CARTESIAN_POINT('Ctrl Pts',(-22.7609036395131,7.47665818146004E-15,
25.1309401611332));
#3547=CARTESIAN_POINT('Ctrl Pts',(-21.6703316396892,7.47665818146004E-15,
25.0597191587739));
#3548=CARTESIAN_POINT('Ctrl Pts',(-20.6672341845805,7.47665818146004E-15,
24.9748889317954));
#3549=CARTESIAN_POINT('Ctrl Pts',(-19.7539955819846,7.47665818146004E-15,
24.8760785313628));
#3550=CARTESIAN_POINT('Ctrl Pts',(-18.9265224468652,7.47665818146004E-15,
24.7639248032715));
#3551=CARTESIAN_POINT('Ctrl Pts',(-18.3287596252031,7.47665818146004E-15,
24.6642111920456));
#3552=CARTESIAN_POINT('Ctrl Pts',(-17.914467259967,7.47665818146004E-15,
24.5841316602609));
#3553=CARTESIAN_POINT('Ctrl Pts',(-17.6531541886403,7.47665818146004E-15,
24.5284300003148));
#3554=CARTESIAN_POINT('Ctrl Pts',(-17.5262179771112,7.47665818146004E-15,
24.5000003650783));
#3555=CARTESIAN_POINT('',(6.,0.,0.));
#3556=CARTESIAN_POINT('Ctrl Pts',(-17.5262179771113,9.16784374957988E-16,
24.5000003650784));
#3557=CARTESIAN_POINT('Ctrl Pts',(-16.5642432284041,1.01269646164212E-15,
24.2950441511751));
#3558=CARTESIAN_POINT('Ctrl Pts',(-14.6049916573224,1.23166672390247E-15,
23.8467190170097));
#3559=CARTESIAN_POINT('Ctrl Pts',(-11.662923881974,1.58108652964486E-15,
23.0689599165723));
#3560=CARTESIAN_POINT('Ctrl Pts',(-7.87162862037122,3.31717948687452E-15,
21.8085706274955));
#3561=CARTESIAN_POINT('Ctrl Pts',(-3.64150050749108,1.11022302462516E-15,
19.8289582458541));
#3562=CARTESIAN_POINT('Ctrl Pts',(-0.134825621923573,3.33066907387547E-15,
17.4119247765792));
#3563=CARTESIAN_POINT('Ctrl Pts',(2.4979160957944,1.11022302462516E-15,
14.5747895896821));
#3564=CARTESIAN_POINT('Ctrl Pts',(4.28917998230928,3.33066907387547E-15,
11.3585457015739));
#3565=CARTESIAN_POINT('Ctrl Pts',(5.37313585087858,1.11022302462516E-15,
7.82449014153683));
#3566=CARTESIAN_POINT('Ctrl Pts',(5.81097868376549,0.,4.79411483582504));
#3567=CARTESIAN_POINT('Ctrl Pts',(5.96514708327402,2.22044604925031E-15,
2.42999180448633));
#3568=CARTESIAN_POINT('Ctrl Pts',(5.99974508345246,2.22044604925031E-15,
0.816270321354198));
#3569=CARTESIAN_POINT('Ctrl Pts',(6.,0.,0.));
#3570=CARTESIAN_POINT('',(-4.00000014901162,0.,0.));
#3571=CARTESIAN_POINT('',(-4.00000014901162,0.,0.));
#3572=CARTESIAN_POINT('',(-4.00000014901162,3.33066907387547E-15,8.00000011920929));
#3573=CARTESIAN_POINT('',(-4.00000014901162,3.33066907387547E-15,8.00000011920929));
#3574=CARTESIAN_POINT('',(-26.8942902687935,7.47665818146004E-15,20.2999996370636));
#3575=CARTESIAN_POINT('Ctrl Pts',(-4.00000014901162,3.33066907387547E-15,
8.00000011920929));
#3576=CARTESIAN_POINT('Ctrl Pts',(-4.05917151387118,2.22044604925031E-15,
8.50156466919092));
#3577=CARTESIAN_POINT('Ctrl Pts',(-4.22099836937186,2.22044604925031E-15,
9.47683708286688));
#3578=CARTESIAN_POINT('Ctrl Pts',(-4.59419247035598,4.44089209850063E-15,
10.8561749434904));
#3579=CARTESIAN_POINT('Ctrl Pts',(-5.35457663792227,4.44089209850063E-15,
12.5269415354293));
#3580=CARTESIAN_POINT('Ctrl Pts',(-6.74908692140546,3.33066907387547E-15,
14.3300655536067));
#3581=CARTESIAN_POINT('Ctrl Pts',(-8.5853255094809,5.55111512312578E-15,
15.8466397694032));
#3582=CARTESIAN_POINT('Ctrl Pts',(-10.8427380277081,5.55111512312578E-15,
17.0844601780696));
#3583=CARTESIAN_POINT('Ctrl Pts',(-13.4685161859159,5.55111512312578E-15,
18.0681274058814));
#3584=CARTESIAN_POINT('Ctrl Pts',(-16.3877462021621,4.44089209850063E-15,
18.8338221687322));
#3585=CARTESIAN_POINT('Ctrl Pts',(-19.5154354739628,4.44089209850063E-15,
19.4231521226889));
#3586=CARTESIAN_POINT('Ctrl Pts',(-22.280245057029,4.44089209850063E-15,
19.8100437603636));
#3587=CARTESIAN_POINT('Ctrl Pts',(-24.4203956724465,4.44089209850063E-15,
20.055006556105));
#3588=CARTESIAN_POINT('Ctrl Pts',(-25.9043733046484,4.86339352862391E-15,
20.2057066890878));
#3589=CARTESIAN_POINT('Ctrl Pts',(-26.7285849129126,5.16512784842489E-15,
20.2843794189591));
#3590=CARTESIAN_POINT('Ctrl Pts',(-26.8942902687958,5.22788058536972E-15,
20.2999996370638));
#3591=CARTESIAN_POINT('',(-107.107897936923,7.47665818146004E-15,20.2999996370636));
#3592=CARTESIAN_POINT('',(-92.0021874904633,7.47665818146004E-15,20.2999996370636));
#3593=CARTESIAN_POINT('',(-130.002188056707,1.11022302462516E-15,8.00000011920929));
#3594=CARTESIAN_POINT('Ctrl Pts',(-107.107897936921,5.22571003699146E-15,
20.2999996370638));
#3595=CARTESIAN_POINT('Ctrl Pts',(-107.273603292805,5.16222715805719E-15,
20.2843794189591));
#3596=CARTESIAN_POINT('Ctrl Pts',(-108.097814901069,4.85564064488859E-15,
20.2057066890878));
#3597=CARTESIAN_POINT('Ctrl Pts',(-109.581792533273,4.40980956369308E-15,
20.055006556105));
#3598=CARTESIAN_POINT('Ctrl Pts',(-111.721943148691,4.27473904663086E-15,
19.8100437603636));
#3599=CARTESIAN_POINT('Ctrl Pts',(-114.486752731756,3.33066907387547E-15,
19.4231521226889));
#3600=CARTESIAN_POINT('Ctrl Pts',(-117.614442003554,3.33066907387547E-15,
18.8338221687322));
#3601=CARTESIAN_POINT('Ctrl Pts',(-120.533672019798,3.33066907387547E-15,
18.0681274058814));
#3602=CARTESIAN_POINT('Ctrl Pts',(-123.159450178006,3.33066907387547E-15,
17.0844601780696));
#3603=CARTESIAN_POINT('Ctrl Pts',(-125.416862696238,3.33066907387547E-15,
15.8466397694032));
#3604=CARTESIAN_POINT('Ctrl Pts',(-127.253101284321,1.11022302462516E-15,
14.3300655536067));
#3605=CARTESIAN_POINT('Ctrl Pts',(-128.64761156781,2.22044604925031E-15,
12.5269415354293));
#3606=CARTESIAN_POINT('Ctrl Pts',(-129.407995735376,2.22044604925031E-15,
10.8561749434904));
#3607=CARTESIAN_POINT('Ctrl Pts',(-129.781189836356,-1.11022302462516E-15,
9.47683708286688));
#3608=CARTESIAN_POINT('Ctrl Pts',(-129.943016691851,-1.11022302462516E-15,
8.50156466919092));
#3609=CARTESIAN_POINT('Ctrl Pts',(-130.002188056707,-1.11022302462516E-15,
8.00000011920929));
#3610=CARTESIAN_POINT('',(-130.002188056707,-2.22044604925031E-15,0.));
#3611=CARTESIAN_POINT('',(-130.002188056707,-1.11022302462516E-15,8.00000011920929));
#3612=CARTESIAN_POINT('',(-140.002188056707,-2.22044604925031E-15,0.));
#3613=CARTESIAN_POINT('',(-130.002188056707,-3.33066907387547E-15,0.));
#3614=CARTESIAN_POINT('Ctrl Pts',(-140.002188056707,-3.33066907387547E-15,
0.));
#3615=CARTESIAN_POINT('Ctrl Pts',(-140.00193314016,0.,0.816270321354198));
#3616=CARTESIAN_POINT('Ctrl Pts',(-139.967335139981,0.,2.42999180448633));
#3617=CARTESIAN_POINT('Ctrl Pts',(-139.813166740473,-1.11022302462516E-15,
4.79411483582504));
#3618=CARTESIAN_POINT('Ctrl Pts',(-139.375323907586,1.11022302462516E-15,
7.82449014153683));
#3619=CARTESIAN_POINT('Ctrl Pts',(-138.291368039017,3.33066907387547E-15,
11.3585457015739));
#3620=CARTESIAN_POINT('Ctrl Pts',(-136.500104152502,2.22044604925031E-15,
14.5747895896821));
#3621=CARTESIAN_POINT('Ctrl Pts',(-133.867362434784,3.33066907387547E-15,
17.4119247765792));
#3622=CARTESIAN_POINT('Ctrl Pts',(-130.360687549216,3.33066907387547E-15,
19.8289582458541));
#3623=CARTESIAN_POINT('Ctrl Pts',(-126.104703610822,5.55111512312578E-15,
21.8206706185497));
#3624=CARTESIAN_POINT('Ctrl Pts',(-121.475147450619,4.47569029974551E-15,
23.3554581380957));
#3625=CARTESIAN_POINT('Ctrl Pts',(-117.626311140239,4.44225546737226E-15,
24.2970328319344));
#3626=CARTESIAN_POINT('Ctrl Pts',(-114.799456679861,4.44096331960262E-15,
24.8577924698617));
#3627=CARTESIAN_POINT('Ctrl Pts',(-113.00504870849,4.63328882309576E-15,
25.1685130436573));
#3628=CARTESIAN_POINT('Ctrl Pts',(-112.194718265773,4.75199874676412E-15,
25.3000012226406));
#3629=CARTESIAN_POINT('Origin',(-67.0010940283537,-28.5499999776482,25.3000012226403));
#3630=CARTESIAN_POINT('',(-39.0000006705523,-9.99999999999999,25.2999996370636));
#3631=CARTESIAN_POINT('',(-42.0010006556511,5.90000000000001,25.3000012226403));
#3632=CARTESIAN_POINT('',(-42.0010006556511,-19.2749999888241,25.3000012226403));
#3633=CARTESIAN_POINT('',(-51.0000012405217,5.90000000000001,25.2999996370636));
#3634=CARTESIAN_POINT('',(-66.0010473420024,5.90000000000001,25.3000012226403));
#3635=CARTESIAN_POINT('',(-51.0000012405217,-9.99999999999999,25.2999996370636));
#3636=CARTESIAN_POINT('Origin',(-67.0010940283537,-28.5499999776482,25.3000012226403));
#3637=CARTESIAN_POINT('',(-77.0010000447035,5.90000000000001,25.3000012226403));
#3638=CARTESIAN_POINT('',(-77.0010000447035,-9.99999999999999,25.3000012226403));
#3639=CARTESIAN_POINT('',(-100.001000655651,5.90000000000001,25.3000012226403));
#3640=CARTESIAN_POINT('',(-66.0010473420024,5.90000000000001,25.3000012226403));
#3641=CARTESIAN_POINT('',(-100.001000655651,-19.2749999888241,25.3000012226403));
#3642=CARTESIAN_POINT('',(-112.194718265773,-9.99999999999999,25.3000012226406));
#3643=CARTESIAN_POINT('Origin',(-67.0010940283537,-28.5499999776482,25.3000012226403));
#3644=CARTESIAN_POINT('',(-55.0010012405217,5.90000000000001,25.2999996370636));
#3645=CARTESIAN_POINT('',(-55.0010012405217,-9.99999999999999,25.2999996370636));
#3646=CARTESIAN_POINT('',(-73.0000000447035,5.90000000000001,25.3000012226403));
#3647=CARTESIAN_POINT('',(-66.0010473420024,5.90000000000001,25.3000012226403));
#3648=CARTESIAN_POINT('',(-73.0000000447035,-9.99999999999999,25.3000012226403));
#3649=CARTESIAN_POINT('Origin',(-100.001000655651,-9.99999999999999,24.3000007301569));
#3650=CARTESIAN_POINT('',(-100.001000655651,5.90000000000001,24.3000007301569));
#3651=CARTESIAN_POINT('',(-100.001000655651,5.90000000000001,49.0000007301569));
#3652=CARTESIAN_POINT('',(-100.001000655651,-9.99999999999999,24.3000007301569));
#3653=CARTESIAN_POINT('Origin',(-42.0010006556511,-9.99999999999999,49.0000007301569));
#3654=CARTESIAN_POINT('',(-42.0010006556511,5.90000000000001,24.3000007301569));
#3655=CARTESIAN_POINT('',(-42.0009991506338,-9.99999999999999,24.3000007301569));
#3656=CARTESIAN_POINT('',(-42.0010006556511,5.90000000000001,24.3000007301569));
#3657=CARTESIAN_POINT('Ctrl Pts',(-38.0000006556511,-10.,26.2105665111808));
#3658=CARTESIAN_POINT('Ctrl Pts',(-38.0000006556511,2.22044604925031E-15,
26.2105665111808));
#3659=CARTESIAN_POINT('Ctrl Pts',(-37.8312336484486,-10.,26.2372966188021));
#3660=CARTESIAN_POINT('Ctrl Pts',(-37.8312336484486,2.22044604925031E-15,
26.2372966188021));
#3661=CARTESIAN_POINT('Ctrl Pts',(-37.2477242348187,-10.,26.3198975296489));
#3662=CARTESIAN_POINT('Ctrl Pts',(-37.2477242348187,3.33066907387547E-15,
26.3198975296489));
#3663=CARTESIAN_POINT('Ctrl Pts',(-36.1308467245023,-10.,26.42452270962));
#3664=CARTESIAN_POINT('Ctrl Pts',(-36.1308467245023,2.22044604925031E-15,
26.42452270962));
#3665=CARTESIAN_POINT('Ctrl Pts',(-34.2528544092036,-10.,26.4856586934458));
#3666=CARTESIAN_POINT('Ctrl Pts',(-34.2528544092036,1.11022302462516E-15,
26.4856586934458));
#3667=CARTESIAN_POINT('Ctrl Pts',(-31.2794805732523,-10.,26.401516976284));
#3668=CARTESIAN_POINT('Ctrl Pts',(-31.2794805732523,1.11022302462516E-15,
26.401516976284));
#3669=CARTESIAN_POINT('Ctrl Pts',(-27.2445741693364,-10.,26.0752215753271));
#3670=CARTESIAN_POINT('Ctrl Pts',(-27.2445741693364,1.11022302462516E-15,
26.0752215753271));
#3671=CARTESIAN_POINT('Ctrl Pts',(-22.6431960658041,-10.,25.4918092968689));
#3672=CARTESIAN_POINT('Ctrl Pts',(-22.6431960658041,1.11022302462516E-15,
25.4918092968689));
#3673=CARTESIAN_POINT('Ctrl Pts',(-17.6933587171942,-10.,24.6154229076321));
#3674=CARTESIAN_POINT('Ctrl Pts',(-17.6933587171942,3.33066907387547E-15,
24.6154229076321));
#3675=CARTESIAN_POINT('Ctrl Pts',(-12.6768420830795,-10.,23.4051202286596));
#3676=CARTESIAN_POINT('Ctrl Pts',(-12.6768420830795,3.33066907387547E-15,
23.4051202286596));
#3677=CARTESIAN_POINT('Ctrl Pts',(-7.89748444588473,-10.,21.8206706185497));
#3678=CARTESIAN_POINT('Ctrl Pts',(-7.89748444588473,1.11022302462516E-15,
21.8206706185497));
#3679=CARTESIAN_POINT('Ctrl Pts',(-3.64150050749108,-10.,19.8289582458541));
#3680=CARTESIAN_POINT('Ctrl Pts',(-3.64150050749108,3.33066907387547E-15,
19.8289582458541));
#3681=CARTESIAN_POINT('Ctrl Pts',(-0.134825621923573,-10.,17.4119247765792));
#3682=CARTESIAN_POINT('Ctrl Pts',(-0.134825621923573,3.33066907387547E-15,
17.4119247765792));
#3683=CARTESIAN_POINT('Ctrl Pts',(2.4979160957944,-10.,14.574789589682));
#3684=CARTESIAN_POINT('Ctrl Pts',(2.4979160957944,3.33066907387547E-15,
14.574789589682));
#3685=CARTESIAN_POINT('Ctrl Pts',(4.28917998230928,-10.,11.3585457015739));
#3686=CARTESIAN_POINT('Ctrl Pts',(4.28917998230928,1.11022302462516E-15,
11.3585457015739));
#3687=CARTESIAN_POINT('Ctrl Pts',(5.37313585087858,-10.,7.82449014153683));
#3688=CARTESIAN_POINT('Ctrl Pts',(5.37313585087858,3.33066907387547E-15,
7.82449014153683));
#3689=CARTESIAN_POINT('Ctrl Pts',(5.81097868376549,-10.,4.79411483582504));
#3690=CARTESIAN_POINT('Ctrl Pts',(5.81097868376549,1.11022302462516E-15,
4.79411483582503));
#3691=CARTESIAN_POINT('Ctrl Pts',(5.96514708327402,-10.,2.42999180448633));
#3692=CARTESIAN_POINT('Ctrl Pts',(5.96514708327402,0.,2.42999180448632));
#3693=CARTESIAN_POINT('Ctrl Pts',(5.99974508345246,-10.,0.816270321354193));
#3694=CARTESIAN_POINT('Ctrl Pts',(5.99974508345246,0.,0.816270321354191));
#3695=CARTESIAN_POINT('Ctrl Pts',(6.,-10.,-4.44089209850063E-15));
#3696=CARTESIAN_POINT('Ctrl Pts',(6.,1.11022302462516E-15,-6.66133814775094E-15));
#3697=CARTESIAN_POINT('Ctrl Pts',(-17.5262179771113,2.22044604925031E-15,
24.5000003650783));
#3698=CARTESIAN_POINT('Ctrl Pts',(-17.5262179771113,-1.66666666666666,24.5000003650783));
#3699=CARTESIAN_POINT('Ctrl Pts',(-17.5262179771113,-3.33333333333333,24.5000003650783));
#3700=CARTESIAN_POINT('Ctrl Pts',(-17.5262179771113,-6.66666666666666,24.5000003650783));
#3701=CARTESIAN_POINT('Ctrl Pts',(-17.5262179771113,-8.33333333333333,24.5000003650783));
#3702=CARTESIAN_POINT('Ctrl Pts',(-17.5262179771113,-10.,24.5000003650783));
#3703=CARTESIAN_POINT('',(6.,-10.,-4.44089209850063E-15));
#3704=CARTESIAN_POINT('Origin',(-94.9999996870756,-9.99999999999999,25.3000012226403));
#3705=CARTESIAN_POINT('',(-78.0000003320446,5.90000000000001,25.3000007413045));
#3706=CARTESIAN_POINT('Origin',(-94.9999996870756,-9.99999999999999,25.3000012226403));
#3707=CARTESIAN_POINT('',(-78.0000003320446,5.90000000000001,25.3000007413045));
#3708=CARTESIAN_POINT('Origin',(-130.002188056707,-10.,-4.44089209850063E-15));
#3709=CARTESIAN_POINT('',(-140.002188056707,-10.,-4.44089209850063E-15));
#3710=CARTESIAN_POINT('',(-130.002188056707,-10.,-4.44089209850063E-15));
#3711=CARTESIAN_POINT('Origin',(-130.002188056707,-10.,8.00000011920929));
#3712=CARTESIAN_POINT('',(-130.002188056707,-10.,8.00000011920929));
#3713=CARTESIAN_POINT('Origin',(6.,-10.,-4.44089209850063E-15));
#3714=CARTESIAN_POINT('',(-4.00000014901162,-10.,-4.44089209850063E-15));
#3715=CARTESIAN_POINT('Origin',(-4.00000014901162,-10.,-4.44089209850063E-15));
#3716=CARTESIAN_POINT('',(-4.00000014901162,-10.,8.00000011920929));
#3717=CARTESIAN_POINT('Origin',(-38.0000006556511,-9.99999999999999,24.3000007301569));
#3718=CARTESIAN_POINT('',(-96.0000006556511,5.90000000000001,24.3000007301569));
#3719=CARTESIAN_POINT('Ctrl Pts',(-140.002188056707,-10.,-4.44089209850063E-15));
#3720=CARTESIAN_POINT('Ctrl Pts',(-140.002188056707,-1.11022302462516E-15,
-6.66133814775094E-15));
#3721=CARTESIAN_POINT('Ctrl Pts',(-140.00193314016,-10.,0.816270321354193));
#3722=CARTESIAN_POINT('Ctrl Pts',(-140.00193314016,-1.11022302462516E-15,
0.816270321354191));
#3723=CARTESIAN_POINT('Ctrl Pts',(-139.967335139981,-10.,2.42999180448633));
#3724=CARTESIAN_POINT('Ctrl Pts',(-139.967335139981,-1.11022302462516E-15,
2.42999180448632));
#3725=CARTESIAN_POINT('Ctrl Pts',(-139.813166740473,-10.,4.79411483582504));
#3726=CARTESIAN_POINT('Ctrl Pts',(-139.813166740473,0.,4.79411483582503));
#3727=CARTESIAN_POINT('Ctrl Pts',(-139.375323907586,-10.,7.82449014153683));
#3728=CARTESIAN_POINT('Ctrl Pts',(-139.375323907586,2.22044604925031E-15,
7.82449014153683));
#3729=CARTESIAN_POINT('Ctrl Pts',(-138.291368039017,-10.,11.3585457015739));
#3730=CARTESIAN_POINT('Ctrl Pts',(-138.291368039017,0.,11.3585457015739));
#3731=CARTESIAN_POINT('Ctrl Pts',(-136.500104152502,-9.99999999999999,14.574789589682));
#3732=CARTESIAN_POINT('Ctrl Pts',(-136.500104152502,4.44089209850063E-15,
14.574789589682));
#3733=CARTESIAN_POINT('Ctrl Pts',(-133.867362434784,-9.99999999999999,17.4119247765792));
#3734=CARTESIAN_POINT('Ctrl Pts',(-133.867362434784,4.44089209850063E-15,
17.4119247765792));
#3735=CARTESIAN_POINT('Ctrl Pts',(-130.360687549216,-9.99999999999999,19.8289582458541));
#3736=CARTESIAN_POINT('Ctrl Pts',(-130.360687549216,4.44089209850063E-15,
19.8289582458541));
#3737=CARTESIAN_POINT('Ctrl Pts',(-126.104703610822,-10.,21.8206706185497));
#3738=CARTESIAN_POINT('Ctrl Pts',(-126.104703610822,2.22044604925031E-15,
21.8206706185497));
#3739=CARTESIAN_POINT('Ctrl Pts',(-121.325345973626,-9.99999999999999,23.4051202286596));
#3740=CARTESIAN_POINT('Ctrl Pts',(-121.325345973626,6.66133814775094E-15,
23.4051202286596));
#3741=CARTESIAN_POINT('Ctrl Pts',(-116.308829339511,-9.99999999999999,24.6154229076321));
#3742=CARTESIAN_POINT('Ctrl Pts',(-116.308829339511,6.66133814775094E-15,
24.6154229076321));
#3743=CARTESIAN_POINT('Ctrl Pts',(-111.358991990902,-9.99999999999999,25.4918092968689));
#3744=CARTESIAN_POINT('Ctrl Pts',(-111.358991990902,6.66133814775094E-15,
25.4918092968689));
#3745=CARTESIAN_POINT('Ctrl Pts',(-106.757613887371,-9.99999999999999,26.0752215753271));
#3746=CARTESIAN_POINT('Ctrl Pts',(-106.757613887371,6.66133814775094E-15,
26.0752215753271));
#3747=CARTESIAN_POINT('Ctrl Pts',(-102.722707483457,-9.99999999999999,26.401516976284));
#3748=CARTESIAN_POINT('Ctrl Pts',(-102.722707483457,6.66133814775094E-15,
26.401516976284));
#3749=CARTESIAN_POINT('Ctrl Pts',(-99.7485857924909,-9.99999999999999,26.4856798565449));
#3750=CARTESIAN_POINT('Ctrl Pts',(-99.7485857924909,6.66133814775094E-15,
26.4856798565449));
#3751=CARTESIAN_POINT('Ctrl Pts',(-97.8701212501095,-9.99999999999999,26.4244829763996));
#3752=CARTESIAN_POINT('Ctrl Pts',(-97.8701212501095,6.66133814775094E-15,
26.4244829763996));
#3753=CARTESIAN_POINT('Ctrl Pts',(-96.7529275628384,-9.99999999999999,26.3197535669777));
#3754=CARTESIAN_POINT('Ctrl Pts',(-96.7529275628384,6.66133814775094E-15,
26.3197535669777));
#3755=CARTESIAN_POINT('Ctrl Pts',(-96.1691359397552,-9.99999999999999,26.2370390838767));
#3756=CARTESIAN_POINT('Ctrl Pts',(-96.1691359397552,7.7715611723761E-15,
26.2370390838767));
#3757=CARTESIAN_POINT('Ctrl Pts',(-96.000000700381,-9.99999999999999,26.2102199730122));
#3758=CARTESIAN_POINT('Ctrl Pts',(-96.000000700381,7.7715611723761E-15,
26.2102199730122));
#3759=CARTESIAN_POINT('Origin',(-41.9998825375711,-10.,20.2999996370636));
#3760=CARTESIAN_POINT('',(-26.8942902687935,-0.0999999999999925,20.2999996370636));
#3761=CARTESIAN_POINT('Ctrl Pts',(-26.8942902687935,-10.,20.2999996370636));
#3762=CARTESIAN_POINT('Ctrl Pts',(-26.8942902687935,-8.33333333333333,20.2999996370636));
#3763=CARTESIAN_POINT('Ctrl Pts',(-26.8942902687935,-6.66666666666666,20.2999996370636));
#3764=CARTESIAN_POINT('Ctrl Pts',(-26.8942902687935,-3.36666666666666,20.2999996370636));
#3765=CARTESIAN_POINT('Ctrl Pts',(-26.8942902687935,-1.73333333333333,20.2999996370636));
#3766=CARTESIAN_POINT('Ctrl Pts',(-26.8942902687935,-0.0999999999999925,
20.2999996370636));
#3767=CARTESIAN_POINT('',(-107.107897936923,-0.0999999999999925,20.2999996370636));
#3768=CARTESIAN_POINT('Ctrl Pts',(-107.107897936923,-0.0999999999999925,
20.2999996370636));
#3769=CARTESIAN_POINT('Ctrl Pts',(-107.107897936923,-1.73333333333333,20.2999996370636));
#3770=CARTESIAN_POINT('Ctrl Pts',(-107.107897936923,-3.36666666666666,20.2999996370636));
#3771=CARTESIAN_POINT('Ctrl Pts',(-107.107897936923,-6.66666666666666,20.2999996370636));
#3772=CARTESIAN_POINT('Ctrl Pts',(-107.107897936923,-8.33333333333333,20.2999996370636));
#3773=CARTESIAN_POINT('Ctrl Pts',(-107.107897936923,-10.,20.2999996370636));
#3774=CARTESIAN_POINT('Ctrl Pts',(-107.107897936924,2.22044604925031E-15,
20.2999996370636));
#3775=CARTESIAN_POINT('Ctrl Pts',(-107.107897936924,-0.0333333333333294,
20.2999996370636));
#3776=CARTESIAN_POINT('Ctrl Pts',(-107.107897936923,-0.066666666666661,
20.2999996370636));
#3777=CARTESIAN_POINT('Ctrl Pts',(-107.107897936923,-0.0999999999999925,
20.2999996370636));
#3778=CARTESIAN_POINT('Ctrl Pts',(-26.8942902687935,-0.0999999999999925,
20.2999996370636));
#3779=CARTESIAN_POINT('Ctrl Pts',(-26.8942902687935,-0.0666666666666602,
20.2999996370636));
#3780=CARTESIAN_POINT('Ctrl Pts',(-26.8942902687935,-0.0333333333333279,
20.2999996370636));
#3781=CARTESIAN_POINT('Ctrl Pts',(-26.8942902687935,4.44089209850063E-15,
20.2999996370636));
#3782=CARTESIAN_POINT('Ctrl Pts',(-92.0021874904633,-9.99999999999999,21.2999996370636));
#3783=CARTESIAN_POINT('Ctrl Pts',(-92.0021874904633,6.66133814775094E-15,
21.2999996370636));
#3784=CARTESIAN_POINT('Ctrl Pts',(-92.6091296017494,-9.99999999999999,21.272495567566));
#3785=CARTESIAN_POINT('Ctrl Pts',(-92.6091296017494,6.66133814775094E-15,
21.272495567566));
#3786=CARTESIAN_POINT('Ctrl Pts',(-93.8295976371938,-9.99999999999999,21.214819334103));
#3787=CARTESIAN_POINT('Ctrl Pts',(-93.8295976371938,6.66133814775094E-15,
21.214819334103));
#3788=CARTESIAN_POINT('Ctrl Pts',(-95.6800501414335,-9.99999999999999,21.1203004065263));
#3789=CARTESIAN_POINT('Ctrl Pts',(-95.6800501414335,4.44089209850063E-15,
21.1203004065263));
#3790=CARTESIAN_POINT('Ctrl Pts',(-98.1871169849998,-9.99999999999999,20.9781523310594));
#3791=CARTESIAN_POINT('Ctrl Pts',(-98.1871169849998,4.44089209850063E-15,
20.9781523310594));
#3792=CARTESIAN_POINT('Ctrl Pts',(-101.385686180116,-9.99999999999999,20.7710209658283));
#3793=CARTESIAN_POINT('Ctrl Pts',(-101.385686180116,4.44089209850063E-15,
20.7710209658283));
#3794=CARTESIAN_POINT('Ctrl Pts',(-104.641262088221,-9.99999999999999,20.5279586486983));
#3795=CARTESIAN_POINT('Ctrl Pts',(-104.641262088221,4.44089209850063E-15,
20.5279586486983));
#3796=CARTESIAN_POINT('Ctrl Pts',(-107.935475150608,-9.99999999999999,20.2367805107402));
#3797=CARTESIAN_POINT('Ctrl Pts',(-107.935475150608,4.44089209850063E-15,
20.2367805107402));
#3798=CARTESIAN_POINT('Ctrl Pts',(-111.235346219096,-9.99999999999999,19.878135351239));
#3799=CARTESIAN_POINT('Ctrl Pts',(-111.235346219096,4.44089209850063E-15,
19.878135351239));
#3800=CARTESIAN_POINT('Ctrl Pts',(-114.486752731756,-9.99999999999999,19.4231521226889));
#3801=CARTESIAN_POINT('Ctrl Pts',(-114.486752731756,4.44089209850063E-15,
19.4231521226889));
#3802=CARTESIAN_POINT('Ctrl Pts',(-117.614442003554,-9.99999999999999,18.8338221687322));
#3803=CARTESIAN_POINT('Ctrl Pts',(-117.614442003554,4.44089209850063E-15,
18.8338221687322));
#3804=CARTESIAN_POINT('Ctrl Pts',(-120.533672019798,-9.99999999999999,18.0681274058814));
#3805=CARTESIAN_POINT('Ctrl Pts',(-120.533672019798,4.44089209850063E-15,
18.0681274058814));
#3806=CARTESIAN_POINT('Ctrl Pts',(-123.159450178006,-9.99999999999999,17.0844601780696));
#3807=CARTESIAN_POINT('Ctrl Pts',(-123.159450178006,4.44089209850063E-15,
17.0844601780696));
#3808=CARTESIAN_POINT('Ctrl Pts',(-125.416862696238,-10.,15.8466397694032));
#3809=CARTESIAN_POINT('Ctrl Pts',(-125.416862696238,2.22044604925031E-15,
15.8466397694032));
#3810=CARTESIAN_POINT('Ctrl Pts',(-127.253101284321,-10.,14.3300655536067));
#3811=CARTESIAN_POINT('Ctrl Pts',(-127.253101284321,2.22044604925031E-15,
14.3300655536067));
#3812=CARTESIAN_POINT('Ctrl Pts',(-128.64761156781,-10.,12.5269415354293));
#3813=CARTESIAN_POINT('Ctrl Pts',(-128.64761156781,0.,12.5269415354293));
#3814=CARTESIAN_POINT('Ctrl Pts',(-129.407995735376,-10.,10.8561749434904));
#3815=CARTESIAN_POINT('Ctrl Pts',(-129.407995735376,0.,10.8561749434904));
#3816=CARTESIAN_POINT('Ctrl Pts',(-129.781189836356,-10.,9.47683708286688));
#3817=CARTESIAN_POINT('Ctrl Pts',(-129.781189836356,0.,9.47683708286687));
#3818=CARTESIAN_POINT('Ctrl Pts',(-129.943016691851,-10.,8.50156466919092));
#3819=CARTESIAN_POINT('Ctrl Pts',(-129.943016691851,0.,8.50156466919092));
#3820=CARTESIAN_POINT('Ctrl Pts',(-130.002188056707,-10.,8.00000011920929));
#3821=CARTESIAN_POINT('Ctrl Pts',(-130.002188056707,0.,8.00000011920928));
#3822=CARTESIAN_POINT('Ctrl Pts',(-4.00000014901162,-10.,8.00000011920929));
#3823=CARTESIAN_POINT('Ctrl Pts',(-4.00000014901162,3.33066907387547E-15,
8.00000011920928));
#3824=CARTESIAN_POINT('Ctrl Pts',(-4.05917151387118,-10.,8.50156466919092));
#3825=CARTESIAN_POINT('Ctrl Pts',(-4.05917151387118,3.33066907387547E-15,
8.50156466919092));
#3826=CARTESIAN_POINT('Ctrl Pts',(-4.22099836937186,-10.,9.47683708286688));
#3827=CARTESIAN_POINT('Ctrl Pts',(-4.22099836937186,3.33066907387547E-15,
9.47683708286687));
#3828=CARTESIAN_POINT('Ctrl Pts',(-4.59419247035598,-10.,10.8561749434904));
#3829=CARTESIAN_POINT('Ctrl Pts',(-4.59419247035598,1.11022302462516E-15,
10.8561749434904));
#3830=CARTESIAN_POINT('Ctrl Pts',(-5.35457663792227,-10.,12.5269415354293));
#3831=CARTESIAN_POINT('Ctrl Pts',(-5.35457663792227,1.11022302462516E-15,
12.5269415354293));
#3832=CARTESIAN_POINT('Ctrl Pts',(-6.74908692140546,-9.99999999999999,14.3300655536067));
#3833=CARTESIAN_POINT('Ctrl Pts',(-6.74908692140546,5.55111512312578E-15,
14.3300655536067));
#3834=CARTESIAN_POINT('Ctrl Pts',(-8.5853255094809,-9.99999999999999,15.8466397694032));
#3835=CARTESIAN_POINT('Ctrl Pts',(-8.5853255094809,5.55111512312578E-15,
15.8466397694032));
#3836=CARTESIAN_POINT('Ctrl Pts',(-10.8427380277081,-9.99999999999999,17.0844601780696));
#3837=CARTESIAN_POINT('Ctrl Pts',(-10.8427380277081,5.55111512312578E-15,
17.0844601780696));
#3838=CARTESIAN_POINT('Ctrl Pts',(-13.4685161859159,-9.99999999999999,18.0681274058814));
#3839=CARTESIAN_POINT('Ctrl Pts',(-13.4685161859159,5.55111512312578E-15,
18.0681274058814));
#3840=CARTESIAN_POINT('Ctrl Pts',(-16.3877462021621,-9.99999999999999,18.8338221687322));
#3841=CARTESIAN_POINT('Ctrl Pts',(-16.3877462021621,5.55111512312578E-15,
18.8338221687322));
#3842=CARTESIAN_POINT('Ctrl Pts',(-19.5154354739628,-9.99999999999999,19.4231521226889));
#3843=CARTESIAN_POINT('Ctrl Pts',(-19.5154354739628,5.55111512312578E-15,
19.4231521226889));
#3844=CARTESIAN_POINT('Ctrl Pts',(-22.7668419866236,-9.99999999999999,19.878135351239));
#3845=CARTESIAN_POINT('Ctrl Pts',(-22.7668419866236,5.55111512312578E-15,
19.878135351239));
#3846=CARTESIAN_POINT('Ctrl Pts',(-26.0667130551103,-10.,20.2367805107402));
#3847=CARTESIAN_POINT('Ctrl Pts',(-26.0667130551103,3.33066907387547E-15,
20.2367805107402));
#3848=CARTESIAN_POINT('Ctrl Pts',(-29.3609261174938,-10.,20.5279586486983));
#3849=CARTESIAN_POINT('Ctrl Pts',(-29.3609261174938,3.33066907387547E-15,
20.5279586486983));
#3850=CARTESIAN_POINT('Ctrl Pts',(-32.6165020255939,-10.,20.7710209658283));
#3851=CARTESIAN_POINT('Ctrl Pts',(-32.6165020255939,3.33066907387547E-15,
20.7710209658283));
#3852=CARTESIAN_POINT('Ctrl Pts',(-35.8150463600371,-10.,20.9781507211444));
#3853=CARTESIAN_POINT('Ctrl Pts',(-35.8150463600371,3.33066907387547E-15,
20.9781507211444));
#3854=CARTESIAN_POINT('Ctrl Pts',(-38.3220893492366,-10.,21.1202976444324));
#3855=CARTESIAN_POINT('Ctrl Pts',(-38.3220893492366,3.33066907387547E-15,
21.1202976444324));
#3856=CARTESIAN_POINT('Ctrl Pts',(-40.1725186558969,-10.,21.2148156608859));
#3857=CARTESIAN_POINT('Ctrl Pts',(-40.1725186558969,3.33066907387547E-15,
21.2148156608859));
#3858=CARTESIAN_POINT('Ctrl Pts',(-41.3929637438554,-10.,21.2724910847063));
#3859=CARTESIAN_POINT('Ctrl Pts',(-41.3929637438554,3.33066907387547E-15,
21.2724910847063));
#3860=CARTESIAN_POINT('Ctrl Pts',(-41.9998827797567,-10.,21.2999942927038));
#3861=CARTESIAN_POINT('Ctrl Pts',(-41.9998827797567,3.33066907387547E-15,
21.2999942927038));
#3862=CARTESIAN_POINT('Origin',(-39.0000006705523,-9.99999999999999,25.2999996370636));
#3863=CARTESIAN_POINT('',(-27.8676665427925,7.47665818146004E-15,25.2999993185214));
#3864=CARTESIAN_POINT('Ctrl Pts',(-27.8676665427925,7.47665818146004E-15,
25.2999993185214));
#3865=CARTESIAN_POINT('Ctrl Pts',(-27.8676665427925,-13.,25.2999993185214));
#3866=CARTESIAN_POINT('Ctrl Pts',(-27.5878530363829,7.47665818146004E-15,
25.2953542191609));
#3867=CARTESIAN_POINT('Ctrl Pts',(-27.5878530363829,-13.,25.2953542191609));
#3868=CARTESIAN_POINT('Ctrl Pts',(-27.0342136376522,7.47665818146004E-15,
25.2851324718903));
#3869=CARTESIAN_POINT('Ctrl Pts',(-27.0342136376522,-13.,25.2851324718903));
#3870=CARTESIAN_POINT('Ctrl Pts',(-26.2217163572716,7.47665818146004E-15,
25.267005364735));
#3871=CARTESIAN_POINT('Ctrl Pts',(-26.2217163572716,-13.,25.267005364735));
#3872=CARTESIAN_POINT('Ctrl Pts',(-25.1749101181763,7.47665818146004E-15,
25.2371535945121));
#3873=CARTESIAN_POINT('Ctrl Pts',(-25.1749101181763,-13.,25.2371535945121));
#3874=CARTESIAN_POINT('Ctrl Pts',(-23.9317551508602,7.47665818146004E-15,
25.1896713367837));
#3875=CARTESIAN_POINT('Ctrl Pts',(-23.9317551508602,-13.,25.1896713367837));
#3876=CARTESIAN_POINT('Ctrl Pts',(-22.7609036395131,7.47665818146004E-15,
25.1309401611332));
#3877=CARTESIAN_POINT('Ctrl Pts',(-22.7609036395131,-13.,25.1309401611332));
#3878=CARTESIAN_POINT('Ctrl Pts',(-21.6703316396892,7.47665818146004E-15,
25.0597191587739));
#3879=CARTESIAN_POINT('Ctrl Pts',(-21.6703316396892,-13.,25.0597191587739));
#3880=CARTESIAN_POINT('Ctrl Pts',(-20.6672341845805,7.47665818146004E-15,
24.9748889317954));
#3881=CARTESIAN_POINT('Ctrl Pts',(-20.6672341845805,-13.,24.9748889317954));
#3882=CARTESIAN_POINT('Ctrl Pts',(-19.7539955819846,7.47665818146004E-15,
24.8760785313628));
#3883=CARTESIAN_POINT('Ctrl Pts',(-19.7539955819846,-13.,24.8760785313628));
#3884=CARTESIAN_POINT('Ctrl Pts',(-18.9265224468652,7.47665818146004E-15,
24.7639248032715));
#3885=CARTESIAN_POINT('Ctrl Pts',(-18.9265224468652,-13.,24.7639248032715));
#3886=CARTESIAN_POINT('Ctrl Pts',(-18.3287596252031,7.47665818146004E-15,
24.6642111920456));
#3887=CARTESIAN_POINT('Ctrl Pts',(-18.3287596252031,-13.,24.6642111920456));
#3888=CARTESIAN_POINT('Ctrl Pts',(-17.914467259967,7.47665818146004E-15,
24.5841316602609));
#3889=CARTESIAN_POINT('Ctrl Pts',(-17.914467259967,-13.,24.5841316602609));
#3890=CARTESIAN_POINT('Ctrl Pts',(-17.6531541886403,7.47665818146004E-15,
24.5284300003148));
#3891=CARTESIAN_POINT('Ctrl Pts',(-17.6531541886403,-13.,24.5284300003148));
#3892=CARTESIAN_POINT('Ctrl Pts',(-17.5262179771112,7.47665818146004E-15,
24.5000003650783));
#3893=CARTESIAN_POINT('Ctrl Pts',(-17.5262179771112,-13.,24.5000003650783));
#3894=CARTESIAN_POINT('Origin',(-68.0020006556511,5.90000000000001,36.6500007301569));
#3895=UNCERTAINTY_MEASURE_WITH_UNIT(LENGTH_MEASURE(0.01),#3899,
'DISTANCE_ACCURACY_VALUE',
'Maximum model space distance between geometric entities at asserted c
onnectivities');
#3896=UNCERTAINTY_MEASURE_WITH_UNIT(LENGTH_MEASURE(0.01),#3899,
'DISTANCE_ACCURACY_VALUE',
'Maximum model space distance between geometric entities at asserted c
onnectivities');
#3897=(
GEOMETRIC_REPRESENTATION_CONTEXT(3)
GLOBAL_UNCERTAINTY_ASSIGNED_CONTEXT((#3895))
GLOBAL_UNIT_ASSIGNED_CONTEXT((#3899,#3901,#3902))
REPRESENTATION_CONTEXT('','3D')
);
#3898=(
GEOMETRIC_REPRESENTATION_CONTEXT(3)
GLOBAL_UNCERTAINTY_ASSIGNED_CONTEXT((#3896))
GLOBAL_UNIT_ASSIGNED_CONTEXT((#3899,#3901,#3902))
REPRESENTATION_CONTEXT('','3D')
);
#3899=(
LENGTH_UNIT()
NAMED_UNIT(*)
SI_UNIT(.MILLI.,.METRE.)
);
#3900=(
LENGTH_UNIT()
NAMED_UNIT(*)
SI_UNIT($,.METRE.)
);
#3901=(
NAMED_UNIT(*)
PLANE_ANGLE_UNIT()
SI_UNIT($,.RADIAN.)
);
#3902=(
NAMED_UNIT(*)
SI_UNIT($,.STERADIAN.)
SOLID_ANGLE_UNIT()
);
#3903=SHAPE_DEFINITION_REPRESENTATION(#3904,#3905);
#3904=PRODUCT_DEFINITION_SHAPE('',$,#3907);
#3905=SHAPE_REPRESENTATION('',(#2231),#3897);
#3906=PRODUCT_DEFINITION_CONTEXT('part definition',#3911,'design');
#3907=PRODUCT_DEFINITION('PickServoHolder','PickServoHolder v12',#3908,
#3906);
#3908=PRODUCT_DEFINITION_FORMATION('',$,#3913);
#3909=PRODUCT_RELATED_PRODUCT_CATEGORY('PickServoHolder v12',
'PickServoHolder v12',(#3913));
#3910=APPLICATION_PROTOCOL_DEFINITION('international standard',
'automotive_design',2009,#3911);
#3911=APPLICATION_CONTEXT(
'Core Data for Automotive Mechanical Design Process');
#3912=PRODUCT_CONTEXT('part definition',#3911,'mechanical');
#3913=PRODUCT('PickServoHolder','PickServoHolder v12',$,(#3912));
#3914=PRESENTATION_STYLE_ASSIGNMENT((#3915));
#3915=SURFACE_STYLE_USAGE(.BOTH.,#3916);
#3916=SURFACE_SIDE_STYLE('',(#3917));
#3917=SURFACE_STYLE_FILL_AREA(#3918);
#3918=FILL_AREA_STYLE('Steel - Satin',(#3919));
#3919=FILL_AREA_STYLE_COLOUR('Steel - Satin',#3920);
#3920=COLOUR_RGB('Steel - Satin',0.627450980392157,0.627450980392157,0.627450980392157);
ENDSEC;
END-ISO-10303-21;
