ISO-10303-21;
HEADER;
/* Generated by software containing ST-Developer
 * from STEP Tools, Inc. (www.steptools.com) 
 */

FILE_DESCRIPTION(
/* description */ (''),
/* implementation_level */ '2;1');

FILE_NAME(
/* name */ 'StepperDriverRack.step',
/* time_stamp */ '2026-02-04T07:51:56+02:00',
/* author */ (''),
/* organization */ (''),
/* preprocessor_version */ 'ST-DEVELOPER v20.1',
/* originating_system */ 'Autodesk Translation Framework v14.21.0.0',
/* authorisation */ '');

FILE_SCHEMA (('AUTOMOTIVE_DESIGN { 1 0 10303 214 3 1 1 }'));
ENDSEC;

DATA;
#10=MECHANICAL_DESIGN_GEOMETRIC_PRESENTATION_REPRESENTATION('',(#13),#6396);
#11=SHAPE_REPRESENTATION_RELATIONSHIP('SRR','None',#6402,#12);
#12=ADVANCED_BREP_SHAPE_REPRESENTATION('',(#14),#6395);
#13=STYLED_ITEM('',(#6411),#14);
#14=MANIFOLD_SOLID_BREP('Body1',#4130);
#15=FACE_BOUND('',#286,.T.);
#16=FACE_BOUND('',#287,.T.);
#17=FACE_BOUND('',#288,.T.);
#18=FACE_BOUND('',#289,.T.);
#19=FACE_BOUND('',#290,.T.);
#20=FACE_BOUND('',#291,.T.);
#21=FACE_BOUND('',#300,.T.);
#22=FACE_BOUND('',#301,.T.);
#23=FACE_BOUND('',#302,.T.);
#24=FACE_BOUND('',#303,.T.);
#25=FACE_BOUND('',#304,.T.);
#26=FACE_BOUND('',#305,.T.);
#27=FACE_BOUND('',#397,.T.);
#28=FACE_BOUND('',#398,.T.);
#29=FACE_BOUND('',#399,.T.);
#30=FACE_BOUND('',#400,.T.);
#31=FACE_BOUND('',#401,.T.);
#32=FACE_BOUND('',#402,.T.);
#33=FACE_BOUND('',#405,.T.);
#34=FACE_BOUND('',#406,.T.);
#35=FACE_BOUND('',#407,.T.);
#36=FACE_BOUND('',#408,.T.);
#37=FACE_BOUND('',#409,.T.);
#38=FACE_BOUND('',#410,.T.);
#39=FACE_OUTER_BOUND('',#213,.T.);
#40=FACE_OUTER_BOUND('',#214,.T.);
#41=FACE_OUTER_BOUND('',#215,.T.);
#42=FACE_OUTER_BOUND('',#216,.T.);
#43=FACE_OUTER_BOUND('',#217,.T.);
#44=FACE_OUTER_BOUND('',#218,.T.);
#45=FACE_OUTER_BOUND('',#219,.T.);
#46=FACE_OUTER_BOUND('',#220,.T.);
#47=FACE_OUTER_BOUND('',#221,.T.);
#48=FACE_OUTER_BOUND('',#222,.T.);
#49=FACE_OUTER_BOUND('',#223,.T.);
#50=FACE_OUTER_BOUND('',#224,.T.);
#51=FACE_OUTER_BOUND('',#225,.T.);
#52=FACE_OUTER_BOUND('',#226,.T.);
#53=FACE_OUTER_BOUND('',#227,.T.);
#54=FACE_OUTER_BOUND('',#228,.T.);
#55=FACE_OUTER_BOUND('',#229,.T.);
#56=FACE_OUTER_BOUND('',#230,.T.);
#57=FACE_OUTER_BOUND('',#231,.T.);
#58=FACE_OUTER_BOUND('',#232,.T.);
#59=FACE_OUTER_BOUND('',#233,.T.);
#60=FACE_OUTER_BOUND('',#234,.T.);
#61=FACE_OUTER_BOUND('',#235,.T.);
#62=FACE_OUTER_BOUND('',#236,.T.);
#63=FACE_OUTER_BOUND('',#237,.T.);
#64=FACE_OUTER_BOUND('',#238,.T.);
#65=FACE_OUTER_BOUND('',#239,.T.);
#66=FACE_OUTER_BOUND('',#240,.T.);
#67=FACE_OUTER_BOUND('',#241,.T.);
#68=FACE_OUTER_BOUND('',#242,.T.);
#69=FACE_OUTER_BOUND('',#243,.T.);
#70=FACE_OUTER_BOUND('',#244,.T.);
#71=FACE_OUTER_BOUND('',#245,.T.);
#72=FACE_OUTER_BOUND('',#246,.T.);
#73=FACE_OUTER_BOUND('',#247,.T.);
#74=FACE_OUTER_BOUND('',#248,.T.);
#75=FACE_OUTER_BOUND('',#249,.T.);
#76=FACE_OUTER_BOUND('',#250,.T.);
#77=FACE_OUTER_BOUND('',#251,.T.);
#78=FACE_OUTER_BOUND('',#252,.T.);
#79=FACE_OUTER_BOUND('',#253,.T.);
#80=FACE_OUTER_BOUND('',#254,.T.);
#81=FACE_OUTER_BOUND('',#255,.T.);
#82=FACE_OUTER_BOUND('',#256,.T.);
#83=FACE_OUTER_BOUND('',#257,.T.);
#84=FACE_OUTER_BOUND('',#258,.T.);
#85=FACE_OUTER_BOUND('',#259,.T.);
#86=FACE_OUTER_BOUND('',#260,.T.);
#87=FACE_OUTER_BOUND('',#261,.T.);
#88=FACE_OUTER_BOUND('',#262,.T.);
#89=FACE_OUTER_BOUND('',#263,.T.);
#90=FACE_OUTER_BOUND('',#264,.T.);
#91=FACE_OUTER_BOUND('',#265,.T.);
#92=FACE_OUTER_BOUND('',#266,.T.);
#93=FACE_OUTER_BOUND('',#267,.T.);
#94=FACE_OUTER_BOUND('',#268,.T.);
#95=FACE_OUTER_BOUND('',#269,.T.);
#96=FACE_OUTER_BOUND('',#270,.T.);
#97=FACE_OUTER_BOUND('',#271,.T.);
#98=FACE_OUTER_BOUND('',#272,.T.);
#99=FACE_OUTER_BOUND('',#273,.T.);
#100=FACE_OUTER_BOUND('',#274,.T.);
#101=FACE_OUTER_BOUND('',#275,.T.);
#102=FACE_OUTER_BOUND('',#276,.T.);
#103=FACE_OUTER_BOUND('',#277,.T.);
#104=FACE_OUTER_BOUND('',#278,.T.);
#105=FACE_OUTER_BOUND('',#279,.T.);
#106=FACE_OUTER_BOUND('',#280,.T.);
#107=FACE_OUTER_BOUND('',#281,.T.);
#108=FACE_OUTER_BOUND('',#282,.T.);
#109=FACE_OUTER_BOUND('',#283,.T.);
#110=FACE_OUTER_BOUND('',#284,.T.);
#111=FACE_OUTER_BOUND('',#285,.T.);
#112=FACE_OUTER_BOUND('',#292,.T.);
#113=FACE_OUTER_BOUND('',#293,.T.);
#114=FACE_OUTER_BOUND('',#294,.T.);
#115=FACE_OUTER_BOUND('',#295,.T.);
#116=FACE_OUTER_BOUND('',#296,.T.);
#117=FACE_OUTER_BOUND('',#297,.T.);
#118=FACE_OUTER_BOUND('',#298,.T.);
#119=FACE_OUTER_BOUND('',#299,.T.);
#120=FACE_OUTER_BOUND('',#306,.T.);
#121=FACE_OUTER_BOUND('',#307,.T.);
#122=FACE_OUTER_BOUND('',#308,.T.);
#123=FACE_OUTER_BOUND('',#309,.T.);
#124=FACE_OUTER_BOUND('',#310,.T.);
#125=FACE_OUTER_BOUND('',#311,.T.);
#126=FACE_OUTER_BOUND('',#312,.T.);
#127=FACE_OUTER_BOUND('',#313,.T.);
#128=FACE_OUTER_BOUND('',#314,.T.);
#129=FACE_OUTER_BOUND('',#315,.T.);
#130=FACE_OUTER_BOUND('',#316,.T.);
#131=FACE_OUTER_BOUND('',#317,.T.);
#132=FACE_OUTER_BOUND('',#318,.T.);
#133=FACE_OUTER_BOUND('',#319,.T.);
#134=FACE_OUTER_BOUND('',#320,.T.);
#135=FACE_OUTER_BOUND('',#321,.T.);
#136=FACE_OUTER_BOUND('',#322,.T.);
#137=FACE_OUTER_BOUND('',#323,.T.);
#138=FACE_OUTER_BOUND('',#324,.T.);
#139=FACE_OUTER_BOUND('',#325,.T.);
#140=FACE_OUTER_BOUND('',#326,.T.);
#141=FACE_OUTER_BOUND('',#327,.T.);
#142=FACE_OUTER_BOUND('',#328,.T.);
#143=FACE_OUTER_BOUND('',#329,.T.);
#144=FACE_OUTER_BOUND('',#330,.T.);
#145=FACE_OUTER_BOUND('',#331,.T.);
#146=FACE_OUTER_BOUND('',#332,.T.);
#147=FACE_OUTER_BOUND('',#333,.T.);
#148=FACE_OUTER_BOUND('',#334,.T.);
#149=FACE_OUTER_BOUND('',#335,.T.);
#150=FACE_OUTER_BOUND('',#336,.T.);
#151=FACE_OUTER_BOUND('',#337,.T.);
#152=FACE_OUTER_BOUND('',#338,.T.);
#153=FACE_OUTER_BOUND('',#339,.T.);
#154=FACE_OUTER_BOUND('',#340,.T.);
#155=FACE_OUTER_BOUND('',#341,.T.);
#156=FACE_OUTER_BOUND('',#342,.T.);
#157=FACE_OUTER_BOUND('',#343,.T.);
#158=FACE_OUTER_BOUND('',#344,.T.);
#159=FACE_OUTER_BOUND('',#345,.T.);
#160=FACE_OUTER_BOUND('',#346,.T.);
#161=FACE_OUTER_BOUND('',#347,.T.);
#162=FACE_OUTER_BOUND('',#348,.T.);
#163=FACE_OUTER_BOUND('',#349,.T.);
#164=FACE_OUTER_BOUND('',#350,.T.);
#165=FACE_OUTER_BOUND('',#351,.T.);
#166=FACE_OUTER_BOUND('',#352,.T.);
#167=FACE_OUTER_BOUND('',#353,.T.);
#168=FACE_OUTER_BOUND('',#354,.T.);
#169=FACE_OUTER_BOUND('',#355,.T.);
#170=FACE_OUTER_BOUND('',#356,.T.);
#171=FACE_OUTER_BOUND('',#357,.T.);
#172=FACE_OUTER_BOUND('',#358,.T.);
#173=FACE_OUTER_BOUND('',#359,.T.);
#174=FACE_OUTER_BOUND('',#360,.T.);
#175=FACE_OUTER_BOUND('',#361,.T.);
#176=FACE_OUTER_BOUND('',#362,.T.);
#177=FACE_OUTER_BOUND('',#363,.T.);
#178=FACE_OUTER_BOUND('',#364,.T.);
#179=FACE_OUTER_BOUND('',#365,.T.);
#180=FACE_OUTER_BOUND('',#366,.T.);
#181=FACE_OUTER_BOUND('',#367,.T.);
#182=FACE_OUTER_BOUND('',#368,.T.);
#183=FACE_OUTER_BOUND('',#369,.T.);
#184=FACE_OUTER_BOUND('',#370,.T.);
#185=FACE_OUTER_BOUND('',#371,.T.);
#186=FACE_OUTER_BOUND('',#372,.T.);
#187=FACE_OUTER_BOUND('',#373,.T.);
#188=FACE_OUTER_BOUND('',#374,.T.);
#189=FACE_OUTER_BOUND('',#375,.T.);
#190=FACE_OUTER_BOUND('',#376,.T.);
#191=FACE_OUTER_BOUND('',#377,.T.);
#192=FACE_OUTER_BOUND('',#378,.T.);
#193=FACE_OUTER_BOUND('',#379,.T.);
#194=FACE_OUTER_BOUND('',#380,.T.);
#195=FACE_OUTER_BOUND('',#381,.T.);
#196=FACE_OUTER_BOUND('',#382,.T.);
#197=FACE_OUTER_BOUND('',#383,.T.);
#198=FACE_OUTER_BOUND('',#384,.T.);
#199=FACE_OUTER_BOUND('',#385,.T.);
#200=FACE_OUTER_BOUND('',#386,.T.);
#201=FACE_OUTER_BOUND('',#387,.T.);
#202=FACE_OUTER_BOUND('',#388,.T.);
#203=FACE_OUTER_BOUND('',#389,.T.);
#204=FACE_OUTER_BOUND('',#390,.T.);
#205=FACE_OUTER_BOUND('',#391,.T.);
#206=FACE_OUTER_BOUND('',#392,.T.);
#207=FACE_OUTER_BOUND('',#393,.T.);
#208=FACE_OUTER_BOUND('',#394,.T.);
#209=FACE_OUTER_BOUND('',#395,.T.);
#210=FACE_OUTER_BOUND('',#396,.T.);
#211=FACE_OUTER_BOUND('',#403,.T.);
#212=FACE_OUTER_BOUND('',#404,.T.);
#213=EDGE_LOOP('',(#2576,#2577,#2578,#2579));
#214=EDGE_LOOP('',(#2580,#2581,#2582,#2583,#2584));
#215=EDGE_LOOP('',(#2585,#2586,#2587,#2588,#2589));
#216=EDGE_LOOP('',(#2590,#2591,#2592,#2593));
#217=EDGE_LOOP('',(#2594,#2595,#2596,#2597,#2598,#2599,#2600));
#218=EDGE_LOOP('',(#2601,#2602,#2603,#2604,#2605,#2606,#2607,#2608,#2609,
#2610,#2611,#2612,#2613,#2614,#2615,#2616,#2617));
#219=EDGE_LOOP('',(#2618,#2619,#2620,#2621));
#220=EDGE_LOOP('',(#2622,#2623,#2624,#2625));
#221=EDGE_LOOP('',(#2626,#2627,#2628,#2629));
#222=EDGE_LOOP('',(#2630,#2631,#2632,#2633));
#223=EDGE_LOOP('',(#2634,#2635,#2636,#2637,#2638,#2639,#2640,#2641,#2642,
#2643,#2644,#2645,#2646,#2647,#2648,#2649,#2650,#2651,#2652,#2653,#2654,
#2655));
#224=EDGE_LOOP('',(#2656,#2657,#2658,#2659));
#225=EDGE_LOOP('',(#2660,#2661,#2662,#2663));
#226=EDGE_LOOP('',(#2664,#2665,#2666,#2667));
#227=EDGE_LOOP('',(#2668,#2669,#2670,#2671));
#228=EDGE_LOOP('',(#2672,#2673,#2674,#2675,#2676,#2677,#2678,#2679,#2680,
#2681,#2682,#2683,#2684,#2685,#2686,#2687,#2688,#2689,#2690,#2691,#2692,
#2693));
#229=EDGE_LOOP('',(#2694,#2695,#2696,#2697));
#230=EDGE_LOOP('',(#2698,#2699,#2700,#2701));
#231=EDGE_LOOP('',(#2702,#2703,#2704,#2705));
#232=EDGE_LOOP('',(#2706,#2707,#2708,#2709));
#233=EDGE_LOOP('',(#2710,#2711,#2712,#2713,#2714,#2715,#2716,#2717,#2718,
#2719,#2720,#2721,#2722,#2723,#2724,#2725,#2726,#2727,#2728,#2729,#2730,
#2731));
#234=EDGE_LOOP('',(#2732,#2733,#2734,#2735,#2736,#2737,#2738));
#235=EDGE_LOOP('',(#2739,#2740,#2741,#2742));
#236=EDGE_LOOP('',(#2743,#2744,#2745,#2746));
#237=EDGE_LOOP('',(#2747,#2748,#2749,#2750));
#238=EDGE_LOOP('',(#2751,#2752,#2753,#2754));
#239=EDGE_LOOP('',(#2755,#2756,#2757,#2758,#2759,#2760,#2761,#2762,#2763,
#2764,#2765,#2766,#2767,#2768,#2769,#2770,#2771,#2772,#2773,#2774,#2775,
#2776));
#240=EDGE_LOOP('',(#2777,#2778,#2779,#2780));
#241=EDGE_LOOP('',(#2781,#2782,#2783,#2784));
#242=EDGE_LOOP('',(#2785,#2786,#2787,#2788));
#243=EDGE_LOOP('',(#2789,#2790,#2791,#2792,#2793));
#244=EDGE_LOOP('',(#2794,#2795,#2796,#2797));
#245=EDGE_LOOP('',(#2798,#2799,#2800,#2801));
#246=EDGE_LOOP('',(#2802,#2803,#2804,#2805));
#247=EDGE_LOOP('',(#2806,#2807,#2808,#2809));
#248=EDGE_LOOP('',(#2810,#2811,#2812,#2813,#2814));
#249=EDGE_LOOP('',(#2815,#2816,#2817,#2818,#2819,#2820));
#250=EDGE_LOOP('',(#2821,#2822,#2823,#2824));
#251=EDGE_LOOP('',(#2825,#2826,#2827,#2828,#2829,#2830,#2831,#2832,#2833,
#2834,#2835,#2836,#2837,#2838,#2839,#2840,#2841));
#252=EDGE_LOOP('',(#2842,#2843,#2844,#2845,#2846,#2847));
#253=EDGE_LOOP('',(#2848,#2849,#2850,#2851));
#254=EDGE_LOOP('',(#2852,#2853,#2854,#2855));
#255=EDGE_LOOP('',(#2856,#2857,#2858,#2859,#2860));
#256=EDGE_LOOP('',(#2861,#2862,#2863,#2864));
#257=EDGE_LOOP('',(#2865,#2866,#2867,#2868,#2869));
#258=EDGE_LOOP('',(#2870,#2871,#2872,#2873,#2874));
#259=EDGE_LOOP('',(#2875,#2876,#2877,#2878));
#260=EDGE_LOOP('',(#2879,#2880,#2881,#2882,#2883,#2884));
#261=EDGE_LOOP('',(#2885,#2886,#2887,#2888));
#262=EDGE_LOOP('',(#2889,#2890,#2891,#2892));
#263=EDGE_LOOP('',(#2893,#2894,#2895,#2896,#2897));
#264=EDGE_LOOP('',(#2898,#2899,#2900,#2901));
#265=EDGE_LOOP('',(#2902,#2903,#2904,#2905,#2906,#2907));
#266=EDGE_LOOP('',(#2908,#2909,#2910,#2911));
#267=EDGE_LOOP('',(#2912,#2913,#2914,#2915));
#268=EDGE_LOOP('',(#2916,#2917,#2918,#2919,#2920));
#269=EDGE_LOOP('',(#2921,#2922,#2923,#2924));
#270=EDGE_LOOP('',(#2925,#2926,#2927,#2928,#2929));
#271=EDGE_LOOP('',(#2930,#2931,#2932,#2933,#2934));
#272=EDGE_LOOP('',(#2935,#2936,#2937,#2938,#2939,#2940));
#273=EDGE_LOOP('',(#2941,#2942,#2943,#2944));
#274=EDGE_LOOP('',(#2945,#2946,#2947,#2948));
#275=EDGE_LOOP('',(#2949,#2950,#2951,#2952,#2953));
#276=EDGE_LOOP('',(#2954,#2955,#2956,#2957));
#277=EDGE_LOOP('',(#2958,#2959,#2960,#2961,#2962));
#278=EDGE_LOOP('',(#2963,#2964,#2965,#2966));
#279=EDGE_LOOP('',(#2967,#2968,#2969,#2970));
#280=EDGE_LOOP('',(#2971,#2972,#2973,#2974));
#281=EDGE_LOOP('',(#2975,#2976,#2977,#2978,#2979,#2980,#2981,#2982));
#282=EDGE_LOOP('',(#2983,#2984,#2985,#2986));
#283=EDGE_LOOP('',(#2987,#2988,#2989,#2990,#2991,#2992,#2993,#2994,#2995,
#2996,#2997,#2998,#2999,#3000,#3001,#3002,#3003,#3004,#3005,#3006,#3007,
#3008));
#284=EDGE_LOOP('',(#3009,#3010,#3011,#3012,#3013,#3014,#3015,#3016,#3017,
#3018));
#285=EDGE_LOOP('',(#3019,#3020,#3021,#3022));
#286=EDGE_LOOP('',(#3023,#3024,#3025,#3026,#3027,#3028,#3029,#3030,#3031,
#3032,#3033,#3034,#3035));
#287=EDGE_LOOP('',(#3036,#3037,#3038));
#288=EDGE_LOOP('',(#3039,#3040,#3041,#3042,#3043,#3044,#3045,#3046,#3047,
#3048,#3049,#3050,#3051));
#289=EDGE_LOOP('',(#3052,#3053,#3054));
#290=EDGE_LOOP('',(#3055,#3056,#3057));
#291=EDGE_LOOP('',(#3058,#3059,#3060));
#292=EDGE_LOOP('',(#3061,#3062,#3063,#3064,#3065,#3066,#3067));
#293=EDGE_LOOP('',(#3068,#3069,#3070,#3071));
#294=EDGE_LOOP('',(#3072,#3073,#3074,#3075));
#295=EDGE_LOOP('',(#3076,#3077,#3078,#3079,#3080,#3081));
#296=EDGE_LOOP('',(#3082,#3083,#3084,#3085));
#297=EDGE_LOOP('',(#3086,#3087,#3088,#3089));
#298=EDGE_LOOP('',(#3090,#3091,#3092,#3093,#3094,#3095,#3096,#3097,#3098,
#3099,#3100));
#299=EDGE_LOOP('',(#3101,#3102,#3103,#3104));
#300=EDGE_LOOP('',(#3105,#3106,#3107,#3108));
#301=EDGE_LOOP('',(#3109,#3110,#3111,#3112));
#302=EDGE_LOOP('',(#3113,#3114,#3115,#3116));
#303=EDGE_LOOP('',(#3117,#3118,#3119,#3120));
#304=EDGE_LOOP('',(#3121,#3122,#3123,#3124));
#305=EDGE_LOOP('',(#3125,#3126,#3127,#3128));
#306=EDGE_LOOP('',(#3129,#3130,#3131,#3132,#3133,#3134,#3135,#3136));
#307=EDGE_LOOP('',(#3137,#3138,#3139,#3140,#3141,#3142,#3143,#3144));
#308=EDGE_LOOP('',(#3145,#3146,#3147,#3148,#3149,#3150,#3151,#3152));
#309=EDGE_LOOP('',(#3153,#3154,#3155,#3156,#3157,#3158,#3159,#3160));
#310=EDGE_LOOP('',(#3161,#3162,#3163,#3164,#3165,#3166,#3167,#3168));
#311=EDGE_LOOP('',(#3169,#3170,#3171,#3172,#3173,#3174,#3175,#3176));
#312=EDGE_LOOP('',(#3177,#3178,#3179,#3180,#3181,#3182,#3183,#3184,#3185));
#313=EDGE_LOOP('',(#3186,#3187,#3188,#3189,#3190,#3191,#3192,#3193));
#314=EDGE_LOOP('',(#3194,#3195,#3196,#3197,#3198,#3199,#3200,#3201));
#315=EDGE_LOOP('',(#3202,#3203,#3204,#3205,#3206,#3207,#3208,#3209));
#316=EDGE_LOOP('',(#3210,#3211,#3212,#3213));
#317=EDGE_LOOP('',(#3214,#3215,#3216,#3217));
#318=EDGE_LOOP('',(#3218,#3219,#3220,#3221,#3222,#3223));
#319=EDGE_LOOP('',(#3224,#3225,#3226,#3227));
#320=EDGE_LOOP('',(#3228,#3229,#3230,#3231));
#321=EDGE_LOOP('',(#3232,#3233,#3234,#3235,#3236,#3237,#3238,#3239,#3240,
#3241,#3242,#3243));
#322=EDGE_LOOP('',(#3244,#3245,#3246,#3247,#3248,#3249,#3250,#3251,#3252,
#3253));
#323=EDGE_LOOP('',(#3254,#3255,#3256,#3257,#3258,#3259,#3260,#3261,#3262));
#324=EDGE_LOOP('',(#3263,#3264,#3265,#3266,#3267,#3268,#3269,#3270,#3271,
#3272));
#325=EDGE_LOOP('',(#3273,#3274,#3275,#3276,#3277,#3278,#3279,#3280,#3281));
#326=EDGE_LOOP('',(#3282,#3283,#3284,#3285));
#327=EDGE_LOOP('',(#3286,#3287,#3288,#3289));
#328=EDGE_LOOP('',(#3290,#3291,#3292,#3293,#3294,#3295));
#329=EDGE_LOOP('',(#3296,#3297,#3298,#3299));
#330=EDGE_LOOP('',(#3300,#3301,#3302,#3303));
#331=EDGE_LOOP('',(#3304,#3305,#3306,#3307,#3308,#3309,#3310));
#332=EDGE_LOOP('',(#3311,#3312,#3313,#3314));
#333=EDGE_LOOP('',(#3315,#3316,#3317,#3318));
#334=EDGE_LOOP('',(#3319,#3320,#3321,#3322,#3323,#3324));
#335=EDGE_LOOP('',(#3325,#3326,#3327,#3328));
#336=EDGE_LOOP('',(#3329,#3330,#3331,#3332));
#337=EDGE_LOOP('',(#3333,#3334,#3335,#3336,#3337,#3338,#3339));
#338=EDGE_LOOP('',(#3340,#3341,#3342));
#339=EDGE_LOOP('',(#3343,#3344,#3345,#3346));
#340=EDGE_LOOP('',(#3347,#3348,#3349,#3350,#3351,#3352));
#341=EDGE_LOOP('',(#3353,#3354,#3355));
#342=EDGE_LOOP('',(#3356,#3357,#3358,#3359));
#343=EDGE_LOOP('',(#3360,#3361,#3362,#3363,#3364,#3365,#3366,#3367,#3368));
#344=EDGE_LOOP('',(#3369,#3370,#3371,#3372,#3373,#3374,#3375,#3376,#3377));
#345=EDGE_LOOP('',(#3378,#3379,#3380,#3381));
#346=EDGE_LOOP('',(#3382,#3383,#3384,#3385));
#347=EDGE_LOOP('',(#3386,#3387,#3388,#3389));
#348=EDGE_LOOP('',(#3390,#3391,#3392,#3393));
#349=EDGE_LOOP('',(#3394,#3395,#3396,#3397));
#350=EDGE_LOOP('',(#3398,#3399,#3400,#3401));
#351=EDGE_LOOP('',(#3402,#3403,#3404,#3405));
#352=EDGE_LOOP('',(#3406,#3407,#3408,#3409));
#353=EDGE_LOOP('',(#3410,#3411,#3412,#3413,#3414,#3415,#3416,#3417,#3418,
#3419));
#354=EDGE_LOOP('',(#3420,#3421,#3422,#3423,#3424,#3425,#3426,#3427,#3428,
#3429));
#355=EDGE_LOOP('',(#3430,#3431,#3432,#3433));
#356=EDGE_LOOP('',(#3434,#3435,#3436,#3437));
#357=EDGE_LOOP('',(#3438,#3439,#3440,#3441,#3442,#3443,#3444,#3445,#3446,
#3447,#3448));
#358=EDGE_LOOP('',(#3449,#3450,#3451,#3452));
#359=EDGE_LOOP('',(#3453,#3454,#3455,#3456));
#360=EDGE_LOOP('',(#3457,#3458,#3459,#3460,#3461,#3462,#3463,#3464,#3465,
#3466,#3467,#3468,#3469,#3470,#3471,#3472));
#361=EDGE_LOOP('',(#3473,#3474,#3475,#3476,#3477,#3478,#3479,#3480,#3481,
#3482,#3483,#3484));
#362=EDGE_LOOP('',(#3485,#3486,#3487,#3488,#3489));
#363=EDGE_LOOP('',(#3490,#3491,#3492,#3493));
#364=EDGE_LOOP('',(#3494,#3495,#3496,#3497));
#365=EDGE_LOOP('',(#3498,#3499,#3500,#3501));
#366=EDGE_LOOP('',(#3502,#3503,#3504,#3505,#3506,#3507,#3508,#3509,#3510,
#3511,#3512,#3513,#3514,#3515,#3516,#3517));
#367=EDGE_LOOP('',(#3518,#3519,#3520,#3521,#3522));
#368=EDGE_LOOP('',(#3523,#3524,#3525,#3526));
#369=EDGE_LOOP('',(#3527,#3528,#3529,#3530));
#370=EDGE_LOOP('',(#3531,#3532,#3533,#3534,#3535));
#371=EDGE_LOOP('',(#3536,#3537,#3538,#3539));
#372=EDGE_LOOP('',(#3540,#3541,#3542,#3543));
#373=EDGE_LOOP('',(#3544,#3545,#3546,#3547));
#374=EDGE_LOOP('',(#3548,#3549,#3550,#3551,#3552,#3553,#3554,#3555,#3556,
#3557,#3558,#3559,#3560,#3561,#3562,#3563));
#375=EDGE_LOOP('',(#3564,#3565,#3566,#3567,#3568));
#376=EDGE_LOOP('',(#3569,#3570,#3571,#3572));
#377=EDGE_LOOP('',(#3573,#3574,#3575,#3576));
#378=EDGE_LOOP('',(#3577,#3578,#3579,#3580,#3581,#3582,#3583,#3584,#3585,
#3586,#3587,#3588,#3589,#3590,#3591,#3592));
#379=EDGE_LOOP('',(#3593,#3594,#3595,#3596,#3597,#3598,#3599,#3600,#3601,
#3602,#3603,#3604,#3605,#3606,#3607,#3608,#3609,#3610,#3611,#3612,#3613,
#3614,#3615,#3616));
#380=EDGE_LOOP('',(#3617,#3618,#3619,#3620,#3621,#3622,#3623,#3624,#3625,
#3626,#3627,#3628,#3629,#3630,#3631,#3632));
#381=EDGE_LOOP('',(#3633,#3634,#3635,#3636));
#382=EDGE_LOOP('',(#3637,#3638,#3639,#3640,#3641));
#383=EDGE_LOOP('',(#3642,#3643,#3644,#3645));
#384=EDGE_LOOP('',(#3646,#3647,#3648,#3649));
#385=EDGE_LOOP('',(#3650,#3651,#3652,#3653));
#386=EDGE_LOOP('',(#3654,#3655,#3656,#3657,#3658));
#387=EDGE_LOOP('',(#3659,#3660,#3661,#3662));
#388=EDGE_LOOP('',(#3663,#3664,#3665,#3666));
#389=EDGE_LOOP('',(#3667,#3668,#3669,#3670,#3671,#3672,#3673,#3674,#3675,
#3676,#3677,#3678,#3679,#3680,#3681,#3682,#3683));
#390=EDGE_LOOP('',(#3684,#3685,#3686,#3687,#3688,#3689,#3690,#3691,#3692,
#3693,#3694,#3695,#3696,#3697,#3698,#3699,#3700,#3701,#3702,#3703,#3704,
#3705,#3706,#3707));
#391=EDGE_LOOP('',(#3708,#3709,#3710,#3711));
#392=EDGE_LOOP('',(#3712,#3713,#3714,#3715));
#393=EDGE_LOOP('',(#3716,#3717,#3718,#3719));
#394=EDGE_LOOP('',(#3720,#3721,#3722,#3723));
#395=EDGE_LOOP('',(#3724,#3725,#3726,#3727));
#396=EDGE_LOOP('',(#3728,#3729,#3730,#3731));
#397=EDGE_LOOP('',(#3732,#3733,#3734));
#398=EDGE_LOOP('',(#3735,#3736,#3737));
#399=EDGE_LOOP('',(#3738,#3739,#3740));
#400=EDGE_LOOP('',(#3741,#3742,#3743));
#401=EDGE_LOOP('',(#3744,#3745,#3746));
#402=EDGE_LOOP('',(#3747,#3748,#3749));
#403=EDGE_LOOP('',(#3750,#3751,#3752,#3753));
#404=EDGE_LOOP('',(#3754,#3755,#3756,#3757));
#405=EDGE_LOOP('',(#3758,#3759,#3760,#3761));
#406=EDGE_LOOP('',(#3762,#3763,#3764,#3765));
#407=EDGE_LOOP('',(#3766,#3767,#3768,#3769));
#408=EDGE_LOOP('',(#3770,#3771,#3772,#3773));
#409=EDGE_LOOP('',(#3774,#3775,#3776,#3777));
#410=EDGE_LOOP('',(#3778,#3779,#3780,#3781));
#411=LINE('',#5263,#1014);
#412=LINE('',#5265,#1015);
#413=LINE('',#5267,#1016);
#414=LINE('',#5268,#1017);
#415=LINE('',#5271,#1018);
#416=LINE('',#5273,#1019);
#417=LINE('',#5275,#1020);
#418=LINE('',#5276,#1021);
#419=LINE('',#5279,#1022);
#420=LINE('',#5281,#1023);
#421=LINE('',#5283,#1024);
#422=LINE('',#5284,#1025);
#423=LINE('',#5286,#1026);
#424=LINE('',#5289,#1027);
#425=LINE('',#5291,#1028);
#426=LINE('',#5293,#1029);
#427=LINE('',#5294,#1030);
#428=LINE('',#5295,#1031);
#429=LINE('',#5297,#1032);
#430=LINE('',#5299,#1033);
#431=LINE('',#5301,#1034);
#432=LINE('',#5303,#1035);
#433=LINE('',#5305,#1036);
#434=LINE('',#5307,#1037);
#435=LINE('',#5309,#1038);
#436=LINE('',#5311,#1039);
#437=LINE('',#5313,#1040);
#438=LINE('',#5315,#1041);
#439=LINE('',#5317,#1042);
#440=LINE('',#5319,#1043);
#441=LINE('',#5320,#1044);
#442=LINE('',#5321,#1045);
#443=LINE('',#5325,#1046);
#444=LINE('',#5327,#1047);
#445=LINE('',#5329,#1048);
#446=LINE('',#5330,#1049);
#447=LINE('',#5334,#1050);
#448=LINE('',#5336,#1051);
#449=LINE('',#5338,#1052);
#450=LINE('',#5339,#1053);
#451=LINE('',#5341,#1054);
#452=LINE('',#5342,#1055);
#453=LINE('',#5344,#1056);
#454=LINE('',#5347,#1057);
#455=LINE('',#5349,#1058);
#456=LINE('',#5351,#1059);
#457=LINE('',#5353,#1060);
#458=LINE('',#5355,#1061);
#459=LINE('',#5357,#1062);
#460=LINE('',#5359,#1063);
#461=LINE('',#5361,#1064);
#462=LINE('',#5363,#1065);
#463=LINE('',#5365,#1066);
#464=LINE('',#5367,#1067);
#465=LINE('',#5369,#1068);
#466=LINE('',#5371,#1069);
#467=LINE('',#5373,#1070);
#468=LINE('',#5375,#1071);
#469=LINE('',#5377,#1072);
#470=LINE('',#5379,#1073);
#471=LINE('',#5381,#1074);
#472=LINE('',#5382,#1075);
#473=LINE('',#5386,#1076);
#474=LINE('',#5388,#1077);
#475=LINE('',#5390,#1078);
#476=LINE('',#5391,#1079);
#477=LINE('',#5395,#1080);
#478=LINE('',#5397,#1081);
#479=LINE('',#5399,#1082);
#480=LINE('',#5400,#1083);
#481=LINE('',#5402,#1084);
#482=LINE('',#5403,#1085);
#483=LINE('',#5405,#1086);
#484=LINE('',#5408,#1087);
#485=LINE('',#5410,#1088);
#486=LINE('',#5412,#1089);
#487=LINE('',#5414,#1090);
#488=LINE('',#5416,#1091);
#489=LINE('',#5418,#1092);
#490=LINE('',#5420,#1093);
#491=LINE('',#5422,#1094);
#492=LINE('',#5424,#1095);
#493=LINE('',#5426,#1096);
#494=LINE('',#5428,#1097);
#495=LINE('',#5430,#1098);
#496=LINE('',#5432,#1099);
#497=LINE('',#5434,#1100);
#498=LINE('',#5436,#1101);
#499=LINE('',#5438,#1102);
#500=LINE('',#5440,#1103);
#501=LINE('',#5442,#1104);
#502=LINE('',#5443,#1105);
#503=LINE('',#5447,#1106);
#504=LINE('',#5449,#1107);
#505=LINE('',#5451,#1108);
#506=LINE('',#5452,#1109);
#507=LINE('',#5455,#1110);
#508=LINE('',#5457,#1111);
#509=LINE('',#5458,#1112);
#510=LINE('',#5462,#1113);
#511=LINE('',#5463,#1114);
#512=LINE('',#5464,#1115);
#513=LINE('',#5466,#1116);
#514=LINE('',#5469,#1117);
#515=LINE('',#5471,#1118);
#516=LINE('',#5473,#1119);
#517=LINE('',#5475,#1120);
#518=LINE('',#5477,#1121);
#519=LINE('',#5479,#1122);
#520=LINE('',#5481,#1123);
#521=LINE('',#5483,#1124);
#522=LINE('',#5485,#1125);
#523=LINE('',#5487,#1126);
#524=LINE('',#5489,#1127);
#525=LINE('',#5491,#1128);
#526=LINE('',#5493,#1129);
#527=LINE('',#5495,#1130);
#528=LINE('',#5497,#1131);
#529=LINE('',#5499,#1132);
#530=LINE('',#5501,#1133);
#531=LINE('',#5503,#1134);
#532=LINE('',#5504,#1135);
#533=LINE('',#5507,#1136);
#534=LINE('',#5509,#1137);
#535=LINE('',#5510,#1138);
#536=LINE('',#5514,#1139);
#537=LINE('',#5516,#1140);
#538=LINE('',#5518,#1141);
#539=LINE('',#5519,#1142);
#540=LINE('',#5523,#1143);
#541=LINE('',#5525,#1144);
#542=LINE('',#5527,#1145);
#543=LINE('',#5528,#1146);
#544=LINE('',#5530,#1147);
#545=LINE('',#5531,#1148);
#546=LINE('',#5533,#1149);
#547=LINE('',#5536,#1150);
#548=LINE('',#5538,#1151);
#549=LINE('',#5540,#1152);
#550=LINE('',#5542,#1153);
#551=LINE('',#5544,#1154);
#552=LINE('',#5546,#1155);
#553=LINE('',#5548,#1156);
#554=LINE('',#5550,#1157);
#555=LINE('',#5552,#1158);
#556=LINE('',#5554,#1159);
#557=LINE('',#5556,#1160);
#558=LINE('',#5558,#1161);
#559=LINE('',#5560,#1162);
#560=LINE('',#5562,#1163);
#561=LINE('',#5564,#1164);
#562=LINE('',#5566,#1165);
#563=LINE('',#5568,#1166);
#564=LINE('',#5570,#1167);
#565=LINE('',#5571,#1168);
#566=LINE('',#5575,#1169);
#567=LINE('',#5577,#1170);
#568=LINE('',#5579,#1171);
#569=LINE('',#5580,#1172);
#570=LINE('',#5583,#1173);
#571=LINE('',#5585,#1174);
#572=LINE('',#5586,#1175);
#573=LINE('',#5589,#1176);
#574=LINE('',#5591,#1177);
#575=LINE('',#5592,#1178);
#576=LINE('',#5594,#1179);
#577=LINE('',#5596,#1180);
#578=LINE('',#5597,#1181);
#579=LINE('',#5600,#1182);
#580=LINE('',#5604,#1183);
#581=LINE('',#5606,#1184);
#582=LINE('',#5608,#1185);
#583=LINE('',#5609,#1186);
#584=LINE('',#5612,#1187);
#585=LINE('',#5614,#1188);
#586=LINE('',#5615,#1189);
#587=LINE('',#5619,#1190);
#588=LINE('',#5620,#1191);
#589=LINE('',#5622,#1192);
#590=LINE('',#5623,#1193);
#591=LINE('',#5627,#1194);
#592=LINE('',#5628,#1195);
#593=LINE('',#5629,#1196);
#594=LINE('',#5630,#1197);
#595=LINE('',#5634,#1198);
#596=LINE('',#5636,#1199);
#597=LINE('',#5638,#1200);
#598=LINE('',#5640,#1201);
#599=LINE('',#5642,#1202);
#600=LINE('',#5644,#1203);
#601=LINE('',#5646,#1204);
#602=LINE('',#5648,#1205);
#603=LINE('',#5650,#1206);
#604=LINE('',#5652,#1207);
#605=LINE('',#5654,#1208);
#606=LINE('',#5656,#1209);
#607=LINE('',#5658,#1210);
#608=LINE('',#5659,#1211);
#609=LINE('',#5662,#1212);
#610=LINE('',#5664,#1213);
#611=LINE('',#5666,#1214);
#612=LINE('',#5668,#1215);
#613=LINE('',#5669,#1216);
#614=LINE('',#5672,#1217);
#615=LINE('',#5674,#1218);
#616=LINE('',#5675,#1219);
#617=LINE('',#5678,#1220);
#618=LINE('',#5680,#1221);
#619=LINE('',#5681,#1222);
#620=LINE('',#5684,#1223);
#621=LINE('',#5685,#1224);
#622=LINE('',#5686,#1225);
#623=LINE('',#5689,#1226);
#624=LINE('',#5690,#1227);
#625=LINE('',#5693,#1228);
#626=LINE('',#5695,#1229);
#627=LINE('',#5697,#1230);
#628=LINE('',#5698,#1231);
#629=LINE('',#5701,#1232);
#630=LINE('',#5703,#1233);
#631=LINE('',#5704,#1234);
#632=LINE('',#5707,#1235);
#633=LINE('',#5709,#1236);
#634=LINE('',#5711,#1237);
#635=LINE('',#5712,#1238);
#636=LINE('',#5714,#1239);
#637=LINE('',#5715,#1240);
#638=LINE('',#5718,#1241);
#639=LINE('',#5719,#1242);
#640=LINE('',#5722,#1243);
#641=LINE('',#5723,#1244);
#642=LINE('',#5726,#1245);
#643=LINE('',#5728,#1246);
#644=LINE('',#5729,#1247);
#645=LINE('',#5732,#1248);
#646=LINE('',#5734,#1249);
#647=LINE('',#5736,#1250);
#648=LINE('',#5738,#1251);
#649=LINE('',#5739,#1252);
#650=LINE('',#5742,#1253);
#651=LINE('',#5744,#1254);
#652=LINE('',#5745,#1255);
#653=LINE('',#5748,#1256);
#654=LINE('',#5750,#1257);
#655=LINE('',#5751,#1258);
#656=LINE('',#5754,#1259);
#657=LINE('',#5755,#1260);
#658=LINE('',#5756,#1261);
#659=LINE('',#5760,#1262);
#660=LINE('',#5762,#1263);
#661=LINE('',#5764,#1264);
#662=LINE('',#5765,#1265);
#663=LINE('',#5768,#1266);
#664=LINE('',#5770,#1267);
#665=LINE('',#5772,#1268);
#666=LINE('',#5773,#1269);
#667=LINE('',#5776,#1270);
#668=LINE('',#5778,#1271);
#669=LINE('',#5780,#1272);
#670=LINE('',#5782,#1273);
#671=LINE('',#5783,#1274);
#672=LINE('',#5785,#1275);
#673=LINE('',#5786,#1276);
#674=LINE('',#5789,#1277);
#675=LINE('',#5791,#1278);
#676=LINE('',#5792,#1279);
#677=LINE('',#5795,#1280);
#678=LINE('',#5796,#1281);
#679=LINE('',#5797,#1282);
#680=LINE('',#5801,#1283);
#681=LINE('',#5803,#1284);
#682=LINE('',#5805,#1285);
#683=LINE('',#5806,#1286);
#684=LINE('',#5809,#1287);
#685=LINE('',#5811,#1288);
#686=LINE('',#5812,#1289);
#687=LINE('',#5816,#1290);
#688=LINE('',#5818,#1291);
#689=LINE('',#5820,#1292);
#690=LINE('',#5821,#1293);
#691=LINE('',#5825,#1294);
#692=LINE('',#5826,#1295);
#693=LINE('',#5827,#1296);
#694=LINE('',#5830,#1297);
#695=LINE('',#5832,#1298);
#696=LINE('',#5834,#1299);
#697=LINE('',#5835,#1300);
#698=LINE('',#5837,#1301);
#699=LINE('',#5838,#1302);
#700=LINE('',#5840,#1303);
#701=LINE('',#5842,#1304);
#702=LINE('',#5843,#1305);
#703=LINE('',#5845,#1306);
#704=LINE('',#5847,#1307);
#705=LINE('',#5849,#1308);
#706=LINE('',#5851,#1309);
#707=LINE('',#5853,#1310);
#708=LINE('',#5855,#1311);
#709=LINE('',#5856,#1312);
#710=LINE('',#5858,#1313);
#711=LINE('',#5859,#1314);
#712=LINE('',#5862,#1315);
#713=LINE('',#5864,#1316);
#714=LINE('',#5866,#1317);
#715=LINE('',#5867,#1318);
#716=LINE('',#5869,#1319);
#717=LINE('',#5870,#1320);
#718=LINE('',#5872,#1321);
#719=LINE('',#5873,#1322);
#720=LINE('',#5874,#1323);
#721=LINE('',#5878,#1324);
#722=LINE('',#5880,#1325);
#723=LINE('',#5882,#1326);
#724=LINE('',#5883,#1327);
#725=LINE('',#5885,#1328);
#726=LINE('',#5886,#1329);
#727=LINE('',#5889,#1330);
#728=LINE('',#5891,#1331);
#729=LINE('',#5892,#1332);
#730=LINE('',#5893,#1333);
#731=LINE('',#5896,#1334);
#732=LINE('',#5898,#1335);
#733=LINE('',#5899,#1336);
#734=LINE('',#5902,#1337);
#735=LINE('',#5904,#1338);
#736=LINE('',#5905,#1339);
#737=LINE('',#5908,#1340);
#738=LINE('',#5910,#1341);
#739=LINE('',#5911,#1342);
#740=LINE('',#5914,#1343);
#741=LINE('',#5916,#1344);
#742=LINE('',#5917,#1345);
#743=LINE('',#5920,#1346);
#744=LINE('',#5922,#1347);
#745=LINE('',#5923,#1348);
#746=LINE('',#5926,#1349);
#747=LINE('',#5928,#1350);
#748=LINE('',#5929,#1351);
#749=LINE('',#5931,#1352);
#750=LINE('',#5932,#1353);
#751=LINE('',#5934,#1354);
#752=LINE('',#5935,#1355);
#753=LINE('',#5936,#1356);
#754=LINE('',#5938,#1357);
#755=LINE('',#5939,#1358);
#756=LINE('',#5940,#1359);
#757=LINE('',#5942,#1360);
#758=LINE('',#5943,#1361);
#759=LINE('',#5944,#1362);
#760=LINE('',#5946,#1363);
#761=LINE('',#5948,#1364);
#762=LINE('',#5950,#1365);
#763=LINE('',#5951,#1366);
#764=LINE('',#5952,#1367);
#765=LINE('',#5953,#1368);
#766=LINE('',#5956,#1369);
#767=LINE('',#5958,#1370);
#768=LINE('',#5959,#1371);
#769=LINE('',#5961,#1372);
#770=LINE('',#5963,#1373);
#771=LINE('',#5964,#1374);
#772=LINE('',#5967,#1375);
#773=LINE('',#5968,#1376);
#774=LINE('',#5969,#1377);
#775=LINE('',#5971,#1378);
#776=LINE('',#5973,#1379);
#777=LINE('',#5974,#1380);
#778=LINE('',#5976,#1381);
#779=LINE('',#5978,#1382);
#780=LINE('',#5979,#1383);
#781=LINE('',#5982,#1384);
#782=LINE('',#5983,#1385);
#783=LINE('',#5984,#1386);
#784=LINE('',#5986,#1387);
#785=LINE('',#5987,#1388);
#786=LINE('',#5990,#1389);
#787=LINE('',#5992,#1390);
#788=LINE('',#5994,#1391);
#789=LINE('',#5996,#1392);
#790=LINE('',#5997,#1393);
#791=LINE('',#5999,#1394);
#792=LINE('',#6000,#1395);
#793=LINE('',#6003,#1396);
#794=LINE('',#6004,#1397);
#795=LINE('',#6006,#1398);
#796=LINE('',#6007,#1399);
#797=LINE('',#6008,#1400);
#798=LINE('',#6011,#1401);
#799=LINE('',#6012,#1402);
#800=LINE('',#6014,#1403);
#801=LINE('',#6015,#1404);
#802=LINE('',#6018,#1405);
#803=LINE('',#6019,#1406);
#804=LINE('',#6021,#1407);
#805=LINE('',#6023,#1408);
#806=LINE('',#6024,#1409);
#807=LINE('',#6025,#1410);
#808=LINE('',#6028,#1411);
#809=LINE('',#6030,#1412);
#810=LINE('',#6032,#1413);
#811=LINE('',#6034,#1414);
#812=LINE('',#6035,#1415);
#813=LINE('',#6037,#1416);
#814=LINE('',#6038,#1417);
#815=LINE('',#6041,#1418);
#816=LINE('',#6042,#1419);
#817=LINE('',#6044,#1420);
#818=LINE('',#6045,#1421);
#819=LINE('',#6046,#1422);
#820=LINE('',#6048,#1423);
#821=LINE('',#6050,#1424);
#822=LINE('',#6052,#1425);
#823=LINE('',#6053,#1426);
#824=LINE('',#6054,#1427);
#825=LINE('',#6057,#1428);
#826=LINE('',#6058,#1429);
#827=LINE('',#6060,#1430);
#828=LINE('',#6061,#1431);
#829=LINE('',#6063,#1432);
#830=LINE('',#6064,#1433);
#831=LINE('',#6066,#1434);
#832=LINE('',#6067,#1435);
#833=LINE('',#6070,#1436);
#834=LINE('',#6071,#1437);
#835=LINE('',#6072,#1438);
#836=LINE('',#6074,#1439);
#837=LINE('',#6076,#1440);
#838=LINE('',#6077,#1441);
#839=LINE('',#6080,#1442);
#840=LINE('',#6082,#1443);
#841=LINE('',#6083,#1444);
#842=LINE('',#6086,#1445);
#843=LINE('',#6088,#1446);
#844=LINE('',#6089,#1447);
#845=LINE('',#6091,#1448);
#846=LINE('',#6094,#1449);
#847=LINE('',#6096,#1450);
#848=LINE('',#6097,#1451);
#849=LINE('',#6100,#1452);
#850=LINE('',#6102,#1453);
#851=LINE('',#6103,#1454);
#852=LINE('',#6106,#1455);
#853=LINE('',#6108,#1456);
#854=LINE('',#6110,#1457);
#855=LINE('',#6112,#1458);
#856=LINE('',#6113,#1459);
#857=LINE('',#6114,#1460);
#858=LINE('',#6116,#1461);
#859=LINE('',#6117,#1462);
#860=LINE('',#6118,#1463);
#861=LINE('',#6119,#1464);
#862=LINE('',#6122,#1465);
#863=LINE('',#6123,#1466);
#864=LINE('',#6125,#1467);
#865=LINE('',#6127,#1468);
#866=LINE('',#6128,#1469);
#867=LINE('',#6130,#1470);
#868=LINE('',#6131,#1471);
#869=LINE('',#6132,#1472);
#870=LINE('',#6135,#1473);
#871=LINE('',#6136,#1474);
#872=LINE('',#6138,#1475);
#873=LINE('',#6139,#1476);
#874=LINE('',#6141,#1477);
#875=LINE('',#6142,#1478);
#876=LINE('',#6143,#1479);
#877=LINE('',#6145,#1480);
#878=LINE('',#6147,#1481);
#879=LINE('',#6148,#1482);
#880=LINE('',#6150,#1483);
#881=LINE('',#6152,#1484);
#882=LINE('',#6153,#1485);
#883=LINE('',#6154,#1486);
#884=LINE('',#6156,#1487);
#885=LINE('',#6158,#1488);
#886=LINE('',#6159,#1489);
#887=LINE('',#6160,#1490);
#888=LINE('',#6162,#1491);
#889=LINE('',#6163,#1492);
#890=LINE('',#6165,#1493);
#891=LINE('',#6167,#1494);
#892=LINE('',#6169,#1495);
#893=LINE('',#6171,#1496);
#894=LINE('',#6173,#1497);
#895=LINE('',#6176,#1498);
#896=LINE('',#6177,#1499);
#897=LINE('',#6180,#1500);
#898=LINE('',#6182,#1501);
#899=LINE('',#6183,#1502);
#900=LINE('',#6186,#1503);
#901=LINE('',#6188,#1504);
#902=LINE('',#6189,#1505);
#903=LINE('',#6191,#1506);
#904=LINE('',#6193,#1507);
#905=LINE('',#6195,#1508);
#906=LINE('',#6198,#1509);
#907=LINE('',#6199,#1510);
#908=LINE('',#6202,#1511);
#909=LINE('',#6203,#1512);
#910=LINE('',#6206,#1513);
#911=LINE('',#6208,#1514);
#912=LINE('',#6209,#1515);
#913=LINE('',#6211,#1516);
#914=LINE('',#6214,#1517);
#915=LINE('',#6217,#1518);
#916=LINE('',#6219,#1519);
#917=LINE('',#6220,#1520);
#918=LINE('',#6221,#1521);
#919=LINE('',#6222,#1522);
#920=LINE('',#6224,#1523);
#921=LINE('',#6225,#1524);
#922=LINE('',#6227,#1525);
#923=LINE('',#6228,#1526);
#924=LINE('',#6230,#1527);
#925=LINE('',#6231,#1528);
#926=LINE('',#6233,#1529);
#927=LINE('',#6235,#1530);
#928=LINE('',#6237,#1531);
#929=LINE('',#6239,#1532);
#930=LINE('',#6240,#1533);
#931=LINE('',#6242,#1534);
#932=LINE('',#6246,#1535);
#933=LINE('',#6248,#1536);
#934=LINE('',#6250,#1537);
#935=LINE('',#6251,#1538);
#936=LINE('',#6253,#1539);
#937=LINE('',#6255,#1540);
#938=LINE('',#6256,#1541);
#939=LINE('',#6257,#1542);
#940=LINE('',#6259,#1543);
#941=LINE('',#6260,#1544);
#942=LINE('',#6262,#1545);
#943=LINE('',#6263,#1546);
#944=LINE('',#6264,#1547);
#945=LINE('',#6265,#1548);
#946=LINE('',#6268,#1549);
#947=LINE('',#6270,#1550);
#948=LINE('',#6271,#1551);
#949=LINE('',#6273,#1552);
#950=LINE('',#6275,#1553);
#951=LINE('',#6276,#1554);
#952=LINE('',#6277,#1555);
#953=LINE('',#6278,#1556);
#954=LINE('',#6281,#1557);
#955=LINE('',#6282,#1558);
#956=LINE('',#6285,#1559);
#957=LINE('',#6286,#1560);
#958=LINE('',#6288,#1561);
#959=LINE('',#6289,#1562);
#960=LINE('',#6290,#1563);
#961=LINE('',#6292,#1564);
#962=LINE('',#6294,#1565);
#963=LINE('',#6295,#1566);
#964=LINE('',#6296,#1567);
#965=LINE('',#6299,#1568);
#966=LINE('',#6300,#1569);
#967=LINE('',#6302,#1570);
#968=LINE('',#6304,#1571);
#969=LINE('',#6306,#1572);
#970=LINE('',#6309,#1573);
#971=LINE('',#6310,#1574);
#972=LINE('',#6311,#1575);
#973=LINE('',#6312,#1576);
#974=LINE('',#6313,#1577);
#975=LINE('',#6315,#1578);
#976=LINE('',#6320,#1579);
#977=LINE('',#6321,#1580);
#978=LINE('',#6323,#1581);
#979=LINE('',#6325,#1582);
#980=LINE('',#6327,#1583);
#981=LINE('',#6330,#1584);
#982=LINE('',#6331,#1585);
#983=LINE('',#6332,#1586);
#984=LINE('',#6333,#1587);
#985=LINE('',#6334,#1588);
#986=LINE('',#6336,#1589);
#987=LINE('',#6341,#1590);
#988=LINE('',#6342,#1591);
#989=LINE('',#6343,#1592);
#990=LINE('',#6344,#1593);
#991=LINE('',#6345,#1594);
#992=LINE('',#6347,#1595);
#993=LINE('',#6349,#1596);
#994=LINE('',#6350,#1597);
#995=LINE('',#6351,#1598);
#996=LINE('',#6352,#1599);
#997=LINE('',#6354,#1600);
#998=LINE('',#6356,#1601);
#999=LINE('',#6357,#1602);
#1000=LINE('',#6358,#1603);
#1001=LINE('',#6359,#1604);
#1002=LINE('',#6362,#1605);
#1003=LINE('',#6367,#1606);
#1004=LINE('',#6371,#1607);
#1005=LINE('',#6372,#1608);
#1006=LINE('',#6374,#1609);
#1007=LINE('',#6376,#1610);
#1008=LINE('',#6380,#1611);
#1009=LINE('',#6384,#1612);
#1010=LINE('',#6385,#1613);
#1011=LINE('',#6388,#1614);
#1012=LINE('',#6389,#1615);
#1013=LINE('',#6391,#1616);
#1014=VECTOR('',#4310,10.);
#1015=VECTOR('',#4311,10.);
#1016=VECTOR('',#4312,10.);
#1017=VECTOR('',#4313,10.);
#1018=VECTOR('',#4316,10.);
#1019=VECTOR('',#4317,10.);
#1020=VECTOR('',#4318,10.);
#1021=VECTOR('',#4319,10.);
#1022=VECTOR('',#4322,10.);
#1023=VECTOR('',#4323,10.);
#1024=VECTOR('',#4324,10.);
#1025=VECTOR('',#4325,10.);
#1026=VECTOR('',#4328,10.);
#1027=VECTOR('',#4331,10.);
#1028=VECTOR('',#4332,10.);
#1029=VECTOR('',#4333,10.);
#1030=VECTOR('',#4334,10.);
#1031=VECTOR('',#4335,10.);
#1032=VECTOR('',#4338,10.);
#1033=VECTOR('',#4339,10.);
#1034=VECTOR('',#4340,10.);
#1035=VECTOR('',#4341,10.);
#1036=VECTOR('',#4342,10.);
#1037=VECTOR('',#4343,10.);
#1038=VECTOR('',#4344,10.);
#1039=VECTOR('',#4345,10.);
#1040=VECTOR('',#4346,10.);
#1041=VECTOR('',#4347,10.);
#1042=VECTOR('',#4348,10.);
#1043=VECTOR('',#4349,10.);
#1044=VECTOR('',#4350,10.);
#1045=VECTOR('',#4351,10.);
#1046=VECTOR('',#4354,10.);
#1047=VECTOR('',#4355,10.);
#1048=VECTOR('',#4356,10.);
#1049=VECTOR('',#4357,10.);
#1050=VECTOR('',#4360,10.);
#1051=VECTOR('',#4361,10.);
#1052=VECTOR('',#4362,10.);
#1053=VECTOR('',#4363,10.);
#1054=VECTOR('',#4366,10.);
#1055=VECTOR('',#4367,10.);
#1056=VECTOR('',#4370,10.);
#1057=VECTOR('',#4373,10.);
#1058=VECTOR('',#4374,10.);
#1059=VECTOR('',#4375,10.);
#1060=VECTOR('',#4376,10.);
#1061=VECTOR('',#4377,10.);
#1062=VECTOR('',#4378,10.);
#1063=VECTOR('',#4379,10.);
#1064=VECTOR('',#4380,10.);
#1065=VECTOR('',#4381,10.);
#1066=VECTOR('',#4382,10.);
#1067=VECTOR('',#4383,10.);
#1068=VECTOR('',#4384,10.);
#1069=VECTOR('',#4385,10.);
#1070=VECTOR('',#4386,10.);
#1071=VECTOR('',#4387,10.);
#1072=VECTOR('',#4388,10.);
#1073=VECTOR('',#4389,10.);
#1074=VECTOR('',#4390,10.);
#1075=VECTOR('',#4391,10.);
#1076=VECTOR('',#4394,10.);
#1077=VECTOR('',#4395,10.);
#1078=VECTOR('',#4396,10.);
#1079=VECTOR('',#4397,10.);
#1080=VECTOR('',#4400,10.);
#1081=VECTOR('',#4401,10.);
#1082=VECTOR('',#4402,10.);
#1083=VECTOR('',#4403,10.);
#1084=VECTOR('',#4406,10.);
#1085=VECTOR('',#4407,10.);
#1086=VECTOR('',#4410,10.);
#1087=VECTOR('',#4413,10.);
#1088=VECTOR('',#4414,10.);
#1089=VECTOR('',#4415,10.);
#1090=VECTOR('',#4416,10.);
#1091=VECTOR('',#4417,10.);
#1092=VECTOR('',#4418,10.);
#1093=VECTOR('',#4419,10.);
#1094=VECTOR('',#4420,10.);
#1095=VECTOR('',#4421,10.);
#1096=VECTOR('',#4422,10.);
#1097=VECTOR('',#4423,10.);
#1098=VECTOR('',#4424,10.);
#1099=VECTOR('',#4425,10.);
#1100=VECTOR('',#4426,10.);
#1101=VECTOR('',#4427,10.);
#1102=VECTOR('',#4428,10.);
#1103=VECTOR('',#4429,10.);
#1104=VECTOR('',#4430,10.);
#1105=VECTOR('',#4431,10.);
#1106=VECTOR('',#4434,10.);
#1107=VECTOR('',#4435,10.);
#1108=VECTOR('',#4436,10.);
#1109=VECTOR('',#4437,10.);
#1110=VECTOR('',#4440,10.);
#1111=VECTOR('',#4441,10.);
#1112=VECTOR('',#4442,10.);
#1113=VECTOR('',#4445,10.);
#1114=VECTOR('',#4446,10.);
#1115=VECTOR('',#4447,10.);
#1116=VECTOR('',#4450,10.);
#1117=VECTOR('',#4453,10.);
#1118=VECTOR('',#4454,10.);
#1119=VECTOR('',#4455,10.);
#1120=VECTOR('',#4456,10.);
#1121=VECTOR('',#4457,10.);
#1122=VECTOR('',#4458,10.);
#1123=VECTOR('',#4459,10.);
#1124=VECTOR('',#4460,10.);
#1125=VECTOR('',#4461,10.);
#1126=VECTOR('',#4462,10.);
#1127=VECTOR('',#4463,10.);
#1128=VECTOR('',#4464,10.);
#1129=VECTOR('',#4465,10.);
#1130=VECTOR('',#4466,10.);
#1131=VECTOR('',#4467,10.);
#1132=VECTOR('',#4468,10.);
#1133=VECTOR('',#4469,10.);
#1134=VECTOR('',#4470,10.);
#1135=VECTOR('',#4471,10.);
#1136=VECTOR('',#4474,10.);
#1137=VECTOR('',#4475,10.);
#1138=VECTOR('',#4476,10.);
#1139=VECTOR('',#4479,10.);
#1140=VECTOR('',#4480,10.);
#1141=VECTOR('',#4481,10.);
#1142=VECTOR('',#4482,10.);
#1143=VECTOR('',#4485,10.);
#1144=VECTOR('',#4486,10.);
#1145=VECTOR('',#4487,10.);
#1146=VECTOR('',#4488,10.);
#1147=VECTOR('',#4491,10.);
#1148=VECTOR('',#4492,10.);
#1149=VECTOR('',#4495,10.);
#1150=VECTOR('',#4498,10.);
#1151=VECTOR('',#4499,10.);
#1152=VECTOR('',#4500,10.);
#1153=VECTOR('',#4501,10.);
#1154=VECTOR('',#4502,10.);
#1155=VECTOR('',#4503,10.);
#1156=VECTOR('',#4504,10.);
#1157=VECTOR('',#4505,10.);
#1158=VECTOR('',#4506,10.);
#1159=VECTOR('',#4507,10.);
#1160=VECTOR('',#4508,10.);
#1161=VECTOR('',#4509,10.);
#1162=VECTOR('',#4510,10.);
#1163=VECTOR('',#4511,10.);
#1164=VECTOR('',#4512,10.);
#1165=VECTOR('',#4513,10.);
#1166=VECTOR('',#4514,10.);
#1167=VECTOR('',#4515,10.);
#1168=VECTOR('',#4516,10.);
#1169=VECTOR('',#4519,10.);
#1170=VECTOR('',#4520,10.);
#1171=VECTOR('',#4521,10.);
#1172=VECTOR('',#4522,10.);
#1173=VECTOR('',#4525,10.);
#1174=VECTOR('',#4526,10.);
#1175=VECTOR('',#4527,10.);
#1176=VECTOR('',#4530,10.);
#1177=VECTOR('',#4531,10.);
#1178=VECTOR('',#4532,10.);
#1179=VECTOR('',#4535,10.);
#1180=VECTOR('',#4536,10.);
#1181=VECTOR('',#4537,10.);
#1182=VECTOR('',#4542,10.);
#1183=VECTOR('',#4545,10.);
#1184=VECTOR('',#4546,10.);
#1185=VECTOR('',#4547,10.);
#1186=VECTOR('',#4548,10.);
#1187=VECTOR('',#4551,10.);
#1188=VECTOR('',#4552,10.);
#1189=VECTOR('',#4553,10.);
#1190=VECTOR('',#4556,10.);
#1191=VECTOR('',#4557,10.);
#1192=VECTOR('',#4558,10.);
#1193=VECTOR('',#4559,10.);
#1194=VECTOR('',#4562,10.);
#1195=VECTOR('',#4563,10.);
#1196=VECTOR('',#4564,10.);
#1197=VECTOR('',#4565,10.);
#1198=VECTOR('',#4570,10.);
#1199=VECTOR('',#4571,10.);
#1200=VECTOR('',#4572,10.);
#1201=VECTOR('',#4573,10.);
#1202=VECTOR('',#4574,10.);
#1203=VECTOR('',#4575,10.);
#1204=VECTOR('',#4576,10.);
#1205=VECTOR('',#4577,10.);
#1206=VECTOR('',#4578,10.);
#1207=VECTOR('',#4579,10.);
#1208=VECTOR('',#4580,10.);
#1209=VECTOR('',#4581,10.);
#1210=VECTOR('',#4582,10.);
#1211=VECTOR('',#4583,10.);
#1212=VECTOR('',#4586,10.);
#1213=VECTOR('',#4587,10.);
#1214=VECTOR('',#4588,10.);
#1215=VECTOR('',#4589,10.);
#1216=VECTOR('',#4590,10.);
#1217=VECTOR('',#4593,10.);
#1218=VECTOR('',#4594,10.);
#1219=VECTOR('',#4595,10.);
#1220=VECTOR('',#4598,10.);
#1221=VECTOR('',#4599,10.);
#1222=VECTOR('',#4600,10.);
#1223=VECTOR('',#4603,10.);
#1224=VECTOR('',#4604,10.);
#1225=VECTOR('',#4605,10.);
#1226=VECTOR('',#4610,10.);
#1227=VECTOR('',#4611,10.);
#1228=VECTOR('',#4614,10.);
#1229=VECTOR('',#4615,10.);
#1230=VECTOR('',#4616,10.);
#1231=VECTOR('',#4617,10.);
#1232=VECTOR('',#4620,10.);
#1233=VECTOR('',#4621,10.);
#1234=VECTOR('',#4622,10.);
#1235=VECTOR('',#4625,10.);
#1236=VECTOR('',#4626,10.);
#1237=VECTOR('',#4627,10.);
#1238=VECTOR('',#4628,10.);
#1239=VECTOR('',#4631,10.);
#1240=VECTOR('',#4632,10.);
#1241=VECTOR('',#4635,10.);
#1242=VECTOR('',#4636,10.);
#1243=VECTOR('',#4639,10.);
#1244=VECTOR('',#4640,10.);
#1245=VECTOR('',#4643,10.);
#1246=VECTOR('',#4644,10.);
#1247=VECTOR('',#4645,10.);
#1248=VECTOR('',#4648,10.);
#1249=VECTOR('',#4649,10.);
#1250=VECTOR('',#4650,10.);
#1251=VECTOR('',#4651,10.);
#1252=VECTOR('',#4652,10.);
#1253=VECTOR('',#4655,10.);
#1254=VECTOR('',#4656,10.);
#1255=VECTOR('',#4657,10.);
#1256=VECTOR('',#4660,10.);
#1257=VECTOR('',#4661,10.);
#1258=VECTOR('',#4662,10.);
#1259=VECTOR('',#4665,10.);
#1260=VECTOR('',#4666,10.);
#1261=VECTOR('',#4667,10.);
#1262=VECTOR('',#4672,10.);
#1263=VECTOR('',#4673,10.);
#1264=VECTOR('',#4674,10.);
#1265=VECTOR('',#4675,10.);
#1266=VECTOR('',#4678,10.);
#1267=VECTOR('',#4679,10.);
#1268=VECTOR('',#4680,10.);
#1269=VECTOR('',#4681,10.);
#1270=VECTOR('',#4684,10.);
#1271=VECTOR('',#4685,10.);
#1272=VECTOR('',#4686,10.);
#1273=VECTOR('',#4687,10.);
#1274=VECTOR('',#4688,10.);
#1275=VECTOR('',#4691,10.);
#1276=VECTOR('',#4692,10.);
#1277=VECTOR('',#4695,10.);
#1278=VECTOR('',#4696,10.);
#1279=VECTOR('',#4697,10.);
#1280=VECTOR('',#4700,10.);
#1281=VECTOR('',#4701,10.);
#1282=VECTOR('',#4702,10.);
#1283=VECTOR('',#4707,10.);
#1284=VECTOR('',#4708,10.);
#1285=VECTOR('',#4709,10.);
#1286=VECTOR('',#4710,10.);
#1287=VECTOR('',#4713,10.);
#1288=VECTOR('',#4714,10.);
#1289=VECTOR('',#4715,10.);
#1290=VECTOR('',#4718,10.);
#1291=VECTOR('',#4719,10.);
#1292=VECTOR('',#4720,10.);
#1293=VECTOR('',#4721,10.);
#1294=VECTOR('',#4724,10.);
#1295=VECTOR('',#4725,10.);
#1296=VECTOR('',#4726,10.);
#1297=VECTOR('',#4729,10.);
#1298=VECTOR('',#4730,10.);
#1299=VECTOR('',#4731,10.);
#1300=VECTOR('',#4732,10.);
#1301=VECTOR('',#4733,10.);
#1302=VECTOR('',#4734,10.);
#1303=VECTOR('',#4737,10.);
#1304=VECTOR('',#4740,10.);
#1305=VECTOR('',#4741,10.);
#1306=VECTOR('',#4742,10.);
#1307=VECTOR('',#4743,10.);
#1308=VECTOR('',#4744,10.);
#1309=VECTOR('',#4745,10.);
#1310=VECTOR('',#4746,10.);
#1311=VECTOR('',#4747,10.);
#1312=VECTOR('',#4748,10.);
#1313=VECTOR('',#4749,10.);
#1314=VECTOR('',#4750,10.);
#1315=VECTOR('',#4753,10.);
#1316=VECTOR('',#4754,10.);
#1317=VECTOR('',#4755,10.);
#1318=VECTOR('',#4756,10.);
#1319=VECTOR('',#4757,10.);
#1320=VECTOR('',#4758,10.);
#1321=VECTOR('',#4759,10.);
#1322=VECTOR('',#4760,10.);
#1323=VECTOR('',#4761,10.);
#1324=VECTOR('',#4764,10.);
#1325=VECTOR('',#4765,10.);
#1326=VECTOR('',#4766,10.);
#1327=VECTOR('',#4767,10.);
#1328=VECTOR('',#4768,10.);
#1329=VECTOR('',#4769,10.);
#1330=VECTOR('',#4770,10.);
#1331=VECTOR('',#4771,10.);
#1332=VECTOR('',#4772,10.);
#1333=VECTOR('',#4773,10.);
#1334=VECTOR('',#4774,10.);
#1335=VECTOR('',#4775,10.);
#1336=VECTOR('',#4776,10.);
#1337=VECTOR('',#4777,10.);
#1338=VECTOR('',#4778,10.);
#1339=VECTOR('',#4779,10.);
#1340=VECTOR('',#4780,10.);
#1341=VECTOR('',#4781,10.);
#1342=VECTOR('',#4782,10.);
#1343=VECTOR('',#4785,10.);
#1344=VECTOR('',#4786,10.);
#1345=VECTOR('',#4787,10.);
#1346=VECTOR('',#4790,10.);
#1347=VECTOR('',#4791,10.);
#1348=VECTOR('',#4792,10.);
#1349=VECTOR('',#4795,10.);
#1350=VECTOR('',#4796,10.);
#1351=VECTOR('',#4797,10.);
#1352=VECTOR('',#4800,10.);
#1353=VECTOR('',#4801,10.);
#1354=VECTOR('',#4804,10.);
#1355=VECTOR('',#4805,10.);
#1356=VECTOR('',#4806,10.);
#1357=VECTOR('',#4809,10.);
#1358=VECTOR('',#4810,10.);
#1359=VECTOR('',#4811,10.);
#1360=VECTOR('',#4814,10.);
#1361=VECTOR('',#4815,10.);
#1362=VECTOR('',#4816,10.);
#1363=VECTOR('',#4817,10.);
#1364=VECTOR('',#4818,10.);
#1365=VECTOR('',#4819,10.);
#1366=VECTOR('',#4820,10.);
#1367=VECTOR('',#4821,10.);
#1368=VECTOR('',#4822,10.);
#1369=VECTOR('',#4825,10.);
#1370=VECTOR('',#4826,10.);
#1371=VECTOR('',#4827,10.);
#1372=VECTOR('',#4828,10.);
#1373=VECTOR('',#4829,10.);
#1374=VECTOR('',#4830,10.);
#1375=VECTOR('',#4831,10.);
#1376=VECTOR('',#4832,10.);
#1377=VECTOR('',#4833,10.);
#1378=VECTOR('',#4834,10.);
#1379=VECTOR('',#4835,10.);
#1380=VECTOR('',#4836,10.);
#1381=VECTOR('',#4837,10.);
#1382=VECTOR('',#4838,10.);
#1383=VECTOR('',#4839,10.);
#1384=VECTOR('',#4840,10.);
#1385=VECTOR('',#4841,10.);
#1386=VECTOR('',#4842,10.);
#1387=VECTOR('',#4843,10.);
#1388=VECTOR('',#4844,10.);
#1389=VECTOR('',#4847,10.);
#1390=VECTOR('',#4848,10.);
#1391=VECTOR('',#4849,10.);
#1392=VECTOR('',#4850,10.);
#1393=VECTOR('',#4851,10.);
#1394=VECTOR('',#4852,10.);
#1395=VECTOR('',#4853,10.);
#1396=VECTOR('',#4856,10.);
#1397=VECTOR('',#4857,10.);
#1398=VECTOR('',#4858,10.);
#1399=VECTOR('',#4859,10.);
#1400=VECTOR('',#4860,10.);
#1401=VECTOR('',#4863,10.);
#1402=VECTOR('',#4864,10.);
#1403=VECTOR('',#4865,10.);
#1404=VECTOR('',#4866,10.);
#1405=VECTOR('',#4869,10.);
#1406=VECTOR('',#4870,10.);
#1407=VECTOR('',#4871,10.);
#1408=VECTOR('',#4872,10.);
#1409=VECTOR('',#4873,10.);
#1410=VECTOR('',#4874,10.);
#1411=VECTOR('',#4877,10.);
#1412=VECTOR('',#4878,10.);
#1413=VECTOR('',#4879,10.);
#1414=VECTOR('',#4880,10.);
#1415=VECTOR('',#4881,10.);
#1416=VECTOR('',#4882,10.);
#1417=VECTOR('',#4883,10.);
#1418=VECTOR('',#4886,10.);
#1419=VECTOR('',#4887,10.);
#1420=VECTOR('',#4888,10.);
#1421=VECTOR('',#4889,10.);
#1422=VECTOR('',#4890,10.);
#1423=VECTOR('',#4893,10.);
#1424=VECTOR('',#4894,10.);
#1425=VECTOR('',#4895,10.);
#1426=VECTOR('',#4896,10.);
#1427=VECTOR('',#4897,10.);
#1428=VECTOR('',#4900,10.);
#1429=VECTOR('',#4901,10.);
#1430=VECTOR('',#4902,10.);
#1431=VECTOR('',#4903,10.);
#1432=VECTOR('',#4906,10.);
#1433=VECTOR('',#4907,10.);
#1434=VECTOR('',#4908,10.);
#1435=VECTOR('',#4909,10.);
#1436=VECTOR('',#4912,10.);
#1437=VECTOR('',#4913,10.);
#1438=VECTOR('',#4914,10.);
#1439=VECTOR('',#4915,10.);
#1440=VECTOR('',#4916,10.);
#1441=VECTOR('',#4917,10.);
#1442=VECTOR('',#4920,10.);
#1443=VECTOR('',#4921,10.);
#1444=VECTOR('',#4922,10.);
#1445=VECTOR('',#4925,10.);
#1446=VECTOR('',#4926,10.);
#1447=VECTOR('',#4927,10.);
#1448=VECTOR('',#4930,10.);
#1449=VECTOR('',#4933,10.);
#1450=VECTOR('',#4934,10.);
#1451=VECTOR('',#4935,10.);
#1452=VECTOR('',#4938,10.);
#1453=VECTOR('',#4939,10.);
#1454=VECTOR('',#4940,10.);
#1455=VECTOR('',#4943,10.);
#1456=VECTOR('',#4944,10.);
#1457=VECTOR('',#4945,10.);
#1458=VECTOR('',#4946,10.);
#1459=VECTOR('',#4947,10.);
#1460=VECTOR('',#4948,10.);
#1461=VECTOR('',#4949,10.);
#1462=VECTOR('',#4950,10.);
#1463=VECTOR('',#4951,10.);
#1464=VECTOR('',#4952,10.);
#1465=VECTOR('',#4955,10.);
#1466=VECTOR('',#4956,10.);
#1467=VECTOR('',#4957,10.);
#1468=VECTOR('',#4958,10.);
#1469=VECTOR('',#4959,10.);
#1470=VECTOR('',#4960,10.);
#1471=VECTOR('',#4961,10.);
#1472=VECTOR('',#4962,10.);
#1473=VECTOR('',#4965,10.);
#1474=VECTOR('',#4966,10.);
#1475=VECTOR('',#4967,10.);
#1476=VECTOR('',#4968,10.);
#1477=VECTOR('',#4969,10.);
#1478=VECTOR('',#4970,10.);
#1479=VECTOR('',#4971,10.);
#1480=VECTOR('',#4974,10.);
#1481=VECTOR('',#4975,10.);
#1482=VECTOR('',#4976,10.);
#1483=VECTOR('',#4977,10.);
#1484=VECTOR('',#4978,10.);
#1485=VECTOR('',#4979,10.);
#1486=VECTOR('',#4980,10.);
#1487=VECTOR('',#4983,10.);
#1488=VECTOR('',#4984,10.);
#1489=VECTOR('',#4985,10.);
#1490=VECTOR('',#4986,10.);
#1491=VECTOR('',#4987,10.);
#1492=VECTOR('',#4988,10.);
#1493=VECTOR('',#4991,10.);
#1494=VECTOR('',#4994,10.);
#1495=VECTOR('',#4997,10.);
#1496=VECTOR('',#5000,10.);
#1497=VECTOR('',#5003,10.);
#1498=VECTOR('',#5006,10.);
#1499=VECTOR('',#5007,10.);
#1500=VECTOR('',#5010,10.);
#1501=VECTOR('',#5011,10.);
#1502=VECTOR('',#5012,10.);
#1503=VECTOR('',#5015,10.);
#1504=VECTOR('',#5016,10.);
#1505=VECTOR('',#5017,10.);
#1506=VECTOR('',#5020,10.);
#1507=VECTOR('',#5023,10.);
#1508=VECTOR('',#5026,10.);
#1509=VECTOR('',#5029,10.);
#1510=VECTOR('',#5030,10.);
#1511=VECTOR('',#5033,10.);
#1512=VECTOR('',#5034,10.);
#1513=VECTOR('',#5037,10.);
#1514=VECTOR('',#5038,10.);
#1515=VECTOR('',#5039,10.);
#1516=VECTOR('',#5042,10.);
#1517=VECTOR('',#5047,10.);
#1518=VECTOR('',#5050,10.);
#1519=VECTOR('',#5051,10.);
#1520=VECTOR('',#5052,10.);
#1521=VECTOR('',#5053,10.);
#1522=VECTOR('',#5054,10.);
#1523=VECTOR('',#5057,10.);
#1524=VECTOR('',#5058,10.);
#1525=VECTOR('',#5059,10.);
#1526=VECTOR('',#5060,10.);
#1527=VECTOR('',#5063,10.);
#1528=VECTOR('',#5064,10.);
#1529=VECTOR('',#5067,10.);
#1530=VECTOR('',#5070,10.);
#1531=VECTOR('',#5073,10.);
#1532=VECTOR('',#5076,10.);
#1533=VECTOR('',#5077,10.);
#1534=VECTOR('',#5080,10.);
#1535=VECTOR('',#5083,10.);
#1536=VECTOR('',#5084,10.);
#1537=VECTOR('',#5085,10.);
#1538=VECTOR('',#5086,10.);
#1539=VECTOR('',#5089,10.);
#1540=VECTOR('',#5092,10.);
#1541=VECTOR('',#5093,10.);
#1542=VECTOR('',#5094,10.);
#1543=VECTOR('',#5095,10.);
#1544=VECTOR('',#5096,10.);
#1545=VECTOR('',#5099,10.);
#1546=VECTOR('',#5100,10.);
#1547=VECTOR('',#5101,10.);
#1548=VECTOR('',#5102,10.);
#1549=VECTOR('',#5105,10.);
#1550=VECTOR('',#5106,10.);
#1551=VECTOR('',#5107,10.);
#1552=VECTOR('',#5110,10.);
#1553=VECTOR('',#5113,10.);
#1554=VECTOR('',#5114,10.);
#1555=VECTOR('',#5115,10.);
#1556=VECTOR('',#5116,10.);
#1557=VECTOR('',#5121,10.);
#1558=VECTOR('',#5122,10.);
#1559=VECTOR('',#5125,10.);
#1560=VECTOR('',#5126,10.);
#1561=VECTOR('',#5129,10.);
#1562=VECTOR('',#5130,10.);
#1563=VECTOR('',#5131,10.);
#1564=VECTOR('',#5132,10.);
#1565=VECTOR('',#5133,10.);
#1566=VECTOR('',#5134,10.);
#1567=VECTOR('',#5135,10.);
#1568=VECTOR('',#5138,10.);
#1569=VECTOR('',#5139,10.);
#1570=VECTOR('',#5142,10.);
#1571=VECTOR('',#5145,10.);
#1572=VECTOR('',#5148,10.);
#1573=VECTOR('',#5151,10.);
#1574=VECTOR('',#5152,10.);
#1575=VECTOR('',#5153,10.);
#1576=VECTOR('',#5154,10.);
#1577=VECTOR('',#5155,10.);
#1578=VECTOR('',#5158,10.);
#1579=VECTOR('',#5165,10.);
#1580=VECTOR('',#5166,10.);
#1581=VECTOR('',#5169,10.);
#1582=VECTOR('',#5172,10.);
#1583=VECTOR('',#5175,10.);
#1584=VECTOR('',#5178,10.);
#1585=VECTOR('',#5179,10.);
#1586=VECTOR('',#5180,10.);
#1587=VECTOR('',#5181,10.);
#1588=VECTOR('',#5182,10.);
#1589=VECTOR('',#5185,10.);
#1590=VECTOR('',#5192,10.);
#1591=VECTOR('',#5193,10.);
#1592=VECTOR('',#5194,10.);
#1593=VECTOR('',#5195,10.);
#1594=VECTOR('',#5196,10.);
#1595=VECTOR('',#5199,10.);
#1596=VECTOR('',#5202,10.);
#1597=VECTOR('',#5203,10.);
#1598=VECTOR('',#5204,10.);
#1599=VECTOR('',#5205,10.);
#1600=VECTOR('',#5206,10.);
#1601=VECTOR('',#5207,10.);
#1602=VECTOR('',#5208,10.);
#1603=VECTOR('',#5209,10.);
#1604=VECTOR('',#5210,10.);
#1605=VECTOR('',#5215,10.);
#1606=VECTOR('',#5224,10.);
#1607=VECTOR('',#5229,10.);
#1608=VECTOR('',#5230,10.);
#1609=VECTOR('',#5233,10.);
#1610=VECTOR('',#5236,10.);
#1611=VECTOR('',#5243,10.);
#1612=VECTOR('',#5248,10.);
#1613=VECTOR('',#5249,10.);
#1614=VECTOR('',#5252,10.);
#1615=VECTOR('',#5253,10.);
#1616=VECTOR('',#5256,10.);
#1617=VERTEX_POINT('',#5261);
#1618=VERTEX_POINT('',#5262);
#1619=VERTEX_POINT('',#5264);
#1620=VERTEX_POINT('',#5266);
#1621=VERTEX_POINT('',#5270);
#1622=VERTEX_POINT('',#5272);
#1623=VERTEX_POINT('',#5274);
#1624=VERTEX_POINT('',#5278);
#1625=VERTEX_POINT('',#5280);
#1626=VERTEX_POINT('',#5282);
#1627=VERTEX_POINT('',#5288);
#1628=VERTEX_POINT('',#5290);
#1629=VERTEX_POINT('',#5292);
#1630=VERTEX_POINT('',#5298);
#1631=VERTEX_POINT('',#5300);
#1632=VERTEX_POINT('',#5302);
#1633=VERTEX_POINT('',#5304);
#1634=VERTEX_POINT('',#5306);
#1635=VERTEX_POINT('',#5308);
#1636=VERTEX_POINT('',#5310);
#1637=VERTEX_POINT('',#5312);
#1638=VERTEX_POINT('',#5314);
#1639=VERTEX_POINT('',#5316);
#1640=VERTEX_POINT('',#5318);
#1641=VERTEX_POINT('',#5323);
#1642=VERTEX_POINT('',#5324);
#1643=VERTEX_POINT('',#5326);
#1644=VERTEX_POINT('',#5328);
#1645=VERTEX_POINT('',#5332);
#1646=VERTEX_POINT('',#5333);
#1647=VERTEX_POINT('',#5335);
#1648=VERTEX_POINT('',#5337);
#1649=VERTEX_POINT('',#5346);
#1650=VERTEX_POINT('',#5348);
#1651=VERTEX_POINT('',#5350);
#1652=VERTEX_POINT('',#5352);
#1653=VERTEX_POINT('',#5354);
#1654=VERTEX_POINT('',#5356);
#1655=VERTEX_POINT('',#5358);
#1656=VERTEX_POINT('',#5360);
#1657=VERTEX_POINT('',#5362);
#1658=VERTEX_POINT('',#5364);
#1659=VERTEX_POINT('',#5366);
#1660=VERTEX_POINT('',#5368);
#1661=VERTEX_POINT('',#5370);
#1662=VERTEX_POINT('',#5372);
#1663=VERTEX_POINT('',#5374);
#1664=VERTEX_POINT('',#5376);
#1665=VERTEX_POINT('',#5378);
#1666=VERTEX_POINT('',#5380);
#1667=VERTEX_POINT('',#5384);
#1668=VERTEX_POINT('',#5385);
#1669=VERTEX_POINT('',#5387);
#1670=VERTEX_POINT('',#5389);
#1671=VERTEX_POINT('',#5393);
#1672=VERTEX_POINT('',#5394);
#1673=VERTEX_POINT('',#5396);
#1674=VERTEX_POINT('',#5398);
#1675=VERTEX_POINT('',#5407);
#1676=VERTEX_POINT('',#5409);
#1677=VERTEX_POINT('',#5411);
#1678=VERTEX_POINT('',#5413);
#1679=VERTEX_POINT('',#5415);
#1680=VERTEX_POINT('',#5417);
#1681=VERTEX_POINT('',#5419);
#1682=VERTEX_POINT('',#5421);
#1683=VERTEX_POINT('',#5423);
#1684=VERTEX_POINT('',#5425);
#1685=VERTEX_POINT('',#5427);
#1686=VERTEX_POINT('',#5429);
#1687=VERTEX_POINT('',#5431);
#1688=VERTEX_POINT('',#5433);
#1689=VERTEX_POINT('',#5435);
#1690=VERTEX_POINT('',#5437);
#1691=VERTEX_POINT('',#5439);
#1692=VERTEX_POINT('',#5441);
#1693=VERTEX_POINT('',#5445);
#1694=VERTEX_POINT('',#5446);
#1695=VERTEX_POINT('',#5448);
#1696=VERTEX_POINT('',#5450);
#1697=VERTEX_POINT('',#5454);
#1698=VERTEX_POINT('',#5456);
#1699=VERTEX_POINT('',#5460);
#1700=VERTEX_POINT('',#5461);
#1701=VERTEX_POINT('',#5468);
#1702=VERTEX_POINT('',#5470);
#1703=VERTEX_POINT('',#5472);
#1704=VERTEX_POINT('',#5474);
#1705=VERTEX_POINT('',#5476);
#1706=VERTEX_POINT('',#5478);
#1707=VERTEX_POINT('',#5480);
#1708=VERTEX_POINT('',#5482);
#1709=VERTEX_POINT('',#5484);
#1710=VERTEX_POINT('',#5486);
#1711=VERTEX_POINT('',#5488);
#1712=VERTEX_POINT('',#5490);
#1713=VERTEX_POINT('',#5492);
#1714=VERTEX_POINT('',#5494);
#1715=VERTEX_POINT('',#5496);
#1716=VERTEX_POINT('',#5498);
#1717=VERTEX_POINT('',#5500);
#1718=VERTEX_POINT('',#5502);
#1719=VERTEX_POINT('',#5506);
#1720=VERTEX_POINT('',#5508);
#1721=VERTEX_POINT('',#5512);
#1722=VERTEX_POINT('',#5513);
#1723=VERTEX_POINT('',#5515);
#1724=VERTEX_POINT('',#5517);
#1725=VERTEX_POINT('',#5521);
#1726=VERTEX_POINT('',#5522);
#1727=VERTEX_POINT('',#5524);
#1728=VERTEX_POINT('',#5526);
#1729=VERTEX_POINT('',#5535);
#1730=VERTEX_POINT('',#5537);
#1731=VERTEX_POINT('',#5539);
#1732=VERTEX_POINT('',#5541);
#1733=VERTEX_POINT('',#5543);
#1734=VERTEX_POINT('',#5545);
#1735=VERTEX_POINT('',#5547);
#1736=VERTEX_POINT('',#5549);
#1737=VERTEX_POINT('',#5551);
#1738=VERTEX_POINT('',#5553);
#1739=VERTEX_POINT('',#5555);
#1740=VERTEX_POINT('',#5557);
#1741=VERTEX_POINT('',#5559);
#1742=VERTEX_POINT('',#5561);
#1743=VERTEX_POINT('',#5563);
#1744=VERTEX_POINT('',#5565);
#1745=VERTEX_POINT('',#5567);
#1746=VERTEX_POINT('',#5569);
#1747=VERTEX_POINT('',#5573);
#1748=VERTEX_POINT('',#5574);
#1749=VERTEX_POINT('',#5576);
#1750=VERTEX_POINT('',#5578);
#1751=VERTEX_POINT('',#5582);
#1752=VERTEX_POINT('',#5584);
#1753=VERTEX_POINT('',#5588);
#1754=VERTEX_POINT('',#5590);
#1755=VERTEX_POINT('',#5595);
#1756=VERTEX_POINT('',#5602);
#1757=VERTEX_POINT('',#5603);
#1758=VERTEX_POINT('',#5605);
#1759=VERTEX_POINT('',#5607);
#1760=VERTEX_POINT('',#5611);
#1761=VERTEX_POINT('',#5613);
#1762=VERTEX_POINT('',#5617);
#1763=VERTEX_POINT('',#5618);
#1764=VERTEX_POINT('',#5621);
#1765=VERTEX_POINT('',#5625);
#1766=VERTEX_POINT('',#5626);
#1767=VERTEX_POINT('',#5633);
#1768=VERTEX_POINT('',#5635);
#1769=VERTEX_POINT('',#5637);
#1770=VERTEX_POINT('',#5639);
#1771=VERTEX_POINT('',#5641);
#1772=VERTEX_POINT('',#5643);
#1773=VERTEX_POINT('',#5645);
#1774=VERTEX_POINT('',#5647);
#1775=VERTEX_POINT('',#5649);
#1776=VERTEX_POINT('',#5651);
#1777=VERTEX_POINT('',#5653);
#1778=VERTEX_POINT('',#5655);
#1779=VERTEX_POINT('',#5657);
#1780=VERTEX_POINT('',#5661);
#1781=VERTEX_POINT('',#5663);
#1782=VERTEX_POINT('',#5665);
#1783=VERTEX_POINT('',#5667);
#1784=VERTEX_POINT('',#5671);
#1785=VERTEX_POINT('',#5673);
#1786=VERTEX_POINT('',#5677);
#1787=VERTEX_POINT('',#5679);
#1788=VERTEX_POINT('',#5683);
#1789=VERTEX_POINT('',#5692);
#1790=VERTEX_POINT('',#5694);
#1791=VERTEX_POINT('',#5696);
#1792=VERTEX_POINT('',#5700);
#1793=VERTEX_POINT('',#5702);
#1794=VERTEX_POINT('',#5706);
#1795=VERTEX_POINT('',#5708);
#1796=VERTEX_POINT('',#5710);
#1797=VERTEX_POINT('',#5717);
#1798=VERTEX_POINT('',#5721);
#1799=VERTEX_POINT('',#5725);
#1800=VERTEX_POINT('',#5727);
#1801=VERTEX_POINT('',#5731);
#1802=VERTEX_POINT('',#5733);
#1803=VERTEX_POINT('',#5735);
#1804=VERTEX_POINT('',#5737);
#1805=VERTEX_POINT('',#5741);
#1806=VERTEX_POINT('',#5743);
#1807=VERTEX_POINT('',#5747);
#1808=VERTEX_POINT('',#5749);
#1809=VERTEX_POINT('',#5753);
#1810=VERTEX_POINT('',#5759);
#1811=VERTEX_POINT('',#5761);
#1812=VERTEX_POINT('',#5763);
#1813=VERTEX_POINT('',#5767);
#1814=VERTEX_POINT('',#5769);
#1815=VERTEX_POINT('',#5771);
#1816=VERTEX_POINT('',#5775);
#1817=VERTEX_POINT('',#5777);
#1818=VERTEX_POINT('',#5779);
#1819=VERTEX_POINT('',#5781);
#1820=VERTEX_POINT('',#5788);
#1821=VERTEX_POINT('',#5790);
#1822=VERTEX_POINT('',#5794);
#1823=VERTEX_POINT('',#5800);
#1824=VERTEX_POINT('',#5802);
#1825=VERTEX_POINT('',#5804);
#1826=VERTEX_POINT('',#5808);
#1827=VERTEX_POINT('',#5810);
#1828=VERTEX_POINT('',#5814);
#1829=VERTEX_POINT('',#5815);
#1830=VERTEX_POINT('',#5817);
#1831=VERTEX_POINT('',#5819);
#1832=VERTEX_POINT('',#5823);
#1833=VERTEX_POINT('',#5824);
#1834=VERTEX_POINT('',#5829);
#1835=VERTEX_POINT('',#5831);
#1836=VERTEX_POINT('',#5833);
#1837=VERTEX_POINT('',#5836);
#1838=VERTEX_POINT('',#5844);
#1839=VERTEX_POINT('',#5846);
#1840=VERTEX_POINT('',#5848);
#1841=VERTEX_POINT('',#5850);
#1842=VERTEX_POINT('',#5852);
#1843=VERTEX_POINT('',#5854);
#1844=VERTEX_POINT('',#5857);
#1845=VERTEX_POINT('',#5861);
#1846=VERTEX_POINT('',#5863);
#1847=VERTEX_POINT('',#5865);
#1848=VERTEX_POINT('',#5868);
#1849=VERTEX_POINT('',#5871);
#1850=VERTEX_POINT('',#5876);
#1851=VERTEX_POINT('',#5877);
#1852=VERTEX_POINT('',#5879);
#1853=VERTEX_POINT('',#5881);
#1854=VERTEX_POINT('',#5884);
#1855=VERTEX_POINT('',#5887);
#1856=VERTEX_POINT('',#5888);
#1857=VERTEX_POINT('',#5890);
#1858=VERTEX_POINT('',#5894);
#1859=VERTEX_POINT('',#5895);
#1860=VERTEX_POINT('',#5897);
#1861=VERTEX_POINT('',#5900);
#1862=VERTEX_POINT('',#5901);
#1863=VERTEX_POINT('',#5903);
#1864=VERTEX_POINT('',#5906);
#1865=VERTEX_POINT('',#5907);
#1866=VERTEX_POINT('',#5909);
#1867=VERTEX_POINT('',#5913);
#1868=VERTEX_POINT('',#5915);
#1869=VERTEX_POINT('',#5919);
#1870=VERTEX_POINT('',#5921);
#1871=VERTEX_POINT('',#5925);
#1872=VERTEX_POINT('',#5927);
#1873=VERTEX_POINT('',#5945);
#1874=VERTEX_POINT('',#5947);
#1875=VERTEX_POINT('',#5949);
#1876=VERTEX_POINT('',#5955);
#1877=VERTEX_POINT('',#5957);
#1878=VERTEX_POINT('',#5960);
#1879=VERTEX_POINT('',#5962);
#1880=VERTEX_POINT('',#5965);
#1881=VERTEX_POINT('',#5966);
#1882=VERTEX_POINT('',#5970);
#1883=VERTEX_POINT('',#5972);
#1884=VERTEX_POINT('',#5975);
#1885=VERTEX_POINT('',#5977);
#1886=VERTEX_POINT('',#5980);
#1887=VERTEX_POINT('',#5981);
#1888=VERTEX_POINT('',#5985);
#1889=VERTEX_POINT('',#5989);
#1890=VERTEX_POINT('',#5991);
#1891=VERTEX_POINT('',#5993);
#1892=VERTEX_POINT('',#5995);
#1893=VERTEX_POINT('',#5998);
#1894=VERTEX_POINT('',#6002);
#1895=VERTEX_POINT('',#6005);
#1896=VERTEX_POINT('',#6010);
#1897=VERTEX_POINT('',#6013);
#1898=VERTEX_POINT('',#6017);
#1899=VERTEX_POINT('',#6020);
#1900=VERTEX_POINT('',#6022);
#1901=VERTEX_POINT('',#6027);
#1902=VERTEX_POINT('',#6029);
#1903=VERTEX_POINT('',#6031);
#1904=VERTEX_POINT('',#6033);
#1905=VERTEX_POINT('',#6036);
#1906=VERTEX_POINT('',#6040);
#1907=VERTEX_POINT('',#6043);
#1908=VERTEX_POINT('',#6049);
#1909=VERTEX_POINT('',#6051);
#1910=VERTEX_POINT('',#6056);
#1911=VERTEX_POINT('',#6059);
#1912=VERTEX_POINT('',#6065);
#1913=VERTEX_POINT('',#6069);
#1914=VERTEX_POINT('',#6073);
#1915=VERTEX_POINT('',#6075);
#1916=VERTEX_POINT('',#6079);
#1917=VERTEX_POINT('',#6081);
#1918=VERTEX_POINT('',#6085);
#1919=VERTEX_POINT('',#6087);
#1920=VERTEX_POINT('',#6093);
#1921=VERTEX_POINT('',#6095);
#1922=VERTEX_POINT('',#6099);
#1923=VERTEX_POINT('',#6101);
#1924=VERTEX_POINT('',#6105);
#1925=VERTEX_POINT('',#6107);
#1926=VERTEX_POINT('',#6109);
#1927=VERTEX_POINT('',#6111);
#1928=VERTEX_POINT('',#6115);
#1929=VERTEX_POINT('',#6121);
#1930=VERTEX_POINT('',#6124);
#1931=VERTEX_POINT('',#6126);
#1932=VERTEX_POINT('',#6129);
#1933=VERTEX_POINT('',#6134);
#1934=VERTEX_POINT('',#6137);
#1935=VERTEX_POINT('',#6140);
#1936=VERTEX_POINT('',#6146);
#1937=VERTEX_POINT('',#6149);
#1938=VERTEX_POINT('',#6151);
#1939=VERTEX_POINT('',#6157);
#1940=VERTEX_POINT('',#6161);
#1941=VERTEX_POINT('',#6175);
#1942=VERTEX_POINT('',#6179);
#1943=VERTEX_POINT('',#6181);
#1944=VERTEX_POINT('',#6185);
#1945=VERTEX_POINT('',#6187);
#1946=VERTEX_POINT('',#6197);
#1947=VERTEX_POINT('',#6201);
#1948=VERTEX_POINT('',#6205);
#1949=VERTEX_POINT('',#6207);
#1950=VERTEX_POINT('',#6216);
#1951=VERTEX_POINT('',#6218);
#1952=VERTEX_POINT('',#6226);
#1953=VERTEX_POINT('',#6244);
#1954=VERTEX_POINT('',#6245);
#1955=VERTEX_POINT('',#6247);
#1956=VERTEX_POINT('',#6249);
#1957=VERTEX_POINT('',#6258);
#1958=VERTEX_POINT('',#6267);
#1959=VERTEX_POINT('',#6269);
#1960=VERTEX_POINT('',#6284);
#1961=VERTEX_POINT('',#6291);
#1962=VERTEX_POINT('',#6293);
#1963=VERTEX_POINT('',#6298);
#1964=VERTEX_POINT('',#6308);
#1965=VERTEX_POINT('',#6319);
#1966=VERTEX_POINT('',#6329);
#1967=VERTEX_POINT('',#6340);
#1968=VERTEX_POINT('',#6353);
#1969=VERTEX_POINT('',#6355);
#1970=VERTEX_POINT('',#6370);
#1971=VERTEX_POINT('',#6383);
#1972=VERTEX_POINT('',#6387);
#1973=EDGE_CURVE('',#1617,#1618,#411,.T.);
#1974=EDGE_CURVE('',#1619,#1617,#412,.T.);
#1975=EDGE_CURVE('',#1620,#1619,#413,.T.);
#1976=EDGE_CURVE('',#1618,#1620,#414,.T.);
#1977=EDGE_CURVE('',#1621,#1617,#415,.T.);
#1978=EDGE_CURVE('',#1622,#1621,#416,.T.);
#1979=EDGE_CURVE('',#1623,#1622,#417,.T.);
#1980=EDGE_CURVE('',#1619,#1623,#418,.T.);
#1981=EDGE_CURVE('',#1618,#1624,#419,.T.);
#1982=EDGE_CURVE('',#1620,#1625,#420,.T.);
#1983=EDGE_CURVE('',#1626,#1625,#421,.T.);
#1984=EDGE_CURVE('',#1624,#1626,#422,.T.);
#1985=EDGE_CURVE('',#1625,#1623,#423,.T.);
#1986=EDGE_CURVE('',#1627,#1621,#424,.T.);
#1987=EDGE_CURVE('',#1628,#1627,#425,.T.);
#1988=EDGE_CURVE('',#1629,#1628,#426,.T.);
#1989=EDGE_CURVE('',#1629,#1624,#427,.T.);
#1990=EDGE_CURVE('',#1626,#1622,#428,.T.);
#1991=EDGE_CURVE('',#1622,#1621,#429,.T.);
#1992=EDGE_CURVE('',#1630,#1621,#430,.T.);
#1993=EDGE_CURVE('',#1631,#1630,#431,.T.);
#1994=EDGE_CURVE('',#1631,#1632,#432,.T.);
#1995=EDGE_CURVE('',#1633,#1632,#433,.T.);
#1996=EDGE_CURVE('',#1634,#1633,#434,.T.);
#1997=EDGE_CURVE('',#1634,#1635,#435,.T.);
#1998=EDGE_CURVE('',#1635,#1636,#436,.T.);
#1999=EDGE_CURVE('',#1637,#1636,#437,.T.);
#2000=EDGE_CURVE('',#1637,#1638,#438,.T.);
#2001=EDGE_CURVE('',#1638,#1639,#439,.T.);
#2002=EDGE_CURVE('',#1639,#1640,#440,.T.);
#2003=EDGE_CURVE('',#1629,#1640,#441,.T.);
#2004=EDGE_CURVE('',#1629,#1626,#442,.T.);
#2005=EDGE_CURVE('',#1641,#1642,#443,.T.);
#2006=EDGE_CURVE('',#1641,#1643,#444,.T.);
#2007=EDGE_CURVE('',#1643,#1644,#445,.T.);
#2008=EDGE_CURVE('',#1642,#1644,#446,.T.);
#2009=EDGE_CURVE('',#1645,#1646,#447,.T.);
#2010=EDGE_CURVE('',#1647,#1645,#448,.T.);
#2011=EDGE_CURVE('',#1648,#1647,#449,.T.);
#2012=EDGE_CURVE('',#1648,#1646,#450,.T.);
#2013=EDGE_CURVE('',#1643,#1648,#451,.T.);
#2014=EDGE_CURVE('',#1644,#1647,#452,.T.);
#2015=EDGE_CURVE('',#1646,#1641,#453,.T.);
#2016=EDGE_CURVE('',#1649,#1642,#454,.T.);
#2017=EDGE_CURVE('',#1649,#1650,#455,.T.);
#2018=EDGE_CURVE('',#1651,#1650,#456,.T.);
#2019=EDGE_CURVE('',#1651,#1652,#457,.T.);
#2020=EDGE_CURVE('',#1653,#1652,#458,.T.);
#2021=EDGE_CURVE('',#1653,#1654,#459,.T.);
#2022=EDGE_CURVE('',#1655,#1654,#460,.T.);
#2023=EDGE_CURVE('',#1656,#1655,#461,.T.);
#2024=EDGE_CURVE('',#1656,#1657,#462,.T.);
#2025=EDGE_CURVE('',#1658,#1657,#463,.T.);
#2026=EDGE_CURVE('',#1658,#1659,#464,.T.);
#2027=EDGE_CURVE('',#1660,#1659,#465,.T.);
#2028=EDGE_CURVE('',#1660,#1661,#466,.T.);
#2029=EDGE_CURVE('',#1661,#1662,#467,.T.);
#2030=EDGE_CURVE('',#1662,#1663,#468,.T.);
#2031=EDGE_CURVE('',#1663,#1664,#469,.T.);
#2032=EDGE_CURVE('',#1665,#1664,#470,.T.);
#2033=EDGE_CURVE('',#1666,#1665,#471,.T.);
#2034=EDGE_CURVE('',#1666,#1645,#472,.T.);
#2035=EDGE_CURVE('',#1667,#1668,#473,.T.);
#2036=EDGE_CURVE('',#1667,#1669,#474,.T.);
#2037=EDGE_CURVE('',#1669,#1670,#475,.T.);
#2038=EDGE_CURVE('',#1668,#1670,#476,.T.);
#2039=EDGE_CURVE('',#1671,#1672,#477,.T.);
#2040=EDGE_CURVE('',#1673,#1671,#478,.T.);
#2041=EDGE_CURVE('',#1674,#1673,#479,.T.);
#2042=EDGE_CURVE('',#1674,#1672,#480,.T.);
#2043=EDGE_CURVE('',#1669,#1674,#481,.T.);
#2044=EDGE_CURVE('',#1670,#1673,#482,.T.);
#2045=EDGE_CURVE('',#1672,#1667,#483,.T.);
#2046=EDGE_CURVE('',#1675,#1668,#484,.T.);
#2047=EDGE_CURVE('',#1675,#1676,#485,.T.);
#2048=EDGE_CURVE('',#1677,#1676,#486,.T.);
#2049=EDGE_CURVE('',#1677,#1678,#487,.T.);
#2050=EDGE_CURVE('',#1679,#1678,#488,.T.);
#2051=EDGE_CURVE('',#1679,#1680,#489,.T.);
#2052=EDGE_CURVE('',#1681,#1680,#490,.T.);
#2053=EDGE_CURVE('',#1682,#1681,#491,.T.);
#2054=EDGE_CURVE('',#1682,#1683,#492,.T.);
#2055=EDGE_CURVE('',#1684,#1683,#493,.T.);
#2056=EDGE_CURVE('',#1684,#1685,#494,.T.);
#2057=EDGE_CURVE('',#1686,#1685,#495,.T.);
#2058=EDGE_CURVE('',#1686,#1687,#496,.T.);
#2059=EDGE_CURVE('',#1687,#1688,#497,.T.);
#2060=EDGE_CURVE('',#1688,#1689,#498,.T.);
#2061=EDGE_CURVE('',#1689,#1690,#499,.T.);
#2062=EDGE_CURVE('',#1691,#1690,#500,.T.);
#2063=EDGE_CURVE('',#1692,#1691,#501,.T.);
#2064=EDGE_CURVE('',#1692,#1671,#502,.T.);
#2065=EDGE_CURVE('',#1693,#1694,#503,.T.);
#2066=EDGE_CURVE('',#1695,#1693,#504,.T.);
#2067=EDGE_CURVE('',#1696,#1695,#505,.T.);
#2068=EDGE_CURVE('',#1696,#1694,#506,.T.);
#2069=EDGE_CURVE('',#1697,#1696,#507,.T.);
#2070=EDGE_CURVE('',#1698,#1695,#508,.T.);
#2071=EDGE_CURVE('',#1697,#1698,#509,.T.);
#2072=EDGE_CURVE('',#1699,#1700,#510,.T.);
#2073=EDGE_CURVE('',#1699,#1697,#511,.T.);
#2074=EDGE_CURVE('',#1700,#1698,#512,.T.);
#2075=EDGE_CURVE('',#1694,#1699,#513,.T.);
#2076=EDGE_CURVE('',#1701,#1700,#514,.T.);
#2077=EDGE_CURVE('',#1701,#1702,#515,.T.);
#2078=EDGE_CURVE('',#1703,#1702,#516,.T.);
#2079=EDGE_CURVE('',#1703,#1704,#517,.T.);
#2080=EDGE_CURVE('',#1705,#1704,#518,.T.);
#2081=EDGE_CURVE('',#1705,#1706,#519,.T.);
#2082=EDGE_CURVE('',#1707,#1706,#520,.T.);
#2083=EDGE_CURVE('',#1708,#1707,#521,.T.);
#2084=EDGE_CURVE('',#1708,#1709,#522,.T.);
#2085=EDGE_CURVE('',#1710,#1709,#523,.T.);
#2086=EDGE_CURVE('',#1710,#1711,#524,.T.);
#2087=EDGE_CURVE('',#1712,#1711,#525,.T.);
#2088=EDGE_CURVE('',#1712,#1713,#526,.T.);
#2089=EDGE_CURVE('',#1713,#1714,#527,.T.);
#2090=EDGE_CURVE('',#1714,#1715,#528,.T.);
#2091=EDGE_CURVE('',#1715,#1716,#529,.T.);
#2092=EDGE_CURVE('',#1717,#1716,#530,.T.);
#2093=EDGE_CURVE('',#1718,#1717,#531,.T.);
#2094=EDGE_CURVE('',#1718,#1693,#532,.T.);
#2095=EDGE_CURVE('',#1719,#1693,#533,.T.);
#2096=EDGE_CURVE('',#1720,#1719,#534,.T.);
#2097=EDGE_CURVE('',#1701,#1720,#535,.T.);
#2098=EDGE_CURVE('',#1721,#1722,#536,.T.);
#2099=EDGE_CURVE('',#1721,#1723,#537,.T.);
#2100=EDGE_CURVE('',#1723,#1724,#538,.T.);
#2101=EDGE_CURVE('',#1722,#1724,#539,.T.);
#2102=EDGE_CURVE('',#1725,#1726,#540,.T.);
#2103=EDGE_CURVE('',#1727,#1725,#541,.T.);
#2104=EDGE_CURVE('',#1728,#1727,#542,.T.);
#2105=EDGE_CURVE('',#1728,#1726,#543,.T.);
#2106=EDGE_CURVE('',#1723,#1728,#544,.T.);
#2107=EDGE_CURVE('',#1724,#1727,#545,.T.);
#2108=EDGE_CURVE('',#1726,#1721,#546,.T.);
#2109=EDGE_CURVE('',#1729,#1722,#547,.T.);
#2110=EDGE_CURVE('',#1729,#1730,#548,.T.);
#2111=EDGE_CURVE('',#1731,#1730,#549,.T.);
#2112=EDGE_CURVE('',#1731,#1732,#550,.T.);
#2113=EDGE_CURVE('',#1733,#1732,#551,.T.);
#2114=EDGE_CURVE('',#1733,#1734,#552,.T.);
#2115=EDGE_CURVE('',#1735,#1734,#553,.T.);
#2116=EDGE_CURVE('',#1736,#1735,#554,.T.);
#2117=EDGE_CURVE('',#1736,#1737,#555,.T.);
#2118=EDGE_CURVE('',#1738,#1737,#556,.T.);
#2119=EDGE_CURVE('',#1738,#1739,#557,.T.);
#2120=EDGE_CURVE('',#1740,#1739,#558,.T.);
#2121=EDGE_CURVE('',#1740,#1741,#559,.T.);
#2122=EDGE_CURVE('',#1741,#1742,#560,.T.);
#2123=EDGE_CURVE('',#1742,#1743,#561,.T.);
#2124=EDGE_CURVE('',#1743,#1744,#562,.T.);
#2125=EDGE_CURVE('',#1745,#1744,#563,.T.);
#2126=EDGE_CURVE('',#1746,#1745,#564,.T.);
#2127=EDGE_CURVE('',#1746,#1725,#565,.T.);
#2128=EDGE_CURVE('',#1747,#1748,#566,.T.);
#2129=EDGE_CURVE('',#1748,#1749,#567,.T.);
#2130=EDGE_CURVE('',#1750,#1749,#568,.T.);
#2131=EDGE_CURVE('',#1747,#1750,#569,.T.);
#2132=EDGE_CURVE('',#1751,#1747,#570,.T.);
#2133=EDGE_CURVE('',#1752,#1750,#571,.T.);
#2134=EDGE_CURVE('',#1751,#1752,#572,.T.);
#2135=EDGE_CURVE('',#1753,#1751,#573,.T.);
#2136=EDGE_CURVE('',#1754,#1752,#574,.T.);
#2137=EDGE_CURVE('',#1753,#1754,#575,.T.);
#2138=EDGE_CURVE('',#1748,#1753,#576,.T.);
#2139=EDGE_CURVE('',#1755,#1754,#577,.T.);
#2140=EDGE_CURVE('',#1749,#1755,#578,.T.);
#2141=EDGE_CURVE('',#1750,#1755,#579,.T.);
#2142=EDGE_CURVE('',#1756,#1757,#580,.T.);
#2143=EDGE_CURVE('',#1756,#1758,#581,.T.);
#2144=EDGE_CURVE('',#1759,#1758,#582,.T.);
#2145=EDGE_CURVE('',#1757,#1759,#583,.T.);
#2146=EDGE_CURVE('',#1760,#1756,#584,.T.);
#2147=EDGE_CURVE('',#1760,#1761,#585,.T.);
#2148=EDGE_CURVE('',#1758,#1761,#586,.T.);
#2149=EDGE_CURVE('',#1762,#1763,#587,.T.);
#2150=EDGE_CURVE('',#1757,#1763,#588,.T.);
#2151=EDGE_CURVE('',#1764,#1759,#589,.T.);
#2152=EDGE_CURVE('',#1762,#1764,#590,.T.);
#2153=EDGE_CURVE('',#1765,#1766,#591,.T.);
#2154=EDGE_CURVE('',#1765,#1762,#592,.T.);
#2155=EDGE_CURVE('',#1761,#1764,#593,.T.);
#2156=EDGE_CURVE('',#1766,#1760,#594,.T.);
#2157=EDGE_CURVE('',#1757,#1767,#595,.T.);
#2158=EDGE_CURVE('',#1768,#1767,#596,.T.);
#2159=EDGE_CURVE('',#1769,#1768,#597,.T.);
#2160=EDGE_CURVE('',#1769,#1770,#598,.T.);
#2161=EDGE_CURVE('',#1771,#1770,#599,.T.);
#2162=EDGE_CURVE('',#1772,#1771,#600,.T.);
#2163=EDGE_CURVE('',#1772,#1773,#601,.T.);
#2164=EDGE_CURVE('',#1773,#1774,#602,.T.);
#2165=EDGE_CURVE('',#1775,#1774,#603,.T.);
#2166=EDGE_CURVE('',#1775,#1776,#604,.T.);
#2167=EDGE_CURVE('',#1776,#1777,#605,.T.);
#2168=EDGE_CURVE('',#1777,#1778,#606,.T.);
#2169=EDGE_CURVE('',#1779,#1778,#607,.T.);
#2170=EDGE_CURVE('',#1779,#1766,#608,.T.);
#2171=EDGE_CURVE('',#1780,#1741,#609,.T.);
#2172=EDGE_CURVE('',#1781,#1780,#610,.T.);
#2173=EDGE_CURVE('',#1781,#1782,#611,.T.);
#2174=EDGE_CURVE('',#1782,#1783,#612,.T.);
#2175=EDGE_CURVE('',#1742,#1783,#613,.T.);
#2176=EDGE_CURVE('',#1784,#1780,#614,.T.);
#2177=EDGE_CURVE('',#1785,#1784,#615,.T.);
#2178=EDGE_CURVE('',#1785,#1781,#616,.T.);
#2179=EDGE_CURVE('',#1786,#1743,#617,.T.);
#2180=EDGE_CURVE('',#1787,#1786,#618,.T.);
#2181=EDGE_CURVE('',#1744,#1787,#619,.T.);
#2182=EDGE_CURVE('',#1782,#1788,#620,.T.);
#2183=EDGE_CURVE('',#1787,#1788,#621,.T.);
#2184=EDGE_CURVE('',#1783,#1786,#622,.T.);
#2185=EDGE_CURVE('',#1785,#1763,#623,.T.);
#2186=EDGE_CURVE('',#1784,#1767,#624,.T.);
#2187=EDGE_CURVE('',#1789,#1788,#625,.T.);
#2188=EDGE_CURVE('',#1789,#1790,#626,.T.);
#2189=EDGE_CURVE('',#1790,#1791,#627,.T.);
#2190=EDGE_CURVE('',#1787,#1791,#628,.T.);
#2191=EDGE_CURVE('',#1714,#1792,#629,.T.);
#2192=EDGE_CURVE('',#1792,#1793,#630,.T.);
#2193=EDGE_CURVE('',#1793,#1715,#631,.T.);
#2194=EDGE_CURVE('',#1794,#1713,#632,.T.);
#2195=EDGE_CURVE('',#1795,#1794,#633,.T.);
#2196=EDGE_CURVE('',#1795,#1796,#634,.T.);
#2197=EDGE_CURVE('',#1796,#1792,#635,.T.);
#2198=EDGE_CURVE('',#1790,#1794,#636,.T.);
#2199=EDGE_CURVE('',#1789,#1795,#637,.T.);
#2200=EDGE_CURVE('',#1797,#1793,#638,.T.);
#2201=EDGE_CURVE('',#1716,#1797,#639,.T.);
#2202=EDGE_CURVE('',#1796,#1798,#640,.T.);
#2203=EDGE_CURVE('',#1797,#1798,#641,.T.);
#2204=EDGE_CURVE('',#1799,#1798,#642,.T.);
#2205=EDGE_CURVE('',#1800,#1799,#643,.T.);
#2206=EDGE_CURVE('',#1797,#1800,#644,.T.);
#2207=EDGE_CURVE('',#1801,#1687,#645,.T.);
#2208=EDGE_CURVE('',#1802,#1801,#646,.T.);
#2209=EDGE_CURVE('',#1802,#1803,#647,.T.);
#2210=EDGE_CURVE('',#1803,#1804,#648,.T.);
#2211=EDGE_CURVE('',#1688,#1804,#649,.T.);
#2212=EDGE_CURVE('',#1805,#1801,#650,.T.);
#2213=EDGE_CURVE('',#1806,#1805,#651,.T.);
#2214=EDGE_CURVE('',#1806,#1802,#652,.T.);
#2215=EDGE_CURVE('',#1807,#1689,#653,.T.);
#2216=EDGE_CURVE('',#1808,#1807,#654,.T.);
#2217=EDGE_CURVE('',#1690,#1808,#655,.T.);
#2218=EDGE_CURVE('',#1803,#1809,#656,.T.);
#2219=EDGE_CURVE('',#1808,#1809,#657,.T.);
#2220=EDGE_CURVE('',#1804,#1807,#658,.T.);
#2221=EDGE_CURVE('',#1805,#1810,#659,.T.);
#2222=EDGE_CURVE('',#1811,#1810,#660,.T.);
#2223=EDGE_CURVE('',#1811,#1812,#661,.T.);
#2224=EDGE_CURVE('',#1806,#1812,#662,.T.);
#2225=EDGE_CURVE('',#1813,#1809,#663,.T.);
#2226=EDGE_CURVE('',#1813,#1814,#664,.T.);
#2227=EDGE_CURVE('',#1814,#1815,#665,.T.);
#2228=EDGE_CURVE('',#1808,#1815,#666,.T.);
#2229=EDGE_CURVE('',#1816,#1661,#667,.T.);
#2230=EDGE_CURVE('',#1817,#1816,#668,.T.);
#2231=EDGE_CURVE('',#1817,#1818,#669,.T.);
#2232=EDGE_CURVE('',#1818,#1819,#670,.T.);
#2233=EDGE_CURVE('',#1662,#1819,#671,.T.);
#2234=EDGE_CURVE('',#1814,#1816,#672,.T.);
#2235=EDGE_CURVE('',#1813,#1817,#673,.T.);
#2236=EDGE_CURVE('',#1820,#1663,#674,.T.);
#2237=EDGE_CURVE('',#1821,#1820,#675,.T.);
#2238=EDGE_CURVE('',#1664,#1821,#676,.T.);
#2239=EDGE_CURVE('',#1818,#1822,#677,.T.);
#2240=EDGE_CURVE('',#1821,#1822,#678,.T.);
#2241=EDGE_CURVE('',#1819,#1820,#679,.T.);
#2242=EDGE_CURVE('',#1823,#1822,#680,.T.);
#2243=EDGE_CURVE('',#1823,#1824,#681,.T.);
#2244=EDGE_CURVE('',#1824,#1825,#682,.T.);
#2245=EDGE_CURVE('',#1821,#1825,#683,.T.);
#2246=EDGE_CURVE('',#1824,#1826,#684,.T.);
#2247=EDGE_CURVE('',#1823,#1827,#685,.T.);
#2248=EDGE_CURVE('',#1827,#1826,#686,.T.);
#2249=EDGE_CURVE('',#1828,#1829,#687,.T.);
#2250=EDGE_CURVE('',#1828,#1830,#688,.T.);
#2251=EDGE_CURVE('',#1831,#1830,#689,.T.);
#2252=EDGE_CURVE('',#1829,#1831,#690,.T.);
#2253=EDGE_CURVE('',#1832,#1833,#691,.T.);
#2254=EDGE_CURVE('',#1830,#1832,#692,.T.);
#2255=EDGE_CURVE('',#1833,#1828,#693,.T.);
#2256=EDGE_CURVE('',#1826,#1834,#694,.T.);
#2257=EDGE_CURVE('',#1827,#1835,#695,.T.);
#2258=EDGE_CURVE('',#1836,#1835,#696,.T.);
#2259=EDGE_CURVE('',#1829,#1836,#697,.T.);
#2260=EDGE_CURVE('',#1837,#1831,#698,.T.);
#2261=EDGE_CURVE('',#1834,#1837,#699,.T.);
#2262=EDGE_CURVE('',#1837,#1832,#700,.T.);
#2263=EDGE_CURVE('',#1637,#1640,#701,.T.);
#2264=EDGE_CURVE('',#1634,#1636,#702,.T.);
#2265=EDGE_CURVE('',#1838,#1633,#703,.T.);
#2266=EDGE_CURVE('',#1839,#1838,#704,.T.);
#2267=EDGE_CURVE('',#1839,#1840,#705,.T.);
#2268=EDGE_CURVE('',#1841,#1840,#706,.T.);
#2269=EDGE_CURVE('',#1841,#1842,#707,.T.);
#2270=EDGE_CURVE('',#1843,#1842,#708,.T.);
#2271=EDGE_CURVE('',#1843,#1834,#709,.T.);
#2272=EDGE_CURVE('',#1844,#1833,#710,.T.);
#2273=EDGE_CURVE('',#1630,#1844,#711,.T.);
#2274=EDGE_CURVE('',#1845,#1835,#712,.T.);
#2275=EDGE_CURVE('',#1846,#1845,#713,.T.);
#2276=EDGE_CURVE('',#1847,#1846,#714,.T.);
#2277=EDGE_CURVE('',#1847,#1686,#715,.T.);
#2278=EDGE_CURVE('',#1848,#1686,#716,.T.);
#2279=EDGE_CURVE('',#1848,#1660,#717,.T.);
#2280=EDGE_CURVE('',#1849,#1660,#718,.T.);
#2281=EDGE_CURVE('',#1849,#1843,#719,.T.);
#2282=EDGE_CURVE('',#1836,#1843,#720,.T.);
#2283=EDGE_CURVE('',#1850,#1851,#721,.T.);
#2284=EDGE_CURVE('',#1851,#1852,#722,.T.);
#2285=EDGE_CURVE('',#1853,#1852,#723,.T.);
#2286=EDGE_CURVE('',#1850,#1853,#724,.T.);
#2287=EDGE_CURVE('',#1765,#1854,#725,.T.);
#2288=EDGE_CURVE('',#1854,#1799,#726,.T.);
#2289=EDGE_CURVE('',#1855,#1856,#727,.T.);
#2290=EDGE_CURVE('',#1856,#1857,#728,.T.);
#2291=EDGE_CURVE('',#1857,#1855,#729,.T.);
#2292=EDGE_CURVE('',#1812,#1845,#730,.T.);
#2293=EDGE_CURVE('',#1858,#1859,#731,.T.);
#2294=EDGE_CURVE('',#1859,#1860,#732,.T.);
#2295=EDGE_CURVE('',#1860,#1858,#733,.T.);
#2296=EDGE_CURVE('',#1861,#1862,#734,.T.);
#2297=EDGE_CURVE('',#1862,#1863,#735,.T.);
#2298=EDGE_CURVE('',#1863,#1861,#736,.T.);
#2299=EDGE_CURVE('',#1864,#1865,#737,.T.);
#2300=EDGE_CURVE('',#1865,#1866,#738,.T.);
#2301=EDGE_CURVE('',#1866,#1864,#739,.T.);
#2302=EDGE_CURVE('',#1867,#1725,#740,.T.);
#2303=EDGE_CURVE('',#1868,#1867,#741,.T.);
#2304=EDGE_CURVE('',#1729,#1868,#742,.T.);
#2305=EDGE_CURVE('',#1731,#1869,#743,.T.);
#2306=EDGE_CURVE('',#1870,#1730,#744,.T.);
#2307=EDGE_CURVE('',#1869,#1870,#745,.T.);
#2308=EDGE_CURVE('',#1733,#1871,#746,.T.);
#2309=EDGE_CURVE('',#1872,#1732,#747,.T.);
#2310=EDGE_CURVE('',#1871,#1872,#748,.T.);
#2311=EDGE_CURVE('',#1779,#1740,#749,.T.);
#2312=EDGE_CURVE('',#1779,#1767,#750,.T.);
#2313=EDGE_CURVE('',#1775,#1738,#751,.T.);
#2314=EDGE_CURVE('',#1775,#1778,#752,.T.);
#2315=EDGE_CURVE('',#1739,#1778,#753,.T.);
#2316=EDGE_CURVE('',#1772,#1736,#754,.T.);
#2317=EDGE_CURVE('',#1772,#1774,#755,.T.);
#2318=EDGE_CURVE('',#1737,#1774,#756,.T.);
#2319=EDGE_CURVE('',#1727,#1725,#757,.T.);
#2320=EDGE_CURVE('',#1719,#1727,#758,.T.);
#2321=EDGE_CURVE('',#1695,#1693,#759,.T.);
#2322=EDGE_CURVE('',#1873,#1695,#760,.T.);
#2323=EDGE_CURVE('',#1874,#1873,#761,.T.);
#2324=EDGE_CURVE('',#1875,#1874,#762,.T.);
#2325=EDGE_CURVE('',#1875,#1750,#763,.T.);
#2326=EDGE_CURVE('',#1752,#1750,#764,.T.);
#2327=EDGE_CURVE('',#1867,#1752,#765,.T.);
#2328=EDGE_CURVE('',#1852,#1876,#766,.T.);
#2329=EDGE_CURVE('',#1876,#1877,#767,.T.);
#2330=EDGE_CURVE('',#1877,#1853,#768,.T.);
#2331=EDGE_CURVE('',#1734,#1878,#769,.T.);
#2332=EDGE_CURVE('',#1878,#1879,#770,.T.);
#2333=EDGE_CURVE('',#1879,#1735,#771,.T.);
#2334=EDGE_CURVE('',#1880,#1881,#772,.T.);
#2335=EDGE_CURVE('',#1881,#1681,#773,.T.);
#2336=EDGE_CURVE('',#1680,#1880,#774,.T.);
#2337=EDGE_CURVE('',#1882,#1771,#775,.T.);
#2338=EDGE_CURVE('',#1770,#1883,#776,.T.);
#2339=EDGE_CURVE('',#1883,#1882,#777,.T.);
#2340=EDGE_CURVE('',#1706,#1884,#778,.T.);
#2341=EDGE_CURVE('',#1884,#1885,#779,.T.);
#2342=EDGE_CURVE('',#1885,#1707,#780,.T.);
#2343=EDGE_CURVE('',#1886,#1887,#781,.T.);
#2344=EDGE_CURVE('',#1887,#1655,#782,.T.);
#2345=EDGE_CURVE('',#1654,#1886,#783,.T.);
#2346=EDGE_CURVE('',#1632,#1888,#784,.T.);
#2347=EDGE_CURVE('',#1888,#1838,#785,.T.);
#2348=EDGE_CURVE('',#1889,#1871,#786,.T.);
#2349=EDGE_CURVE('',#1890,#1889,#787,.T.);
#2350=EDGE_CURVE('',#1891,#1890,#788,.T.);
#2351=EDGE_CURVE('',#1891,#1892,#789,.T.);
#2352=EDGE_CURVE('',#1705,#1892,#790,.T.);
#2353=EDGE_CURVE('',#1705,#1893,#791,.T.);
#2354=EDGE_CURVE('',#1733,#1893,#792,.T.);
#2355=EDGE_CURVE('',#1894,#1736,#793,.T.);
#2356=EDGE_CURVE('',#1894,#1708,#794,.T.);
#2357=EDGE_CURVE('',#1895,#1708,#795,.T.);
#2358=EDGE_CURVE('',#1895,#1866,#796,.T.);
#2359=EDGE_CURVE('',#1773,#1865,#797,.T.);
#2360=EDGE_CURVE('',#1896,#1864,#798,.T.);
#2361=EDGE_CURVE('',#1709,#1896,#799,.T.);
#2362=EDGE_CURVE('',#1709,#1897,#800,.T.);
#2363=EDGE_CURVE('',#1737,#1897,#801,.T.);
#2364=EDGE_CURVE('',#1898,#1732,#802,.T.);
#2365=EDGE_CURVE('',#1898,#1704,#803,.T.);
#2366=EDGE_CURVE('',#1899,#1704,#804,.T.);
#2367=EDGE_CURVE('',#1900,#1899,#805,.T.);
#2368=EDGE_CURVE('',#1890,#1900,#806,.T.);
#2369=EDGE_CURVE('',#1872,#1889,#807,.T.);
#2370=EDGE_CURVE('',#1901,#1869,#808,.T.);
#2371=EDGE_CURVE('',#1902,#1901,#809,.T.);
#2372=EDGE_CURVE('',#1903,#1902,#810,.T.);
#2373=EDGE_CURVE('',#1903,#1904,#811,.T.);
#2374=EDGE_CURVE('',#1703,#1904,#812,.T.);
#2375=EDGE_CURVE('',#1703,#1905,#813,.T.);
#2376=EDGE_CURVE('',#1731,#1905,#814,.T.);
#2377=EDGE_CURVE('',#1906,#1738,#815,.T.);
#2378=EDGE_CURVE('',#1906,#1710,#816,.T.);
#2379=EDGE_CURVE('',#1907,#1710,#817,.T.);
#2380=EDGE_CURVE('',#1907,#1855,#818,.T.);
#2381=EDGE_CURVE('',#1776,#1857,#819,.T.);
#2382=EDGE_CURVE('',#1755,#1868,#820,.T.);
#2383=EDGE_CURVE('',#1908,#1875,#821,.T.);
#2384=EDGE_CURVE('',#1908,#1909,#822,.T.);
#2385=EDGE_CURVE('',#1701,#1909,#823,.T.);
#2386=EDGE_CURVE('',#1729,#1720,#824,.T.);
#2387=EDGE_CURVE('',#1910,#1740,#825,.T.);
#2388=EDGE_CURVE('',#1910,#1712,#826,.T.);
#2389=EDGE_CURVE('',#1911,#1712,#827,.T.);
#2390=EDGE_CURVE('',#1911,#1854,#828,.T.);
#2391=EDGE_CURVE('',#1777,#1856,#829,.T.);
#2392=EDGE_CURVE('',#1711,#1907,#830,.T.);
#2393=EDGE_CURVE('',#1711,#1912,#831,.T.);
#2394=EDGE_CURVE('',#1739,#1912,#832,.T.);
#2395=EDGE_CURVE('',#1913,#1730,#833,.T.);
#2396=EDGE_CURVE('',#1913,#1702,#834,.T.);
#2397=EDGE_CURVE('',#1904,#1702,#835,.T.);
#2398=EDGE_CURVE('',#1914,#1903,#836,.T.);
#2399=EDGE_CURVE('',#1914,#1915,#837,.T.);
#2400=EDGE_CURVE('',#1870,#1915,#838,.T.);
#2401=EDGE_CURVE('',#1637,#1916,#839,.T.);
#2402=EDGE_CURVE('',#1917,#1640,#840,.T.);
#2403=EDGE_CURVE('',#1916,#1917,#841,.T.);
#2404=EDGE_CURVE('',#1634,#1918,#842,.T.);
#2405=EDGE_CURVE('',#1919,#1636,#843,.T.);
#2406=EDGE_CURVE('',#1918,#1919,#844,.T.);
#2407=EDGE_CURVE('',#1849,#1825,#845,.T.);
#2408=EDGE_CURVE('',#1920,#1841,#846,.T.);
#2409=EDGE_CURVE('',#1920,#1921,#847,.T.);
#2410=EDGE_CURVE('',#1842,#1921,#848,.T.);
#2411=EDGE_CURVE('',#1922,#1839,#849,.T.);
#2412=EDGE_CURVE('',#1922,#1923,#850,.T.);
#2413=EDGE_CURVE('',#1840,#1923,#851,.T.);
#2414=EDGE_CURVE('',#1924,#1622,#852,.T.);
#2415=EDGE_CURVE('',#1925,#1924,#853,.T.);
#2416=EDGE_CURVE('',#1925,#1926,#854,.T.);
#2417=EDGE_CURVE('',#1927,#1926,#855,.T.);
#2418=EDGE_CURVE('',#1927,#1671,#856,.T.);
#2419=EDGE_CURVE('',#1673,#1671,#857,.T.);
#2420=EDGE_CURVE('',#1928,#1673,#858,.T.);
#2421=EDGE_CURVE('',#1928,#1645,#859,.T.);
#2422=EDGE_CURVE('',#1647,#1645,#860,.T.);
#2423=EDGE_CURVE('',#1627,#1647,#861,.T.);
#2424=EDGE_CURVE('',#1929,#1839,#862,.T.);
#2425=EDGE_CURVE('',#1929,#1859,#863,.T.);
#2426=EDGE_CURVE('',#1930,#1858,#864,.T.);
#2427=EDGE_CURVE('',#1931,#1930,#865,.T.);
#2428=EDGE_CURVE('',#1931,#1682,#866,.T.);
#2429=EDGE_CURVE('',#1932,#1682,#867,.T.);
#2430=EDGE_CURVE('',#1932,#1656,#868,.T.);
#2431=EDGE_CURVE('',#1922,#1656,#869,.T.);
#2432=EDGE_CURVE('',#1933,#1841,#870,.T.);
#2433=EDGE_CURVE('',#1933,#1862,#871,.T.);
#2434=EDGE_CURVE('',#1934,#1861,#872,.T.);
#2435=EDGE_CURVE('',#1934,#1684,#873,.T.);
#2436=EDGE_CURVE('',#1935,#1684,#874,.T.);
#2437=EDGE_CURVE('',#1935,#1658,#875,.T.);
#2438=EDGE_CURVE('',#1920,#1658,#876,.T.);
#2439=EDGE_CURVE('',#1657,#1923,#877,.T.);
#2440=EDGE_CURVE('',#1657,#1936,#878,.T.);
#2441=EDGE_CURVE('',#1683,#1936,#879,.T.);
#2442=EDGE_CURVE('',#1683,#1937,#880,.T.);
#2443=EDGE_CURVE('',#1938,#1937,#881,.T.);
#2444=EDGE_CURVE('',#1938,#1860,#882,.T.);
#2445=EDGE_CURVE('',#1840,#1929,#883,.T.);
#2446=EDGE_CURVE('',#1659,#1921,#884,.T.);
#2447=EDGE_CURVE('',#1659,#1939,#885,.T.);
#2448=EDGE_CURVE('',#1685,#1939,#886,.T.);
#2449=EDGE_CURVE('',#1685,#1934,#887,.T.);
#2450=EDGE_CURVE('',#1940,#1863,#888,.T.);
#2451=EDGE_CURVE('',#1842,#1940,#889,.T.);
#2452=EDGE_CURVE('',#1905,#1913,#890,.T.);
#2453=EDGE_CURVE('',#1893,#1898,#891,.T.);
#2454=EDGE_CURVE('',#1910,#1791,#892,.T.);
#2455=EDGE_CURVE('',#1906,#1912,#893,.T.);
#2456=EDGE_CURVE('',#1894,#1897,#894,.T.);
#2457=EDGE_CURVE('',#1941,#1928,#895,.T.);
#2458=EDGE_CURVE('',#1649,#1941,#896,.T.);
#2459=EDGE_CURVE('',#1651,#1942,#897,.T.);
#2460=EDGE_CURVE('',#1943,#1650,#898,.T.);
#2461=EDGE_CURVE('',#1942,#1943,#899,.T.);
#2462=EDGE_CURVE('',#1653,#1944,#900,.T.);
#2463=EDGE_CURVE('',#1945,#1652,#901,.T.);
#2464=EDGE_CURVE('',#1944,#1945,#902,.T.);
#2465=EDGE_CURVE('',#1848,#1815,#903,.T.);
#2466=EDGE_CURVE('',#1935,#1939,#904,.T.);
#2467=EDGE_CURVE('',#1932,#1936,#905,.T.);
#2468=EDGE_CURVE('',#1946,#1927,#906,.T.);
#2469=EDGE_CURVE('',#1675,#1946,#907,.T.);
#2470=EDGE_CURVE('',#1677,#1947,#908,.T.);
#2471=EDGE_CURVE('',#1947,#1676,#909,.T.);
#2472=EDGE_CURVE('',#1679,#1948,#910,.T.);
#2473=EDGE_CURVE('',#1949,#1678,#911,.T.);
#2474=EDGE_CURVE('',#1948,#1949,#912,.T.);
#2475=EDGE_CURVE('',#1847,#1810,#913,.T.);
#2476=EDGE_CURVE('',#1931,#1937,#914,.T.);
#2477=EDGE_CURVE('',#1950,#1639,#915,.T.);
#2478=EDGE_CURVE('',#1951,#1950,#916,.T.);
#2479=EDGE_CURVE('',#1951,#1947,#917,.T.);
#2480=EDGE_CURVE('',#1943,#1676,#918,.T.);
#2481=EDGE_CURVE('',#1917,#1650,#919,.T.);
#2482=EDGE_CURVE('',#1651,#1916,#920,.T.);
#2483=EDGE_CURVE('',#1677,#1942,#921,.T.);
#2484=EDGE_CURVE('',#1952,#1951,#922,.T.);
#2485=EDGE_CURVE('',#1952,#1638,#923,.T.);
#2486=EDGE_CURVE('',#1892,#1899,#924,.T.);
#2487=EDGE_CURVE('',#1900,#1891,#925,.T.);
#2488=EDGE_CURVE('',#1896,#1895,#926,.T.);
#2489=EDGE_CURVE('',#1950,#1952,#927,.T.);
#2490=EDGE_CURVE('',#1940,#1933,#928,.T.);
#2491=EDGE_CURVE('',#1909,#1873,#929,.T.);
#2492=EDGE_CURVE('',#1874,#1908,#930,.T.);
#2493=EDGE_CURVE('',#1800,#1911,#931,.T.);
#2494=EDGE_CURVE('',#1953,#1954,#932,.T.);
#2495=EDGE_CURVE('',#1955,#1953,#933,.T.);
#2496=EDGE_CURVE('',#1956,#1955,#934,.T.);
#2497=EDGE_CURVE('',#1956,#1954,#935,.T.);
#2498=EDGE_CURVE('',#1930,#1938,#936,.T.);
#2499=EDGE_CURVE('',#1653,#1918,#937,.T.);
#2500=EDGE_CURVE('',#1679,#1944,#938,.T.);
#2501=EDGE_CURVE('',#1954,#1948,#939,.T.);
#2502=EDGE_CURVE('',#1957,#1956,#940,.T.);
#2503=EDGE_CURVE('',#1957,#1635,#941,.T.);
#2504=EDGE_CURVE('',#1955,#1957,#942,.T.);
#2505=EDGE_CURVE('',#1949,#1953,#943,.T.);
#2506=EDGE_CURVE('',#1945,#1678,#944,.T.);
#2507=EDGE_CURVE('',#1919,#1652,#945,.T.);
#2508=EDGE_CURVE('',#1926,#1958,#946,.T.);
#2509=EDGE_CURVE('',#1959,#1925,#947,.T.);
#2510=EDGE_CURVE('',#1959,#1958,#948,.T.);
#2511=EDGE_CURVE('',#1846,#1811,#949,.T.);
#2512=EDGE_CURVE('',#1649,#1628,#950,.T.);
#2513=EDGE_CURVE('',#1675,#1941,#951,.T.);
#2514=EDGE_CURVE('',#1958,#1946,#952,.T.);
#2515=EDGE_CURVE('',#1924,#1959,#953,.T.);
#2516=EDGE_CURVE('',#1915,#1901,#954,.T.);
#2517=EDGE_CURVE('',#1902,#1914,#955,.T.);
#2518=EDGE_CURVE('',#1960,#1888,#956,.T.);
#2519=EDGE_CURVE('',#1844,#1960,#957,.T.);
#2520=EDGE_CURVE('',#1931,#1885,#958,.T.);
#2521=EDGE_CURVE('',#1948,#1884,#959,.T.);
#2522=EDGE_CURVE('',#1946,#1949,#960,.T.);
#2523=EDGE_CURVE('',#1961,#1927,#961,.T.);
#2524=EDGE_CURVE('',#1962,#1961,#962,.T.);
#2525=EDGE_CURVE('',#1962,#1810,#963,.T.);
#2526=EDGE_CURVE('',#1847,#1937,#964,.T.);
#2527=EDGE_CURVE('',#1963,#1825,#965,.T.);
#2528=EDGE_CURVE('',#1665,#1963,#966,.T.);
#2529=EDGE_CURVE('',#1922,#1887,#967,.T.);
#2530=EDGE_CURVE('',#1849,#1921,#968,.T.);
#2531=EDGE_CURVE('',#1920,#1923,#969,.T.);
#2532=EDGE_CURVE('',#1964,#1627,#970,.T.);
#2533=EDGE_CURVE('',#1963,#1964,#971,.T.);
#2534=EDGE_CURVE('',#1918,#1886,#972,.T.);
#2535=EDGE_CURVE('',#1916,#1919,#973,.T.);
#2536=EDGE_CURVE('',#1628,#1917,#974,.T.);
#2537=EDGE_CURVE('',#1964,#1666,#975,.T.);
#2538=EDGE_CURVE('',#1965,#1815,#976,.T.);
#2539=EDGE_CURVE('',#1691,#1965,#977,.T.);
#2540=EDGE_CURVE('',#1932,#1881,#978,.T.);
#2541=EDGE_CURVE('',#1848,#1939,#979,.T.);
#2542=EDGE_CURVE('',#1935,#1936,#980,.T.);
#2543=EDGE_CURVE('',#1966,#1928,#981,.T.);
#2544=EDGE_CURVE('',#1965,#1966,#982,.T.);
#2545=EDGE_CURVE('',#1944,#1880,#983,.T.);
#2546=EDGE_CURVE('',#1942,#1945,#984,.T.);
#2547=EDGE_CURVE('',#1941,#1943,#985,.T.);
#2548=EDGE_CURVE('',#1966,#1692,#986,.T.);
#2549=EDGE_CURVE('',#1967,#1867,#987,.T.);
#2550=EDGE_CURVE('',#1768,#1967,#988,.T.);
#2551=EDGE_CURVE('',#1871,#1882,#989,.T.);
#2552=EDGE_CURVE('',#1869,#1872,#990,.T.);
#2553=EDGE_CURVE('',#1868,#1870,#991,.T.);
#2554=EDGE_CURVE('',#1717,#1962,#992,.T.);
#2555=EDGE_CURVE('',#1894,#1879,#993,.T.);
#2556=EDGE_CURVE('',#1893,#1878,#994,.T.);
#2557=EDGE_CURVE('',#1905,#1898,#995,.T.);
#2558=EDGE_CURVE('',#1720,#1913,#996,.T.);
#2559=EDGE_CURVE('',#1968,#1719,#997,.T.);
#2560=EDGE_CURVE('',#1969,#1968,#998,.T.);
#2561=EDGE_CURVE('',#1969,#1791,#999,.T.);
#2562=EDGE_CURVE('',#1910,#1912,#1000,.T.);
#2563=EDGE_CURVE('',#1906,#1897,#1001,.T.);
#2564=EDGE_CURVE('',#1745,#1969,#1002,.T.);
#2565=EDGE_CURVE('',#1968,#1746,#1003,.T.);
#2566=EDGE_CURVE('',#1970,#1769,#1004,.T.);
#2567=EDGE_CURVE('',#1970,#1883,#1005,.T.);
#2568=EDGE_CURVE('',#1967,#1970,#1006,.T.);
#2569=EDGE_CURVE('',#1961,#1718,#1007,.T.);
#2570=EDGE_CURVE('',#1960,#1631,#1008,.T.);
#2571=EDGE_CURVE('',#1971,#1850,#1009,.T.);
#2572=EDGE_CURVE('',#1971,#1877,#1010,.T.);
#2573=EDGE_CURVE('',#1972,#1971,#1011,.T.);
#2574=EDGE_CURVE('',#1972,#1876,#1012,.T.);
#2575=EDGE_CURVE('',#1851,#1972,#1013,.T.);
#2576=ORIENTED_EDGE('',*,*,#1973,.F.);
#2577=ORIENTED_EDGE('',*,*,#1974,.F.);
#2578=ORIENTED_EDGE('',*,*,#1975,.F.);
#2579=ORIENTED_EDGE('',*,*,#1976,.F.);
#2580=ORIENTED_EDGE('',*,*,#1977,.F.);
#2581=ORIENTED_EDGE('',*,*,#1978,.F.);
#2582=ORIENTED_EDGE('',*,*,#1979,.F.);
#2583=ORIENTED_EDGE('',*,*,#1980,.F.);
#2584=ORIENTED_EDGE('',*,*,#1974,.T.);
#2585=ORIENTED_EDGE('',*,*,#1981,.F.);
#2586=ORIENTED_EDGE('',*,*,#1976,.T.);
#2587=ORIENTED_EDGE('',*,*,#1982,.T.);
#2588=ORIENTED_EDGE('',*,*,#1983,.F.);
#2589=ORIENTED_EDGE('',*,*,#1984,.F.);
#2590=ORIENTED_EDGE('',*,*,#1975,.T.);
#2591=ORIENTED_EDGE('',*,*,#1980,.T.);
#2592=ORIENTED_EDGE('',*,*,#1985,.F.);
#2593=ORIENTED_EDGE('',*,*,#1982,.F.);
#2594=ORIENTED_EDGE('',*,*,#1986,.F.);
#2595=ORIENTED_EDGE('',*,*,#1987,.F.);
#2596=ORIENTED_EDGE('',*,*,#1988,.F.);
#2597=ORIENTED_EDGE('',*,*,#1989,.T.);
#2598=ORIENTED_EDGE('',*,*,#1984,.T.);
#2599=ORIENTED_EDGE('',*,*,#1990,.T.);
#2600=ORIENTED_EDGE('',*,*,#1978,.T.);
#2601=ORIENTED_EDGE('',*,*,#1983,.T.);
#2602=ORIENTED_EDGE('',*,*,#1985,.T.);
#2603=ORIENTED_EDGE('',*,*,#1979,.T.);
#2604=ORIENTED_EDGE('',*,*,#1991,.T.);
#2605=ORIENTED_EDGE('',*,*,#1992,.F.);
#2606=ORIENTED_EDGE('',*,*,#1993,.F.);
#2607=ORIENTED_EDGE('',*,*,#1994,.T.);
#2608=ORIENTED_EDGE('',*,*,#1995,.F.);
#2609=ORIENTED_EDGE('',*,*,#1996,.F.);
#2610=ORIENTED_EDGE('',*,*,#1997,.T.);
#2611=ORIENTED_EDGE('',*,*,#1998,.T.);
#2612=ORIENTED_EDGE('',*,*,#1999,.F.);
#2613=ORIENTED_EDGE('',*,*,#2000,.T.);
#2614=ORIENTED_EDGE('',*,*,#2001,.T.);
#2615=ORIENTED_EDGE('',*,*,#2002,.T.);
#2616=ORIENTED_EDGE('',*,*,#2003,.F.);
#2617=ORIENTED_EDGE('',*,*,#2004,.T.);
#2618=ORIENTED_EDGE('',*,*,#2005,.F.);
#2619=ORIENTED_EDGE('',*,*,#2006,.T.);
#2620=ORIENTED_EDGE('',*,*,#2007,.T.);
#2621=ORIENTED_EDGE('',*,*,#2008,.F.);
#2622=ORIENTED_EDGE('',*,*,#2009,.F.);
#2623=ORIENTED_EDGE('',*,*,#2010,.F.);
#2624=ORIENTED_EDGE('',*,*,#2011,.F.);
#2625=ORIENTED_EDGE('',*,*,#2012,.T.);
#2626=ORIENTED_EDGE('',*,*,#2013,.T.);
#2627=ORIENTED_EDGE('',*,*,#2011,.T.);
#2628=ORIENTED_EDGE('',*,*,#2014,.F.);
#2629=ORIENTED_EDGE('',*,*,#2007,.F.);
#2630=ORIENTED_EDGE('',*,*,#2015,.F.);
#2631=ORIENTED_EDGE('',*,*,#2012,.F.);
#2632=ORIENTED_EDGE('',*,*,#2013,.F.);
#2633=ORIENTED_EDGE('',*,*,#2006,.F.);
#2634=ORIENTED_EDGE('',*,*,#2009,.T.);
#2635=ORIENTED_EDGE('',*,*,#2015,.T.);
#2636=ORIENTED_EDGE('',*,*,#2005,.T.);
#2637=ORIENTED_EDGE('',*,*,#2016,.F.);
#2638=ORIENTED_EDGE('',*,*,#2017,.T.);
#2639=ORIENTED_EDGE('',*,*,#2018,.F.);
#2640=ORIENTED_EDGE('',*,*,#2019,.T.);
#2641=ORIENTED_EDGE('',*,*,#2020,.F.);
#2642=ORIENTED_EDGE('',*,*,#2021,.T.);
#2643=ORIENTED_EDGE('',*,*,#2022,.F.);
#2644=ORIENTED_EDGE('',*,*,#2023,.F.);
#2645=ORIENTED_EDGE('',*,*,#2024,.T.);
#2646=ORIENTED_EDGE('',*,*,#2025,.F.);
#2647=ORIENTED_EDGE('',*,*,#2026,.T.);
#2648=ORIENTED_EDGE('',*,*,#2027,.F.);
#2649=ORIENTED_EDGE('',*,*,#2028,.T.);
#2650=ORIENTED_EDGE('',*,*,#2029,.T.);
#2651=ORIENTED_EDGE('',*,*,#2030,.T.);
#2652=ORIENTED_EDGE('',*,*,#2031,.T.);
#2653=ORIENTED_EDGE('',*,*,#2032,.F.);
#2654=ORIENTED_EDGE('',*,*,#2033,.F.);
#2655=ORIENTED_EDGE('',*,*,#2034,.T.);
#2656=ORIENTED_EDGE('',*,*,#2035,.F.);
#2657=ORIENTED_EDGE('',*,*,#2036,.T.);
#2658=ORIENTED_EDGE('',*,*,#2037,.T.);
#2659=ORIENTED_EDGE('',*,*,#2038,.F.);
#2660=ORIENTED_EDGE('',*,*,#2039,.F.);
#2661=ORIENTED_EDGE('',*,*,#2040,.F.);
#2662=ORIENTED_EDGE('',*,*,#2041,.F.);
#2663=ORIENTED_EDGE('',*,*,#2042,.T.);
#2664=ORIENTED_EDGE('',*,*,#2043,.T.);
#2665=ORIENTED_EDGE('',*,*,#2041,.T.);
#2666=ORIENTED_EDGE('',*,*,#2044,.F.);
#2667=ORIENTED_EDGE('',*,*,#2037,.F.);
#2668=ORIENTED_EDGE('',*,*,#2045,.F.);
#2669=ORIENTED_EDGE('',*,*,#2042,.F.);
#2670=ORIENTED_EDGE('',*,*,#2043,.F.);
#2671=ORIENTED_EDGE('',*,*,#2036,.F.);
#2672=ORIENTED_EDGE('',*,*,#2039,.T.);
#2673=ORIENTED_EDGE('',*,*,#2045,.T.);
#2674=ORIENTED_EDGE('',*,*,#2035,.T.);
#2675=ORIENTED_EDGE('',*,*,#2046,.F.);
#2676=ORIENTED_EDGE('',*,*,#2047,.T.);
#2677=ORIENTED_EDGE('',*,*,#2048,.F.);
#2678=ORIENTED_EDGE('',*,*,#2049,.T.);
#2679=ORIENTED_EDGE('',*,*,#2050,.F.);
#2680=ORIENTED_EDGE('',*,*,#2051,.T.);
#2681=ORIENTED_EDGE('',*,*,#2052,.F.);
#2682=ORIENTED_EDGE('',*,*,#2053,.F.);
#2683=ORIENTED_EDGE('',*,*,#2054,.T.);
#2684=ORIENTED_EDGE('',*,*,#2055,.F.);
#2685=ORIENTED_EDGE('',*,*,#2056,.T.);
#2686=ORIENTED_EDGE('',*,*,#2057,.F.);
#2687=ORIENTED_EDGE('',*,*,#2058,.T.);
#2688=ORIENTED_EDGE('',*,*,#2059,.T.);
#2689=ORIENTED_EDGE('',*,*,#2060,.T.);
#2690=ORIENTED_EDGE('',*,*,#2061,.T.);
#2691=ORIENTED_EDGE('',*,*,#2062,.F.);
#2692=ORIENTED_EDGE('',*,*,#2063,.F.);
#2693=ORIENTED_EDGE('',*,*,#2064,.T.);
#2694=ORIENTED_EDGE('',*,*,#2065,.F.);
#2695=ORIENTED_EDGE('',*,*,#2066,.F.);
#2696=ORIENTED_EDGE('',*,*,#2067,.F.);
#2697=ORIENTED_EDGE('',*,*,#2068,.T.);
#2698=ORIENTED_EDGE('',*,*,#2069,.T.);
#2699=ORIENTED_EDGE('',*,*,#2067,.T.);
#2700=ORIENTED_EDGE('',*,*,#2070,.F.);
#2701=ORIENTED_EDGE('',*,*,#2071,.F.);
#2702=ORIENTED_EDGE('',*,*,#2072,.F.);
#2703=ORIENTED_EDGE('',*,*,#2073,.T.);
#2704=ORIENTED_EDGE('',*,*,#2071,.T.);
#2705=ORIENTED_EDGE('',*,*,#2074,.F.);
#2706=ORIENTED_EDGE('',*,*,#2075,.F.);
#2707=ORIENTED_EDGE('',*,*,#2068,.F.);
#2708=ORIENTED_EDGE('',*,*,#2069,.F.);
#2709=ORIENTED_EDGE('',*,*,#2073,.F.);
#2710=ORIENTED_EDGE('',*,*,#2065,.T.);
#2711=ORIENTED_EDGE('',*,*,#2075,.T.);
#2712=ORIENTED_EDGE('',*,*,#2072,.T.);
#2713=ORIENTED_EDGE('',*,*,#2076,.F.);
#2714=ORIENTED_EDGE('',*,*,#2077,.T.);
#2715=ORIENTED_EDGE('',*,*,#2078,.F.);
#2716=ORIENTED_EDGE('',*,*,#2079,.T.);
#2717=ORIENTED_EDGE('',*,*,#2080,.F.);
#2718=ORIENTED_EDGE('',*,*,#2081,.T.);
#2719=ORIENTED_EDGE('',*,*,#2082,.F.);
#2720=ORIENTED_EDGE('',*,*,#2083,.F.);
#2721=ORIENTED_EDGE('',*,*,#2084,.T.);
#2722=ORIENTED_EDGE('',*,*,#2085,.F.);
#2723=ORIENTED_EDGE('',*,*,#2086,.T.);
#2724=ORIENTED_EDGE('',*,*,#2087,.F.);
#2725=ORIENTED_EDGE('',*,*,#2088,.T.);
#2726=ORIENTED_EDGE('',*,*,#2089,.T.);
#2727=ORIENTED_EDGE('',*,*,#2090,.T.);
#2728=ORIENTED_EDGE('',*,*,#2091,.T.);
#2729=ORIENTED_EDGE('',*,*,#2092,.F.);
#2730=ORIENTED_EDGE('',*,*,#2093,.F.);
#2731=ORIENTED_EDGE('',*,*,#2094,.T.);
#2732=ORIENTED_EDGE('',*,*,#2095,.F.);
#2733=ORIENTED_EDGE('',*,*,#2096,.F.);
#2734=ORIENTED_EDGE('',*,*,#2097,.F.);
#2735=ORIENTED_EDGE('',*,*,#2076,.T.);
#2736=ORIENTED_EDGE('',*,*,#2074,.T.);
#2737=ORIENTED_EDGE('',*,*,#2070,.T.);
#2738=ORIENTED_EDGE('',*,*,#2066,.T.);
#2739=ORIENTED_EDGE('',*,*,#2098,.F.);
#2740=ORIENTED_EDGE('',*,*,#2099,.T.);
#2741=ORIENTED_EDGE('',*,*,#2100,.T.);
#2742=ORIENTED_EDGE('',*,*,#2101,.F.);
#2743=ORIENTED_EDGE('',*,*,#2102,.F.);
#2744=ORIENTED_EDGE('',*,*,#2103,.F.);
#2745=ORIENTED_EDGE('',*,*,#2104,.F.);
#2746=ORIENTED_EDGE('',*,*,#2105,.T.);
#2747=ORIENTED_EDGE('',*,*,#2106,.T.);
#2748=ORIENTED_EDGE('',*,*,#2104,.T.);
#2749=ORIENTED_EDGE('',*,*,#2107,.F.);
#2750=ORIENTED_EDGE('',*,*,#2100,.F.);
#2751=ORIENTED_EDGE('',*,*,#2108,.F.);
#2752=ORIENTED_EDGE('',*,*,#2105,.F.);
#2753=ORIENTED_EDGE('',*,*,#2106,.F.);
#2754=ORIENTED_EDGE('',*,*,#2099,.F.);
#2755=ORIENTED_EDGE('',*,*,#2102,.T.);
#2756=ORIENTED_EDGE('',*,*,#2108,.T.);
#2757=ORIENTED_EDGE('',*,*,#2098,.T.);
#2758=ORIENTED_EDGE('',*,*,#2109,.F.);
#2759=ORIENTED_EDGE('',*,*,#2110,.T.);
#2760=ORIENTED_EDGE('',*,*,#2111,.F.);
#2761=ORIENTED_EDGE('',*,*,#2112,.T.);
#2762=ORIENTED_EDGE('',*,*,#2113,.F.);
#2763=ORIENTED_EDGE('',*,*,#2114,.T.);
#2764=ORIENTED_EDGE('',*,*,#2115,.F.);
#2765=ORIENTED_EDGE('',*,*,#2116,.F.);
#2766=ORIENTED_EDGE('',*,*,#2117,.T.);
#2767=ORIENTED_EDGE('',*,*,#2118,.F.);
#2768=ORIENTED_EDGE('',*,*,#2119,.T.);
#2769=ORIENTED_EDGE('',*,*,#2120,.F.);
#2770=ORIENTED_EDGE('',*,*,#2121,.T.);
#2771=ORIENTED_EDGE('',*,*,#2122,.T.);
#2772=ORIENTED_EDGE('',*,*,#2123,.T.);
#2773=ORIENTED_EDGE('',*,*,#2124,.T.);
#2774=ORIENTED_EDGE('',*,*,#2125,.F.);
#2775=ORIENTED_EDGE('',*,*,#2126,.F.);
#2776=ORIENTED_EDGE('',*,*,#2127,.T.);
#2777=ORIENTED_EDGE('',*,*,#2128,.T.);
#2778=ORIENTED_EDGE('',*,*,#2129,.T.);
#2779=ORIENTED_EDGE('',*,*,#2130,.F.);
#2780=ORIENTED_EDGE('',*,*,#2131,.F.);
#2781=ORIENTED_EDGE('',*,*,#2132,.T.);
#2782=ORIENTED_EDGE('',*,*,#2131,.T.);
#2783=ORIENTED_EDGE('',*,*,#2133,.F.);
#2784=ORIENTED_EDGE('',*,*,#2134,.F.);
#2785=ORIENTED_EDGE('',*,*,#2135,.T.);
#2786=ORIENTED_EDGE('',*,*,#2134,.T.);
#2787=ORIENTED_EDGE('',*,*,#2136,.F.);
#2788=ORIENTED_EDGE('',*,*,#2137,.F.);
#2789=ORIENTED_EDGE('',*,*,#2138,.T.);
#2790=ORIENTED_EDGE('',*,*,#2137,.T.);
#2791=ORIENTED_EDGE('',*,*,#2139,.F.);
#2792=ORIENTED_EDGE('',*,*,#2140,.F.);
#2793=ORIENTED_EDGE('',*,*,#2129,.F.);
#2794=ORIENTED_EDGE('',*,*,#2138,.F.);
#2795=ORIENTED_EDGE('',*,*,#2128,.F.);
#2796=ORIENTED_EDGE('',*,*,#2132,.F.);
#2797=ORIENTED_EDGE('',*,*,#2135,.F.);
#2798=ORIENTED_EDGE('',*,*,#2141,.T.);
#2799=ORIENTED_EDGE('',*,*,#2139,.T.);
#2800=ORIENTED_EDGE('',*,*,#2136,.T.);
#2801=ORIENTED_EDGE('',*,*,#2133,.T.);
#2802=ORIENTED_EDGE('',*,*,#2142,.F.);
#2803=ORIENTED_EDGE('',*,*,#2143,.T.);
#2804=ORIENTED_EDGE('',*,*,#2144,.F.);
#2805=ORIENTED_EDGE('',*,*,#2145,.F.);
#2806=ORIENTED_EDGE('',*,*,#2146,.F.);
#2807=ORIENTED_EDGE('',*,*,#2147,.T.);
#2808=ORIENTED_EDGE('',*,*,#2148,.F.);
#2809=ORIENTED_EDGE('',*,*,#2143,.F.);
#2810=ORIENTED_EDGE('',*,*,#2149,.T.);
#2811=ORIENTED_EDGE('',*,*,#2150,.F.);
#2812=ORIENTED_EDGE('',*,*,#2145,.T.);
#2813=ORIENTED_EDGE('',*,*,#2151,.F.);
#2814=ORIENTED_EDGE('',*,*,#2152,.F.);
#2815=ORIENTED_EDGE('',*,*,#2153,.F.);
#2816=ORIENTED_EDGE('',*,*,#2154,.T.);
#2817=ORIENTED_EDGE('',*,*,#2152,.T.);
#2818=ORIENTED_EDGE('',*,*,#2155,.F.);
#2819=ORIENTED_EDGE('',*,*,#2147,.F.);
#2820=ORIENTED_EDGE('',*,*,#2156,.F.);
#2821=ORIENTED_EDGE('',*,*,#2155,.T.);
#2822=ORIENTED_EDGE('',*,*,#2151,.T.);
#2823=ORIENTED_EDGE('',*,*,#2144,.T.);
#2824=ORIENTED_EDGE('',*,*,#2148,.T.);
#2825=ORIENTED_EDGE('',*,*,#2156,.T.);
#2826=ORIENTED_EDGE('',*,*,#2146,.T.);
#2827=ORIENTED_EDGE('',*,*,#2142,.T.);
#2828=ORIENTED_EDGE('',*,*,#2157,.T.);
#2829=ORIENTED_EDGE('',*,*,#2158,.F.);
#2830=ORIENTED_EDGE('',*,*,#2159,.F.);
#2831=ORIENTED_EDGE('',*,*,#2160,.T.);
#2832=ORIENTED_EDGE('',*,*,#2161,.F.);
#2833=ORIENTED_EDGE('',*,*,#2162,.F.);
#2834=ORIENTED_EDGE('',*,*,#2163,.T.);
#2835=ORIENTED_EDGE('',*,*,#2164,.T.);
#2836=ORIENTED_EDGE('',*,*,#2165,.F.);
#2837=ORIENTED_EDGE('',*,*,#2166,.T.);
#2838=ORIENTED_EDGE('',*,*,#2167,.T.);
#2839=ORIENTED_EDGE('',*,*,#2168,.T.);
#2840=ORIENTED_EDGE('',*,*,#2169,.F.);
#2841=ORIENTED_EDGE('',*,*,#2170,.T.);
#2842=ORIENTED_EDGE('',*,*,#2122,.F.);
#2843=ORIENTED_EDGE('',*,*,#2171,.F.);
#2844=ORIENTED_EDGE('',*,*,#2172,.F.);
#2845=ORIENTED_EDGE('',*,*,#2173,.T.);
#2846=ORIENTED_EDGE('',*,*,#2174,.T.);
#2847=ORIENTED_EDGE('',*,*,#2175,.F.);
#2848=ORIENTED_EDGE('',*,*,#2176,.F.);
#2849=ORIENTED_EDGE('',*,*,#2177,.F.);
#2850=ORIENTED_EDGE('',*,*,#2178,.T.);
#2851=ORIENTED_EDGE('',*,*,#2172,.T.);
#2852=ORIENTED_EDGE('',*,*,#2124,.F.);
#2853=ORIENTED_EDGE('',*,*,#2179,.F.);
#2854=ORIENTED_EDGE('',*,*,#2180,.F.);
#2855=ORIENTED_EDGE('',*,*,#2181,.F.);
#2856=ORIENTED_EDGE('',*,*,#2182,.T.);
#2857=ORIENTED_EDGE('',*,*,#2183,.F.);
#2858=ORIENTED_EDGE('',*,*,#2180,.T.);
#2859=ORIENTED_EDGE('',*,*,#2184,.F.);
#2860=ORIENTED_EDGE('',*,*,#2174,.F.);
#2861=ORIENTED_EDGE('',*,*,#2123,.F.);
#2862=ORIENTED_EDGE('',*,*,#2175,.T.);
#2863=ORIENTED_EDGE('',*,*,#2184,.T.);
#2864=ORIENTED_EDGE('',*,*,#2179,.T.);
#2865=ORIENTED_EDGE('',*,*,#2150,.T.);
#2866=ORIENTED_EDGE('',*,*,#2185,.F.);
#2867=ORIENTED_EDGE('',*,*,#2177,.T.);
#2868=ORIENTED_EDGE('',*,*,#2186,.T.);
#2869=ORIENTED_EDGE('',*,*,#2157,.F.);
#2870=ORIENTED_EDGE('',*,*,#2183,.T.);
#2871=ORIENTED_EDGE('',*,*,#2187,.F.);
#2872=ORIENTED_EDGE('',*,*,#2188,.T.);
#2873=ORIENTED_EDGE('',*,*,#2189,.T.);
#2874=ORIENTED_EDGE('',*,*,#2190,.F.);
#2875=ORIENTED_EDGE('',*,*,#2090,.F.);
#2876=ORIENTED_EDGE('',*,*,#2191,.T.);
#2877=ORIENTED_EDGE('',*,*,#2192,.T.);
#2878=ORIENTED_EDGE('',*,*,#2193,.T.);
#2879=ORIENTED_EDGE('',*,*,#2089,.F.);
#2880=ORIENTED_EDGE('',*,*,#2194,.F.);
#2881=ORIENTED_EDGE('',*,*,#2195,.F.);
#2882=ORIENTED_EDGE('',*,*,#2196,.T.);
#2883=ORIENTED_EDGE('',*,*,#2197,.T.);
#2884=ORIENTED_EDGE('',*,*,#2191,.F.);
#2885=ORIENTED_EDGE('',*,*,#2198,.F.);
#2886=ORIENTED_EDGE('',*,*,#2188,.F.);
#2887=ORIENTED_EDGE('',*,*,#2199,.T.);
#2888=ORIENTED_EDGE('',*,*,#2195,.T.);
#2889=ORIENTED_EDGE('',*,*,#2091,.F.);
#2890=ORIENTED_EDGE('',*,*,#2193,.F.);
#2891=ORIENTED_EDGE('',*,*,#2200,.F.);
#2892=ORIENTED_EDGE('',*,*,#2201,.F.);
#2893=ORIENTED_EDGE('',*,*,#2202,.T.);
#2894=ORIENTED_EDGE('',*,*,#2203,.F.);
#2895=ORIENTED_EDGE('',*,*,#2200,.T.);
#2896=ORIENTED_EDGE('',*,*,#2192,.F.);
#2897=ORIENTED_EDGE('',*,*,#2197,.F.);
#2898=ORIENTED_EDGE('',*,*,#2203,.T.);
#2899=ORIENTED_EDGE('',*,*,#2204,.F.);
#2900=ORIENTED_EDGE('',*,*,#2205,.F.);
#2901=ORIENTED_EDGE('',*,*,#2206,.F.);
#2902=ORIENTED_EDGE('',*,*,#2059,.F.);
#2903=ORIENTED_EDGE('',*,*,#2207,.F.);
#2904=ORIENTED_EDGE('',*,*,#2208,.F.);
#2905=ORIENTED_EDGE('',*,*,#2209,.T.);
#2906=ORIENTED_EDGE('',*,*,#2210,.T.);
#2907=ORIENTED_EDGE('',*,*,#2211,.F.);
#2908=ORIENTED_EDGE('',*,*,#2212,.F.);
#2909=ORIENTED_EDGE('',*,*,#2213,.F.);
#2910=ORIENTED_EDGE('',*,*,#2214,.T.);
#2911=ORIENTED_EDGE('',*,*,#2208,.T.);
#2912=ORIENTED_EDGE('',*,*,#2061,.F.);
#2913=ORIENTED_EDGE('',*,*,#2215,.F.);
#2914=ORIENTED_EDGE('',*,*,#2216,.F.);
#2915=ORIENTED_EDGE('',*,*,#2217,.F.);
#2916=ORIENTED_EDGE('',*,*,#2218,.T.);
#2917=ORIENTED_EDGE('',*,*,#2219,.F.);
#2918=ORIENTED_EDGE('',*,*,#2216,.T.);
#2919=ORIENTED_EDGE('',*,*,#2220,.F.);
#2920=ORIENTED_EDGE('',*,*,#2210,.F.);
#2921=ORIENTED_EDGE('',*,*,#2060,.F.);
#2922=ORIENTED_EDGE('',*,*,#2211,.T.);
#2923=ORIENTED_EDGE('',*,*,#2220,.T.);
#2924=ORIENTED_EDGE('',*,*,#2215,.T.);
#2925=ORIENTED_EDGE('',*,*,#2213,.T.);
#2926=ORIENTED_EDGE('',*,*,#2221,.T.);
#2927=ORIENTED_EDGE('',*,*,#2222,.F.);
#2928=ORIENTED_EDGE('',*,*,#2223,.T.);
#2929=ORIENTED_EDGE('',*,*,#2224,.F.);
#2930=ORIENTED_EDGE('',*,*,#2219,.T.);
#2931=ORIENTED_EDGE('',*,*,#2225,.F.);
#2932=ORIENTED_EDGE('',*,*,#2226,.T.);
#2933=ORIENTED_EDGE('',*,*,#2227,.T.);
#2934=ORIENTED_EDGE('',*,*,#2228,.F.);
#2935=ORIENTED_EDGE('',*,*,#2029,.F.);
#2936=ORIENTED_EDGE('',*,*,#2229,.F.);
#2937=ORIENTED_EDGE('',*,*,#2230,.F.);
#2938=ORIENTED_EDGE('',*,*,#2231,.T.);
#2939=ORIENTED_EDGE('',*,*,#2232,.T.);
#2940=ORIENTED_EDGE('',*,*,#2233,.F.);
#2941=ORIENTED_EDGE('',*,*,#2234,.F.);
#2942=ORIENTED_EDGE('',*,*,#2226,.F.);
#2943=ORIENTED_EDGE('',*,*,#2235,.T.);
#2944=ORIENTED_EDGE('',*,*,#2230,.T.);
#2945=ORIENTED_EDGE('',*,*,#2031,.F.);
#2946=ORIENTED_EDGE('',*,*,#2236,.F.);
#2947=ORIENTED_EDGE('',*,*,#2237,.F.);
#2948=ORIENTED_EDGE('',*,*,#2238,.F.);
#2949=ORIENTED_EDGE('',*,*,#2239,.T.);
#2950=ORIENTED_EDGE('',*,*,#2240,.F.);
#2951=ORIENTED_EDGE('',*,*,#2237,.T.);
#2952=ORIENTED_EDGE('',*,*,#2241,.F.);
#2953=ORIENTED_EDGE('',*,*,#2232,.F.);
#2954=ORIENTED_EDGE('',*,*,#2030,.F.);
#2955=ORIENTED_EDGE('',*,*,#2233,.T.);
#2956=ORIENTED_EDGE('',*,*,#2241,.T.);
#2957=ORIENTED_EDGE('',*,*,#2236,.T.);
#2958=ORIENTED_EDGE('',*,*,#2240,.T.);
#2959=ORIENTED_EDGE('',*,*,#2242,.F.);
#2960=ORIENTED_EDGE('',*,*,#2243,.T.);
#2961=ORIENTED_EDGE('',*,*,#2244,.T.);
#2962=ORIENTED_EDGE('',*,*,#2245,.F.);
#2963=ORIENTED_EDGE('',*,*,#2246,.F.);
#2964=ORIENTED_EDGE('',*,*,#2243,.F.);
#2965=ORIENTED_EDGE('',*,*,#2247,.T.);
#2966=ORIENTED_EDGE('',*,*,#2248,.T.);
#2967=ORIENTED_EDGE('',*,*,#2249,.F.);
#2968=ORIENTED_EDGE('',*,*,#2250,.T.);
#2969=ORIENTED_EDGE('',*,*,#2251,.F.);
#2970=ORIENTED_EDGE('',*,*,#2252,.F.);
#2971=ORIENTED_EDGE('',*,*,#2253,.F.);
#2972=ORIENTED_EDGE('',*,*,#2254,.F.);
#2973=ORIENTED_EDGE('',*,*,#2250,.F.);
#2974=ORIENTED_EDGE('',*,*,#2255,.F.);
#2975=ORIENTED_EDGE('',*,*,#2256,.F.);
#2976=ORIENTED_EDGE('',*,*,#2248,.F.);
#2977=ORIENTED_EDGE('',*,*,#2257,.T.);
#2978=ORIENTED_EDGE('',*,*,#2258,.F.);
#2979=ORIENTED_EDGE('',*,*,#2259,.F.);
#2980=ORIENTED_EDGE('',*,*,#2252,.T.);
#2981=ORIENTED_EDGE('',*,*,#2260,.F.);
#2982=ORIENTED_EDGE('',*,*,#2261,.F.);
#2983=ORIENTED_EDGE('',*,*,#2262,.F.);
#2984=ORIENTED_EDGE('',*,*,#2260,.T.);
#2985=ORIENTED_EDGE('',*,*,#2251,.T.);
#2986=ORIENTED_EDGE('',*,*,#2254,.T.);
#2987=ORIENTED_EDGE('',*,*,#1981,.T.);
#2988=ORIENTED_EDGE('',*,*,#1989,.F.);
#2989=ORIENTED_EDGE('',*,*,#2003,.T.);
#2990=ORIENTED_EDGE('',*,*,#2263,.F.);
#2991=ORIENTED_EDGE('',*,*,#1999,.T.);
#2992=ORIENTED_EDGE('',*,*,#2264,.F.);
#2993=ORIENTED_EDGE('',*,*,#1996,.T.);
#2994=ORIENTED_EDGE('',*,*,#2265,.F.);
#2995=ORIENTED_EDGE('',*,*,#2266,.F.);
#2996=ORIENTED_EDGE('',*,*,#2267,.T.);
#2997=ORIENTED_EDGE('',*,*,#2268,.F.);
#2998=ORIENTED_EDGE('',*,*,#2269,.T.);
#2999=ORIENTED_EDGE('',*,*,#2270,.F.);
#3000=ORIENTED_EDGE('',*,*,#2271,.T.);
#3001=ORIENTED_EDGE('',*,*,#2261,.T.);
#3002=ORIENTED_EDGE('',*,*,#2262,.T.);
#3003=ORIENTED_EDGE('',*,*,#2253,.T.);
#3004=ORIENTED_EDGE('',*,*,#2272,.F.);
#3005=ORIENTED_EDGE('',*,*,#2273,.F.);
#3006=ORIENTED_EDGE('',*,*,#1992,.T.);
#3007=ORIENTED_EDGE('',*,*,#1977,.T.);
#3008=ORIENTED_EDGE('',*,*,#1973,.T.);
#3009=ORIENTED_EDGE('',*,*,#2258,.T.);
#3010=ORIENTED_EDGE('',*,*,#2274,.F.);
#3011=ORIENTED_EDGE('',*,*,#2275,.F.);
#3012=ORIENTED_EDGE('',*,*,#2276,.F.);
#3013=ORIENTED_EDGE('',*,*,#2277,.T.);
#3014=ORIENTED_EDGE('',*,*,#2278,.F.);
#3015=ORIENTED_EDGE('',*,*,#2279,.T.);
#3016=ORIENTED_EDGE('',*,*,#2280,.F.);
#3017=ORIENTED_EDGE('',*,*,#2281,.T.);
#3018=ORIENTED_EDGE('',*,*,#2282,.F.);
#3019=ORIENTED_EDGE('',*,*,#2283,.T.);
#3020=ORIENTED_EDGE('',*,*,#2284,.T.);
#3021=ORIENTED_EDGE('',*,*,#2285,.F.);
#3022=ORIENTED_EDGE('',*,*,#2286,.F.);
#3023=ORIENTED_EDGE('',*,*,#2287,.T.);
#3024=ORIENTED_EDGE('',*,*,#2288,.T.);
#3025=ORIENTED_EDGE('',*,*,#2204,.T.);
#3026=ORIENTED_EDGE('',*,*,#2202,.F.);
#3027=ORIENTED_EDGE('',*,*,#2196,.F.);
#3028=ORIENTED_EDGE('',*,*,#2199,.F.);
#3029=ORIENTED_EDGE('',*,*,#2187,.T.);
#3030=ORIENTED_EDGE('',*,*,#2182,.F.);
#3031=ORIENTED_EDGE('',*,*,#2173,.F.);
#3032=ORIENTED_EDGE('',*,*,#2178,.F.);
#3033=ORIENTED_EDGE('',*,*,#2185,.T.);
#3034=ORIENTED_EDGE('',*,*,#2149,.F.);
#3035=ORIENTED_EDGE('',*,*,#2154,.F.);
#3036=ORIENTED_EDGE('',*,*,#2289,.T.);
#3037=ORIENTED_EDGE('',*,*,#2290,.T.);
#3038=ORIENTED_EDGE('',*,*,#2291,.T.);
#3039=ORIENTED_EDGE('',*,*,#2242,.T.);
#3040=ORIENTED_EDGE('',*,*,#2239,.F.);
#3041=ORIENTED_EDGE('',*,*,#2231,.F.);
#3042=ORIENTED_EDGE('',*,*,#2235,.F.);
#3043=ORIENTED_EDGE('',*,*,#2225,.T.);
#3044=ORIENTED_EDGE('',*,*,#2218,.F.);
#3045=ORIENTED_EDGE('',*,*,#2209,.F.);
#3046=ORIENTED_EDGE('',*,*,#2214,.F.);
#3047=ORIENTED_EDGE('',*,*,#2224,.T.);
#3048=ORIENTED_EDGE('',*,*,#2292,.T.);
#3049=ORIENTED_EDGE('',*,*,#2274,.T.);
#3050=ORIENTED_EDGE('',*,*,#2257,.F.);
#3051=ORIENTED_EDGE('',*,*,#2247,.F.);
#3052=ORIENTED_EDGE('',*,*,#2293,.T.);
#3053=ORIENTED_EDGE('',*,*,#2294,.T.);
#3054=ORIENTED_EDGE('',*,*,#2295,.T.);
#3055=ORIENTED_EDGE('',*,*,#2296,.T.);
#3056=ORIENTED_EDGE('',*,*,#2297,.T.);
#3057=ORIENTED_EDGE('',*,*,#2298,.T.);
#3058=ORIENTED_EDGE('',*,*,#2299,.T.);
#3059=ORIENTED_EDGE('',*,*,#2300,.T.);
#3060=ORIENTED_EDGE('',*,*,#2301,.T.);
#3061=ORIENTED_EDGE('',*,*,#2302,.F.);
#3062=ORIENTED_EDGE('',*,*,#2303,.F.);
#3063=ORIENTED_EDGE('',*,*,#2304,.F.);
#3064=ORIENTED_EDGE('',*,*,#2109,.T.);
#3065=ORIENTED_EDGE('',*,*,#2101,.T.);
#3066=ORIENTED_EDGE('',*,*,#2107,.T.);
#3067=ORIENTED_EDGE('',*,*,#2103,.T.);
#3068=ORIENTED_EDGE('',*,*,#2305,.F.);
#3069=ORIENTED_EDGE('',*,*,#2111,.T.);
#3070=ORIENTED_EDGE('',*,*,#2306,.F.);
#3071=ORIENTED_EDGE('',*,*,#2307,.F.);
#3072=ORIENTED_EDGE('',*,*,#2308,.F.);
#3073=ORIENTED_EDGE('',*,*,#2113,.T.);
#3074=ORIENTED_EDGE('',*,*,#2309,.F.);
#3075=ORIENTED_EDGE('',*,*,#2310,.F.);
#3076=ORIENTED_EDGE('',*,*,#2171,.T.);
#3077=ORIENTED_EDGE('',*,*,#2121,.F.);
#3078=ORIENTED_EDGE('',*,*,#2311,.F.);
#3079=ORIENTED_EDGE('',*,*,#2312,.T.);
#3080=ORIENTED_EDGE('',*,*,#2186,.F.);
#3081=ORIENTED_EDGE('',*,*,#2176,.T.);
#3082=ORIENTED_EDGE('',*,*,#2313,.F.);
#3083=ORIENTED_EDGE('',*,*,#2314,.T.);
#3084=ORIENTED_EDGE('',*,*,#2315,.F.);
#3085=ORIENTED_EDGE('',*,*,#2119,.F.);
#3086=ORIENTED_EDGE('',*,*,#2316,.F.);
#3087=ORIENTED_EDGE('',*,*,#2317,.T.);
#3088=ORIENTED_EDGE('',*,*,#2318,.F.);
#3089=ORIENTED_EDGE('',*,*,#2117,.F.);
#3090=ORIENTED_EDGE('',*,*,#2302,.T.);
#3091=ORIENTED_EDGE('',*,*,#2319,.F.);
#3092=ORIENTED_EDGE('',*,*,#2320,.F.);
#3093=ORIENTED_EDGE('',*,*,#2095,.T.);
#3094=ORIENTED_EDGE('',*,*,#2321,.F.);
#3095=ORIENTED_EDGE('',*,*,#2322,.F.);
#3096=ORIENTED_EDGE('',*,*,#2323,.F.);
#3097=ORIENTED_EDGE('',*,*,#2324,.F.);
#3098=ORIENTED_EDGE('',*,*,#2325,.T.);
#3099=ORIENTED_EDGE('',*,*,#2326,.F.);
#3100=ORIENTED_EDGE('',*,*,#2327,.F.);
#3101=ORIENTED_EDGE('',*,*,#2328,.T.);
#3102=ORIENTED_EDGE('',*,*,#2329,.T.);
#3103=ORIENTED_EDGE('',*,*,#2330,.T.);
#3104=ORIENTED_EDGE('',*,*,#2285,.T.);
#3105=ORIENTED_EDGE('',*,*,#2331,.T.);
#3106=ORIENTED_EDGE('',*,*,#2332,.T.);
#3107=ORIENTED_EDGE('',*,*,#2333,.T.);
#3108=ORIENTED_EDGE('',*,*,#2115,.T.);
#3109=ORIENTED_EDGE('',*,*,#2334,.T.);
#3110=ORIENTED_EDGE('',*,*,#2335,.T.);
#3111=ORIENTED_EDGE('',*,*,#2052,.T.);
#3112=ORIENTED_EDGE('',*,*,#2336,.T.);
#3113=ORIENTED_EDGE('',*,*,#2337,.T.);
#3114=ORIENTED_EDGE('',*,*,#2161,.T.);
#3115=ORIENTED_EDGE('',*,*,#2338,.T.);
#3116=ORIENTED_EDGE('',*,*,#2339,.T.);
#3117=ORIENTED_EDGE('',*,*,#2340,.T.);
#3118=ORIENTED_EDGE('',*,*,#2341,.T.);
#3119=ORIENTED_EDGE('',*,*,#2342,.T.);
#3120=ORIENTED_EDGE('',*,*,#2082,.T.);
#3121=ORIENTED_EDGE('',*,*,#2343,.T.);
#3122=ORIENTED_EDGE('',*,*,#2344,.T.);
#3123=ORIENTED_EDGE('',*,*,#2022,.T.);
#3124=ORIENTED_EDGE('',*,*,#2345,.T.);
#3125=ORIENTED_EDGE('',*,*,#1995,.T.);
#3126=ORIENTED_EDGE('',*,*,#2346,.T.);
#3127=ORIENTED_EDGE('',*,*,#2347,.T.);
#3128=ORIENTED_EDGE('',*,*,#2265,.T.);
#3129=ORIENTED_EDGE('',*,*,#2308,.T.);
#3130=ORIENTED_EDGE('',*,*,#2348,.F.);
#3131=ORIENTED_EDGE('',*,*,#2349,.F.);
#3132=ORIENTED_EDGE('',*,*,#2350,.F.);
#3133=ORIENTED_EDGE('',*,*,#2351,.T.);
#3134=ORIENTED_EDGE('',*,*,#2352,.F.);
#3135=ORIENTED_EDGE('',*,*,#2353,.T.);
#3136=ORIENTED_EDGE('',*,*,#2354,.F.);
#3137=ORIENTED_EDGE('',*,*,#2316,.T.);
#3138=ORIENTED_EDGE('',*,*,#2355,.F.);
#3139=ORIENTED_EDGE('',*,*,#2356,.T.);
#3140=ORIENTED_EDGE('',*,*,#2357,.F.);
#3141=ORIENTED_EDGE('',*,*,#2358,.T.);
#3142=ORIENTED_EDGE('',*,*,#2300,.F.);
#3143=ORIENTED_EDGE('',*,*,#2359,.F.);
#3144=ORIENTED_EDGE('',*,*,#2163,.F.);
#3145=ORIENTED_EDGE('',*,*,#2318,.T.);
#3146=ORIENTED_EDGE('',*,*,#2164,.F.);
#3147=ORIENTED_EDGE('',*,*,#2359,.T.);
#3148=ORIENTED_EDGE('',*,*,#2299,.F.);
#3149=ORIENTED_EDGE('',*,*,#2360,.F.);
#3150=ORIENTED_EDGE('',*,*,#2361,.F.);
#3151=ORIENTED_EDGE('',*,*,#2362,.T.);
#3152=ORIENTED_EDGE('',*,*,#2363,.F.);
#3153=ORIENTED_EDGE('',*,*,#2309,.T.);
#3154=ORIENTED_EDGE('',*,*,#2364,.F.);
#3155=ORIENTED_EDGE('',*,*,#2365,.T.);
#3156=ORIENTED_EDGE('',*,*,#2366,.F.);
#3157=ORIENTED_EDGE('',*,*,#2367,.F.);
#3158=ORIENTED_EDGE('',*,*,#2368,.F.);
#3159=ORIENTED_EDGE('',*,*,#2349,.T.);
#3160=ORIENTED_EDGE('',*,*,#2369,.F.);
#3161=ORIENTED_EDGE('',*,*,#2305,.T.);
#3162=ORIENTED_EDGE('',*,*,#2370,.F.);
#3163=ORIENTED_EDGE('',*,*,#2371,.F.);
#3164=ORIENTED_EDGE('',*,*,#2372,.F.);
#3165=ORIENTED_EDGE('',*,*,#2373,.T.);
#3166=ORIENTED_EDGE('',*,*,#2374,.F.);
#3167=ORIENTED_EDGE('',*,*,#2375,.T.);
#3168=ORIENTED_EDGE('',*,*,#2376,.F.);
#3169=ORIENTED_EDGE('',*,*,#2313,.T.);
#3170=ORIENTED_EDGE('',*,*,#2377,.F.);
#3171=ORIENTED_EDGE('',*,*,#2378,.T.);
#3172=ORIENTED_EDGE('',*,*,#2379,.F.);
#3173=ORIENTED_EDGE('',*,*,#2380,.T.);
#3174=ORIENTED_EDGE('',*,*,#2291,.F.);
#3175=ORIENTED_EDGE('',*,*,#2381,.F.);
#3176=ORIENTED_EDGE('',*,*,#2166,.F.);
#3177=ORIENTED_EDGE('',*,*,#2304,.T.);
#3178=ORIENTED_EDGE('',*,*,#2382,.F.);
#3179=ORIENTED_EDGE('',*,*,#2141,.F.);
#3180=ORIENTED_EDGE('',*,*,#2325,.F.);
#3181=ORIENTED_EDGE('',*,*,#2383,.F.);
#3182=ORIENTED_EDGE('',*,*,#2384,.T.);
#3183=ORIENTED_EDGE('',*,*,#2385,.F.);
#3184=ORIENTED_EDGE('',*,*,#2097,.T.);
#3185=ORIENTED_EDGE('',*,*,#2386,.F.);
#3186=ORIENTED_EDGE('',*,*,#2153,.T.);
#3187=ORIENTED_EDGE('',*,*,#2170,.F.);
#3188=ORIENTED_EDGE('',*,*,#2311,.T.);
#3189=ORIENTED_EDGE('',*,*,#2387,.F.);
#3190=ORIENTED_EDGE('',*,*,#2388,.T.);
#3191=ORIENTED_EDGE('',*,*,#2389,.F.);
#3192=ORIENTED_EDGE('',*,*,#2390,.T.);
#3193=ORIENTED_EDGE('',*,*,#2287,.F.);
#3194=ORIENTED_EDGE('',*,*,#2315,.T.);
#3195=ORIENTED_EDGE('',*,*,#2168,.F.);
#3196=ORIENTED_EDGE('',*,*,#2391,.T.);
#3197=ORIENTED_EDGE('',*,*,#2289,.F.);
#3198=ORIENTED_EDGE('',*,*,#2380,.F.);
#3199=ORIENTED_EDGE('',*,*,#2392,.F.);
#3200=ORIENTED_EDGE('',*,*,#2393,.T.);
#3201=ORIENTED_EDGE('',*,*,#2394,.F.);
#3202=ORIENTED_EDGE('',*,*,#2306,.T.);
#3203=ORIENTED_EDGE('',*,*,#2395,.F.);
#3204=ORIENTED_EDGE('',*,*,#2396,.T.);
#3205=ORIENTED_EDGE('',*,*,#2397,.F.);
#3206=ORIENTED_EDGE('',*,*,#2373,.F.);
#3207=ORIENTED_EDGE('',*,*,#2398,.F.);
#3208=ORIENTED_EDGE('',*,*,#2399,.T.);
#3209=ORIENTED_EDGE('',*,*,#2400,.F.);
#3210=ORIENTED_EDGE('',*,*,#2401,.F.);
#3211=ORIENTED_EDGE('',*,*,#2263,.T.);
#3212=ORIENTED_EDGE('',*,*,#2402,.F.);
#3213=ORIENTED_EDGE('',*,*,#2403,.F.);
#3214=ORIENTED_EDGE('',*,*,#2404,.F.);
#3215=ORIENTED_EDGE('',*,*,#2264,.T.);
#3216=ORIENTED_EDGE('',*,*,#2405,.F.);
#3217=ORIENTED_EDGE('',*,*,#2406,.F.);
#3218=ORIENTED_EDGE('',*,*,#2256,.T.);
#3219=ORIENTED_EDGE('',*,*,#2271,.F.);
#3220=ORIENTED_EDGE('',*,*,#2281,.F.);
#3221=ORIENTED_EDGE('',*,*,#2407,.T.);
#3222=ORIENTED_EDGE('',*,*,#2244,.F.);
#3223=ORIENTED_EDGE('',*,*,#2246,.T.);
#3224=ORIENTED_EDGE('',*,*,#2408,.F.);
#3225=ORIENTED_EDGE('',*,*,#2409,.T.);
#3226=ORIENTED_EDGE('',*,*,#2410,.F.);
#3227=ORIENTED_EDGE('',*,*,#2269,.F.);
#3228=ORIENTED_EDGE('',*,*,#2411,.F.);
#3229=ORIENTED_EDGE('',*,*,#2412,.T.);
#3230=ORIENTED_EDGE('',*,*,#2413,.F.);
#3231=ORIENTED_EDGE('',*,*,#2267,.F.);
#3232=ORIENTED_EDGE('',*,*,#1986,.T.);
#3233=ORIENTED_EDGE('',*,*,#1991,.F.);
#3234=ORIENTED_EDGE('',*,*,#2414,.F.);
#3235=ORIENTED_EDGE('',*,*,#2415,.F.);
#3236=ORIENTED_EDGE('',*,*,#2416,.T.);
#3237=ORIENTED_EDGE('',*,*,#2417,.F.);
#3238=ORIENTED_EDGE('',*,*,#2418,.T.);
#3239=ORIENTED_EDGE('',*,*,#2419,.F.);
#3240=ORIENTED_EDGE('',*,*,#2420,.F.);
#3241=ORIENTED_EDGE('',*,*,#2421,.T.);
#3242=ORIENTED_EDGE('',*,*,#2422,.F.);
#3243=ORIENTED_EDGE('',*,*,#2423,.F.);
#3244=ORIENTED_EDGE('',*,*,#2411,.T.);
#3245=ORIENTED_EDGE('',*,*,#2424,.F.);
#3246=ORIENTED_EDGE('',*,*,#2425,.T.);
#3247=ORIENTED_EDGE('',*,*,#2293,.F.);
#3248=ORIENTED_EDGE('',*,*,#2426,.F.);
#3249=ORIENTED_EDGE('',*,*,#2427,.F.);
#3250=ORIENTED_EDGE('',*,*,#2428,.T.);
#3251=ORIENTED_EDGE('',*,*,#2429,.F.);
#3252=ORIENTED_EDGE('',*,*,#2430,.T.);
#3253=ORIENTED_EDGE('',*,*,#2431,.F.);
#3254=ORIENTED_EDGE('',*,*,#2408,.T.);
#3255=ORIENTED_EDGE('',*,*,#2432,.F.);
#3256=ORIENTED_EDGE('',*,*,#2433,.T.);
#3257=ORIENTED_EDGE('',*,*,#2296,.F.);
#3258=ORIENTED_EDGE('',*,*,#2434,.F.);
#3259=ORIENTED_EDGE('',*,*,#2435,.T.);
#3260=ORIENTED_EDGE('',*,*,#2436,.F.);
#3261=ORIENTED_EDGE('',*,*,#2437,.T.);
#3262=ORIENTED_EDGE('',*,*,#2438,.F.);
#3263=ORIENTED_EDGE('',*,*,#2413,.T.);
#3264=ORIENTED_EDGE('',*,*,#2439,.F.);
#3265=ORIENTED_EDGE('',*,*,#2440,.T.);
#3266=ORIENTED_EDGE('',*,*,#2441,.F.);
#3267=ORIENTED_EDGE('',*,*,#2442,.T.);
#3268=ORIENTED_EDGE('',*,*,#2443,.F.);
#3269=ORIENTED_EDGE('',*,*,#2444,.T.);
#3270=ORIENTED_EDGE('',*,*,#2294,.F.);
#3271=ORIENTED_EDGE('',*,*,#2425,.F.);
#3272=ORIENTED_EDGE('',*,*,#2445,.F.);
#3273=ORIENTED_EDGE('',*,*,#2410,.T.);
#3274=ORIENTED_EDGE('',*,*,#2446,.F.);
#3275=ORIENTED_EDGE('',*,*,#2447,.T.);
#3276=ORIENTED_EDGE('',*,*,#2448,.F.);
#3277=ORIENTED_EDGE('',*,*,#2449,.T.);
#3278=ORIENTED_EDGE('',*,*,#2434,.T.);
#3279=ORIENTED_EDGE('',*,*,#2298,.F.);
#3280=ORIENTED_EDGE('',*,*,#2450,.F.);
#3281=ORIENTED_EDGE('',*,*,#2451,.F.);
#3282=ORIENTED_EDGE('',*,*,#2375,.F.);
#3283=ORIENTED_EDGE('',*,*,#2078,.T.);
#3284=ORIENTED_EDGE('',*,*,#2396,.F.);
#3285=ORIENTED_EDGE('',*,*,#2452,.F.);
#3286=ORIENTED_EDGE('',*,*,#2353,.F.);
#3287=ORIENTED_EDGE('',*,*,#2080,.T.);
#3288=ORIENTED_EDGE('',*,*,#2365,.F.);
#3289=ORIENTED_EDGE('',*,*,#2453,.F.);
#3290=ORIENTED_EDGE('',*,*,#2194,.T.);
#3291=ORIENTED_EDGE('',*,*,#2088,.F.);
#3292=ORIENTED_EDGE('',*,*,#2388,.F.);
#3293=ORIENTED_EDGE('',*,*,#2454,.T.);
#3294=ORIENTED_EDGE('',*,*,#2189,.F.);
#3295=ORIENTED_EDGE('',*,*,#2198,.T.);
#3296=ORIENTED_EDGE('',*,*,#2378,.F.);
#3297=ORIENTED_EDGE('',*,*,#2455,.T.);
#3298=ORIENTED_EDGE('',*,*,#2393,.F.);
#3299=ORIENTED_EDGE('',*,*,#2086,.F.);
#3300=ORIENTED_EDGE('',*,*,#2356,.F.);
#3301=ORIENTED_EDGE('',*,*,#2456,.T.);
#3302=ORIENTED_EDGE('',*,*,#2362,.F.);
#3303=ORIENTED_EDGE('',*,*,#2084,.F.);
#3304=ORIENTED_EDGE('',*,*,#2421,.F.);
#3305=ORIENTED_EDGE('',*,*,#2457,.F.);
#3306=ORIENTED_EDGE('',*,*,#2458,.F.);
#3307=ORIENTED_EDGE('',*,*,#2016,.T.);
#3308=ORIENTED_EDGE('',*,*,#2008,.T.);
#3309=ORIENTED_EDGE('',*,*,#2014,.T.);
#3310=ORIENTED_EDGE('',*,*,#2010,.T.);
#3311=ORIENTED_EDGE('',*,*,#2459,.F.);
#3312=ORIENTED_EDGE('',*,*,#2018,.T.);
#3313=ORIENTED_EDGE('',*,*,#2460,.F.);
#3314=ORIENTED_EDGE('',*,*,#2461,.F.);
#3315=ORIENTED_EDGE('',*,*,#2462,.F.);
#3316=ORIENTED_EDGE('',*,*,#2020,.T.);
#3317=ORIENTED_EDGE('',*,*,#2463,.F.);
#3318=ORIENTED_EDGE('',*,*,#2464,.F.);
#3319=ORIENTED_EDGE('',*,*,#2229,.T.);
#3320=ORIENTED_EDGE('',*,*,#2028,.F.);
#3321=ORIENTED_EDGE('',*,*,#2279,.F.);
#3322=ORIENTED_EDGE('',*,*,#2465,.T.);
#3323=ORIENTED_EDGE('',*,*,#2227,.F.);
#3324=ORIENTED_EDGE('',*,*,#2234,.T.);
#3325=ORIENTED_EDGE('',*,*,#2437,.F.);
#3326=ORIENTED_EDGE('',*,*,#2466,.T.);
#3327=ORIENTED_EDGE('',*,*,#2447,.F.);
#3328=ORIENTED_EDGE('',*,*,#2026,.F.);
#3329=ORIENTED_EDGE('',*,*,#2430,.F.);
#3330=ORIENTED_EDGE('',*,*,#2467,.T.);
#3331=ORIENTED_EDGE('',*,*,#2440,.F.);
#3332=ORIENTED_EDGE('',*,*,#2024,.F.);
#3333=ORIENTED_EDGE('',*,*,#2418,.F.);
#3334=ORIENTED_EDGE('',*,*,#2468,.F.);
#3335=ORIENTED_EDGE('',*,*,#2469,.F.);
#3336=ORIENTED_EDGE('',*,*,#2046,.T.);
#3337=ORIENTED_EDGE('',*,*,#2038,.T.);
#3338=ORIENTED_EDGE('',*,*,#2044,.T.);
#3339=ORIENTED_EDGE('',*,*,#2040,.T.);
#3340=ORIENTED_EDGE('',*,*,#2470,.F.);
#3341=ORIENTED_EDGE('',*,*,#2048,.T.);
#3342=ORIENTED_EDGE('',*,*,#2471,.F.);
#3343=ORIENTED_EDGE('',*,*,#2472,.F.);
#3344=ORIENTED_EDGE('',*,*,#2050,.T.);
#3345=ORIENTED_EDGE('',*,*,#2473,.F.);
#3346=ORIENTED_EDGE('',*,*,#2474,.F.);
#3347=ORIENTED_EDGE('',*,*,#2207,.T.);
#3348=ORIENTED_EDGE('',*,*,#2058,.F.);
#3349=ORIENTED_EDGE('',*,*,#2277,.F.);
#3350=ORIENTED_EDGE('',*,*,#2475,.T.);
#3351=ORIENTED_EDGE('',*,*,#2221,.F.);
#3352=ORIENTED_EDGE('',*,*,#2212,.T.);
#3353=ORIENTED_EDGE('',*,*,#2435,.F.);
#3354=ORIENTED_EDGE('',*,*,#2449,.F.);
#3355=ORIENTED_EDGE('',*,*,#2056,.F.);
#3356=ORIENTED_EDGE('',*,*,#2428,.F.);
#3357=ORIENTED_EDGE('',*,*,#2476,.T.);
#3358=ORIENTED_EDGE('',*,*,#2442,.F.);
#3359=ORIENTED_EDGE('',*,*,#2054,.F.);
#3360=ORIENTED_EDGE('',*,*,#2402,.T.);
#3361=ORIENTED_EDGE('',*,*,#2002,.F.);
#3362=ORIENTED_EDGE('',*,*,#2477,.F.);
#3363=ORIENTED_EDGE('',*,*,#2478,.F.);
#3364=ORIENTED_EDGE('',*,*,#2479,.T.);
#3365=ORIENTED_EDGE('',*,*,#2471,.T.);
#3366=ORIENTED_EDGE('',*,*,#2480,.F.);
#3367=ORIENTED_EDGE('',*,*,#2460,.T.);
#3368=ORIENTED_EDGE('',*,*,#2481,.F.);
#3369=ORIENTED_EDGE('',*,*,#2401,.T.);
#3370=ORIENTED_EDGE('',*,*,#2482,.F.);
#3371=ORIENTED_EDGE('',*,*,#2459,.T.);
#3372=ORIENTED_EDGE('',*,*,#2483,.F.);
#3373=ORIENTED_EDGE('',*,*,#2470,.T.);
#3374=ORIENTED_EDGE('',*,*,#2479,.F.);
#3375=ORIENTED_EDGE('',*,*,#2484,.F.);
#3376=ORIENTED_EDGE('',*,*,#2485,.T.);
#3377=ORIENTED_EDGE('',*,*,#2000,.F.);
#3378=ORIENTED_EDGE('',*,*,#2486,.F.);
#3379=ORIENTED_EDGE('',*,*,#2351,.F.);
#3380=ORIENTED_EDGE('',*,*,#2487,.F.);
#3381=ORIENTED_EDGE('',*,*,#2367,.T.);
#3382=ORIENTED_EDGE('',*,*,#2301,.F.);
#3383=ORIENTED_EDGE('',*,*,#2358,.F.);
#3384=ORIENTED_EDGE('',*,*,#2488,.F.);
#3385=ORIENTED_EDGE('',*,*,#2360,.T.);
#3386=ORIENTED_EDGE('',*,*,#2001,.F.);
#3387=ORIENTED_EDGE('',*,*,#2485,.F.);
#3388=ORIENTED_EDGE('',*,*,#2489,.F.);
#3389=ORIENTED_EDGE('',*,*,#2477,.T.);
#3390=ORIENTED_EDGE('',*,*,#2490,.F.);
#3391=ORIENTED_EDGE('',*,*,#2450,.T.);
#3392=ORIENTED_EDGE('',*,*,#2297,.F.);
#3393=ORIENTED_EDGE('',*,*,#2433,.F.);
#3394=ORIENTED_EDGE('',*,*,#2491,.F.);
#3395=ORIENTED_EDGE('',*,*,#2384,.F.);
#3396=ORIENTED_EDGE('',*,*,#2492,.F.);
#3397=ORIENTED_EDGE('',*,*,#2323,.T.);
#3398=ORIENTED_EDGE('',*,*,#2288,.F.);
#3399=ORIENTED_EDGE('',*,*,#2390,.F.);
#3400=ORIENTED_EDGE('',*,*,#2493,.F.);
#3401=ORIENTED_EDGE('',*,*,#2205,.T.);
#3402=ORIENTED_EDGE('',*,*,#2494,.F.);
#3403=ORIENTED_EDGE('',*,*,#2495,.F.);
#3404=ORIENTED_EDGE('',*,*,#2496,.F.);
#3405=ORIENTED_EDGE('',*,*,#2497,.T.);
#3406=ORIENTED_EDGE('',*,*,#2295,.F.);
#3407=ORIENTED_EDGE('',*,*,#2444,.F.);
#3408=ORIENTED_EDGE('',*,*,#2498,.F.);
#3409=ORIENTED_EDGE('',*,*,#2426,.T.);
#3410=ORIENTED_EDGE('',*,*,#2404,.T.);
#3411=ORIENTED_EDGE('',*,*,#2499,.F.);
#3412=ORIENTED_EDGE('',*,*,#2462,.T.);
#3413=ORIENTED_EDGE('',*,*,#2500,.F.);
#3414=ORIENTED_EDGE('',*,*,#2472,.T.);
#3415=ORIENTED_EDGE('',*,*,#2501,.F.);
#3416=ORIENTED_EDGE('',*,*,#2497,.F.);
#3417=ORIENTED_EDGE('',*,*,#2502,.F.);
#3418=ORIENTED_EDGE('',*,*,#2503,.T.);
#3419=ORIENTED_EDGE('',*,*,#1997,.F.);
#3420=ORIENTED_EDGE('',*,*,#2405,.T.);
#3421=ORIENTED_EDGE('',*,*,#1998,.F.);
#3422=ORIENTED_EDGE('',*,*,#2503,.F.);
#3423=ORIENTED_EDGE('',*,*,#2504,.F.);
#3424=ORIENTED_EDGE('',*,*,#2495,.T.);
#3425=ORIENTED_EDGE('',*,*,#2505,.F.);
#3426=ORIENTED_EDGE('',*,*,#2473,.T.);
#3427=ORIENTED_EDGE('',*,*,#2506,.F.);
#3428=ORIENTED_EDGE('',*,*,#2463,.T.);
#3429=ORIENTED_EDGE('',*,*,#2507,.F.);
#3430=ORIENTED_EDGE('',*,*,#2508,.F.);
#3431=ORIENTED_EDGE('',*,*,#2416,.F.);
#3432=ORIENTED_EDGE('',*,*,#2509,.F.);
#3433=ORIENTED_EDGE('',*,*,#2510,.T.);
#3434=ORIENTED_EDGE('',*,*,#2292,.F.);
#3435=ORIENTED_EDGE('',*,*,#2223,.F.);
#3436=ORIENTED_EDGE('',*,*,#2511,.F.);
#3437=ORIENTED_EDGE('',*,*,#2275,.T.);
#3438=ORIENTED_EDGE('',*,*,#1988,.T.);
#3439=ORIENTED_EDGE('',*,*,#2512,.F.);
#3440=ORIENTED_EDGE('',*,*,#2458,.T.);
#3441=ORIENTED_EDGE('',*,*,#2513,.F.);
#3442=ORIENTED_EDGE('',*,*,#2469,.T.);
#3443=ORIENTED_EDGE('',*,*,#2514,.F.);
#3444=ORIENTED_EDGE('',*,*,#2510,.F.);
#3445=ORIENTED_EDGE('',*,*,#2515,.F.);
#3446=ORIENTED_EDGE('',*,*,#2414,.T.);
#3447=ORIENTED_EDGE('',*,*,#1990,.F.);
#3448=ORIENTED_EDGE('',*,*,#2004,.F.);
#3449=ORIENTED_EDGE('',*,*,#2167,.F.);
#3450=ORIENTED_EDGE('',*,*,#2381,.T.);
#3451=ORIENTED_EDGE('',*,*,#2290,.F.);
#3452=ORIENTED_EDGE('',*,*,#2391,.F.);
#3453=ORIENTED_EDGE('',*,*,#2516,.F.);
#3454=ORIENTED_EDGE('',*,*,#2399,.F.);
#3455=ORIENTED_EDGE('',*,*,#2517,.F.);
#3456=ORIENTED_EDGE('',*,*,#2371,.T.);
#3457=ORIENTED_EDGE('',*,*,#2259,.T.);
#3458=ORIENTED_EDGE('',*,*,#2282,.T.);
#3459=ORIENTED_EDGE('',*,*,#2270,.T.);
#3460=ORIENTED_EDGE('',*,*,#2451,.T.);
#3461=ORIENTED_EDGE('',*,*,#2490,.T.);
#3462=ORIENTED_EDGE('',*,*,#2432,.T.);
#3463=ORIENTED_EDGE('',*,*,#2268,.T.);
#3464=ORIENTED_EDGE('',*,*,#2445,.T.);
#3465=ORIENTED_EDGE('',*,*,#2424,.T.);
#3466=ORIENTED_EDGE('',*,*,#2266,.T.);
#3467=ORIENTED_EDGE('',*,*,#2347,.F.);
#3468=ORIENTED_EDGE('',*,*,#2518,.F.);
#3469=ORIENTED_EDGE('',*,*,#2519,.F.);
#3470=ORIENTED_EDGE('',*,*,#2272,.T.);
#3471=ORIENTED_EDGE('',*,*,#2255,.T.);
#3472=ORIENTED_EDGE('',*,*,#2249,.T.);
#3473=ORIENTED_EDGE('',*,*,#2520,.T.);
#3474=ORIENTED_EDGE('',*,*,#2341,.F.);
#3475=ORIENTED_EDGE('',*,*,#2521,.F.);
#3476=ORIENTED_EDGE('',*,*,#2474,.T.);
#3477=ORIENTED_EDGE('',*,*,#2522,.F.);
#3478=ORIENTED_EDGE('',*,*,#2468,.T.);
#3479=ORIENTED_EDGE('',*,*,#2523,.F.);
#3480=ORIENTED_EDGE('',*,*,#2524,.F.);
#3481=ORIENTED_EDGE('',*,*,#2525,.T.);
#3482=ORIENTED_EDGE('',*,*,#2475,.F.);
#3483=ORIENTED_EDGE('',*,*,#2526,.T.);
#3484=ORIENTED_EDGE('',*,*,#2476,.F.);
#3485=ORIENTED_EDGE('',*,*,#2238,.T.);
#3486=ORIENTED_EDGE('',*,*,#2245,.T.);
#3487=ORIENTED_EDGE('',*,*,#2527,.F.);
#3488=ORIENTED_EDGE('',*,*,#2528,.F.);
#3489=ORIENTED_EDGE('',*,*,#2032,.T.);
#3490=ORIENTED_EDGE('',*,*,#2431,.T.);
#3491=ORIENTED_EDGE('',*,*,#2023,.T.);
#3492=ORIENTED_EDGE('',*,*,#2344,.F.);
#3493=ORIENTED_EDGE('',*,*,#2529,.F.);
#3494=ORIENTED_EDGE('',*,*,#2446,.T.);
#3495=ORIENTED_EDGE('',*,*,#2530,.F.);
#3496=ORIENTED_EDGE('',*,*,#2280,.T.);
#3497=ORIENTED_EDGE('',*,*,#2027,.T.);
#3498=ORIENTED_EDGE('',*,*,#2438,.T.);
#3499=ORIENTED_EDGE('',*,*,#2025,.T.);
#3500=ORIENTED_EDGE('',*,*,#2439,.T.);
#3501=ORIENTED_EDGE('',*,*,#2531,.F.);
#3502=ORIENTED_EDGE('',*,*,#2532,.F.);
#3503=ORIENTED_EDGE('',*,*,#2533,.F.);
#3504=ORIENTED_EDGE('',*,*,#2527,.T.);
#3505=ORIENTED_EDGE('',*,*,#2407,.F.);
#3506=ORIENTED_EDGE('',*,*,#2530,.T.);
#3507=ORIENTED_EDGE('',*,*,#2409,.F.);
#3508=ORIENTED_EDGE('',*,*,#2531,.T.);
#3509=ORIENTED_EDGE('',*,*,#2412,.F.);
#3510=ORIENTED_EDGE('',*,*,#2529,.T.);
#3511=ORIENTED_EDGE('',*,*,#2343,.F.);
#3512=ORIENTED_EDGE('',*,*,#2534,.F.);
#3513=ORIENTED_EDGE('',*,*,#2406,.T.);
#3514=ORIENTED_EDGE('',*,*,#2535,.F.);
#3515=ORIENTED_EDGE('',*,*,#2403,.T.);
#3516=ORIENTED_EDGE('',*,*,#2536,.F.);
#3517=ORIENTED_EDGE('',*,*,#1987,.T.);
#3518=ORIENTED_EDGE('',*,*,#2423,.T.);
#3519=ORIENTED_EDGE('',*,*,#2422,.T.);
#3520=ORIENTED_EDGE('',*,*,#2034,.F.);
#3521=ORIENTED_EDGE('',*,*,#2537,.F.);
#3522=ORIENTED_EDGE('',*,*,#2532,.T.);
#3523=ORIENTED_EDGE('',*,*,#2499,.T.);
#3524=ORIENTED_EDGE('',*,*,#2534,.T.);
#3525=ORIENTED_EDGE('',*,*,#2345,.F.);
#3526=ORIENTED_EDGE('',*,*,#2021,.F.);
#3527=ORIENTED_EDGE('',*,*,#2481,.T.);
#3528=ORIENTED_EDGE('',*,*,#2017,.F.);
#3529=ORIENTED_EDGE('',*,*,#2512,.T.);
#3530=ORIENTED_EDGE('',*,*,#2536,.T.);
#3531=ORIENTED_EDGE('',*,*,#2217,.T.);
#3532=ORIENTED_EDGE('',*,*,#2228,.T.);
#3533=ORIENTED_EDGE('',*,*,#2538,.F.);
#3534=ORIENTED_EDGE('',*,*,#2539,.F.);
#3535=ORIENTED_EDGE('',*,*,#2062,.T.);
#3536=ORIENTED_EDGE('',*,*,#2429,.T.);
#3537=ORIENTED_EDGE('',*,*,#2053,.T.);
#3538=ORIENTED_EDGE('',*,*,#2335,.F.);
#3539=ORIENTED_EDGE('',*,*,#2540,.F.);
#3540=ORIENTED_EDGE('',*,*,#2448,.T.);
#3541=ORIENTED_EDGE('',*,*,#2541,.F.);
#3542=ORIENTED_EDGE('',*,*,#2278,.T.);
#3543=ORIENTED_EDGE('',*,*,#2057,.T.);
#3544=ORIENTED_EDGE('',*,*,#2436,.T.);
#3545=ORIENTED_EDGE('',*,*,#2055,.T.);
#3546=ORIENTED_EDGE('',*,*,#2441,.T.);
#3547=ORIENTED_EDGE('',*,*,#2542,.F.);
#3548=ORIENTED_EDGE('',*,*,#2543,.F.);
#3549=ORIENTED_EDGE('',*,*,#2544,.F.);
#3550=ORIENTED_EDGE('',*,*,#2538,.T.);
#3551=ORIENTED_EDGE('',*,*,#2465,.F.);
#3552=ORIENTED_EDGE('',*,*,#2541,.T.);
#3553=ORIENTED_EDGE('',*,*,#2466,.F.);
#3554=ORIENTED_EDGE('',*,*,#2542,.T.);
#3555=ORIENTED_EDGE('',*,*,#2467,.F.);
#3556=ORIENTED_EDGE('',*,*,#2540,.T.);
#3557=ORIENTED_EDGE('',*,*,#2334,.F.);
#3558=ORIENTED_EDGE('',*,*,#2545,.F.);
#3559=ORIENTED_EDGE('',*,*,#2464,.T.);
#3560=ORIENTED_EDGE('',*,*,#2546,.F.);
#3561=ORIENTED_EDGE('',*,*,#2461,.T.);
#3562=ORIENTED_EDGE('',*,*,#2547,.F.);
#3563=ORIENTED_EDGE('',*,*,#2457,.T.);
#3564=ORIENTED_EDGE('',*,*,#2420,.T.);
#3565=ORIENTED_EDGE('',*,*,#2419,.T.);
#3566=ORIENTED_EDGE('',*,*,#2064,.F.);
#3567=ORIENTED_EDGE('',*,*,#2548,.F.);
#3568=ORIENTED_EDGE('',*,*,#2543,.T.);
#3569=ORIENTED_EDGE('',*,*,#2500,.T.);
#3570=ORIENTED_EDGE('',*,*,#2545,.T.);
#3571=ORIENTED_EDGE('',*,*,#2336,.F.);
#3572=ORIENTED_EDGE('',*,*,#2051,.F.);
#3573=ORIENTED_EDGE('',*,*,#2480,.T.);
#3574=ORIENTED_EDGE('',*,*,#2047,.F.);
#3575=ORIENTED_EDGE('',*,*,#2513,.T.);
#3576=ORIENTED_EDGE('',*,*,#2547,.T.);
#3577=ORIENTED_EDGE('',*,*,#2549,.F.);
#3578=ORIENTED_EDGE('',*,*,#2550,.F.);
#3579=ORIENTED_EDGE('',*,*,#2158,.T.);
#3580=ORIENTED_EDGE('',*,*,#2312,.F.);
#3581=ORIENTED_EDGE('',*,*,#2169,.T.);
#3582=ORIENTED_EDGE('',*,*,#2314,.F.);
#3583=ORIENTED_EDGE('',*,*,#2165,.T.);
#3584=ORIENTED_EDGE('',*,*,#2317,.F.);
#3585=ORIENTED_EDGE('',*,*,#2162,.T.);
#3586=ORIENTED_EDGE('',*,*,#2337,.F.);
#3587=ORIENTED_EDGE('',*,*,#2551,.F.);
#3588=ORIENTED_EDGE('',*,*,#2310,.T.);
#3589=ORIENTED_EDGE('',*,*,#2552,.F.);
#3590=ORIENTED_EDGE('',*,*,#2307,.T.);
#3591=ORIENTED_EDGE('',*,*,#2553,.F.);
#3592=ORIENTED_EDGE('',*,*,#2303,.T.);
#3593=ORIENTED_EDGE('',*,*,#2361,.T.);
#3594=ORIENTED_EDGE('',*,*,#2488,.T.);
#3595=ORIENTED_EDGE('',*,*,#2357,.T.);
#3596=ORIENTED_EDGE('',*,*,#2083,.T.);
#3597=ORIENTED_EDGE('',*,*,#2342,.F.);
#3598=ORIENTED_EDGE('',*,*,#2520,.F.);
#3599=ORIENTED_EDGE('',*,*,#2427,.T.);
#3600=ORIENTED_EDGE('',*,*,#2498,.T.);
#3601=ORIENTED_EDGE('',*,*,#2443,.T.);
#3602=ORIENTED_EDGE('',*,*,#2526,.F.);
#3603=ORIENTED_EDGE('',*,*,#2276,.T.);
#3604=ORIENTED_EDGE('',*,*,#2511,.T.);
#3605=ORIENTED_EDGE('',*,*,#2222,.T.);
#3606=ORIENTED_EDGE('',*,*,#2525,.F.);
#3607=ORIENTED_EDGE('',*,*,#2554,.F.);
#3608=ORIENTED_EDGE('',*,*,#2092,.T.);
#3609=ORIENTED_EDGE('',*,*,#2201,.T.);
#3610=ORIENTED_EDGE('',*,*,#2206,.T.);
#3611=ORIENTED_EDGE('',*,*,#2493,.T.);
#3612=ORIENTED_EDGE('',*,*,#2389,.T.);
#3613=ORIENTED_EDGE('',*,*,#2087,.T.);
#3614=ORIENTED_EDGE('',*,*,#2392,.T.);
#3615=ORIENTED_EDGE('',*,*,#2379,.T.);
#3616=ORIENTED_EDGE('',*,*,#2085,.T.);
#3617=ORIENTED_EDGE('',*,*,#2555,.T.);
#3618=ORIENTED_EDGE('',*,*,#2332,.F.);
#3619=ORIENTED_EDGE('',*,*,#2556,.F.);
#3620=ORIENTED_EDGE('',*,*,#2453,.T.);
#3621=ORIENTED_EDGE('',*,*,#2557,.F.);
#3622=ORIENTED_EDGE('',*,*,#2452,.T.);
#3623=ORIENTED_EDGE('',*,*,#2558,.F.);
#3624=ORIENTED_EDGE('',*,*,#2096,.T.);
#3625=ORIENTED_EDGE('',*,*,#2559,.F.);
#3626=ORIENTED_EDGE('',*,*,#2560,.F.);
#3627=ORIENTED_EDGE('',*,*,#2561,.T.);
#3628=ORIENTED_EDGE('',*,*,#2454,.F.);
#3629=ORIENTED_EDGE('',*,*,#2562,.T.);
#3630=ORIENTED_EDGE('',*,*,#2455,.F.);
#3631=ORIENTED_EDGE('',*,*,#2563,.T.);
#3632=ORIENTED_EDGE('',*,*,#2456,.F.);
#3633=ORIENTED_EDGE('',*,*,#2387,.T.);
#3634=ORIENTED_EDGE('',*,*,#2120,.T.);
#3635=ORIENTED_EDGE('',*,*,#2394,.T.);
#3636=ORIENTED_EDGE('',*,*,#2562,.F.);
#3637=ORIENTED_EDGE('',*,*,#2181,.T.);
#3638=ORIENTED_EDGE('',*,*,#2190,.T.);
#3639=ORIENTED_EDGE('',*,*,#2561,.F.);
#3640=ORIENTED_EDGE('',*,*,#2564,.F.);
#3641=ORIENTED_EDGE('',*,*,#2125,.T.);
#3642=ORIENTED_EDGE('',*,*,#2355,.T.);
#3643=ORIENTED_EDGE('',*,*,#2116,.T.);
#3644=ORIENTED_EDGE('',*,*,#2333,.F.);
#3645=ORIENTED_EDGE('',*,*,#2555,.F.);
#3646=ORIENTED_EDGE('',*,*,#2363,.T.);
#3647=ORIENTED_EDGE('',*,*,#2563,.F.);
#3648=ORIENTED_EDGE('',*,*,#2377,.T.);
#3649=ORIENTED_EDGE('',*,*,#2118,.T.);
#3650=ORIENTED_EDGE('',*,*,#2386,.T.);
#3651=ORIENTED_EDGE('',*,*,#2558,.T.);
#3652=ORIENTED_EDGE('',*,*,#2395,.T.);
#3653=ORIENTED_EDGE('',*,*,#2110,.F.);
#3654=ORIENTED_EDGE('',*,*,#2320,.T.);
#3655=ORIENTED_EDGE('',*,*,#2319,.T.);
#3656=ORIENTED_EDGE('',*,*,#2127,.F.);
#3657=ORIENTED_EDGE('',*,*,#2565,.F.);
#3658=ORIENTED_EDGE('',*,*,#2559,.T.);
#3659=ORIENTED_EDGE('',*,*,#2354,.T.);
#3660=ORIENTED_EDGE('',*,*,#2556,.T.);
#3661=ORIENTED_EDGE('',*,*,#2331,.F.);
#3662=ORIENTED_EDGE('',*,*,#2114,.F.);
#3663=ORIENTED_EDGE('',*,*,#2566,.F.);
#3664=ORIENTED_EDGE('',*,*,#2567,.T.);
#3665=ORIENTED_EDGE('',*,*,#2338,.F.);
#3666=ORIENTED_EDGE('',*,*,#2160,.F.);
#3667=ORIENTED_EDGE('',*,*,#2140,.T.);
#3668=ORIENTED_EDGE('',*,*,#2382,.T.);
#3669=ORIENTED_EDGE('',*,*,#2553,.T.);
#3670=ORIENTED_EDGE('',*,*,#2400,.T.);
#3671=ORIENTED_EDGE('',*,*,#2516,.T.);
#3672=ORIENTED_EDGE('',*,*,#2370,.T.);
#3673=ORIENTED_EDGE('',*,*,#2552,.T.);
#3674=ORIENTED_EDGE('',*,*,#2369,.T.);
#3675=ORIENTED_EDGE('',*,*,#2348,.T.);
#3676=ORIENTED_EDGE('',*,*,#2551,.T.);
#3677=ORIENTED_EDGE('',*,*,#2339,.F.);
#3678=ORIENTED_EDGE('',*,*,#2567,.F.);
#3679=ORIENTED_EDGE('',*,*,#2568,.F.);
#3680=ORIENTED_EDGE('',*,*,#2549,.T.);
#3681=ORIENTED_EDGE('',*,*,#2327,.T.);
#3682=ORIENTED_EDGE('',*,*,#2326,.T.);
#3683=ORIENTED_EDGE('',*,*,#2130,.T.);
#3684=ORIENTED_EDGE('',*,*,#2366,.T.);
#3685=ORIENTED_EDGE('',*,*,#2079,.F.);
#3686=ORIENTED_EDGE('',*,*,#2374,.T.);
#3687=ORIENTED_EDGE('',*,*,#2397,.T.);
#3688=ORIENTED_EDGE('',*,*,#2077,.F.);
#3689=ORIENTED_EDGE('',*,*,#2385,.T.);
#3690=ORIENTED_EDGE('',*,*,#2491,.T.);
#3691=ORIENTED_EDGE('',*,*,#2322,.T.);
#3692=ORIENTED_EDGE('',*,*,#2321,.T.);
#3693=ORIENTED_EDGE('',*,*,#2094,.F.);
#3694=ORIENTED_EDGE('',*,*,#2569,.F.);
#3695=ORIENTED_EDGE('',*,*,#2523,.T.);
#3696=ORIENTED_EDGE('',*,*,#2417,.T.);
#3697=ORIENTED_EDGE('',*,*,#2508,.T.);
#3698=ORIENTED_EDGE('',*,*,#2514,.T.);
#3699=ORIENTED_EDGE('',*,*,#2522,.T.);
#3700=ORIENTED_EDGE('',*,*,#2505,.T.);
#3701=ORIENTED_EDGE('',*,*,#2494,.T.);
#3702=ORIENTED_EDGE('',*,*,#2501,.T.);
#3703=ORIENTED_EDGE('',*,*,#2521,.T.);
#3704=ORIENTED_EDGE('',*,*,#2340,.F.);
#3705=ORIENTED_EDGE('',*,*,#2081,.F.);
#3706=ORIENTED_EDGE('',*,*,#2352,.T.);
#3707=ORIENTED_EDGE('',*,*,#2486,.T.);
#3708=ORIENTED_EDGE('',*,*,#2482,.T.);
#3709=ORIENTED_EDGE('',*,*,#2535,.T.);
#3710=ORIENTED_EDGE('',*,*,#2507,.T.);
#3711=ORIENTED_EDGE('',*,*,#2019,.F.);
#3712=ORIENTED_EDGE('',*,*,#2483,.T.);
#3713=ORIENTED_EDGE('',*,*,#2546,.T.);
#3714=ORIENTED_EDGE('',*,*,#2506,.T.);
#3715=ORIENTED_EDGE('',*,*,#2049,.F.);
#3716=ORIENTED_EDGE('',*,*,#2570,.F.);
#3717=ORIENTED_EDGE('',*,*,#2518,.T.);
#3718=ORIENTED_EDGE('',*,*,#2346,.F.);
#3719=ORIENTED_EDGE('',*,*,#1994,.F.);
#3720=ORIENTED_EDGE('',*,*,#2364,.T.);
#3721=ORIENTED_EDGE('',*,*,#2112,.F.);
#3722=ORIENTED_EDGE('',*,*,#2376,.T.);
#3723=ORIENTED_EDGE('',*,*,#2557,.T.);
#3724=ORIENTED_EDGE('',*,*,#2571,.T.);
#3725=ORIENTED_EDGE('',*,*,#2286,.T.);
#3726=ORIENTED_EDGE('',*,*,#2330,.F.);
#3727=ORIENTED_EDGE('',*,*,#2572,.F.);
#3728=ORIENTED_EDGE('',*,*,#2573,.T.);
#3729=ORIENTED_EDGE('',*,*,#2572,.T.);
#3730=ORIENTED_EDGE('',*,*,#2329,.F.);
#3731=ORIENTED_EDGE('',*,*,#2574,.F.);
#3732=ORIENTED_EDGE('',*,*,#2368,.T.);
#3733=ORIENTED_EDGE('',*,*,#2487,.T.);
#3734=ORIENTED_EDGE('',*,*,#2350,.T.);
#3735=ORIENTED_EDGE('',*,*,#2484,.T.);
#3736=ORIENTED_EDGE('',*,*,#2478,.T.);
#3737=ORIENTED_EDGE('',*,*,#2489,.T.);
#3738=ORIENTED_EDGE('',*,*,#2324,.T.);
#3739=ORIENTED_EDGE('',*,*,#2492,.T.);
#3740=ORIENTED_EDGE('',*,*,#2383,.T.);
#3741=ORIENTED_EDGE('',*,*,#2502,.T.);
#3742=ORIENTED_EDGE('',*,*,#2496,.T.);
#3743=ORIENTED_EDGE('',*,*,#2504,.T.);
#3744=ORIENTED_EDGE('',*,*,#2515,.T.);
#3745=ORIENTED_EDGE('',*,*,#2509,.T.);
#3746=ORIENTED_EDGE('',*,*,#2415,.T.);
#3747=ORIENTED_EDGE('',*,*,#2398,.T.);
#3748=ORIENTED_EDGE('',*,*,#2372,.T.);
#3749=ORIENTED_EDGE('',*,*,#2517,.T.);
#3750=ORIENTED_EDGE('',*,*,#2575,.T.);
#3751=ORIENTED_EDGE('',*,*,#2574,.T.);
#3752=ORIENTED_EDGE('',*,*,#2328,.F.);
#3753=ORIENTED_EDGE('',*,*,#2284,.F.);
#3754=ORIENTED_EDGE('',*,*,#2575,.F.);
#3755=ORIENTED_EDGE('',*,*,#2283,.F.);
#3756=ORIENTED_EDGE('',*,*,#2571,.F.);
#3757=ORIENTED_EDGE('',*,*,#2573,.F.);
#3758=ORIENTED_EDGE('',*,*,#2560,.T.);
#3759=ORIENTED_EDGE('',*,*,#2565,.T.);
#3760=ORIENTED_EDGE('',*,*,#2126,.T.);
#3761=ORIENTED_EDGE('',*,*,#2564,.T.);
#3762=ORIENTED_EDGE('',*,*,#2519,.T.);
#3763=ORIENTED_EDGE('',*,*,#2570,.T.);
#3764=ORIENTED_EDGE('',*,*,#1993,.T.);
#3765=ORIENTED_EDGE('',*,*,#2273,.T.);
#3766=ORIENTED_EDGE('',*,*,#2544,.T.);
#3767=ORIENTED_EDGE('',*,*,#2548,.T.);
#3768=ORIENTED_EDGE('',*,*,#2063,.T.);
#3769=ORIENTED_EDGE('',*,*,#2539,.T.);
#3770=ORIENTED_EDGE('',*,*,#2533,.T.);
#3771=ORIENTED_EDGE('',*,*,#2537,.T.);
#3772=ORIENTED_EDGE('',*,*,#2033,.T.);
#3773=ORIENTED_EDGE('',*,*,#2528,.T.);
#3774=ORIENTED_EDGE('',*,*,#2524,.T.);
#3775=ORIENTED_EDGE('',*,*,#2569,.T.);
#3776=ORIENTED_EDGE('',*,*,#2093,.T.);
#3777=ORIENTED_EDGE('',*,*,#2554,.T.);
#3778=ORIENTED_EDGE('',*,*,#2568,.T.);
#3779=ORIENTED_EDGE('',*,*,#2566,.T.);
#3780=ORIENTED_EDGE('',*,*,#2159,.T.);
#3781=ORIENTED_EDGE('',*,*,#2550,.T.);
#3782=PLANE('',#4132);
#3783=PLANE('',#4133);
#3784=PLANE('',#4134);
#3785=PLANE('',#4135);
#3786=PLANE('',#4136);
#3787=PLANE('',#4137);
#3788=PLANE('',#4138);
#3789=PLANE('',#4139);
#3790=PLANE('',#4140);
#3791=PLANE('',#4141);
#3792=PLANE('',#4142);
#3793=PLANE('',#4143);
#3794=PLANE('',#4144);
#3795=PLANE('',#4145);
#3796=PLANE('',#4146);
#3797=PLANE('',#4147);
#3798=PLANE('',#4148);
#3799=PLANE('',#4149);
#3800=PLANE('',#4150);
#3801=PLANE('',#4151);
#3802=PLANE('',#4152);
#3803=PLANE('',#4153);
#3804=PLANE('',#4154);
#3805=PLANE('',#4155);
#3806=PLANE('',#4156);
#3807=PLANE('',#4157);
#3808=PLANE('',#4158);
#3809=PLANE('',#4159);
#3810=PLANE('',#4160);
#3811=PLANE('',#4161);
#3812=PLANE('',#4162);
#3813=PLANE('',#4163);
#3814=PLANE('',#4164);
#3815=PLANE('',#4165);
#3816=PLANE('',#4166);
#3817=PLANE('',#4167);
#3818=PLANE('',#4168);
#3819=PLANE('',#4169);
#3820=PLANE('',#4170);
#3821=PLANE('',#4171);
#3822=PLANE('',#4172);
#3823=PLANE('',#4173);
#3824=PLANE('',#4174);
#3825=PLANE('',#4175);
#3826=PLANE('',#4176);
#3827=PLANE('',#4177);
#3828=PLANE('',#4178);
#3829=PLANE('',#4179);
#3830=PLANE('',#4180);
#3831=PLANE('',#4181);
#3832=PLANE('',#4182);
#3833=PLANE('',#4183);
#3834=PLANE('',#4184);
#3835=PLANE('',#4185);
#3836=PLANE('',#4186);
#3837=PLANE('',#4187);
#3838=PLANE('',#4188);
#3839=PLANE('',#4189);
#3840=PLANE('',#4190);
#3841=PLANE('',#4191);
#3842=PLANE('',#4192);
#3843=PLANE('',#4193);
#3844=PLANE('',#4194);
#3845=PLANE('',#4195);
#3846=PLANE('',#4196);
#3847=PLANE('',#4197);
#3848=PLANE('',#4198);
#3849=PLANE('',#4199);
#3850=PLANE('',#4200);
#3851=PLANE('',#4201);
#3852=PLANE('',#4202);
#3853=PLANE('',#4203);
#3854=PLANE('',#4204);
#3855=PLANE('',#4205);
#3856=PLANE('',#4206);
#3857=PLANE('',#4207);
#3858=PLANE('',#4208);
#3859=PLANE('',#4209);
#3860=PLANE('',#4210);
#3861=PLANE('',#4211);
#3862=PLANE('',#4212);
#3863=PLANE('',#4213);
#3864=PLANE('',#4214);
#3865=PLANE('',#4215);
#3866=PLANE('',#4216);
#3867=PLANE('',#4217);
#3868=PLANE('',#4218);
#3869=PLANE('',#4219);
#3870=PLANE('',#4220);
#3871=PLANE('',#4221);
#3872=PLANE('',#4222);
#3873=PLANE('',#4223);
#3874=PLANE('',#4224);
#3875=PLANE('',#4225);
#3876=PLANE('',#4226);
#3877=PLANE('',#4227);
#3878=PLANE('',#4228);
#3879=PLANE('',#4229);
#3880=PLANE('',#4230);
#3881=PLANE('',#4231);
#3882=PLANE('',#4232);
#3883=PLANE('',#4233);
#3884=PLANE('',#4234);
#3885=PLANE('',#4235);
#3886=PLANE('',#4236);
#3887=PLANE('',#4237);
#3888=PLANE('',#4238);
#3889=PLANE('',#4239);
#3890=PLANE('',#4240);
#3891=PLANE('',#4241);
#3892=PLANE('',#4242);
#3893=PLANE('',#4243);
#3894=PLANE('',#4244);
#3895=PLANE('',#4245);
#3896=PLANE('',#4246);
#3897=PLANE('',#4247);
#3898=PLANE('',#4248);
#3899=PLANE('',#4249);
#3900=PLANE('',#4250);
#3901=PLANE('',#4251);
#3902=PLANE('',#4252);
#3903=PLANE('',#4253);
#3904=PLANE('',#4254);
#3905=PLANE('',#4255);
#3906=PLANE('',#4256);
#3907=PLANE('',#4257);
#3908=PLANE('',#4258);
#3909=PLANE('',#4259);
#3910=PLANE('',#4260);
#3911=PLANE('',#4261);
#3912=PLANE('',#4262);
#3913=PLANE('',#4263);
#3914=PLANE('',#4264);
#3915=PLANE('',#4265);
#3916=PLANE('',#4266);
#3917=PLANE('',#4267);
#3918=PLANE('',#4268);
#3919=PLANE('',#4269);
#3920=PLANE('',#4270);
#3921=PLANE('',#4271);
#3922=PLANE('',#4272);
#3923=PLANE('',#4273);
#3924=PLANE('',#4274);
#3925=PLANE('',#4275);
#3926=PLANE('',#4276);
#3927=PLANE('',#4277);
#3928=PLANE('',#4278);
#3929=PLANE('',#4279);
#3930=PLANE('',#4280);
#3931=PLANE('',#4281);
#3932=PLANE('',#4282);
#3933=PLANE('',#4283);
#3934=PLANE('',#4284);
#3935=PLANE('',#4285);
#3936=PLANE('',#4286);
#3937=PLANE('',#4287);
#3938=PLANE('',#4288);
#3939=PLANE('',#4289);
#3940=PLANE('',#4290);
#3941=PLANE('',#4291);
#3942=PLANE('',#4292);
#3943=PLANE('',#4293);
#3944=PLANE('',#4294);
#3945=PLANE('',#4295);
#3946=PLANE('',#4296);
#3947=PLANE('',#4297);
#3948=PLANE('',#4298);
#3949=PLANE('',#4299);
#3950=PLANE('',#4300);
#3951=PLANE('',#4301);
#3952=PLANE('',#4302);
#3953=PLANE('',#4303);
#3954=PLANE('',#4304);
#3955=PLANE('',#4305);
#3956=ADVANCED_FACE('',(#39),#3782,.T.);
#3957=ADVANCED_FACE('',(#40),#3783,.T.);
#3958=ADVANCED_FACE('',(#41),#3784,.T.);
#3959=ADVANCED_FACE('',(#42),#3785,.T.);
#3960=ADVANCED_FACE('',(#43),#3786,.T.);
#3961=ADVANCED_FACE('',(#44),#3787,.T.);
#3962=ADVANCED_FACE('',(#45),#3788,.T.);
#3963=ADVANCED_FACE('',(#46),#3789,.T.);
#3964=ADVANCED_FACE('',(#47),#3790,.T.);
#3965=ADVANCED_FACE('',(#48),#3791,.T.);
#3966=ADVANCED_FACE('',(#49),#3792,.T.);
#3967=ADVANCED_FACE('',(#50),#3793,.T.);
#3968=ADVANCED_FACE('',(#51),#3794,.T.);
#3969=ADVANCED_FACE('',(#52),#3795,.T.);
#3970=ADVANCED_FACE('',(#53),#3796,.T.);
#3971=ADVANCED_FACE('',(#54),#3797,.T.);
#3972=ADVANCED_FACE('',(#55),#3798,.T.);
#3973=ADVANCED_FACE('',(#56),#3799,.T.);
#3974=ADVANCED_FACE('',(#57),#3800,.T.);
#3975=ADVANCED_FACE('',(#58),#3801,.T.);
#3976=ADVANCED_FACE('',(#59),#3802,.T.);
#3977=ADVANCED_FACE('',(#60),#3803,.T.);
#3978=ADVANCED_FACE('',(#61),#3804,.T.);
#3979=ADVANCED_FACE('',(#62),#3805,.T.);
#3980=ADVANCED_FACE('',(#63),#3806,.T.);
#3981=ADVANCED_FACE('',(#64),#3807,.T.);
#3982=ADVANCED_FACE('',(#65),#3808,.T.);
#3983=ADVANCED_FACE('',(#66),#3809,.T.);
#3984=ADVANCED_FACE('',(#67),#3810,.T.);
#3985=ADVANCED_FACE('',(#68),#3811,.T.);
#3986=ADVANCED_FACE('',(#69),#3812,.T.);
#3987=ADVANCED_FACE('',(#70),#3813,.T.);
#3988=ADVANCED_FACE('',(#71),#3814,.T.);
#3989=ADVANCED_FACE('',(#72),#3815,.T.);
#3990=ADVANCED_FACE('',(#73),#3816,.T.);
#3991=ADVANCED_FACE('',(#74),#3817,.T.);
#3992=ADVANCED_FACE('',(#75),#3818,.T.);
#3993=ADVANCED_FACE('',(#76),#3819,.T.);
#3994=ADVANCED_FACE('',(#77),#3820,.T.);
#3995=ADVANCED_FACE('',(#78),#3821,.T.);
#3996=ADVANCED_FACE('',(#79),#3822,.T.);
#3997=ADVANCED_FACE('',(#80),#3823,.T.);
#3998=ADVANCED_FACE('',(#81),#3824,.T.);
#3999=ADVANCED_FACE('',(#82),#3825,.T.);
#4000=ADVANCED_FACE('',(#83),#3826,.F.);
#4001=ADVANCED_FACE('',(#84),#3827,.F.);
#4002=ADVANCED_FACE('',(#85),#3828,.T.);
#4003=ADVANCED_FACE('',(#86),#3829,.T.);
#4004=ADVANCED_FACE('',(#87),#3830,.T.);
#4005=ADVANCED_FACE('',(#88),#3831,.T.);
#4006=ADVANCED_FACE('',(#89),#3832,.T.);
#4007=ADVANCED_FACE('',(#90),#3833,.F.);
#4008=ADVANCED_FACE('',(#91),#3834,.T.);
#4009=ADVANCED_FACE('',(#92),#3835,.T.);
#4010=ADVANCED_FACE('',(#93),#3836,.T.);
#4011=ADVANCED_FACE('',(#94),#3837,.T.);
#4012=ADVANCED_FACE('',(#95),#3838,.T.);
#4013=ADVANCED_FACE('',(#96),#3839,.F.);
#4014=ADVANCED_FACE('',(#97),#3840,.F.);
#4015=ADVANCED_FACE('',(#98),#3841,.T.);
#4016=ADVANCED_FACE('',(#99),#3842,.T.);
#4017=ADVANCED_FACE('',(#100),#3843,.T.);
#4018=ADVANCED_FACE('',(#101),#3844,.T.);
#4019=ADVANCED_FACE('',(#102),#3845,.T.);
#4020=ADVANCED_FACE('',(#103),#3846,.F.);
#4021=ADVANCED_FACE('',(#104),#3847,.T.);
#4022=ADVANCED_FACE('',(#105),#3848,.T.);
#4023=ADVANCED_FACE('',(#106),#3849,.T.);
#4024=ADVANCED_FACE('',(#107),#3850,.T.);
#4025=ADVANCED_FACE('',(#108),#3851,.T.);
#4026=ADVANCED_FACE('',(#109),#3852,.T.);
#4027=ADVANCED_FACE('',(#110),#3853,.F.);
#4028=ADVANCED_FACE('',(#111,#15,#16,#17,#18,#19,#20),#3854,.T.);
#4029=ADVANCED_FACE('',(#112),#3855,.T.);
#4030=ADVANCED_FACE('',(#113),#3856,.T.);
#4031=ADVANCED_FACE('',(#114),#3857,.T.);
#4032=ADVANCED_FACE('',(#115),#3858,.T.);
#4033=ADVANCED_FACE('',(#116),#3859,.T.);
#4034=ADVANCED_FACE('',(#117),#3860,.T.);
#4035=ADVANCED_FACE('',(#118),#3861,.F.);
#4036=ADVANCED_FACE('',(#119,#21,#22,#23,#24,#25,#26),#3862,.T.);
#4037=ADVANCED_FACE('',(#120),#3863,.F.);
#4038=ADVANCED_FACE('',(#121),#3864,.F.);
#4039=ADVANCED_FACE('',(#122),#3865,.F.);
#4040=ADVANCED_FACE('',(#123),#3866,.F.);
#4041=ADVANCED_FACE('',(#124),#3867,.F.);
#4042=ADVANCED_FACE('',(#125),#3868,.F.);
#4043=ADVANCED_FACE('',(#126),#3869,.F.);
#4044=ADVANCED_FACE('',(#127),#3870,.F.);
#4045=ADVANCED_FACE('',(#128),#3871,.F.);
#4046=ADVANCED_FACE('',(#129),#3872,.F.);
#4047=ADVANCED_FACE('',(#130),#3873,.T.);
#4048=ADVANCED_FACE('',(#131),#3874,.T.);
#4049=ADVANCED_FACE('',(#132),#3875,.T.);
#4050=ADVANCED_FACE('',(#133),#3876,.T.);
#4051=ADVANCED_FACE('',(#134),#3877,.T.);
#4052=ADVANCED_FACE('',(#135),#3878,.F.);
#4053=ADVANCED_FACE('',(#136),#3879,.F.);
#4054=ADVANCED_FACE('',(#137),#3880,.F.);
#4055=ADVANCED_FACE('',(#138),#3881,.F.);
#4056=ADVANCED_FACE('',(#139),#3882,.F.);
#4057=ADVANCED_FACE('',(#140),#3883,.T.);
#4058=ADVANCED_FACE('',(#141),#3884,.T.);
#4059=ADVANCED_FACE('',(#142),#3885,.T.);
#4060=ADVANCED_FACE('',(#143),#3886,.T.);
#4061=ADVANCED_FACE('',(#144),#3887,.T.);
#4062=ADVANCED_FACE('',(#145),#3888,.T.);
#4063=ADVANCED_FACE('',(#146),#3889,.T.);
#4064=ADVANCED_FACE('',(#147),#3890,.T.);
#4065=ADVANCED_FACE('',(#148),#3891,.T.);
#4066=ADVANCED_FACE('',(#149),#3892,.T.);
#4067=ADVANCED_FACE('',(#150),#3893,.T.);
#4068=ADVANCED_FACE('',(#151),#3894,.T.);
#4069=ADVANCED_FACE('',(#152),#3895,.T.);
#4070=ADVANCED_FACE('',(#153),#3896,.T.);
#4071=ADVANCED_FACE('',(#154),#3897,.T.);
#4072=ADVANCED_FACE('',(#155),#3898,.T.);
#4073=ADVANCED_FACE('',(#156),#3899,.T.);
#4074=ADVANCED_FACE('',(#157),#3900,.F.);
#4075=ADVANCED_FACE('',(#158),#3901,.F.);
#4076=ADVANCED_FACE('',(#159),#3902,.F.);
#4077=ADVANCED_FACE('',(#160),#3903,.F.);
#4078=ADVANCED_FACE('',(#161),#3904,.F.);
#4079=ADVANCED_FACE('',(#162),#3905,.F.);
#4080=ADVANCED_FACE('',(#163),#3906,.F.);
#4081=ADVANCED_FACE('',(#164),#3907,.F.);
#4082=ADVANCED_FACE('',(#165),#3908,.F.);
#4083=ADVANCED_FACE('',(#166),#3909,.F.);
#4084=ADVANCED_FACE('',(#167),#3910,.F.);
#4085=ADVANCED_FACE('',(#168),#3911,.F.);
#4086=ADVANCED_FACE('',(#169),#3912,.F.);
#4087=ADVANCED_FACE('',(#170),#3913,.F.);
#4088=ADVANCED_FACE('',(#171),#3914,.F.);
#4089=ADVANCED_FACE('',(#172),#3915,.F.);
#4090=ADVANCED_FACE('',(#173),#3916,.F.);
#4091=ADVANCED_FACE('',(#174),#3917,.T.);
#4092=ADVANCED_FACE('',(#175),#3918,.T.);
#4093=ADVANCED_FACE('',(#176),#3919,.T.);
#4094=ADVANCED_FACE('',(#177),#3920,.T.);
#4095=ADVANCED_FACE('',(#178),#3921,.T.);
#4096=ADVANCED_FACE('',(#179),#3922,.T.);
#4097=ADVANCED_FACE('',(#180),#3923,.T.);
#4098=ADVANCED_FACE('',(#181),#3924,.T.);
#4099=ADVANCED_FACE('',(#182),#3925,.T.);
#4100=ADVANCED_FACE('',(#183),#3926,.T.);
#4101=ADVANCED_FACE('',(#184),#3927,.T.);
#4102=ADVANCED_FACE('',(#185),#3928,.T.);
#4103=ADVANCED_FACE('',(#186),#3929,.T.);
#4104=ADVANCED_FACE('',(#187),#3930,.T.);
#4105=ADVANCED_FACE('',(#188),#3931,.T.);
#4106=ADVANCED_FACE('',(#189),#3932,.T.);
#4107=ADVANCED_FACE('',(#190),#3933,.T.);
#4108=ADVANCED_FACE('',(#191),#3934,.T.);
#4109=ADVANCED_FACE('',(#192),#3935,.T.);
#4110=ADVANCED_FACE('',(#193),#3936,.T.);
#4111=ADVANCED_FACE('',(#194),#3937,.T.);
#4112=ADVANCED_FACE('',(#195),#3938,.T.);
#4113=ADVANCED_FACE('',(#196),#3939,.T.);
#4114=ADVANCED_FACE('',(#197),#3940,.T.);
#4115=ADVANCED_FACE('',(#198),#3941,.T.);
#4116=ADVANCED_FACE('',(#199),#3942,.T.);
#4117=ADVANCED_FACE('',(#200),#3943,.T.);
#4118=ADVANCED_FACE('',(#201),#3944,.T.);
#4119=ADVANCED_FACE('',(#202),#3945,.T.);
#4120=ADVANCED_FACE('',(#203),#3946,.T.);
#4121=ADVANCED_FACE('',(#204),#3947,.T.);
#4122=ADVANCED_FACE('',(#205),#3948,.T.);
#4123=ADVANCED_FACE('',(#206),#3949,.T.);
#4124=ADVANCED_FACE('',(#207),#3950,.T.);
#4125=ADVANCED_FACE('',(#208),#3951,.T.);
#4126=ADVANCED_FACE('',(#209),#3952,.T.);
#4127=ADVANCED_FACE('',(#210,#27,#28,#29,#30,#31,#32),#3953,.T.);
#4128=ADVANCED_FACE('',(#211),#3954,.T.);
#4129=ADVANCED_FACE('',(#212,#33,#34,#35,#36,#37,#38),#3955,.T.);
#4130=CLOSED_SHELL('',(#3956,#3957,#3958,#3959,#3960,#3961,#3962,#3963,
#3964,#3965,#3966,#3967,#3968,#3969,#3970,#3971,#3972,#3973,#3974,#3975,
#3976,#3977,#3978,#3979,#3980,#3981,#3982,#3983,#3984,#3985,#3986,#3987,
#3988,#3989,#3990,#3991,#3992,#3993,#3994,#3995,#3996,#3997,#3998,#3999,
#4000,#4001,#4002,#4003,#4004,#4005,#4006,#4007,#4008,#4009,#4010,#4011,
#4012,#4013,#4014,#4015,#4016,#4017,#4018,#4019,#4020,#4021,#4022,#4023,
#4024,#4025,#4026,#4027,#4028,#4029,#4030,#4031,#4032,#4033,#4034,#4035,
#4036,#4037,#4038,#4039,#4040,#4041,#4042,#4043,#4044,#4045,#4046,#4047,
#4048,#4049,#4050,#4051,#4052,#4053,#4054,#4055,#4056,#4057,#4058,#4059,
#4060,#4061,#4062,#4063,#4064,#4065,#4066,#4067,#4068,#4069,#4070,#4071,
#4072,#4073,#4074,#4075,#4076,#4077,#4078,#4079,#4080,#4081,#4082,#4083,
#4084,#4085,#4086,#4087,#4088,#4089,#4090,#4091,#4092,#4093,#4094,#4095,
#4096,#4097,#4098,#4099,#4100,#4101,#4102,#4103,#4104,#4105,#4106,#4107,
#4108,#4109,#4110,#4111,#4112,#4113,#4114,#4115,#4116,#4117,#4118,#4119,
#4120,#4121,#4122,#4123,#4124,#4125,#4126,#4127,#4128,#4129));
#4131=AXIS2_PLACEMENT_3D('',#5259,#4306,#4307);
#4132=AXIS2_PLACEMENT_3D('',#5260,#4308,#4309);
#4133=AXIS2_PLACEMENT_3D('',#5269,#4314,#4315);
#4134=AXIS2_PLACEMENT_3D('',#5277,#4320,#4321);
#4135=AXIS2_PLACEMENT_3D('',#5285,#4326,#4327);
#4136=AXIS2_PLACEMENT_3D('',#5287,#4329,#4330);
#4137=AXIS2_PLACEMENT_3D('',#5296,#4336,#4337);
#4138=AXIS2_PLACEMENT_3D('',#5322,#4352,#4353);
#4139=AXIS2_PLACEMENT_3D('',#5331,#4358,#4359);
#4140=AXIS2_PLACEMENT_3D('',#5340,#4364,#4365);
#4141=AXIS2_PLACEMENT_3D('',#5343,#4368,#4369);
#4142=AXIS2_PLACEMENT_3D('',#5345,#4371,#4372);
#4143=AXIS2_PLACEMENT_3D('',#5383,#4392,#4393);
#4144=AXIS2_PLACEMENT_3D('',#5392,#4398,#4399);
#4145=AXIS2_PLACEMENT_3D('',#5401,#4404,#4405);
#4146=AXIS2_PLACEMENT_3D('',#5404,#4408,#4409);
#4147=AXIS2_PLACEMENT_3D('',#5406,#4411,#4412);
#4148=AXIS2_PLACEMENT_3D('',#5444,#4432,#4433);
#4149=AXIS2_PLACEMENT_3D('',#5453,#4438,#4439);
#4150=AXIS2_PLACEMENT_3D('',#5459,#4443,#4444);
#4151=AXIS2_PLACEMENT_3D('',#5465,#4448,#4449);
#4152=AXIS2_PLACEMENT_3D('',#5467,#4451,#4452);
#4153=AXIS2_PLACEMENT_3D('',#5505,#4472,#4473);
#4154=AXIS2_PLACEMENT_3D('',#5511,#4477,#4478);
#4155=AXIS2_PLACEMENT_3D('',#5520,#4483,#4484);
#4156=AXIS2_PLACEMENT_3D('',#5529,#4489,#4490);
#4157=AXIS2_PLACEMENT_3D('',#5532,#4493,#4494);
#4158=AXIS2_PLACEMENT_3D('',#5534,#4496,#4497);
#4159=AXIS2_PLACEMENT_3D('',#5572,#4517,#4518);
#4160=AXIS2_PLACEMENT_3D('',#5581,#4523,#4524);
#4161=AXIS2_PLACEMENT_3D('',#5587,#4528,#4529);
#4162=AXIS2_PLACEMENT_3D('',#5593,#4533,#4534);
#4163=AXIS2_PLACEMENT_3D('',#5598,#4538,#4539);
#4164=AXIS2_PLACEMENT_3D('',#5599,#4540,#4541);
#4165=AXIS2_PLACEMENT_3D('',#5601,#4543,#4544);
#4166=AXIS2_PLACEMENT_3D('',#5610,#4549,#4550);
#4167=AXIS2_PLACEMENT_3D('',#5616,#4554,#4555);
#4168=AXIS2_PLACEMENT_3D('',#5624,#4560,#4561);
#4169=AXIS2_PLACEMENT_3D('',#5631,#4566,#4567);
#4170=AXIS2_PLACEMENT_3D('',#5632,#4568,#4569);
#4171=AXIS2_PLACEMENT_3D('',#5660,#4584,#4585);
#4172=AXIS2_PLACEMENT_3D('',#5670,#4591,#4592);
#4173=AXIS2_PLACEMENT_3D('',#5676,#4596,#4597);
#4174=AXIS2_PLACEMENT_3D('',#5682,#4601,#4602);
#4175=AXIS2_PLACEMENT_3D('',#5687,#4606,#4607);
#4176=AXIS2_PLACEMENT_3D('',#5688,#4608,#4609);
#4177=AXIS2_PLACEMENT_3D('',#5691,#4612,#4613);
#4178=AXIS2_PLACEMENT_3D('',#5699,#4618,#4619);
#4179=AXIS2_PLACEMENT_3D('',#5705,#4623,#4624);
#4180=AXIS2_PLACEMENT_3D('',#5713,#4629,#4630);
#4181=AXIS2_PLACEMENT_3D('',#5716,#4633,#4634);
#4182=AXIS2_PLACEMENT_3D('',#5720,#4637,#4638);
#4183=AXIS2_PLACEMENT_3D('',#5724,#4641,#4642);
#4184=AXIS2_PLACEMENT_3D('',#5730,#4646,#4647);
#4185=AXIS2_PLACEMENT_3D('',#5740,#4653,#4654);
#4186=AXIS2_PLACEMENT_3D('',#5746,#4658,#4659);
#4187=AXIS2_PLACEMENT_3D('',#5752,#4663,#4664);
#4188=AXIS2_PLACEMENT_3D('',#5757,#4668,#4669);
#4189=AXIS2_PLACEMENT_3D('',#5758,#4670,#4671);
#4190=AXIS2_PLACEMENT_3D('',#5766,#4676,#4677);
#4191=AXIS2_PLACEMENT_3D('',#5774,#4682,#4683);
#4192=AXIS2_PLACEMENT_3D('',#5784,#4689,#4690);
#4193=AXIS2_PLACEMENT_3D('',#5787,#4693,#4694);
#4194=AXIS2_PLACEMENT_3D('',#5793,#4698,#4699);
#4195=AXIS2_PLACEMENT_3D('',#5798,#4703,#4704);
#4196=AXIS2_PLACEMENT_3D('',#5799,#4705,#4706);
#4197=AXIS2_PLACEMENT_3D('',#5807,#4711,#4712);
#4198=AXIS2_PLACEMENT_3D('',#5813,#4716,#4717);
#4199=AXIS2_PLACEMENT_3D('',#5822,#4722,#4723);
#4200=AXIS2_PLACEMENT_3D('',#5828,#4727,#4728);
#4201=AXIS2_PLACEMENT_3D('',#5839,#4735,#4736);
#4202=AXIS2_PLACEMENT_3D('',#5841,#4738,#4739);
#4203=AXIS2_PLACEMENT_3D('',#5860,#4751,#4752);
#4204=AXIS2_PLACEMENT_3D('',#5875,#4762,#4763);
#4205=AXIS2_PLACEMENT_3D('',#5912,#4783,#4784);
#4206=AXIS2_PLACEMENT_3D('',#5918,#4788,#4789);
#4207=AXIS2_PLACEMENT_3D('',#5924,#4793,#4794);
#4208=AXIS2_PLACEMENT_3D('',#5930,#4798,#4799);
#4209=AXIS2_PLACEMENT_3D('',#5933,#4802,#4803);
#4210=AXIS2_PLACEMENT_3D('',#5937,#4807,#4808);
#4211=AXIS2_PLACEMENT_3D('',#5941,#4812,#4813);
#4212=AXIS2_PLACEMENT_3D('',#5954,#4823,#4824);
#4213=AXIS2_PLACEMENT_3D('',#5988,#4845,#4846);
#4214=AXIS2_PLACEMENT_3D('',#6001,#4854,#4855);
#4215=AXIS2_PLACEMENT_3D('',#6009,#4861,#4862);
#4216=AXIS2_PLACEMENT_3D('',#6016,#4867,#4868);
#4217=AXIS2_PLACEMENT_3D('',#6026,#4875,#4876);
#4218=AXIS2_PLACEMENT_3D('',#6039,#4884,#4885);
#4219=AXIS2_PLACEMENT_3D('',#6047,#4891,#4892);
#4220=AXIS2_PLACEMENT_3D('',#6055,#4898,#4899);
#4221=AXIS2_PLACEMENT_3D('',#6062,#4904,#4905);
#4222=AXIS2_PLACEMENT_3D('',#6068,#4910,#4911);
#4223=AXIS2_PLACEMENT_3D('',#6078,#4918,#4919);
#4224=AXIS2_PLACEMENT_3D('',#6084,#4923,#4924);
#4225=AXIS2_PLACEMENT_3D('',#6090,#4928,#4929);
#4226=AXIS2_PLACEMENT_3D('',#6092,#4931,#4932);
#4227=AXIS2_PLACEMENT_3D('',#6098,#4936,#4937);
#4228=AXIS2_PLACEMENT_3D('',#6104,#4941,#4942);
#4229=AXIS2_PLACEMENT_3D('',#6120,#4953,#4954);
#4230=AXIS2_PLACEMENT_3D('',#6133,#4963,#4964);
#4231=AXIS2_PLACEMENT_3D('',#6144,#4972,#4973);
#4232=AXIS2_PLACEMENT_3D('',#6155,#4981,#4982);
#4233=AXIS2_PLACEMENT_3D('',#6164,#4989,#4990);
#4234=AXIS2_PLACEMENT_3D('',#6166,#4992,#4993);
#4235=AXIS2_PLACEMENT_3D('',#6168,#4995,#4996);
#4236=AXIS2_PLACEMENT_3D('',#6170,#4998,#4999);
#4237=AXIS2_PLACEMENT_3D('',#6172,#5001,#5002);
#4238=AXIS2_PLACEMENT_3D('',#6174,#5004,#5005);
#4239=AXIS2_PLACEMENT_3D('',#6178,#5008,#5009);
#4240=AXIS2_PLACEMENT_3D('',#6184,#5013,#5014);
#4241=AXIS2_PLACEMENT_3D('',#6190,#5018,#5019);
#4242=AXIS2_PLACEMENT_3D('',#6192,#5021,#5022);
#4243=AXIS2_PLACEMENT_3D('',#6194,#5024,#5025);
#4244=AXIS2_PLACEMENT_3D('',#6196,#5027,#5028);
#4245=AXIS2_PLACEMENT_3D('',#6200,#5031,#5032);
#4246=AXIS2_PLACEMENT_3D('',#6204,#5035,#5036);
#4247=AXIS2_PLACEMENT_3D('',#6210,#5040,#5041);
#4248=AXIS2_PLACEMENT_3D('',#6212,#5043,#5044);
#4249=AXIS2_PLACEMENT_3D('',#6213,#5045,#5046);
#4250=AXIS2_PLACEMENT_3D('',#6215,#5048,#5049);
#4251=AXIS2_PLACEMENT_3D('',#6223,#5055,#5056);
#4252=AXIS2_PLACEMENT_3D('',#6229,#5061,#5062);
#4253=AXIS2_PLACEMENT_3D('',#6232,#5065,#5066);
#4254=AXIS2_PLACEMENT_3D('',#6234,#5068,#5069);
#4255=AXIS2_PLACEMENT_3D('',#6236,#5071,#5072);
#4256=AXIS2_PLACEMENT_3D('',#6238,#5074,#5075);
#4257=AXIS2_PLACEMENT_3D('',#6241,#5078,#5079);
#4258=AXIS2_PLACEMENT_3D('',#6243,#5081,#5082);
#4259=AXIS2_PLACEMENT_3D('',#6252,#5087,#5088);
#4260=AXIS2_PLACEMENT_3D('',#6254,#5090,#5091);
#4261=AXIS2_PLACEMENT_3D('',#6261,#5097,#5098);
#4262=AXIS2_PLACEMENT_3D('',#6266,#5103,#5104);
#4263=AXIS2_PLACEMENT_3D('',#6272,#5108,#5109);
#4264=AXIS2_PLACEMENT_3D('',#6274,#5111,#5112);
#4265=AXIS2_PLACEMENT_3D('',#6279,#5117,#5118);
#4266=AXIS2_PLACEMENT_3D('',#6280,#5119,#5120);
#4267=AXIS2_PLACEMENT_3D('',#6283,#5123,#5124);
#4268=AXIS2_PLACEMENT_3D('',#6287,#5127,#5128);
#4269=AXIS2_PLACEMENT_3D('',#6297,#5136,#5137);
#4270=AXIS2_PLACEMENT_3D('',#6301,#5140,#5141);
#4271=AXIS2_PLACEMENT_3D('',#6303,#5143,#5144);
#4272=AXIS2_PLACEMENT_3D('',#6305,#5146,#5147);
#4273=AXIS2_PLACEMENT_3D('',#6307,#5149,#5150);
#4274=AXIS2_PLACEMENT_3D('',#6314,#5156,#5157);
#4275=AXIS2_PLACEMENT_3D('',#6316,#5159,#5160);
#4276=AXIS2_PLACEMENT_3D('',#6317,#5161,#5162);
#4277=AXIS2_PLACEMENT_3D('',#6318,#5163,#5164);
#4278=AXIS2_PLACEMENT_3D('',#6322,#5167,#5168);
#4279=AXIS2_PLACEMENT_3D('',#6324,#5170,#5171);
#4280=AXIS2_PLACEMENT_3D('',#6326,#5173,#5174);
#4281=AXIS2_PLACEMENT_3D('',#6328,#5176,#5177);
#4282=AXIS2_PLACEMENT_3D('',#6335,#5183,#5184);
#4283=AXIS2_PLACEMENT_3D('',#6337,#5186,#5187);
#4284=AXIS2_PLACEMENT_3D('',#6338,#5188,#5189);
#4285=AXIS2_PLACEMENT_3D('',#6339,#5190,#5191);
#4286=AXIS2_PLACEMENT_3D('',#6346,#5197,#5198);
#4287=AXIS2_PLACEMENT_3D('',#6348,#5200,#5201);
#4288=AXIS2_PLACEMENT_3D('',#6360,#5211,#5212);
#4289=AXIS2_PLACEMENT_3D('',#6361,#5213,#5214);
#4290=AXIS2_PLACEMENT_3D('',#6363,#5216,#5217);
#4291=AXIS2_PLACEMENT_3D('',#6364,#5218,#5219);
#4292=AXIS2_PLACEMENT_3D('',#6365,#5220,#5221);
#4293=AXIS2_PLACEMENT_3D('',#6366,#5222,#5223);
#4294=AXIS2_PLACEMENT_3D('',#6368,#5225,#5226);
#4295=AXIS2_PLACEMENT_3D('',#6369,#5227,#5228);
#4296=AXIS2_PLACEMENT_3D('',#6373,#5231,#5232);
#4297=AXIS2_PLACEMENT_3D('',#6375,#5234,#5235);
#4298=AXIS2_PLACEMENT_3D('',#6377,#5237,#5238);
#4299=AXIS2_PLACEMENT_3D('',#6378,#5239,#5240);
#4300=AXIS2_PLACEMENT_3D('',#6379,#5241,#5242);
#4301=AXIS2_PLACEMENT_3D('',#6381,#5244,#5245);
#4302=AXIS2_PLACEMENT_3D('',#6382,#5246,#5247);
#4303=AXIS2_PLACEMENT_3D('',#6386,#5250,#5251);
#4304=AXIS2_PLACEMENT_3D('',#6390,#5254,#5255);
#4305=AXIS2_PLACEMENT_3D('',#6392,#5257,#5258);
#4306=DIRECTION('axis',(0.,0.,1.));
#4307=DIRECTION('refdir',(1.,0.,0.));
#4308=DIRECTION('center_axis',(1.,0.,0.));
#4309=DIRECTION('ref_axis',(0.,1.,0.));
#4310=DIRECTION('',(0.,-1.,4.09928501400058E-16));
#4311=DIRECTION('',(0.,0.,-1.));
#4312=DIRECTION('',(0.,1.,0.));
#4313=DIRECTION('',(0.,0.,1.));
#4314=DIRECTION('center_axis',(0.,1.,0.));
#4315=DIRECTION('ref_axis',(0.,0.,-1.));
#4316=DIRECTION('',(1.,0.,4.79403658720481E-94));
#4317=DIRECTION('',(4.79403658720481E-94,-1.2240606666209E-17,-1.));
#4318=DIRECTION('',(4.79403658720481E-94,0.,-1.));
#4319=DIRECTION('',(-1.,0.,0.));
#4320=DIRECTION('center_axis',(0.,-1.,0.));
#4321=DIRECTION('ref_axis',(0.,0.,1.));
#4322=DIRECTION('',(-1.,0.,-4.79403658720481E-94));
#4323=DIRECTION('',(-1.,0.,0.));
#4324=DIRECTION('',(-4.79403658720481E-94,0.,1.));
#4325=DIRECTION('',(0.,0.,1.));
#4326=DIRECTION('center_axis',(0.,0.,1.));
#4327=DIRECTION('ref_axis',(0.,1.,0.));
#4328=DIRECTION('',(-1.96521223384992E-109,1.,0.));
#4329=DIRECTION('center_axis',(-1.,0.,-7.01562733127328E-17));
#4330=DIRECTION('ref_axis',(-7.01562733127328E-17,0.,1.));
#4331=DIRECTION('',(-7.01562733127328E-17,1.2240606666209E-17,1.));
#4332=DIRECTION('',(0.,1.,0.));
#4333=DIRECTION('',(6.67161393897941E-17,-0.309299433782172,-0.950964699798067));
#4334=DIRECTION('',(0.,1.,0.));
#4335=DIRECTION('',(-4.55895956397217E-94,0.309299433782172,0.950964699798067));
#4336=DIRECTION('center_axis',(1.,1.96521223384992E-109,4.79403658720481E-94));
#4337=DIRECTION('ref_axis',(-4.79403658720481E-94,4.02455846426619E-16,
1.));
#4338=DIRECTION('',(4.79403658720481E-94,-1.2240606666209E-17,-1.));
#4339=DIRECTION('',(0.,-1.,4.09928501400058E-16));
#4340=DIRECTION('',(4.79403658720481E-94,-4.02455846426619E-16,-1.));
#4341=DIRECTION('',(0.,-1.,4.09928501400058E-16));
#4342=DIRECTION('',(-4.79403658720481E-94,4.02455846426619E-16,1.));
#4343=DIRECTION('',(0.,-1.,4.09928501400058E-16));
#4344=DIRECTION('',(-4.79403658720481E-94,0.,1.));
#4345=DIRECTION('',(4.55895956397217E-94,0.309299433782172,-0.950964699798067));
#4346=DIRECTION('',(0.,-1.,4.09928501400058E-16));
#4347=DIRECTION('',(-4.55895956397217E-94,-0.309299433782172,0.950964699798067));
#4348=DIRECTION('',(-1.96521223384992E-109,1.,0.));
#4349=DIRECTION('',(4.55895956397217E-94,-0.309299433782172,-0.950964699798067));
#4350=DIRECTION('',(0.,-1.,4.09928501400058E-16));
#4351=DIRECTION('',(-4.55895956397217E-94,0.309299433782172,0.950964699798067));
#4352=DIRECTION('center_axis',(0.,-1.,0.));
#4353=DIRECTION('ref_axis',(0.,0.,1.));
#4354=DIRECTION('',(-1.,0.,-4.79403658720481E-94));
#4355=DIRECTION('',(0.,0.,1.));
#4356=DIRECTION('',(-1.,0.,0.));
#4357=DIRECTION('',(0.,0.,1.));
#4358=DIRECTION('center_axis',(0.,1.,0.));
#4359=DIRECTION('ref_axis',(0.,0.,-1.));
#4360=DIRECTION('',(1.,0.,4.79403658720481E-94));
#4361=DIRECTION('',(4.79403658720481E-94,-1.2240606666209E-17,-1.));
#4362=DIRECTION('',(-1.,0.,0.));
#4363=DIRECTION('',(0.,0.,-1.));
#4364=DIRECTION('center_axis',(0.,0.,1.));
#4365=DIRECTION('ref_axis',(0.,1.,0.));
#4366=DIRECTION('',(0.,1.,0.));
#4367=DIRECTION('',(0.,1.,0.));
#4368=DIRECTION('center_axis',(1.,0.,0.));
#4369=DIRECTION('ref_axis',(0.,1.,0.));
#4370=DIRECTION('',(0.,-1.,4.09928501400058E-16));
#4371=DIRECTION('center_axis',(-4.79403658720481E-94,4.09928501400058E-16,
1.));
#4372=DIRECTION('ref_axis',(-1.,-9.95741905442032E-94,-4.79403658720481E-94));
#4373=DIRECTION('',(0.,1.,0.));
#4374=DIRECTION('',(0.,-1.,4.09928501400058E-16));
#4375=DIRECTION('',(0.,1.,0.));
#4376=DIRECTION('',(0.,-1.,4.09928501400058E-16));
#4377=DIRECTION('',(0.,1.,0.));
#4378=DIRECTION('',(0.,-1.,4.09928501400058E-16));
#4379=DIRECTION('',(-1.,-9.95741905442032E-94,-4.79403658720481E-94));
#4380=DIRECTION('',(0.,-1.,4.09928501400058E-16));
#4381=DIRECTION('',(0.,1.,0.));
#4382=DIRECTION('',(0.,-1.,4.09928501400058E-16));
#4383=DIRECTION('',(0.,1.,0.));
#4384=DIRECTION('',(0.,-1.,4.09928501400058E-16));
#4385=DIRECTION('',(0.,1.,0.));
#4386=DIRECTION('',(-1.,0.,-4.79403658720481E-94));
#4387=DIRECTION('',(0.,1.,-4.09928501400058E-16));
#4388=DIRECTION('',(1.,0.,4.79403658720481E-94));
#4389=DIRECTION('',(0.,-1.,4.09928501400058E-16));
#4390=DIRECTION('',(1.,9.95741905442032E-94,4.79403658720481E-94));
#4391=DIRECTION('',(0.,-1.,4.09928501400058E-16));
#4392=DIRECTION('center_axis',(0.,-1.,0.));
#4393=DIRECTION('ref_axis',(0.,0.,1.));
#4394=DIRECTION('',(-1.,0.,-4.79403658720481E-94));
#4395=DIRECTION('',(0.,0.,1.));
#4396=DIRECTION('',(-1.,0.,0.));
#4397=DIRECTION('',(0.,0.,1.));
#4398=DIRECTION('center_axis',(0.,1.,0.));
#4399=DIRECTION('ref_axis',(0.,0.,-1.));
#4400=DIRECTION('',(1.,0.,4.79403658720481E-94));
#4401=DIRECTION('',(4.79403658720481E-94,-1.2240606666209E-17,-1.));
#4402=DIRECTION('',(-1.,0.,0.));
#4403=DIRECTION('',(0.,0.,-1.));
#4404=DIRECTION('center_axis',(0.,0.,1.));
#4405=DIRECTION('ref_axis',(0.,1.,0.));
#4406=DIRECTION('',(0.,1.,0.));
#4407=DIRECTION('',(0.,1.,0.));
#4408=DIRECTION('center_axis',(1.,0.,0.));
#4409=DIRECTION('ref_axis',(0.,1.,0.));
#4410=DIRECTION('',(0.,-1.,4.09928501400058E-16));
#4411=DIRECTION('center_axis',(-4.79403658720481E-94,4.09928501400058E-16,
1.));
#4412=DIRECTION('ref_axis',(-1.,-9.95741905442032E-94,-4.79403658720481E-94));
#4413=DIRECTION('',(0.,1.,0.));
#4414=DIRECTION('',(0.,-1.,4.09928501400058E-16));
#4415=DIRECTION('',(0.,1.,0.));
#4416=DIRECTION('',(0.,-1.,4.09928501400058E-16));
#4417=DIRECTION('',(0.,1.,0.));
#4418=DIRECTION('',(0.,-1.,4.09928501400058E-16));
#4419=DIRECTION('',(-1.,-9.95741905442032E-94,-4.79403658720481E-94));
#4420=DIRECTION('',(0.,-1.,4.09928501400058E-16));
#4421=DIRECTION('',(0.,1.,0.));
#4422=DIRECTION('',(0.,-1.,4.09928501400058E-16));
#4423=DIRECTION('',(0.,1.,0.));
#4424=DIRECTION('',(0.,-1.,4.09928501400058E-16));
#4425=DIRECTION('',(0.,1.,0.));
#4426=DIRECTION('',(-1.,0.,-4.79403658720481E-94));
#4427=DIRECTION('',(0.,1.,-4.09928501400058E-16));
#4428=DIRECTION('',(1.,0.,4.79403658720481E-94));
#4429=DIRECTION('',(0.,-1.,4.09928501400058E-16));
#4430=DIRECTION('',(1.,9.95741905442032E-94,4.79403658720481E-94));
#4431=DIRECTION('',(0.,-1.,4.09928501400058E-16));
#4432=DIRECTION('center_axis',(0.,1.,0.));
#4433=DIRECTION('ref_axis',(0.,0.,-1.));
#4434=DIRECTION('',(1.,0.,4.79403658720481E-94));
#4435=DIRECTION('',(4.79403658720481E-94,-1.2240606666209E-17,-1.));
#4436=DIRECTION('',(-1.,0.,0.));
#4437=DIRECTION('',(0.,0.,-1.));
#4438=DIRECTION('center_axis',(0.,0.,1.));
#4439=DIRECTION('ref_axis',(0.,1.,0.));
#4440=DIRECTION('',(0.,1.,0.));
#4441=DIRECTION('',(0.,1.,0.));
#4442=DIRECTION('',(-1.,0.,0.));
#4443=DIRECTION('center_axis',(0.,-1.,0.));
#4444=DIRECTION('ref_axis',(0.,0.,1.));
#4445=DIRECTION('',(-1.,0.,-4.79403658720481E-94));
#4446=DIRECTION('',(0.,0.,1.));
#4447=DIRECTION('',(0.,0.,1.));
#4448=DIRECTION('center_axis',(1.,0.,0.));
#4449=DIRECTION('ref_axis',(0.,1.,0.));
#4450=DIRECTION('',(0.,-1.,4.09928501400058E-16));
#4451=DIRECTION('center_axis',(-4.79403658720481E-94,4.09928501400058E-16,
1.));
#4452=DIRECTION('ref_axis',(-1.,-9.95741905442032E-94,-4.79403658720481E-94));
#4453=DIRECTION('',(0.,1.,0.));
#4454=DIRECTION('',(0.,-1.,4.09928501400058E-16));
#4455=DIRECTION('',(0.,1.,0.));
#4456=DIRECTION('',(0.,-1.,4.09928501400058E-16));
#4457=DIRECTION('',(0.,1.,0.));
#4458=DIRECTION('',(0.,-1.,4.09928501400058E-16));
#4459=DIRECTION('',(-1.,-9.95741905442032E-94,-4.79403658720481E-94));
#4460=DIRECTION('',(0.,-1.,4.09928501400058E-16));
#4461=DIRECTION('',(0.,1.,0.));
#4462=DIRECTION('',(0.,-1.,4.09928501400058E-16));
#4463=DIRECTION('',(0.,1.,0.));
#4464=DIRECTION('',(0.,-1.,4.09928501400058E-16));
#4465=DIRECTION('',(0.,1.,0.));
#4466=DIRECTION('',(-1.,0.,-4.79403658720481E-94));
#4467=DIRECTION('',(0.,1.,-4.09928501400058E-16));
#4468=DIRECTION('',(1.,0.,4.79403658720481E-94));
#4469=DIRECTION('',(0.,-1.,4.09928501400058E-16));
#4470=DIRECTION('',(1.,9.95741905442032E-94,4.79403658720481E-94));
#4471=DIRECTION('',(0.,-1.,4.09928501400058E-16));
#4472=DIRECTION('center_axis',(-1.,0.,-7.01562733127328E-17));
#4473=DIRECTION('ref_axis',(-7.01562733127328E-17,0.,1.));
#4474=DIRECTION('',(-7.01562733127328E-17,1.2240606666209E-17,1.));
#4475=DIRECTION('',(0.,1.,0.));
#4476=DIRECTION('',(6.67161393897941E-17,0.309299433782172,-0.950964699798067));
#4477=DIRECTION('center_axis',(0.,-1.,0.));
#4478=DIRECTION('ref_axis',(0.,0.,1.));
#4479=DIRECTION('',(-1.,0.,-4.79403658720481E-94));
#4480=DIRECTION('',(0.,0.,1.));
#4481=DIRECTION('',(-1.,0.,0.));
#4482=DIRECTION('',(0.,0.,1.));
#4483=DIRECTION('center_axis',(0.,1.,0.));
#4484=DIRECTION('ref_axis',(0.,0.,-1.));
#4485=DIRECTION('',(1.,0.,4.79403658720481E-94));
#4486=DIRECTION('',(4.79403658720481E-94,-1.2240606666209E-17,-1.));
#4487=DIRECTION('',(-1.,0.,0.));
#4488=DIRECTION('',(0.,0.,-1.));
#4489=DIRECTION('center_axis',(0.,0.,1.));
#4490=DIRECTION('ref_axis',(0.,1.,0.));
#4491=DIRECTION('',(0.,1.,0.));
#4492=DIRECTION('',(0.,1.,0.));
#4493=DIRECTION('center_axis',(1.,0.,0.));
#4494=DIRECTION('ref_axis',(0.,1.,0.));
#4495=DIRECTION('',(0.,-1.,4.09928501400058E-16));
#4496=DIRECTION('center_axis',(-4.79403658720481E-94,4.09928501400058E-16,
1.));
#4497=DIRECTION('ref_axis',(-1.,-9.95741905442032E-94,-4.79403658720481E-94));
#4498=DIRECTION('',(0.,1.,0.));
#4499=DIRECTION('',(0.,-1.,4.09928501400058E-16));
#4500=DIRECTION('',(0.,1.,0.));
#4501=DIRECTION('',(0.,-1.,4.09928501400058E-16));
#4502=DIRECTION('',(0.,1.,0.));
#4503=DIRECTION('',(0.,-1.,4.09928501400058E-16));
#4504=DIRECTION('',(-1.,-9.95741905442032E-94,-4.79403658720481E-94));
#4505=DIRECTION('',(0.,-1.,4.09928501400058E-16));
#4506=DIRECTION('',(0.,1.,0.));
#4507=DIRECTION('',(0.,-1.,4.09928501400058E-16));
#4508=DIRECTION('',(0.,1.,0.));
#4509=DIRECTION('',(0.,-1.,4.09928501400058E-16));
#4510=DIRECTION('',(0.,1.,0.));
#4511=DIRECTION('',(-1.,0.,-4.79403658720481E-94));
#4512=DIRECTION('',(0.,1.,-4.09928501400058E-16));
#4513=DIRECTION('',(1.,0.,4.79403658720481E-94));
#4514=DIRECTION('',(0.,-1.,4.09928501400058E-16));
#4515=DIRECTION('',(1.,9.95741905442032E-94,4.79403658720481E-94));
#4516=DIRECTION('',(0.,-1.,4.09928501400058E-16));
#4517=DIRECTION('center_axis',(0.,0.,-1.));
#4518=DIRECTION('ref_axis',(0.,-1.,0.));
#4519=DIRECTION('',(0.,-1.,0.));
#4520=DIRECTION('',(-1.,0.,0.));
#4521=DIRECTION('',(1.96521223384992E-109,-1.,0.));
#4522=DIRECTION('',(-1.,0.,0.));
#4523=DIRECTION('center_axis',(0.,1.,0.));
#4524=DIRECTION('ref_axis',(0.,0.,-1.));
#4525=DIRECTION('',(0.,0.,-1.));
#4526=DIRECTION('',(4.79403658720481E-94,-1.2240606666209E-17,-1.));
#4527=DIRECTION('',(-1.,0.,0.));
#4528=DIRECTION('center_axis',(0.,0.,1.));
#4529=DIRECTION('ref_axis',(0.,1.,0.));
#4530=DIRECTION('',(0.,1.,0.));
#4531=DIRECTION('',(0.,1.,0.));
#4532=DIRECTION('',(-1.,0.,0.));
#4533=DIRECTION('center_axis',(0.,-1.,0.));
#4534=DIRECTION('ref_axis',(0.,0.,1.));
#4535=DIRECTION('',(0.,0.,1.));
#4536=DIRECTION('',(0.,0.,1.));
#4537=DIRECTION('',(-4.79403658720481E-94,0.,1.));
#4538=DIRECTION('center_axis',(1.,0.,0.));
#4539=DIRECTION('ref_axis',(0.,1.,0.));
#4540=DIRECTION('center_axis',(-1.,0.,0.));
#4541=DIRECTION('ref_axis',(0.,0.,1.));
#4542=DIRECTION('',(-4.55895956397217E-94,-0.309299433782172,0.950964699798067));
#4543=DIRECTION('center_axis',(0.,1.,0.));
#4544=DIRECTION('ref_axis',(0.,0.,-1.));
#4545=DIRECTION('',(-4.79403658720481E-94,1.2240606666209E-17,1.));
#4546=DIRECTION('',(-1.,0.,0.));
#4547=DIRECTION('',(0.,0.,-1.));
#4548=DIRECTION('',(-1.,0.,0.));
#4549=DIRECTION('center_axis',(0.,0.,-1.));
#4550=DIRECTION('ref_axis',(0.,-1.,0.));
#4551=DIRECTION('',(-1.96521223384992E-109,1.,0.));
#4552=DIRECTION('',(-1.,0.,0.));
#4553=DIRECTION('',(0.,-1.,0.));
#4554=DIRECTION('center_axis',(0.,0.,1.));
#4555=DIRECTION('ref_axis',(0.,1.,0.));
#4556=DIRECTION('',(0.,1.,0.));
#4557=DIRECTION('',(1.,0.,0.));
#4558=DIRECTION('',(0.,1.,0.));
#4559=DIRECTION('',(-1.,0.,0.));
#4560=DIRECTION('center_axis',(0.,-1.,0.));
#4561=DIRECTION('ref_axis',(0.,0.,1.));
#4562=DIRECTION('',(-1.,0.,0.));
#4563=DIRECTION('',(0.,0.,1.));
#4564=DIRECTION('',(0.,0.,1.));
#4565=DIRECTION('',(4.79403658720481E-94,0.,-1.));
#4566=DIRECTION('center_axis',(-1.,0.,0.));
#4567=DIRECTION('ref_axis',(0.,0.,1.));
#4568=DIRECTION('center_axis',(-1.,-1.96521223384992E-109,-4.79403658720481E-94));
#4569=DIRECTION('ref_axis',(4.79403658720481E-94,-4.02455846426619E-16,
-1.));
#4570=DIRECTION('',(-4.79403658720481E-94,1.2240606666209E-17,1.));
#4571=DIRECTION('',(0.,-1.,4.09928501400058E-16));
#4572=DIRECTION('',(-4.79403658720481E-94,4.02455846426619E-16,1.));
#4573=DIRECTION('',(0.,-1.,4.09928501400058E-16));
#4574=DIRECTION('',(4.79403658720481E-94,-4.02455846426619E-16,-1.));
#4575=DIRECTION('',(0.,-1.,4.09928501400058E-16));
#4576=DIRECTION('',(4.79403658720481E-94,0.,-1.));
#4577=DIRECTION('',(-4.55895956397217E-94,0.309299433782172,0.950964699798067));
#4578=DIRECTION('',(0.,-1.,4.09928501400058E-16));
#4579=DIRECTION('',(4.55895956397217E-94,-0.309299433782172,-0.950964699798067));
#4580=DIRECTION('',(-1.96521223384992E-109,1.,0.));
#4581=DIRECTION('',(-4.55895956397217E-94,-0.309299433782172,0.950964699798067));
#4582=DIRECTION('',(0.,-1.,4.09928501400058E-16));
#4583=DIRECTION('',(4.55895956397217E-94,0.309299433782172,-0.950964699798067));
#4584=DIRECTION('center_axis',(0.,-1.,0.));
#4585=DIRECTION('ref_axis',(0.,0.,1.));
#4586=DIRECTION('',(-7.01562733127328E-17,0.,1.));
#4587=DIRECTION('',(-1.,0.,0.));
#4588=DIRECTION('',(0.,0.,1.));
#4589=DIRECTION('',(-1.,0.,0.));
#4590=DIRECTION('',(0.,0.,1.));
#4591=DIRECTION('center_axis',(0.,0.,-1.));
#4592=DIRECTION('ref_axis',(0.,-1.,0.));
#4593=DIRECTION('',(0.,-1.,0.));
#4594=DIRECTION('',(-1.,0.,0.));
#4595=DIRECTION('',(0.,-1.,0.));
#4596=DIRECTION('center_axis',(0.,1.,0.));
#4597=DIRECTION('ref_axis',(0.,0.,-1.));
#4598=DIRECTION('',(0.,0.,-1.));
#4599=DIRECTION('',(-1.,0.,0.));
#4600=DIRECTION('',(-4.79403658720481E-94,1.2240606666209E-17,1.));
#4601=DIRECTION('center_axis',(0.,0.,1.));
#4602=DIRECTION('ref_axis',(0.,1.,0.));
#4603=DIRECTION('',(0.,1.,0.));
#4604=DIRECTION('',(1.,0.,0.));
#4605=DIRECTION('',(0.,1.,0.));
#4606=DIRECTION('center_axis',(-1.,0.,0.));
#4607=DIRECTION('ref_axis',(0.,0.,1.));
#4608=DIRECTION('center_axis',(0.,1.,-1.2240606666209E-17));
#4609=DIRECTION('ref_axis',(0.,1.2240606666209E-17,1.));
#4610=DIRECTION('',(4.79403658720481E-94,-1.2240606666209E-17,-1.));
#4611=DIRECTION('',(7.01562733127328E-17,-1.2240606666209E-17,-1.));
#4612=DIRECTION('center_axis',(0.,1.,-1.2240606666209E-17));
#4613=DIRECTION('ref_axis',(0.,1.2240606666209E-17,1.));
#4614=DIRECTION('',(4.79403658720481E-94,-1.2240606666209E-17,-1.));
#4615=DIRECTION('',(-1.,0.,0.));
#4616=DIRECTION('',(7.01562733127328E-17,-1.2240606666209E-17,-1.));
#4617=DIRECTION('',(-4.79403658720481E-94,1.2240606666209E-17,1.));
#4618=DIRECTION('center_axis',(-1.,0.,0.));
#4619=DIRECTION('ref_axis',(0.,0.,1.));
#4620=DIRECTION('',(0.,0.,1.));
#4621=DIRECTION('',(0.,1.,0.));
#4622=DIRECTION('',(0.,0.,-1.));
#4623=DIRECTION('center_axis',(0.,-1.,0.));
#4624=DIRECTION('ref_axis',(0.,0.,1.));
#4625=DIRECTION('',(-7.01562733127328E-17,0.,1.));
#4626=DIRECTION('',(-1.,0.,0.));
#4627=DIRECTION('',(0.,0.,1.));
#4628=DIRECTION('',(-1.,0.,0.));
#4629=DIRECTION('center_axis',(0.,0.,-1.));
#4630=DIRECTION('ref_axis',(0.,-1.,0.));
#4631=DIRECTION('',(0.,-1.,0.));
#4632=DIRECTION('',(0.,-1.,0.));
#4633=DIRECTION('center_axis',(0.,1.,0.));
#4634=DIRECTION('ref_axis',(0.,0.,-1.));
#4635=DIRECTION('',(-1.,0.,0.));
#4636=DIRECTION('',(-4.79403658720481E-94,1.2240606666209E-17,1.));
#4637=DIRECTION('center_axis',(0.,0.,1.));
#4638=DIRECTION('ref_axis',(0.,1.,0.));
#4639=DIRECTION('',(0.,1.,0.));
#4640=DIRECTION('',(1.,0.,0.));
#4641=DIRECTION('center_axis',(0.,1.,-1.2240606666209E-17));
#4642=DIRECTION('ref_axis',(0.,1.2240606666209E-17,1.));
#4643=DIRECTION('',(4.79403658720481E-94,-1.2240606666209E-17,-1.));
#4644=DIRECTION('',(1.,0.,0.));
#4645=DIRECTION('',(-4.79403658720481E-94,1.2240606666209E-17,1.));
#4646=DIRECTION('center_axis',(0.,-1.,0.));
#4647=DIRECTION('ref_axis',(0.,0.,1.));
#4648=DIRECTION('',(-7.01562733127328E-17,0.,1.));
#4649=DIRECTION('',(-1.,0.,0.));
#4650=DIRECTION('',(0.,0.,1.));
#4651=DIRECTION('',(-1.,0.,0.));
#4652=DIRECTION('',(0.,0.,1.));
#4653=DIRECTION('center_axis',(0.,0.,-1.));
#4654=DIRECTION('ref_axis',(0.,-1.,0.));
#4655=DIRECTION('',(0.,-1.,0.));
#4656=DIRECTION('',(-1.,0.,0.));
#4657=DIRECTION('',(0.,-1.,0.));
#4658=DIRECTION('center_axis',(0.,1.,0.));
#4659=DIRECTION('ref_axis',(0.,0.,-1.));
#4660=DIRECTION('',(0.,0.,-1.));
#4661=DIRECTION('',(-1.,0.,0.));
#4662=DIRECTION('',(-4.79403658720481E-94,1.2240606666209E-17,1.));
#4663=DIRECTION('center_axis',(0.,0.,1.));
#4664=DIRECTION('ref_axis',(0.,1.,0.));
#4665=DIRECTION('',(0.,1.,0.));
#4666=DIRECTION('',(1.,0.,0.));
#4667=DIRECTION('',(0.,1.,0.));
#4668=DIRECTION('center_axis',(-1.,0.,0.));
#4669=DIRECTION('ref_axis',(0.,0.,1.));
#4670=DIRECTION('center_axis',(0.,1.,-1.2240606666209E-17));
#4671=DIRECTION('ref_axis',(0.,1.2240606666209E-17,1.));
#4672=DIRECTION('',(7.01562733127328E-17,-1.2240606666209E-17,-1.));
#4673=DIRECTION('',(-4.79403658720481E-94,1.2240606666209E-17,1.));
#4674=DIRECTION('',(1.,0.,0.));
#4675=DIRECTION('',(4.79403658720481E-94,-1.2240606666209E-17,-1.));
#4676=DIRECTION('center_axis',(0.,1.,-1.2240606666209E-17));
#4677=DIRECTION('ref_axis',(0.,1.2240606666209E-17,1.));
#4678=DIRECTION('',(4.79403658720481E-94,-1.2240606666209E-17,-1.));
#4679=DIRECTION('',(-1.,0.,0.));
#4680=DIRECTION('',(7.01562733127328E-17,-1.2240606666209E-17,-1.));
#4681=DIRECTION('',(-4.79403658720481E-94,1.2240606666209E-17,1.));
#4682=DIRECTION('center_axis',(0.,-1.,0.));
#4683=DIRECTION('ref_axis',(0.,0.,1.));
#4684=DIRECTION('',(-7.01562733127328E-17,0.,1.));
#4685=DIRECTION('',(-1.,0.,0.));
#4686=DIRECTION('',(0.,0.,1.));
#4687=DIRECTION('',(-1.,0.,0.));
#4688=DIRECTION('',(0.,0.,1.));
#4689=DIRECTION('center_axis',(0.,0.,-1.));
#4690=DIRECTION('ref_axis',(0.,-1.,0.));
#4691=DIRECTION('',(0.,-1.,0.));
#4692=DIRECTION('',(0.,-1.,0.));
#4693=DIRECTION('center_axis',(0.,1.,0.));
#4694=DIRECTION('ref_axis',(0.,0.,-1.));
#4695=DIRECTION('',(0.,0.,-1.));
#4696=DIRECTION('',(-1.,0.,0.));
#4697=DIRECTION('',(-4.79403658720481E-94,1.2240606666209E-17,1.));
#4698=DIRECTION('center_axis',(0.,0.,1.));
#4699=DIRECTION('ref_axis',(0.,1.,0.));
#4700=DIRECTION('',(0.,1.,0.));
#4701=DIRECTION('',(1.,0.,0.));
#4702=DIRECTION('',(0.,1.,0.));
#4703=DIRECTION('center_axis',(-1.,0.,0.));
#4704=DIRECTION('ref_axis',(0.,0.,1.));
#4705=DIRECTION('center_axis',(0.,1.,-1.2240606666209E-17));
#4706=DIRECTION('ref_axis',(0.,1.2240606666209E-17,1.));
#4707=DIRECTION('',(4.79403658720481E-94,-1.2240606666209E-17,-1.));
#4708=DIRECTION('',(-1.,0.,0.));
#4709=DIRECTION('',(7.01562733127328E-17,-1.2240606666209E-17,-1.));
#4710=DIRECTION('',(-4.79403658720481E-94,1.2240606666209E-17,1.));
#4711=DIRECTION('center_axis',(0.,0.,-1.));
#4712=DIRECTION('ref_axis',(0.,-1.,0.));
#4713=DIRECTION('',(0.,-1.,0.));
#4714=DIRECTION('',(0.,-1.,0.));
#4715=DIRECTION('',(-1.,0.,0.));
#4716=DIRECTION('center_axis',(0.,0.,1.));
#4717=DIRECTION('ref_axis',(0.,1.,0.));
#4718=DIRECTION('',(1.96521223384992E-109,-1.,0.));
#4719=DIRECTION('',(-1.,0.,0.));
#4720=DIRECTION('',(0.,1.,0.));
#4721=DIRECTION('',(-1.,0.,0.));
#4722=DIRECTION('center_axis',(0.,1.,0.));
#4723=DIRECTION('ref_axis',(0.,0.,-1.));
#4724=DIRECTION('',(1.,0.,4.79403658720481E-94));
#4725=DIRECTION('',(0.,0.,-1.));
#4726=DIRECTION('',(-4.79403658720481E-94,0.,1.));
#4727=DIRECTION('center_axis',(0.,-1.,0.));
#4728=DIRECTION('ref_axis',(0.,0.,1.));
#4729=DIRECTION('',(-7.01562733127328E-17,0.,1.));
#4730=DIRECTION('',(0.,0.,1.));
#4731=DIRECTION('',(1.,0.,0.));
#4732=DIRECTION('',(4.79403658720481E-94,0.,-1.));
#4733=DIRECTION('',(0.,0.,1.));
#4734=DIRECTION('',(-1.,0.,-4.79403658720481E-94));
#4735=DIRECTION('center_axis',(-1.,0.,0.));
#4736=DIRECTION('ref_axis',(0.,0.,1.));
#4737=DIRECTION('',(0.,1.,-4.09928501400058E-16));
#4738=DIRECTION('center_axis',(-4.79403658720481E-94,4.09928501400058E-16,
1.));
#4739=DIRECTION('ref_axis',(-1.,-9.95741905442032E-94,-4.79403658720481E-94));
#4740=DIRECTION('',(0.,1.,0.));
#4741=DIRECTION('',(0.,1.,0.));
#4742=DIRECTION('',(-1.,-9.95741905442032E-94,-4.79403658720481E-94));
#4743=DIRECTION('',(0.,-1.,4.09928501400058E-16));
#4744=DIRECTION('',(0.,1.,0.));
#4745=DIRECTION('',(0.,-1.,4.09928501400058E-16));
#4746=DIRECTION('',(0.,1.,0.));
#4747=DIRECTION('',(0.,-1.,4.09928501400058E-16));
#4748=DIRECTION('',(0.,1.,0.));
#4749=DIRECTION('',(0.,-1.,4.09928501400058E-16));
#4750=DIRECTION('',(1.,9.95741905442032E-94,4.79403658720481E-94));
#4751=DIRECTION('center_axis',(0.,-0.950964699798067,0.309299433782172));
#4752=DIRECTION('ref_axis',(0.,-0.309299433782172,-0.950964699798067));
#4753=DIRECTION('',(-4.55895956397217E-94,0.309299433782172,0.950964699798067));
#4754=DIRECTION('',(1.,0.,0.));
#4755=DIRECTION('',(4.55895956397217E-94,-0.309299433782172,-0.950964699798067));
#4756=DIRECTION('',(-6.67161393897941E-17,0.309299433782172,0.950964699798067));
#4757=DIRECTION('',(4.55895956397217E-94,-0.309299433782172,-0.950964699798067));
#4758=DIRECTION('',(-6.67161393897941E-17,0.309299433782172,0.950964699798067));
#4759=DIRECTION('',(4.55895956397217E-94,-0.309299433782172,-0.950964699798067));
#4760=DIRECTION('',(-6.67161393897941E-17,0.309299433782172,0.950964699798067));
#4761=DIRECTION('',(4.55895956397217E-94,-0.309299433782172,-0.950964699798067));
#4762=DIRECTION('center_axis',(1.,1.96521223384992E-109,4.79403658720481E-94));
#4763=DIRECTION('ref_axis',(-4.79403658720481E-94,4.02455846426619E-16,
1.));
#4764=DIRECTION('',(-4.79403658720481E-94,4.02455846426619E-16,1.));
#4765=DIRECTION('',(0.,-1.,4.09928501400058E-16));
#4766=DIRECTION('',(-4.79403658720481E-94,4.02455846426619E-16,1.));
#4767=DIRECTION('',(0.,-1.,4.09928501400058E-16));
#4768=DIRECTION('',(-4.55895956397217E-94,-0.309299433782172,0.950964699798067));
#4769=DIRECTION('',(-1.96521223384992E-109,1.,0.));
#4770=DIRECTION('',(4.55895956397217E-94,0.309299433782172,-0.950964699798067));
#4771=DIRECTION('',(1.96521223384992E-109,-1.,0.));
#4772=DIRECTION('',(-4.55895956397217E-94,0.309299433782172,0.950964699798067));
#4773=DIRECTION('',(1.96521223384992E-109,-1.,0.));
#4774=DIRECTION('',(-4.79403658720481E-94,0.,1.));
#4775=DIRECTION('',(4.55895956397217E-94,0.309299433782172,-0.950964699798067));
#4776=DIRECTION('',(1.96521223384992E-109,-1.,0.));
#4777=DIRECTION('',(-4.55895956397217E-94,-0.309299433782172,0.950964699798067));
#4778=DIRECTION('',(-1.96521223384992E-109,1.,0.));
#4779=DIRECTION('',(4.55895956397217E-94,-0.309299433782172,-0.950964699798067));
#4780=DIRECTION('',(4.55895956397217E-94,-0.309299433782172,-0.950964699798067));
#4781=DIRECTION('',(-4.79403658720481E-94,0.,1.));
#4782=DIRECTION('',(-1.96521223384992E-109,1.,0.));
#4783=DIRECTION('center_axis',(-1.,0.,-7.01562733127328E-17));
#4784=DIRECTION('ref_axis',(-7.01562733127328E-17,0.,1.));
#4785=DIRECTION('',(-7.01562733127328E-17,1.2240606666209E-17,1.));
#4786=DIRECTION('',(0.,1.,0.));
#4787=DIRECTION('',(6.67161393897941E-17,0.309299433782172,-0.950964699798067));
#4788=DIRECTION('center_axis',(-1.,0.,-7.01562733127328E-17));
#4789=DIRECTION('ref_axis',(-7.01562733127328E-17,0.,1.));
#4790=DIRECTION('',(6.67161393897941E-17,-0.309299433782172,-0.950964699798067));
#4791=DIRECTION('',(-6.67161393897941E-17,-0.309299433782172,0.950964699798067));
#4792=DIRECTION('',(0.,1.,0.));
#4793=DIRECTION('center_axis',(-1.,0.,-7.01562733127328E-17));
#4794=DIRECTION('ref_axis',(-7.01562733127328E-17,0.,1.));
#4795=DIRECTION('',(7.01562733127328E-17,0.,-1.));
#4796=DIRECTION('',(-6.67161393897941E-17,0.309299433782172,0.950964699798067));
#4797=DIRECTION('',(0.,1.,0.));
#4798=DIRECTION('center_axis',(1.,0.,7.01562733127328E-17));
#4799=DIRECTION('ref_axis',(7.01562733127328E-17,0.,-1.));
#4800=DIRECTION('',(-6.67161393897941E-17,-0.309299433782172,0.950964699798067));
#4801=DIRECTION('',(0.,1.,0.));
#4802=DIRECTION('center_axis',(1.,0.,7.01562733127328E-17));
#4803=DIRECTION('ref_axis',(7.01562733127328E-17,0.,-1.));
#4804=DIRECTION('',(-6.67161393897941E-17,0.309299433782172,0.950964699798067));
#4805=DIRECTION('',(0.,1.,0.));
#4806=DIRECTION('',(6.67161393897941E-17,0.309299433782172,-0.950964699798067));
#4807=DIRECTION('center_axis',(1.,0.,7.01562733127328E-17));
#4808=DIRECTION('ref_axis',(7.01562733127328E-17,0.,-1.));
#4809=DIRECTION('',(-7.01562733127328E-17,0.,1.));
#4810=DIRECTION('',(0.,1.,0.));
#4811=DIRECTION('',(6.67161393897941E-17,-0.309299433782172,-0.950964699798067));
#4812=DIRECTION('center_axis',(0.,1.,-1.2240606666209E-17));
#4813=DIRECTION('ref_axis',(0.,1.2240606666209E-17,1.));
#4814=DIRECTION('',(4.79403658720481E-94,-1.2240606666209E-17,-1.));
#4815=DIRECTION('',(4.79403658720481E-94,-1.2240606666209E-17,-1.));
#4816=DIRECTION('',(4.79403658720481E-94,-1.2240606666209E-17,-1.));
#4817=DIRECTION('',(4.79403658720481E-94,-1.2240606666209E-17,-1.));
#4818=DIRECTION('',(1.,0.,0.));
#4819=DIRECTION('',(-4.79403658720481E-94,1.2240606666209E-17,1.));
#4820=DIRECTION('',(1.,0.,0.));
#4821=DIRECTION('',(4.79403658720481E-94,-1.2240606666209E-17,-1.));
#4822=DIRECTION('',(4.79403658720481E-94,-1.2240606666209E-17,-1.));
#4823=DIRECTION('center_axis',(0.,-1.,4.09928501400058E-16));
#4824=DIRECTION('ref_axis',(0.,-4.09928501400058E-16,-1.));
#4825=DIRECTION('',(-1.,0.,-4.79403658720481E-94));
#4826=DIRECTION('',(4.79403658720481E-94,-4.02455846426619E-16,-1.));
#4827=DIRECTION('',(1.,-3.75425187973773E-93,4.79403658720483E-94));
#4828=DIRECTION('',(-4.79403658720481E-94,4.02455846426619E-16,1.));
#4829=DIRECTION('',(1.,4.37162206118538E-110,4.79403658720481E-94));
#4830=DIRECTION('',(4.79403658720481E-94,-4.02455846426619E-16,-1.));
#4831=DIRECTION('',(1.,4.37162206118538E-110,4.79403658720481E-94));
#4832=DIRECTION('',(4.79403658720481E-94,-4.02455846426619E-16,-1.));
#4833=DIRECTION('',(-4.79403658720481E-94,4.02455846426619E-16,1.));
#4834=DIRECTION('',(1.,4.37162206118538E-110,4.79403658720481E-94));
#4835=DIRECTION('',(-1.,3.51438907401806E-94,-4.79403658720481E-94));
#4836=DIRECTION('',(-4.79403658720481E-94,4.02455846426619E-16,1.));
#4837=DIRECTION('',(-4.79403658720481E-94,4.02455846426619E-16,1.));
#4838=DIRECTION('',(1.,4.37162206118538E-110,4.79403658720481E-94));
#4839=DIRECTION('',(4.79403658720481E-94,-4.02455846426619E-16,-1.));
#4840=DIRECTION('',(1.,4.37162206118538E-110,4.79403658720481E-94));
#4841=DIRECTION('',(4.79403658720481E-94,-4.02455846426619E-16,-1.));
#4842=DIRECTION('',(-4.79403658720481E-94,4.02455846426619E-16,1.));
#4843=DIRECTION('',(1.,0.,4.79403658720481E-94));
#4844=DIRECTION('',(4.79403658720481E-94,-4.02455846426619E-16,-1.));
#4845=DIRECTION('center_axis',(0.,-1.,0.));
#4846=DIRECTION('ref_axis',(0.,0.,-1.));
#4847=DIRECTION('',(-4.79403658720481E-94,0.,1.));
#4848=DIRECTION('',(1.,0.,0.));
#4849=DIRECTION('',(4.79403658720481E-94,0.,-1.));
#4850=DIRECTION('',(1.,0.,0.));
#4851=DIRECTION('',(-4.79403658720481E-94,0.,1.));
#4852=DIRECTION('',(7.01562733127328E-17,0.,-1.));
#4853=DIRECTION('',(-4.79403658720481E-94,0.,1.));
#4854=DIRECTION('center_axis',(0.,-1.,0.));
#4855=DIRECTION('ref_axis',(0.,0.,-1.));
#4856=DIRECTION('',(4.79403658720481E-94,0.,-1.));
#4857=DIRECTION('',(-7.01562733127328E-17,0.,1.));
#4858=DIRECTION('',(4.79403658720481E-94,0.,-1.));
#4859=DIRECTION('',(1.,0.,0.));
#4860=DIRECTION('',(1.,0.,0.));
#4861=DIRECTION('center_axis',(0.,0.950964699798067,-0.309299433782172));
#4862=DIRECTION('ref_axis',(0.,0.309299433782172,0.950964699798067));
#4863=DIRECTION('',(1.,0.,0.));
#4864=DIRECTION('',(-4.55895956397217E-94,0.309299433782172,0.950964699798067));
#4865=DIRECTION('',(6.67161393897941E-17,-0.309299433782172,-0.950964699798067));
#4866=DIRECTION('',(-4.55895956397217E-94,0.309299433782172,0.950964699798067));
#4867=DIRECTION('center_axis',(0.,0.950964699798067,-0.309299433782172));
#4868=DIRECTION('ref_axis',(0.,0.309299433782172,0.950964699798067));
#4869=DIRECTION('',(4.55895956397217E-94,-0.309299433782172,-0.950964699798067));
#4870=DIRECTION('',(-6.67161393897941E-17,0.309299433782172,0.950964699798067));
#4871=DIRECTION('',(4.55895956397217E-94,-0.309299433782172,-0.950964699798067));
#4872=DIRECTION('',(1.,0.,0.));
#4873=DIRECTION('',(-4.55895956397217E-94,0.309299433782172,0.950964699798067));
#4874=DIRECTION('',(4.55895956397217E-94,-0.309299433782172,-0.950964699798067));
#4875=DIRECTION('center_axis',(0.,-0.950964699798067,0.309299433782172));
#4876=DIRECTION('ref_axis',(0.,-0.309299433782172,-0.950964699798067));
#4877=DIRECTION('',(-4.55895956397217E-94,0.309299433782172,0.950964699798067));
#4878=DIRECTION('',(1.,0.,0.));
#4879=DIRECTION('',(4.55895956397217E-94,-0.309299433782172,-0.950964699798067));
#4880=DIRECTION('',(1.,0.,0.));
#4881=DIRECTION('',(-4.55895956397217E-94,0.309299433782172,0.950964699798067));
#4882=DIRECTION('',(6.67161393897941E-17,-0.309299433782172,-0.950964699798067));
#4883=DIRECTION('',(-4.55895956397217E-94,0.309299433782172,0.950964699798067));
#4884=DIRECTION('center_axis',(0.,-0.950964699798067,0.309299433782172));
#4885=DIRECTION('ref_axis',(0.,-0.309299433782172,-0.950964699798067));
#4886=DIRECTION('',(4.55895956397217E-94,-0.309299433782172,-0.950964699798067));
#4887=DIRECTION('',(-6.67161393897941E-17,0.309299433782172,0.950964699798067));
#4888=DIRECTION('',(4.55895956397217E-94,-0.309299433782172,-0.950964699798067));
#4889=DIRECTION('',(1.,0.,0.));
#4890=DIRECTION('',(1.,0.,0.));
#4891=DIRECTION('center_axis',(0.,-0.950964699798067,-0.309299433782172));
#4892=DIRECTION('ref_axis',(0.,0.309299433782172,-0.950964699798067));
#4893=DIRECTION('',(-4.55895956397217E-94,-0.309299433782172,0.950964699798067));
#4894=DIRECTION('',(4.55895956397217E-94,0.309299433782172,-0.950964699798067));
#4895=DIRECTION('',(1.,0.,0.));
#4896=DIRECTION('',(-4.55895956397217E-94,-0.309299433782172,0.950964699798067));
#4897=DIRECTION('',(-4.55895956397217E-94,-0.309299433782172,0.950964699798067));
#4898=DIRECTION('center_axis',(0.,-0.950964699798067,-0.309299433782172));
#4899=DIRECTION('ref_axis',(0.,0.309299433782172,-0.950964699798067));
#4900=DIRECTION('',(4.55895956397217E-94,0.309299433782172,-0.950964699798067));
#4901=DIRECTION('',(-6.67161393897941E-17,-0.309299433782172,0.950964699798067));
#4902=DIRECTION('',(4.55895956397217E-94,0.309299433782172,-0.950964699798067));
#4903=DIRECTION('',(1.,0.,0.));
#4904=DIRECTION('center_axis',(0.,0.950964699798067,0.309299433782172));
#4905=DIRECTION('ref_axis',(0.,-0.309299433782172,0.950964699798067));
#4906=DIRECTION('',(1.,0.,0.));
#4907=DIRECTION('',(-4.55895956397217E-94,-0.309299433782172,0.950964699798067));
#4908=DIRECTION('',(6.67161393897941E-17,0.309299433782172,-0.950964699798067));
#4909=DIRECTION('',(-4.55895956397217E-94,-0.309299433782172,0.950964699798067));
#4910=DIRECTION('center_axis',(0.,0.950964699798067,0.309299433782172));
#4911=DIRECTION('ref_axis',(0.,-0.309299433782172,0.950964699798067));
#4912=DIRECTION('',(4.55895956397217E-94,0.309299433782172,-0.950964699798067));
#4913=DIRECTION('',(-6.67161393897941E-17,-0.309299433782172,0.950964699798067));
#4914=DIRECTION('',(4.55895956397217E-94,0.309299433782172,-0.950964699798067));
#4915=DIRECTION('',(-4.55895956397217E-94,-0.309299433782172,0.950964699798067));
#4916=DIRECTION('',(1.,0.,0.));
#4917=DIRECTION('',(4.55895956397217E-94,0.309299433782172,-0.950964699798067));
#4918=DIRECTION('center_axis',(-1.,0.,-7.01562733127328E-17));
#4919=DIRECTION('ref_axis',(-7.01562733127328E-17,0.,1.));
#4920=DIRECTION('',(6.67161393897941E-17,0.309299433782172,-0.950964699798067));
#4921=DIRECTION('',(-6.67161393897941E-17,0.309299433782172,0.950964699798067));
#4922=DIRECTION('',(0.,1.,0.));
#4923=DIRECTION('center_axis',(-1.,0.,-7.01562733127328E-17));
#4924=DIRECTION('ref_axis',(-7.01562733127328E-17,0.,1.));
#4925=DIRECTION('',(7.01562733127328E-17,0.,-1.));
#4926=DIRECTION('',(-6.67161393897941E-17,-0.309299433782172,0.950964699798067));
#4927=DIRECTION('',(0.,1.,0.));
#4928=DIRECTION('center_axis',(1.,0.,7.01562733127328E-17));
#4929=DIRECTION('ref_axis',(7.01562733127328E-17,0.,-1.));
#4930=DIRECTION('',(0.,1.,0.));
#4931=DIRECTION('center_axis',(1.,0.,7.01562733127328E-17));
#4932=DIRECTION('ref_axis',(7.01562733127328E-17,0.,-1.));
#4933=DIRECTION('',(-6.67161393897941E-17,-0.309299433782172,0.950964699798067));
#4934=DIRECTION('',(0.,1.,0.));
#4935=DIRECTION('',(6.67161393897941E-17,-0.309299433782172,-0.950964699798067));
#4936=DIRECTION('center_axis',(1.,0.,7.01562733127328E-17));
#4937=DIRECTION('ref_axis',(7.01562733127328E-17,0.,-1.));
#4938=DIRECTION('',(-7.01562733127328E-17,0.,1.));
#4939=DIRECTION('',(0.,1.,0.));
#4940=DIRECTION('',(6.67161393897941E-17,0.309299433782172,-0.950964699798067));
#4941=DIRECTION('center_axis',(0.,1.,-1.2240606666209E-17));
#4942=DIRECTION('ref_axis',(0.,1.2240606666209E-17,1.));
#4943=DIRECTION('',(1.,0.,0.));
#4944=DIRECTION('',(-4.79403658720481E-94,1.2240606666209E-17,1.));
#4945=DIRECTION('',(1.,0.,0.));
#4946=DIRECTION('',(4.79403658720481E-94,-1.2240606666209E-17,-1.));
#4947=DIRECTION('',(-7.01562733127328E-17,1.2240606666209E-17,1.));
#4948=DIRECTION('',(4.79403658720481E-94,-1.2240606666209E-17,-1.));
#4949=DIRECTION('',(4.79403658720481E-94,-1.2240606666209E-17,-1.));
#4950=DIRECTION('',(-7.01562733127328E-17,1.2240606666209E-17,1.));
#4951=DIRECTION('',(4.79403658720481E-94,-1.2240606666209E-17,-1.));
#4952=DIRECTION('',(4.79403658720481E-94,-1.2240606666209E-17,-1.));
#4953=DIRECTION('center_axis',(0.,-1.,0.));
#4954=DIRECTION('ref_axis',(0.,0.,-1.));
#4955=DIRECTION('',(4.79403658720481E-94,0.,-1.));
#4956=DIRECTION('',(1.,0.,0.));
#4957=DIRECTION('',(1.,0.,0.));
#4958=DIRECTION('',(4.79403658720481E-94,0.,-1.));
#4959=DIRECTION('',(-7.01562733127328E-17,0.,1.));
#4960=DIRECTION('',(4.79403658720481E-94,0.,-1.));
#4961=DIRECTION('',(-7.01562733127328E-17,0.,1.));
#4962=DIRECTION('',(4.79403658720481E-94,0.,-1.));
#4963=DIRECTION('center_axis',(0.,-0.950964699798067,-0.309299433782172));
#4964=DIRECTION('ref_axis',(0.,0.309299433782172,-0.950964699798067));
#4965=DIRECTION('',(4.55895956397217E-94,0.309299433782172,-0.950964699798067));
#4966=DIRECTION('',(1.,0.,0.));
#4967=DIRECTION('',(1.,0.,0.));
#4968=DIRECTION('',(-6.67161393897941E-17,-0.309299433782172,0.950964699798067));
#4969=DIRECTION('',(4.55895956397217E-94,0.309299433782172,-0.950964699798067));
#4970=DIRECTION('',(-6.67161393897941E-17,-0.309299433782172,0.950964699798067));
#4971=DIRECTION('',(4.55895956397217E-94,0.309299433782172,-0.950964699798067));
#4972=DIRECTION('center_axis',(0.,0.950964699798067,0.309299433782172));
#4973=DIRECTION('ref_axis',(0.,-0.309299433782172,0.950964699798067));
#4974=DIRECTION('',(-4.55895956397217E-94,-0.309299433782172,0.950964699798067));
#4975=DIRECTION('',(6.67161393897941E-17,0.309299433782172,-0.950964699798067));
#4976=DIRECTION('',(-4.55895956397217E-94,-0.309299433782172,0.950964699798067));
#4977=DIRECTION('',(6.67161393897941E-17,0.309299433782172,-0.950964699798067));
#4978=DIRECTION('',(-4.55895956397217E-94,-0.309299433782172,0.950964699798067));
#4979=DIRECTION('',(1.,0.,0.));
#4980=DIRECTION('',(-4.55895956397217E-94,-0.309299433782172,0.950964699798067));
#4981=DIRECTION('center_axis',(0.,0.950964699798067,-0.309299433782172));
#4982=DIRECTION('ref_axis',(0.,0.309299433782172,0.950964699798067));
#4983=DIRECTION('',(-4.55895956397217E-94,0.309299433782172,0.950964699798067));
#4984=DIRECTION('',(6.67161393897941E-17,-0.309299433782172,-0.950964699798067));
#4985=DIRECTION('',(-4.55895956397217E-94,0.309299433782172,0.950964699798067));
#4986=DIRECTION('',(6.67161393897941E-17,-0.309299433782172,-0.950964699798067));
#4987=DIRECTION('',(1.,0.,0.));
#4988=DIRECTION('',(-4.55895956397217E-94,0.309299433782172,0.950964699798067));
#4989=DIRECTION('center_axis',(-1.,0.,-7.01562733127328E-17));
#4990=DIRECTION('ref_axis',(-7.01562733127328E-17,0.,1.));
#4991=DIRECTION('',(0.,1.,0.));
#4992=DIRECTION('center_axis',(-1.,0.,-7.01562733127328E-17));
#4993=DIRECTION('ref_axis',(-7.01562733127328E-17,0.,1.));
#4994=DIRECTION('',(0.,1.,0.));
#4995=DIRECTION('center_axis',(1.,0.,7.01562733127328E-17));
#4996=DIRECTION('ref_axis',(7.01562733127328E-17,0.,-1.));
#4997=DIRECTION('',(0.,1.,0.));
#4998=DIRECTION('center_axis',(1.,0.,7.01562733127328E-17));
#4999=DIRECTION('ref_axis',(7.01562733127328E-17,0.,-1.));
#5000=DIRECTION('',(0.,1.,0.));
#5001=DIRECTION('center_axis',(1.,0.,7.01562733127328E-17));
#5002=DIRECTION('ref_axis',(7.01562733127328E-17,0.,-1.));
#5003=DIRECTION('',(0.,1.,0.));
#5004=DIRECTION('center_axis',(-1.,0.,-7.01562733127328E-17));
#5005=DIRECTION('ref_axis',(-7.01562733127328E-17,0.,1.));
#5006=DIRECTION('',(0.,1.,0.));
#5007=DIRECTION('',(6.67161393897941E-17,-0.309299433782172,-0.950964699798067));
#5008=DIRECTION('center_axis',(-1.,0.,-7.01562733127328E-17));
#5009=DIRECTION('ref_axis',(-7.01562733127328E-17,0.,1.));
#5010=DIRECTION('',(6.67161393897941E-17,0.309299433782172,-0.950964699798067));
#5011=DIRECTION('',(-6.67161393897941E-17,0.309299433782172,0.950964699798067));
#5012=DIRECTION('',(0.,1.,0.));
#5013=DIRECTION('center_axis',(-1.,0.,-7.01562733127328E-17));
#5014=DIRECTION('ref_axis',(-7.01562733127328E-17,0.,1.));
#5015=DIRECTION('',(7.01562733127328E-17,0.,-1.));
#5016=DIRECTION('',(-6.67161393897941E-17,-0.309299433782172,0.950964699798067));
#5017=DIRECTION('',(0.,1.,0.));
#5018=DIRECTION('center_axis',(1.,0.,7.01562733127328E-17));
#5019=DIRECTION('ref_axis',(7.01562733127328E-17,0.,-1.));
#5020=DIRECTION('',(0.,1.,0.));
#5021=DIRECTION('center_axis',(1.,0.,7.01562733127328E-17));
#5022=DIRECTION('ref_axis',(7.01562733127328E-17,0.,-1.));
#5023=DIRECTION('',(0.,1.,0.));
#5024=DIRECTION('center_axis',(1.,0.,7.01562733127328E-17));
#5025=DIRECTION('ref_axis',(7.01562733127328E-17,0.,-1.));
#5026=DIRECTION('',(0.,1.,0.));
#5027=DIRECTION('center_axis',(-1.,0.,-7.01562733127328E-17));
#5028=DIRECTION('ref_axis',(-7.01562733127328E-17,0.,1.));
#5029=DIRECTION('',(0.,1.,0.));
#5030=DIRECTION('',(6.67161393897941E-17,-0.309299433782172,-0.950964699798067));
#5031=DIRECTION('center_axis',(-1.,0.,-7.01562733127328E-17));
#5032=DIRECTION('ref_axis',(-7.01562733127328E-17,0.,1.));
#5033=DIRECTION('',(6.67161393897941E-17,0.309299433782172,-0.950964699798067));
#5034=DIRECTION('',(-6.67161393897941E-17,0.309299433782172,0.950964699798067));
#5035=DIRECTION('center_axis',(-1.,0.,-7.01562733127328E-17));
#5036=DIRECTION('ref_axis',(-7.01562733127328E-17,0.,1.));
#5037=DIRECTION('',(7.01562733127328E-17,0.,-1.));
#5038=DIRECTION('',(-6.67161393897941E-17,-0.309299433782172,0.950964699798067));
#5039=DIRECTION('',(0.,1.,0.));
#5040=DIRECTION('center_axis',(1.,0.,7.01562733127328E-17));
#5041=DIRECTION('ref_axis',(7.01562733127328E-17,0.,-1.));
#5042=DIRECTION('',(0.,1.,0.));
#5043=DIRECTION('center_axis',(1.,0.,7.01562733127328E-17));
#5044=DIRECTION('ref_axis',(7.01562733127328E-17,0.,-1.));
#5045=DIRECTION('center_axis',(1.,0.,7.01562733127328E-17));
#5046=DIRECTION('ref_axis',(7.01562733127328E-17,0.,-1.));
#5047=DIRECTION('',(0.,1.,0.));
#5048=DIRECTION('center_axis',(0.,0.950964699798067,-0.309299433782172));
#5049=DIRECTION('ref_axis',(0.,0.309299433782172,0.950964699798067));
#5050=DIRECTION('',(1.,0.,0.));
#5051=DIRECTION('',(-4.55895956397217E-94,0.309299433782172,0.950964699798067));
#5052=DIRECTION('',(1.,0.,0.));
#5053=DIRECTION('',(4.55895956397217E-94,-0.309299433782172,-0.950964699798067));
#5054=DIRECTION('',(4.55895956397217E-94,-0.309299433782172,-0.950964699798067));
#5055=DIRECTION('center_axis',(0.,-0.950964699798067,-0.309299433782172));
#5056=DIRECTION('ref_axis',(0.,0.309299433782172,-0.950964699798067));
#5057=DIRECTION('',(-4.55895956397217E-94,-0.309299433782172,0.950964699798067));
#5058=DIRECTION('',(-4.55895956397217E-94,-0.309299433782172,0.950964699798067));
#5059=DIRECTION('',(4.55895956397217E-94,0.309299433782172,-0.950964699798067));
#5060=DIRECTION('',(1.,0.,0.));
#5061=DIRECTION('center_axis',(0.,0.,1.));
#5062=DIRECTION('ref_axis',(0.,-1.,0.));
#5063=DIRECTION('',(-1.96521223384992E-109,1.,0.));
#5064=DIRECTION('',(1.96521223384992E-109,-1.,0.));
#5065=DIRECTION('center_axis',(0.,0.,1.));
#5066=DIRECTION('ref_axis',(0.,-1.,0.));
#5067=DIRECTION('',(1.96521223384992E-109,-1.,0.));
#5068=DIRECTION('center_axis',(0.,0.,1.));
#5069=DIRECTION('ref_axis',(0.,-1.,0.));
#5070=DIRECTION('',(1.96521223384992E-109,-1.,0.));
#5071=DIRECTION('center_axis',(0.,0.,1.));
#5072=DIRECTION('ref_axis',(0.,-1.,0.));
#5073=DIRECTION('',(1.96521223384992E-109,-1.,0.));
#5074=DIRECTION('center_axis',(0.,0.,1.));
#5075=DIRECTION('ref_axis',(0.,-1.,0.));
#5076=DIRECTION('',(-1.96521223384992E-109,1.,0.));
#5077=DIRECTION('',(1.96521223384992E-109,-1.,0.));
#5078=DIRECTION('center_axis',(0.,0.,1.));
#5079=DIRECTION('ref_axis',(0.,-1.,0.));
#5080=DIRECTION('',(1.96521223384992E-109,-1.,0.));
#5081=DIRECTION('center_axis',(0.,0.,-1.));
#5082=DIRECTION('ref_axis',(0.,1.,0.));
#5083=DIRECTION('',(1.96521223384992E-109,-1.,0.));
#5084=DIRECTION('',(1.,0.,0.));
#5085=DIRECTION('',(-1.96521223384992E-109,1.,0.));
#5086=DIRECTION('',(1.,0.,0.));
#5087=DIRECTION('center_axis',(0.,0.,-1.));
#5088=DIRECTION('ref_axis',(0.,1.,0.));
#5089=DIRECTION('',(-1.96521223384992E-109,1.,0.));
#5090=DIRECTION('center_axis',(0.,-1.,0.));
#5091=DIRECTION('ref_axis',(0.,0.,-1.));
#5092=DIRECTION('',(-4.79403658720481E-94,0.,1.));
#5093=DIRECTION('',(-4.79403658720481E-94,0.,1.));
#5094=DIRECTION('',(-4.79403658720481E-94,0.,1.));
#5095=DIRECTION('',(4.79403658720481E-94,0.,-1.));
#5096=DIRECTION('',(1.,0.,0.));
#5097=DIRECTION('center_axis',(0.,0.950964699798067,0.309299433782172));
#5098=DIRECTION('ref_axis',(0.,-0.309299433782172,0.950964699798067));
#5099=DIRECTION('',(-4.55895956397217E-94,-0.309299433782172,0.950964699798067));
#5100=DIRECTION('',(4.55895956397217E-94,0.309299433782172,-0.950964699798067));
#5101=DIRECTION('',(4.55895956397217E-94,0.309299433782172,-0.950964699798067));
#5102=DIRECTION('',(4.55895956397217E-94,0.309299433782172,-0.950964699798067));
#5103=DIRECTION('center_axis',(0.,0.,-1.));
#5104=DIRECTION('ref_axis',(0.,1.,0.));
#5105=DIRECTION('',(1.96521223384992E-109,-1.,0.));
#5106=DIRECTION('',(-1.96521223384992E-109,1.,0.));
#5107=DIRECTION('',(1.,0.,0.));
#5108=DIRECTION('center_axis',(0.,0.,-1.));
#5109=DIRECTION('ref_axis',(0.,1.,0.));
#5110=DIRECTION('',(-1.96521223384992E-109,1.,0.));
#5111=DIRECTION('center_axis',(0.,-0.950964699798067,0.309299433782172));
#5112=DIRECTION('ref_axis',(0.,-0.309299433782172,-0.950964699798067));
#5113=DIRECTION('',(-4.55895956397217E-94,0.309299433782172,0.950964699798067));
#5114=DIRECTION('',(-4.55895956397217E-94,0.309299433782172,0.950964699798067));
#5115=DIRECTION('',(-4.55895956397217E-94,0.309299433782172,0.950964699798067));
#5116=DIRECTION('',(4.55895956397217E-94,-0.309299433782172,-0.950964699798067));
#5117=DIRECTION('center_axis',(0.,0.,-1.));
#5118=DIRECTION('ref_axis',(0.,1.,0.));
#5119=DIRECTION('center_axis',(0.,0.,-1.));
#5120=DIRECTION('ref_axis',(0.,1.,0.));
#5121=DIRECTION('',(1.96521223384992E-109,-1.,0.));
#5122=DIRECTION('',(-1.96521223384992E-109,1.,0.));
#5123=DIRECTION('center_axis',(-1.,-1.96521223384992E-109,-4.79403658720481E-94));
#5124=DIRECTION('ref_axis',(4.79403658720481E-94,-4.02455846426619E-16,
-1.));
#5125=DIRECTION('',(0.,-1.,4.09928501400058E-16));
#5126=DIRECTION('',(-4.79403658720481E-94,4.02455846426619E-16,1.));
#5127=DIRECTION('center_axis',(4.79403658720481E-94,-4.09928501400058E-16,
-1.));
#5128=DIRECTION('ref_axis',(1.,4.37162206118538E-110,4.79403658720481E-94));
#5129=DIRECTION('',(0.,-1.,4.09928501400058E-16));
#5130=DIRECTION('',(0.,-1.,4.09928501400058E-16));
#5131=DIRECTION('',(0.,-1.,4.09928501400058E-16));
#5132=DIRECTION('',(0.,-1.,4.09928501400058E-16));
#5133=DIRECTION('',(-1.,-4.37162206118538E-110,-4.79403658720481E-94));
#5134=DIRECTION('',(0.,-1.,4.09928501400058E-16));
#5135=DIRECTION('',(0.,-1.,4.09928501400058E-16));
#5136=DIRECTION('center_axis',(-1.,-1.96521223384992E-109,-4.79403658720481E-94));
#5137=DIRECTION('ref_axis',(4.79403658720481E-94,-4.02455846426619E-16,
-1.));
#5138=DIRECTION('',(0.,-1.,4.09928501400058E-16));
#5139=DIRECTION('',(-4.79403658720481E-94,4.02455846426619E-16,1.));
#5140=DIRECTION('center_axis',(-1.,-1.96521223384992E-109,-4.79403658720481E-94));
#5141=DIRECTION('ref_axis',(4.79403658720481E-94,-4.02455846426619E-16,
-1.));
#5142=DIRECTION('',(0.,-1.,4.09928501400058E-16));
#5143=DIRECTION('center_axis',(-1.,-1.96521223384992E-109,-4.79403658720481E-94));
#5144=DIRECTION('ref_axis',(4.79403658720481E-94,-4.02455846426619E-16,
-1.));
#5145=DIRECTION('',(0.,-1.,4.09928501400058E-16));
#5146=DIRECTION('center_axis',(-1.,-1.96521223384992E-109,-4.79403658720481E-94));
#5147=DIRECTION('ref_axis',(4.79403658720481E-94,-4.02455846426619E-16,
-1.));
#5148=DIRECTION('',(0.,-1.,4.09928501400058E-16));
#5149=DIRECTION('center_axis',(4.79403658720481E-94,-4.09928501400058E-16,
-1.));
#5150=DIRECTION('ref_axis',(1.,4.37162206118538E-110,4.79403658720481E-94));
#5151=DIRECTION('',(0.,-1.,4.09928501400058E-16));
#5152=DIRECTION('',(-1.,-4.37162206118538E-110,-4.79403658720481E-94));
#5153=DIRECTION('',(0.,-1.,4.09928501400058E-16));
#5154=DIRECTION('',(0.,-1.,4.09928501400058E-16));
#5155=DIRECTION('',(0.,-1.,4.09928501400058E-16));
#5156=DIRECTION('center_axis',(1.,1.96521223384992E-109,4.79403658720481E-94));
#5157=DIRECTION('ref_axis',(-4.79403658720481E-94,4.02455846426619E-16,
1.));
#5158=DIRECTION('',(4.79403658720481E-94,-4.02455846426619E-16,-1.));
#5159=DIRECTION('center_axis',(1.,1.96521223384992E-109,4.79403658720481E-94));
#5160=DIRECTION('ref_axis',(-4.79403658720481E-94,4.02455846426619E-16,
1.));
#5161=DIRECTION('center_axis',(1.,1.96521223384992E-109,4.79403658720481E-94));
#5162=DIRECTION('ref_axis',(-4.79403658720481E-94,4.02455846426619E-16,
1.));
#5163=DIRECTION('center_axis',(-1.,-1.96521223384992E-109,-4.79403658720481E-94));
#5164=DIRECTION('ref_axis',(4.79403658720481E-94,-4.02455846426619E-16,
-1.));
#5165=DIRECTION('',(0.,-1.,4.09928501400058E-16));
#5166=DIRECTION('',(-4.79403658720481E-94,4.02455846426619E-16,1.));
#5167=DIRECTION('center_axis',(-1.,-1.96521223384992E-109,-4.79403658720481E-94));
#5168=DIRECTION('ref_axis',(4.79403658720481E-94,-4.02455846426619E-16,
-1.));
#5169=DIRECTION('',(0.,-1.,4.09928501400058E-16));
#5170=DIRECTION('center_axis',(-1.,-1.96521223384992E-109,-4.79403658720481E-94));
#5171=DIRECTION('ref_axis',(4.79403658720481E-94,-4.02455846426619E-16,
-1.));
#5172=DIRECTION('',(0.,-1.,4.09928501400058E-16));
#5173=DIRECTION('center_axis',(-1.,-1.96521223384992E-109,-4.79403658720481E-94));
#5174=DIRECTION('ref_axis',(4.79403658720481E-94,-4.02455846426619E-16,
-1.));
#5175=DIRECTION('',(0.,-1.,4.09928501400058E-16));
#5176=DIRECTION('center_axis',(4.79403658720481E-94,-4.09928501400058E-16,
-1.));
#5177=DIRECTION('ref_axis',(1.,4.37162206118538E-110,4.79403658720481E-94));
#5178=DIRECTION('',(0.,-1.,4.09928501400058E-16));
#5179=DIRECTION('',(-1.,-4.37162206118538E-110,-4.79403658720481E-94));
#5180=DIRECTION('',(0.,-1.,4.09928501400058E-16));
#5181=DIRECTION('',(0.,-1.,4.09928501400058E-16));
#5182=DIRECTION('',(0.,-1.,4.09928501400058E-16));
#5183=DIRECTION('center_axis',(1.,1.96521223384992E-109,4.79403658720481E-94));
#5184=DIRECTION('ref_axis',(-4.79403658720481E-94,4.02455846426619E-16,
1.));
#5185=DIRECTION('',(4.79403658720481E-94,-4.02455846426619E-16,-1.));
#5186=DIRECTION('center_axis',(1.,1.96521223384992E-109,4.79403658720481E-94));
#5187=DIRECTION('ref_axis',(-4.79403658720481E-94,4.02455846426619E-16,
1.));
#5188=DIRECTION('center_axis',(1.,1.96521223384992E-109,4.79403658720481E-94));
#5189=DIRECTION('ref_axis',(-4.79403658720481E-94,4.02455846426619E-16,
1.));
#5190=DIRECTION('center_axis',(4.79403658720481E-94,-4.09928501400058E-16,
-1.));
#5191=DIRECTION('ref_axis',(1.,4.37162206118538E-110,4.79403658720481E-94));
#5192=DIRECTION('',(0.,-1.,4.09928501400058E-16));
#5193=DIRECTION('',(-1.,-4.37162206118538E-110,-4.79403658720481E-94));
#5194=DIRECTION('',(0.,-1.,4.09928501400058E-16));
#5195=DIRECTION('',(0.,-1.,4.09928501400058E-16));
#5196=DIRECTION('',(0.,-1.,4.09928501400058E-16));
#5197=DIRECTION('center_axis',(-1.,-1.96521223384992E-109,-4.79403658720481E-94));
#5198=DIRECTION('ref_axis',(4.79403658720481E-94,-4.02455846426619E-16,
-1.));
#5199=DIRECTION('',(-4.79403658720481E-94,4.02455846426619E-16,1.));
#5200=DIRECTION('center_axis',(4.79403658720481E-94,-4.09928501400058E-16,
-1.));
#5201=DIRECTION('ref_axis',(1.,4.37162206118538E-110,4.79403658720481E-94));
#5202=DIRECTION('',(0.,-1.,4.09928501400058E-16));
#5203=DIRECTION('',(0.,-1.,4.09928501400058E-16));
#5204=DIRECTION('',(0.,-1.,4.09928501400058E-16));
#5205=DIRECTION('',(0.,-1.,4.09928501400058E-16));
#5206=DIRECTION('',(0.,-1.,4.09928501400058E-16));
#5207=DIRECTION('',(-1.,-4.37162206118538E-110,-4.79403658720481E-94));
#5208=DIRECTION('',(0.,-1.,4.09928501400058E-16));
#5209=DIRECTION('',(0.,-1.,4.09928501400058E-16));
#5210=DIRECTION('',(0.,-1.,4.09928501400058E-16));
#5211=DIRECTION('center_axis',(-1.,-1.96521223384992E-109,-4.79403658720481E-94));
#5212=DIRECTION('ref_axis',(4.79403658720481E-94,-4.02455846426619E-16,
-1.));
#5213=DIRECTION('center_axis',(-1.,-1.96521223384992E-109,-4.79403658720481E-94));
#5214=DIRECTION('ref_axis',(4.79403658720481E-94,-4.02455846426619E-16,
-1.));
#5215=DIRECTION('',(-4.79403658720481E-94,4.02455846426619E-16,1.));
#5216=DIRECTION('center_axis',(-1.,-1.96521223384992E-109,-4.79403658720481E-94));
#5217=DIRECTION('ref_axis',(4.79403658720481E-94,-4.02455846426619E-16,
-1.));
#5218=DIRECTION('center_axis',(-1.,-1.96521223384992E-109,-4.79403658720481E-94));
#5219=DIRECTION('ref_axis',(4.79403658720481E-94,-4.02455846426619E-16,
-1.));
#5220=DIRECTION('center_axis',(1.,1.96521223384992E-109,4.79403658720481E-94));
#5221=DIRECTION('ref_axis',(-4.79403658720481E-94,4.02455846426619E-16,
1.));
#5222=DIRECTION('center_axis',(1.,1.96521223384992E-109,4.79403658720481E-94));
#5223=DIRECTION('ref_axis',(-4.79403658720481E-94,4.02455846426619E-16,
1.));
#5224=DIRECTION('',(4.79403658720481E-94,-4.02455846426619E-16,-1.));
#5225=DIRECTION('center_axis',(1.,1.96521223384992E-109,4.79403658720481E-94));
#5226=DIRECTION('ref_axis',(-4.79403658720481E-94,4.02455846426619E-16,
1.));
#5227=DIRECTION('center_axis',(-4.79403658720481E-94,4.09928501400058E-16,
1.));
#5228=DIRECTION('ref_axis',(-1.,3.51438907401806E-94,-4.79403658720481E-94));
#5229=DIRECTION('',(1.,-3.51438907401806E-94,4.79403658720481E-94));
#5230=DIRECTION('',(0.,-1.,4.09928501400058E-16));
#5231=DIRECTION('center_axis',(1.,1.96521223384992E-109,4.79403658720481E-94));
#5232=DIRECTION('ref_axis',(-4.79403658720481E-94,4.02455846426619E-16,
1.));
#5233=DIRECTION('',(4.79403658720481E-94,-4.02455846426619E-16,-1.));
#5234=DIRECTION('center_axis',(1.,1.96521223384992E-109,4.79403658720481E-94));
#5235=DIRECTION('ref_axis',(-4.79403658720481E-94,4.02455846426619E-16,
1.));
#5236=DIRECTION('',(4.79403658720481E-94,-4.02455846426619E-16,-1.));
#5237=DIRECTION('center_axis',(1.,1.96521223384992E-109,4.79403658720481E-94));
#5238=DIRECTION('ref_axis',(-4.79403658720481E-94,4.02455846426619E-16,
1.));
#5239=DIRECTION('center_axis',(1.,1.96521223384992E-109,4.79403658720481E-94));
#5240=DIRECTION('ref_axis',(-4.79403658720481E-94,4.02455846426619E-16,
1.));
#5241=DIRECTION('center_axis',(4.79403658720481E-94,-4.09928501400058E-16,
-1.));
#5242=DIRECTION('ref_axis',(1.,0.,4.79403658720481E-94));
#5243=DIRECTION('',(-1.,0.,-4.79403658720481E-94));
#5244=DIRECTION('center_axis',(1.,1.96521223384992E-109,4.79403658720481E-94));
#5245=DIRECTION('ref_axis',(-4.79403658720481E-94,4.02455846426619E-16,
1.));
#5246=DIRECTION('center_axis',(4.79403658720481E-94,-4.09928501400058E-16,
-1.));
#5247=DIRECTION('ref_axis',(1.,-3.75425187973773E-93,4.79403658720483E-94));
#5248=DIRECTION('',(1.,-3.75425187973773E-93,4.79403658720483E-94));
#5249=DIRECTION('',(0.,-1.,4.09928501400058E-16));
#5250=DIRECTION('center_axis',(-1.,-1.96521223384992E-109,-4.79403658720481E-94));
#5251=DIRECTION('ref_axis',(4.79403658720481E-94,-4.02455846426619E-16,
-1.));
#5252=DIRECTION('',(4.79403658720481E-94,-4.02455846426619E-16,-1.));
#5253=DIRECTION('',(0.,-1.,4.09928501400058E-16));
#5254=DIRECTION('center_axis',(-4.79403658720481E-94,4.09928501400058E-16,
1.));
#5255=DIRECTION('ref_axis',(-1.,0.,-4.79403658720481E-94));
#5256=DIRECTION('',(-1.,0.,-4.79403658720481E-94));
#5257=DIRECTION('center_axis',(1.92938805250369E-109,1.,-4.02455846426619E-16));
#5258=DIRECTION('ref_axis',(-1.,0.,-4.79403658720481E-94));
#5259=CARTESIAN_POINT('',(0.,0.,0.));
#5260=CARTESIAN_POINT('Origin',(-39.7,13.9945277658374,167.293468621522));
#5261=CARTESIAN_POINT('',(-39.7,14.9945277658375,158.299996457249));
#5262=CARTESIAN_POINT('',(-39.7,12.9945277658374,158.299996457249));
#5263=CARTESIAN_POINT('',(-39.7,15.9945277658375,158.299996457249));
#5264=CARTESIAN_POINT('',(-39.7,14.9945277658375,176.293468621522));
#5265=CARTESIAN_POINT('',(-39.7,14.9945277658375,176.293468621522));
#5266=CARTESIAN_POINT('',(-39.7,12.9945277658374,176.293468621522));
#5267=CARTESIAN_POINT('',(-39.7,12.9945277658374,176.293468621522));
#5268=CARTESIAN_POINT('',(-39.7,12.9945277658374,158.293468621522));
#5269=CARTESIAN_POINT('Origin',(-39.7,14.9945277658375,176.293468621522));
#5270=CARTESIAN_POINT('',(-48.6999989114702,14.9945277658375,158.299996457249));
#5271=CARTESIAN_POINT('',(4.5,14.9945277658375,158.299996457249));
#5272=CARTESIAN_POINT('',(-48.7,14.9945277658375,173.37834056806));
#5273=CARTESIAN_POINT('',(-48.7,14.9945277658375,124.56795052602));
#5274=CARTESIAN_POINT('',(-48.7,14.9945277658375,176.293468621522));
#5275=CARTESIAN_POINT('',(-48.7,14.9945277658375,167.296732539386));
#5276=CARTESIAN_POINT('',(-39.7,14.9945277658375,176.293468621522));
#5277=CARTESIAN_POINT('Origin',(-39.7,12.9945277658374,158.293468621522));
#5278=CARTESIAN_POINT('',(-48.7,12.9945277658374,158.299996457249));
#5279=CARTESIAN_POINT('',(4.5,12.9945277658374,158.299996457249));
#5280=CARTESIAN_POINT('',(-48.7,12.9945277658374,176.293468621522));
#5281=CARTESIAN_POINT('',(-39.7,12.9945277658374,176.293468621522));
#5282=CARTESIAN_POINT('',(-48.7,12.9945277658374,167.229188025687));
#5283=CARTESIAN_POINT('',(-48.7,12.9945277658374,158.296732539385));
#5284=CARTESIAN_POINT('',(-48.7,12.9945277658374,158.293468621522));
#5285=CARTESIAN_POINT('Origin',(-39.7,12.9945277658374,176.293468621522));
#5286=CARTESIAN_POINT('',(-48.7,15.4945277658374,176.293468621522));
#5287=CARTESIAN_POINT('Origin',(-48.6999989114702,-47.0054722341626,155.699996519834));
#5288=CARTESIAN_POINT('',(-48.6999989114702,14.9945277658375,155.699996519834));
#5289=CARTESIAN_POINT('',(-48.6999989114702,14.9945277658375,123.267950557312));
#5290=CARTESIAN_POINT('',(-48.6999989114702,9.24468047341555,155.699996519834));
#5291=CARTESIAN_POINT('',(-48.6999989114702,-47.0054722341626,155.699996519834));
#5292=CARTESIAN_POINT('',(-48.6999989114702,10.0903254365219,158.299996457249));
#5293=CARTESIAN_POINT('',(-48.6999989114702,9.42898663502378,156.266659870948));
#5294=CARTESIAN_POINT('',(-48.6999989114702,-47.0054722341626,158.299996457249));
#5295=CARTESIAN_POINT('',(-48.7,12.9205088634564,167.001611264807));
#5296=CARTESIAN_POINT('Origin',(-48.7,17.9945277658375,158.299996457249));
#5297=CARTESIAN_POINT('',(-48.7,14.9945277658375,124.56795052602));
#5298=CARTESIAN_POINT('',(-48.6999989114702,17.9945277658375,158.299996457249));
#5299=CARTESIAN_POINT('',(-48.6999989114702,17.9945277658375,158.299996457249));
#5300=CARTESIAN_POINT('',(-48.7,17.9945277658375,186.693468621522));
#5301=CARTESIAN_POINT('',(-48.7,17.9945277658375,186.693468621522));
#5302=CARTESIAN_POINT('',(-48.7,-47.0054722341625,186.693468621522));
#5303=CARTESIAN_POINT('',(-48.7,17.9945277658375,186.693468621522));
#5304=CARTESIAN_POINT('',(-48.6999989114702,-47.0054722341625,158.299996457249));
#5305=CARTESIAN_POINT('',(-48.7,-47.0054722341625,186.693468621522));
#5306=CARTESIAN_POINT('',(-48.6999989114702,-44.0054722341626,158.299996457249));
#5307=CARTESIAN_POINT('',(-48.6999989114702,17.9945277658375,158.299996457249));
#5308=CARTESIAN_POINT('',(-48.7,-44.0054722341626,173.41135038372));
#5309=CARTESIAN_POINT('',(-48.7,-44.0054722341626,165.855673420485));
#5310=CARTESIAN_POINT('',(-48.6999989114702,-39.0905335259938,158.299996457249));
#5311=CARTESIAN_POINT('',(-48.7,-25.3886969454954,116.172654835174));
#5312=CARTESIAN_POINT('',(-48.6999989114702,-35.0957982667309,158.299996457249));
#5313=CARTESIAN_POINT('',(-48.6999989114702,17.9945277658375,158.299996457249));
#5314=CARTESIAN_POINT('',(-48.7,-44.0054722341626,185.693468621522));
#5315=CARTESIAN_POINT('',(-48.7,-37.0111619759636,164.188928268348));
#5316=CARTESIAN_POINT('',(-48.7,14.9945277658375,185.693468621522));
#5317=CARTESIAN_POINT('',(-48.7,16.4945277658375,185.693468621522));
#5318=CARTESIAN_POINT('',(-48.6999989114702,6.08485379840576,158.299996457249));
#5319=CARTESIAN_POINT('',(-48.7,-3.6406329508774,128.398245672165));
#5320=CARTESIAN_POINT('',(-48.6999989114702,17.9945277658375,158.299996457249));
#5321=CARTESIAN_POINT('',(-48.7,12.9205088634564,167.001611264807));
#5322=CARTESIAN_POINT('Origin',(-39.7,12.9945277658374,127.293468621522));
#5323=CARTESIAN_POINT('',(-39.7,12.9945277658374,127.299996457249));
#5324=CARTESIAN_POINT('',(-48.7,12.9945277658374,127.299996457249));
#5325=CARTESIAN_POINT('',(4.5,12.9945277658374,127.299996457249));
#5326=CARTESIAN_POINT('',(-39.7,12.9945277658374,145.293468621522));
#5327=CARTESIAN_POINT('',(-39.7,12.9945277658374,127.293468621522));
#5328=CARTESIAN_POINT('',(-48.7,12.9945277658374,145.293468621522));
#5329=CARTESIAN_POINT('',(-39.7,12.9945277658374,145.293468621522));
#5330=CARTESIAN_POINT('',(-48.7,12.9945277658374,127.293468621522));
#5331=CARTESIAN_POINT('Origin',(-39.7,14.9945277658375,145.293468621522));
#5332=CARTESIAN_POINT('',(-48.6999989114702,14.9945277658375,127.299996457249));
#5333=CARTESIAN_POINT('',(-39.7,14.9945277658375,127.299996457249));
#5334=CARTESIAN_POINT('',(4.5,14.9945277658375,127.299996457249));
#5335=CARTESIAN_POINT('',(-48.7,14.9945277658375,145.293468621522));
#5336=CARTESIAN_POINT('',(-48.7,14.9945277658375,109.06795052602));
#5337=CARTESIAN_POINT('',(-39.7,14.9945277658375,145.293468621522));
#5338=CARTESIAN_POINT('',(-39.7,14.9945277658375,145.293468621522));
#5339=CARTESIAN_POINT('',(-39.7,14.9945277658375,176.293468621522));
#5340=CARTESIAN_POINT('Origin',(-39.7,12.9945277658374,145.293468621522));
#5341=CARTESIAN_POINT('',(-39.7,12.9945277658374,145.293468621522));
#5342=CARTESIAN_POINT('',(-48.7,12.9945277658374,145.293468621522));
#5343=CARTESIAN_POINT('Origin',(-39.7,13.9945277658374,136.293468621522));
#5344=CARTESIAN_POINT('',(-39.7,15.9945277658374,127.299996457249));
#5345=CARTESIAN_POINT('Origin',(48.7,17.9945277658375,127.299996457249));
#5346=CARTESIAN_POINT('',(-48.6999989114702,0.00763524909080493,127.299996457249));
#5347=CARTESIAN_POINT('',(-48.6999989114702,-47.0054722341626,127.299996457249));
#5348=CARTESIAN_POINT('',(-48.6999989114702,-3.99783638902535,127.299996457249));
#5349=CARTESIAN_POINT('',(-48.6999989114702,17.9945277658375,127.299996457249));
#5350=CARTESIAN_POINT('',(-48.6999989114702,-25.0131080792998,127.299996457249));
#5351=CARTESIAN_POINT('',(-48.6999989114702,-47.0054722341626,127.299996457249));
#5352=CARTESIAN_POINT('',(-48.6999989114702,-29.0078433385627,127.299996457249));
#5353=CARTESIAN_POINT('',(-48.6999989114702,17.9945277658375,127.299996457249));
#5354=CARTESIAN_POINT('',(-48.6999989114702,-44.0054722341626,127.299996457249));
#5355=CARTESIAN_POINT('',(-48.6999989114702,-47.0054722341626,127.299996457249));
#5356=CARTESIAN_POINT('',(-48.6999989114702,-47.0054722341625,127.299996457249));
#5357=CARTESIAN_POINT('',(-48.6999989114702,17.9945277658375,127.299996457249));
#5358=CARTESIAN_POINT('',(48.7,-47.0054722341625,127.299996457249));
#5359=CARTESIAN_POINT('',(48.7,-47.0054722341625,127.299996457249));
#5360=CARTESIAN_POINT('',(48.7,-44.0054722341626,127.299996457249));
#5361=CARTESIAN_POINT('',(48.7,17.9945277658375,127.299996457249));
#5362=CARTESIAN_POINT('',(48.7,-29.0078433385627,127.299996457249));
#5363=CARTESIAN_POINT('',(48.7,-47.0054722341626,127.299996457249));
#5364=CARTESIAN_POINT('',(48.7,-25.0131080792998,127.299996457249));
#5365=CARTESIAN_POINT('',(48.7,17.9945277658375,127.299996457249));
#5366=CARTESIAN_POINT('',(48.7,-3.99783638902535,127.299996457249));
#5367=CARTESIAN_POINT('',(48.7,-47.0054722341626,127.299996457249));
#5368=CARTESIAN_POINT('',(48.7,0.00763524909080493,127.299996457249));
#5369=CARTESIAN_POINT('',(48.7,17.9945277658375,127.299996457249));
#5370=CARTESIAN_POINT('',(48.7,12.9945277658374,127.299996457249));
#5371=CARTESIAN_POINT('',(48.7,-47.0054722341626,127.299996457249));
#5372=CARTESIAN_POINT('',(41.7,12.9945277658374,127.299996457249));
#5373=CARTESIAN_POINT('',(49.7,12.9945277658374,127.299996457249));
#5374=CARTESIAN_POINT('',(41.7,14.9945277658375,127.299996457249));
#5375=CARTESIAN_POINT('',(41.7,15.9945277658374,127.299996457249));
#5376=CARTESIAN_POINT('',(48.7,14.9945277658375,127.299996457249));
#5377=CARTESIAN_POINT('',(49.7,14.9945277658375,127.299996457249));
#5378=CARTESIAN_POINT('',(48.7,17.9945277658375,127.299996457249));
#5379=CARTESIAN_POINT('',(48.7,17.9945277658375,127.299996457249));
#5380=CARTESIAN_POINT('',(-48.6999989114702,17.9945277658375,127.299996457249));
#5381=CARTESIAN_POINT('',(48.7,17.9945277658375,127.299996457249));
#5382=CARTESIAN_POINT('',(-48.6999989114702,17.9945277658375,127.299996457249));
#5383=CARTESIAN_POINT('Origin',(-39.7,12.9945277658374,96.293468621522));
#5384=CARTESIAN_POINT('',(-39.7,12.9945277658374,96.2999964572489));
#5385=CARTESIAN_POINT('',(-48.7,12.9945277658374,96.2999964572489));
#5386=CARTESIAN_POINT('',(4.5,12.9945277658374,96.2999964572489));
#5387=CARTESIAN_POINT('',(-39.7,12.9945277658374,114.293468621522));
#5388=CARTESIAN_POINT('',(-39.7,12.9945277658374,96.293468621522));
#5389=CARTESIAN_POINT('',(-48.7,12.9945277658374,114.293468621522));
#5390=CARTESIAN_POINT('',(-39.7,12.9945277658374,114.293468621522));
#5391=CARTESIAN_POINT('',(-48.7,12.9945277658374,96.293468621522));
#5392=CARTESIAN_POINT('Origin',(-39.7,14.9945277658375,114.293468621522));
#5393=CARTESIAN_POINT('',(-48.6999989114702,14.9945277658375,96.2999964572489));
#5394=CARTESIAN_POINT('',(-39.7,14.9945277658375,96.2999964572489));
#5395=CARTESIAN_POINT('',(4.5,14.9945277658375,96.2999964572489));
#5396=CARTESIAN_POINT('',(-48.7,14.9945277658375,114.293468621522));
#5397=CARTESIAN_POINT('',(-48.7,14.9945277658375,93.5679505260199));
#5398=CARTESIAN_POINT('',(-39.7,14.9945277658375,114.293468621522));
#5399=CARTESIAN_POINT('',(-39.7,14.9945277658375,114.293468621522));
#5400=CARTESIAN_POINT('',(-39.7,14.9945277658375,176.293468621522));
#5401=CARTESIAN_POINT('Origin',(-39.7,12.9945277658374,114.293468621522));
#5402=CARTESIAN_POINT('',(-39.7,12.9945277658374,114.293468621522));
#5403=CARTESIAN_POINT('',(-48.7,12.9945277658374,114.293468621522));
#5404=CARTESIAN_POINT('Origin',(-39.7,13.9945277658374,105.293468621522));
#5405=CARTESIAN_POINT('',(-39.7,15.9945277658374,96.2999964572489));
#5406=CARTESIAN_POINT('Origin',(48.7,17.9945277658374,96.2999964572489));
#5407=CARTESIAN_POINT('',(-48.6999989114702,-10.0750549383403,96.299996457249));
#5408=CARTESIAN_POINT('',(-48.6999989114702,-47.0054722341626,96.299996457249));
#5409=CARTESIAN_POINT('',(-48.6999989114702,-14.0805265764565,96.299996457249));
#5410=CARTESIAN_POINT('',(-48.6999989114702,17.9945277658374,96.2999964572489));
#5411=CARTESIAN_POINT('',(-48.6999989114702,-14.9304178918687,96.299996457249));
#5412=CARTESIAN_POINT('',(-48.6999989114702,-47.0054722341626,96.299996457249));
#5413=CARTESIAN_POINT('',(-48.6999989114702,-18.9251531511316,96.299996457249));
#5414=CARTESIAN_POINT('',(-48.6999989114702,17.9945277658374,96.2999964572489));
#5415=CARTESIAN_POINT('',(-48.6999989114702,-44.0054722341626,96.299996457249));
#5416=CARTESIAN_POINT('',(-48.6999989114702,-47.0054722341626,96.299996457249));
#5417=CARTESIAN_POINT('',(-48.6999989114702,-47.0054722341626,96.299996457249));
#5418=CARTESIAN_POINT('',(-48.6999989114702,17.9945277658374,96.2999964572489));
#5419=CARTESIAN_POINT('',(48.7,-47.0054722341626,96.299996457249));
#5420=CARTESIAN_POINT('',(48.7,-47.0054722341626,96.299996457249));
#5421=CARTESIAN_POINT('',(48.7,-44.0054722341626,96.299996457249));
#5422=CARTESIAN_POINT('',(48.7,17.9945277658374,96.2999964572489));
#5423=CARTESIAN_POINT('',(48.7,-18.9251531511316,96.299996457249));
#5424=CARTESIAN_POINT('',(48.7,-47.0054722341626,96.299996457249));
#5425=CARTESIAN_POINT('',(48.7,-14.9304178918687,96.299996457249));
#5426=CARTESIAN_POINT('',(48.7,17.9945277658374,96.2999964572489));
#5427=CARTESIAN_POINT('',(48.7,-14.0805265764565,96.299996457249));
#5428=CARTESIAN_POINT('',(48.7,-47.0054722341626,96.299996457249));
#5429=CARTESIAN_POINT('',(48.7,-10.0750549383403,96.299996457249));
#5430=CARTESIAN_POINT('',(48.7,17.9945277658374,96.2999964572489));
#5431=CARTESIAN_POINT('',(48.7,12.9945277658374,96.299996457249));
#5432=CARTESIAN_POINT('',(48.7,-47.0054722341626,96.299996457249));
#5433=CARTESIAN_POINT('',(41.7,12.9945277658374,96.2999964572489));
#5434=CARTESIAN_POINT('',(49.7,12.9945277658374,96.2999964572489));
#5435=CARTESIAN_POINT('',(41.7,14.9945277658375,96.2999964572489));
#5436=CARTESIAN_POINT('',(41.7,15.9945277658374,96.2999964572489));
#5437=CARTESIAN_POINT('',(48.7,14.9945277658375,96.2999964572489));
#5438=CARTESIAN_POINT('',(49.7,14.9945277658375,96.2999964572489));
#5439=CARTESIAN_POINT('',(48.7,17.9945277658374,96.2999964572489));
#5440=CARTESIAN_POINT('',(48.7,17.9945277658374,96.2999964572489));
#5441=CARTESIAN_POINT('',(-48.6999989114702,17.9945277658374,96.2999964572489));
#5442=CARTESIAN_POINT('',(48.7,17.9945277658374,96.2999964572489));
#5443=CARTESIAN_POINT('',(-48.6999989114702,17.9945277658374,96.2999964572489));
#5444=CARTESIAN_POINT('Origin',(-39.7,14.9945277658375,83.2934686215221));
#5445=CARTESIAN_POINT('',(-48.6999989114702,14.9945277658375,65.2999964572489));
#5446=CARTESIAN_POINT('',(-39.7,14.9945277658375,65.2999964572489));
#5447=CARTESIAN_POINT('',(4.5,14.9945277658375,65.2999964572489));
#5448=CARTESIAN_POINT('',(-48.7,14.9945277658375,83.2934686215221));
#5449=CARTESIAN_POINT('',(-48.7,14.9945277658375,34.7967325393855));
#5450=CARTESIAN_POINT('',(-39.7,14.9945277658375,83.2934686215221));
#5451=CARTESIAN_POINT('',(-39.7,14.9945277658375,83.2934686215221));
#5452=CARTESIAN_POINT('',(-39.7,14.9945277658375,176.293468621522));
#5453=CARTESIAN_POINT('Origin',(-39.7,12.9945277658374,83.2934686215221));
#5454=CARTESIAN_POINT('',(-39.7,12.9945277658374,83.2934686215221));
#5455=CARTESIAN_POINT('',(-39.7,12.9945277658374,83.2934686215221));
#5456=CARTESIAN_POINT('',(-48.7,12.9945277658374,83.2934686215221));
#5457=CARTESIAN_POINT('',(-48.7,12.9945277658374,83.2934686215221));
#5458=CARTESIAN_POINT('',(-39.7,12.9945277658374,83.2934686215221));
#5459=CARTESIAN_POINT('Origin',(-39.7,12.9945277658374,65.2934686215221));
#5460=CARTESIAN_POINT('',(-39.7,12.9945277658374,65.2999964572489));
#5461=CARTESIAN_POINT('',(-48.6999989114702,12.9945277658374,65.2999964572489));
#5462=CARTESIAN_POINT('',(4.5,12.9945277658374,65.2999964572489));
#5463=CARTESIAN_POINT('',(-39.7,12.9945277658374,65.2934686215221));
#5464=CARTESIAN_POINT('',(-48.7,12.9945277658374,65.2934686215221));
#5465=CARTESIAN_POINT('Origin',(-39.7,13.9945277658374,74.293468621522));
#5466=CARTESIAN_POINT('',(-39.7,15.9945277658374,65.2999964572489));
#5467=CARTESIAN_POINT('Origin',(48.7,17.9945277658374,65.2999964572489));
#5468=CARTESIAN_POINT('',(-48.6999989114702,-4.84772770443755,65.299996457249));
#5469=CARTESIAN_POINT('',(-48.6999989114702,-47.0054722341626,65.2999964572489));
#5470=CARTESIAN_POINT('',(-48.6999989114702,-8.84246296370048,65.299996457249));
#5471=CARTESIAN_POINT('',(-48.6999989114702,17.9945277658374,65.2999964572489));
#5472=CARTESIAN_POINT('',(-48.6999989114702,-20.1577451257714,65.299996457249));
#5473=CARTESIAN_POINT('',(-48.6999989114702,-47.0054722341626,65.2999964572489));
#5474=CARTESIAN_POINT('',(-48.6999989114702,-24.1632167638876,65.299996457249));
#5475=CARTESIAN_POINT('',(-48.6999989114702,17.9945277658374,65.2999964572489));
#5476=CARTESIAN_POINT('',(-48.6999989114702,-44.0054722341626,65.299996457249));
#5477=CARTESIAN_POINT('',(-48.6999989114702,-47.0054722341626,65.2999964572489));
#5478=CARTESIAN_POINT('',(-48.6999989114702,-47.0054722341626,65.299996457249));
#5479=CARTESIAN_POINT('',(-48.6999989114702,17.9945277658374,65.2999964572489));
#5480=CARTESIAN_POINT('',(48.7,-47.0054722341626,65.299996457249));
#5481=CARTESIAN_POINT('',(48.7,-47.0054722341626,65.299996457249));
#5482=CARTESIAN_POINT('',(48.7,-44.0054722341626,65.299996457249));
#5483=CARTESIAN_POINT('',(48.7,17.9945277658374,65.2999964572489));
#5484=CARTESIAN_POINT('',(48.7,-24.1632167638876,65.299996457249));
#5485=CARTESIAN_POINT('',(48.7,-47.0054722341626,65.299996457249));
#5486=CARTESIAN_POINT('',(48.7,-20.1577451257714,65.299996457249));
#5487=CARTESIAN_POINT('',(48.7,17.9945277658374,65.2999964572489));
#5488=CARTESIAN_POINT('',(48.7,-8.84246296370048,65.299996457249));
#5489=CARTESIAN_POINT('',(48.7,-47.0054722341626,65.299996457249));
#5490=CARTESIAN_POINT('',(48.7,-4.84772770443755,65.299996457249));
#5491=CARTESIAN_POINT('',(48.7,17.9945277658374,65.2999964572489));
#5492=CARTESIAN_POINT('',(48.7,12.9945277658374,65.299996457249));
#5493=CARTESIAN_POINT('',(48.7,-47.0054722341626,65.299996457249));
#5494=CARTESIAN_POINT('',(41.7,12.9945277658374,65.2999964572489));
#5495=CARTESIAN_POINT('',(49.7,12.9945277658374,65.2999964572489));
#5496=CARTESIAN_POINT('',(41.7,14.9945277658375,65.2999964572489));
#5497=CARTESIAN_POINT('',(41.7,15.9945277658374,65.2999964572489));
#5498=CARTESIAN_POINT('',(48.7,14.9945277658375,65.2999964572489));
#5499=CARTESIAN_POINT('',(49.7,14.9945277658375,65.2999964572489));
#5500=CARTESIAN_POINT('',(48.7,17.9945277658374,65.2999964572489));
#5501=CARTESIAN_POINT('',(48.7,17.9945277658374,65.2999964572489));
#5502=CARTESIAN_POINT('',(-48.6999989114702,17.9945277658374,65.2999964572489));
#5503=CARTESIAN_POINT('',(48.7,17.9945277658374,65.2999964572489));
#5504=CARTESIAN_POINT('',(-48.6999989114702,17.9945277658374,65.2999964572489));
#5505=CARTESIAN_POINT('Origin',(-48.6999989114702,-47.0054722341626,62.6999965198338));
#5506=CARTESIAN_POINT('',(-48.6999989114702,14.9945277658375,62.6999965198338));
#5507=CARTESIAN_POINT('',(-48.6999989114702,14.9945277658375,33.4967325706779));
#5508=CARTESIAN_POINT('',(-48.6999989114702,-4.0020827413312,62.6999965198338));
#5509=CARTESIAN_POINT('',(-48.6999989114702,-47.0054722341626,62.6999965198338));
#5510=CARTESIAN_POINT('',(-48.6999989114702,-9.98414564186937,81.0923051665732));
#5511=CARTESIAN_POINT('Origin',(-39.7,12.9945277658374,34.293468621522));
#5512=CARTESIAN_POINT('',(-39.7,12.9945277658374,34.2999964572489));
#5513=CARTESIAN_POINT('',(-48.7,12.9945277658374,34.2999964572489));
#5514=CARTESIAN_POINT('',(4.5,12.9945277658374,34.2999964572489));
#5515=CARTESIAN_POINT('',(-39.7,12.9945277658374,52.293468621522));
#5516=CARTESIAN_POINT('',(-39.7,12.9945277658374,34.293468621522));
#5517=CARTESIAN_POINT('',(-48.7,12.9945277658374,52.293468621522));
#5518=CARTESIAN_POINT('',(-39.7,12.9945277658374,52.293468621522));
#5519=CARTESIAN_POINT('',(-48.7,12.9945277658374,34.293468621522));
#5520=CARTESIAN_POINT('Origin',(-39.7,14.9945277658375,52.2934686215221));
#5521=CARTESIAN_POINT('',(-48.6999989114702,14.9945277658375,34.2999964572489));
#5522=CARTESIAN_POINT('',(-39.7,14.9945277658375,34.2999964572489));
#5523=CARTESIAN_POINT('',(4.5,14.9945277658375,34.2999964572489));
#5524=CARTESIAN_POINT('',(-48.7,14.9945277658375,52.2934686215221));
#5525=CARTESIAN_POINT('',(-48.7,14.9945277658375,19.2967325393855));
#5526=CARTESIAN_POINT('',(-39.7,14.9945277658375,52.2934686215221));
#5527=CARTESIAN_POINT('',(-39.7,14.9945277658375,52.2934686215221));
#5528=CARTESIAN_POINT('',(-39.7,14.9945277658375,176.293468621522));
#5529=CARTESIAN_POINT('Origin',(-39.7,12.9945277658374,52.293468621522));
#5530=CARTESIAN_POINT('',(-39.7,12.9945277658374,52.293468621522));
#5531=CARTESIAN_POINT('',(-48.7,12.9945277658374,52.293468621522));
#5532=CARTESIAN_POINT('Origin',(-39.7,13.9945277658374,43.2934686215221));
#5533=CARTESIAN_POINT('',(-39.7,15.9945277658374,34.2999964572489));
#5534=CARTESIAN_POINT('Origin',(48.7,17.9945277658374,34.2999964572489));
#5535=CARTESIAN_POINT('',(-48.6999989114702,5.23496248299355,34.2999964572489));
#5536=CARTESIAN_POINT('',(-48.6999989114702,-47.0054722341626,34.2999964572489));
#5537=CARTESIAN_POINT('',(-48.6999989114702,1.24022722373062,34.299996457249));
#5538=CARTESIAN_POINT('',(-48.6999989114702,17.9945277658374,34.2999964572489));
#5539=CARTESIAN_POINT('',(-48.6999989114702,-30.2404353132025,34.299996457249));
#5540=CARTESIAN_POINT('',(-48.6999989114702,-47.0054722341626,34.2999964572489));
#5541=CARTESIAN_POINT('',(-48.6999989114702,-34.2459069513187,34.299996457249));
#5542=CARTESIAN_POINT('',(-48.6999989114702,17.9945277658374,34.2999964572489));
#5543=CARTESIAN_POINT('',(-48.6999989114702,-44.0054722341626,34.299996457249));
#5544=CARTESIAN_POINT('',(-48.6999989114702,-47.0054722341626,34.2999964572489));
#5545=CARTESIAN_POINT('',(-48.6999989114702,-47.0054722341626,34.299996457249));
#5546=CARTESIAN_POINT('',(-48.6999989114702,17.9945277658374,34.2999964572489));
#5547=CARTESIAN_POINT('',(48.7,-47.0054722341626,34.299996457249));
#5548=CARTESIAN_POINT('',(48.7,-47.0054722341626,34.299996457249));
#5549=CARTESIAN_POINT('',(48.7,-44.0054722341626,34.299996457249));
#5550=CARTESIAN_POINT('',(48.7,17.9945277658374,34.2999964572489));
#5551=CARTESIAN_POINT('',(48.7,-34.2459069513187,34.299996457249));
#5552=CARTESIAN_POINT('',(48.7,-47.0054722341626,34.299996457249));
#5553=CARTESIAN_POINT('',(48.7,-30.2404353132025,34.299996457249));
#5554=CARTESIAN_POINT('',(48.7,17.9945277658374,34.2999964572489));
#5555=CARTESIAN_POINT('',(48.7,1.24022722373062,34.299996457249));
#5556=CARTESIAN_POINT('',(48.7,-47.0054722341626,34.299996457249));
#5557=CARTESIAN_POINT('',(48.7,5.23496248299355,34.2999964572489));
#5558=CARTESIAN_POINT('',(48.7,17.9945277658374,34.2999964572489));
#5559=CARTESIAN_POINT('',(48.7,12.9945277658374,34.299996457249));
#5560=CARTESIAN_POINT('',(48.7,-47.0054722341626,34.299996457249));
#5561=CARTESIAN_POINT('',(41.7,12.9945277658374,34.2999964572489));
#5562=CARTESIAN_POINT('',(49.7,12.9945277658374,34.2999964572489));
#5563=CARTESIAN_POINT('',(41.7,14.9945277658375,34.2999964572489));
#5564=CARTESIAN_POINT('',(41.7,15.9945277658374,34.2999964572489));
#5565=CARTESIAN_POINT('',(48.7,14.9945277658375,34.2999964572489));
#5566=CARTESIAN_POINT('',(49.7,14.9945277658375,34.2999964572489));
#5567=CARTESIAN_POINT('',(48.7,17.9945277658374,34.2999964572489));
#5568=CARTESIAN_POINT('',(48.7,17.9945277658374,34.2999964572489));
#5569=CARTESIAN_POINT('',(-48.6999989114702,17.9945277658374,34.2999964572489));
#5570=CARTESIAN_POINT('',(48.7,17.9945277658374,34.2999964572489));
#5571=CARTESIAN_POINT('',(-48.6999989114702,17.9945277658374,34.2999964572489));
#5572=CARTESIAN_POINT('Origin',(-39.7,14.9945277658375,4.29346862152205));
#5573=CARTESIAN_POINT('',(-39.7,14.9945277658375,4.29346862152205));
#5574=CARTESIAN_POINT('',(-39.7,12.9945277658374,4.29346862152205));
#5575=CARTESIAN_POINT('',(-39.7,17.9945277658374,4.29346862152205));
#5576=CARTESIAN_POINT('',(-48.7,12.9945277658374,4.29346862152205));
#5577=CARTESIAN_POINT('',(-39.7,12.9945277658374,4.29346862152205));
#5578=CARTESIAN_POINT('',(-48.7,14.9945277658375,4.29346862152205));
#5579=CARTESIAN_POINT('',(-48.7,16.4945277658374,4.29346862152205));
#5580=CARTESIAN_POINT('',(-39.7,14.9945277658375,4.29346862152205));
#5581=CARTESIAN_POINT('Origin',(-39.7,14.9945277658375,22.2934686215221));
#5582=CARTESIAN_POINT('',(-39.7,14.9945277658375,22.2934686215221));
#5583=CARTESIAN_POINT('',(-39.7,14.9945277658375,176.293468621522));
#5584=CARTESIAN_POINT('',(-48.7,14.9945277658375,22.2934686215221));
#5585=CARTESIAN_POINT('',(-48.7,14.9945277658375,3.79346862152202));
#5586=CARTESIAN_POINT('',(-39.7,14.9945277658375,22.2934686215221));
#5587=CARTESIAN_POINT('Origin',(-39.7,12.9945277658374,22.293468621522));
#5588=CARTESIAN_POINT('',(-39.7,12.9945277658374,22.293468621522));
#5589=CARTESIAN_POINT('',(-39.7,12.9945277658374,22.293468621522));
#5590=CARTESIAN_POINT('',(-48.7,12.9945277658374,22.293468621522));
#5591=CARTESIAN_POINT('',(-48.7,12.9945277658374,22.293468621522));
#5592=CARTESIAN_POINT('',(-39.7,12.9945277658374,22.293468621522));
#5593=CARTESIAN_POINT('Origin',(-39.7,12.9945277658374,4.29346862152205));
#5594=CARTESIAN_POINT('',(-39.7,12.9945277658374,4.29346862152205));
#5595=CARTESIAN_POINT('',(-48.7,12.9945277658374,10.4426211638952));
#5596=CARTESIAN_POINT('',(-48.7,12.9945277658374,4.29346862152205));
#5597=CARTESIAN_POINT('',(-48.7,12.9945277658374,3.79346862152202));
#5598=CARTESIAN_POINT('Origin',(-39.7,13.9945277658374,13.293468621522));
#5599=CARTESIAN_POINT('Origin',(-48.7,13.9945277658374,13.293468621522));
#5600=CARTESIAN_POINT('',(-48.7,1.86170937713295,44.6713204132339));
#5601=CARTESIAN_POINT('Origin',(50.7,14.9945277658375,22.2934686215221));
#5602=CARTESIAN_POINT('',(48.7,14.9945277658375,4.29346862152205));
#5603=CARTESIAN_POINT('',(48.7,14.9945277658375,22.2934686215221));
#5604=CARTESIAN_POINT('',(48.7,14.9945277658375,17.9967325706779));
#5605=CARTESIAN_POINT('',(41.7,14.9945277658375,4.29346862152205));
#5606=CARTESIAN_POINT('',(50.7,14.9945277658375,4.29346862152205));
#5607=CARTESIAN_POINT('',(41.7,14.9945277658375,22.2934686215221));
#5608=CARTESIAN_POINT('',(41.7,14.9945277658375,176.293468621522));
#5609=CARTESIAN_POINT('',(50.7,14.9945277658375,22.2934686215221));
#5610=CARTESIAN_POINT('Origin',(50.7,14.9945277658375,4.29346862152205));
#5611=CARTESIAN_POINT('',(48.7,12.9945277658374,4.29346862152205));
#5612=CARTESIAN_POINT('',(48.7,16.4945277658374,4.29346862152205));
#5613=CARTESIAN_POINT('',(41.7,12.9945277658374,4.29346862152205));
#5614=CARTESIAN_POINT('',(50.7,12.9945277658374,4.29346862152205));
#5615=CARTESIAN_POINT('',(41.7,17.9945277658374,4.29346862152205));
#5616=CARTESIAN_POINT('Origin',(50.7,12.9945277658374,22.293468621522));
#5617=CARTESIAN_POINT('',(50.7,12.9945277658374,22.293468621522));
#5618=CARTESIAN_POINT('',(50.7,14.9945277658375,22.2934686215221));
#5619=CARTESIAN_POINT('',(50.7,12.9945277658374,22.293468621522));
#5620=CARTESIAN_POINT('',(0.,14.9945277658375,22.293468621522));
#5621=CARTESIAN_POINT('',(41.7,12.9945277658374,22.293468621522));
#5622=CARTESIAN_POINT('',(41.7,12.9945277658374,22.293468621522));
#5623=CARTESIAN_POINT('',(50.7,12.9945277658374,22.293468621522));
#5624=CARTESIAN_POINT('Origin',(50.7,12.9945277658374,4.29346862152205));
#5625=CARTESIAN_POINT('',(50.7,12.9945277658374,10.4426211638952));
#5626=CARTESIAN_POINT('',(48.7,12.9945277658374,10.4426211638952));
#5627=CARTESIAN_POINT('',(0.,12.9945277658374,10.4426211638952));
#5628=CARTESIAN_POINT('',(50.7,12.9945277658374,4.29346862152205));
#5629=CARTESIAN_POINT('',(41.7,12.9945277658374,4.29346862152205));
#5630=CARTESIAN_POINT('',(48.7,12.9945277658374,17.9967325706779));
#5631=CARTESIAN_POINT('Origin',(41.7,13.9945277658374,13.293468621522));
#5632=CARTESIAN_POINT('Origin',(48.7,17.9945277658374,31.6999965198338));
#5633=CARTESIAN_POINT('',(48.7,14.9945277658375,31.6999965198338));
#5634=CARTESIAN_POINT('',(48.7,14.9945277658375,17.9967325706779));
#5635=CARTESIAN_POINT('',(48.7,17.9945277658374,31.6999965198338));
#5636=CARTESIAN_POINT('',(48.7,17.9945277658374,31.6999965198338));
#5637=CARTESIAN_POINT('',(48.7,17.9945277658374,3.293468621522));
#5638=CARTESIAN_POINT('',(48.7,17.9945277658374,3.293468621522));
#5639=CARTESIAN_POINT('',(48.7,-47.0054722341626,3.29346862152202));
#5640=CARTESIAN_POINT('',(48.7,17.9945277658374,3.293468621522));
#5641=CARTESIAN_POINT('',(48.7,-47.0054722341626,31.6999965198338));
#5642=CARTESIAN_POINT('',(48.7,-47.0054722341626,3.29346862152202));
#5643=CARTESIAN_POINT('',(48.7,-44.0054722341626,31.6999965198338));
#5644=CARTESIAN_POINT('',(48.7,17.9945277658374,31.6999965198338));
#5645=CARTESIAN_POINT('',(48.7,-44.0054722341626,4.29346862152205));
#5646=CARTESIAN_POINT('',(48.7,-44.0054722341626,59.2679505573124));
#5647=CARTESIAN_POINT('',(48.7,-35.091551914425,31.6999965198338));
#5648=CARTESIAN_POINT('',(48.7,-37.0092419158773,25.8039123458773));
#5649=CARTESIAN_POINT('',(48.7,-31.0860802763089,31.6999965198338));
#5650=CARTESIAN_POINT('',(48.7,17.9945277658374,31.6999965198338));
#5651=CARTESIAN_POINT('',(48.7,-40.0000005960464,4.29346862152203));
#5652=CARTESIAN_POINT('',(48.7,-20.4454160068301,64.4155303924346));
#5653=CARTESIAN_POINT('',(48.7,10.9997925065746,4.29346862152203));
#5654=CARTESIAN_POINT('',(48.7,-11.0027364151045,4.29346862152203));
#5655=CARTESIAN_POINT('',(48.7,2.08587218683698,31.6999965198338));
#5656=CARTESIAN_POINT('',(48.7,7.30379218053773,15.6571035222522));
#5657=CARTESIAN_POINT('',(48.7,6.0806074460999,31.6999965198338));
#5658=CARTESIAN_POINT('',(48.7,17.9945277658374,31.6999965198338));
#5659=CARTESIAN_POINT('',(48.7,-2.31593703087245,57.5158129286945));
#5660=CARTESIAN_POINT('Origin',(50.7,12.9945277658374,34.293468621522));
#5661=CARTESIAN_POINT('',(48.7,12.9945277658374,34.293468621522));
#5662=CARTESIAN_POINT('',(48.7,12.9945277658374,34.2967325393855));
#5663=CARTESIAN_POINT('',(50.7,12.9945277658374,34.293468621522));
#5664=CARTESIAN_POINT('',(50.7,12.9945277658374,34.293468621522));
#5665=CARTESIAN_POINT('',(50.7,12.9945277658374,52.293468621522));
#5666=CARTESIAN_POINT('',(50.7,12.9945277658374,34.293468621522));
#5667=CARTESIAN_POINT('',(41.7,12.9945277658374,52.293468621522));
#5668=CARTESIAN_POINT('',(50.7,12.9945277658374,52.293468621522));
#5669=CARTESIAN_POINT('',(41.7,12.9945277658374,34.293468621522));
#5670=CARTESIAN_POINT('Origin',(50.7,14.9945277658375,34.293468621522));
#5671=CARTESIAN_POINT('',(48.7,14.9945277658375,34.293468621522));
#5672=CARTESIAN_POINT('',(48.7,-16.0054722341625,34.293468621522));
#5673=CARTESIAN_POINT('',(50.7,14.9945277658375,34.293468621522));
#5674=CARTESIAN_POINT('',(0.,14.9945277658375,34.293468621522));
#5675=CARTESIAN_POINT('',(50.7,17.9945277658374,34.293468621522));
#5676=CARTESIAN_POINT('Origin',(50.7,14.9945277658375,52.2934686215221));
#5677=CARTESIAN_POINT('',(41.7,14.9945277658375,52.2934686215221));
#5678=CARTESIAN_POINT('',(41.7,14.9945277658375,176.293468621522));
#5679=CARTESIAN_POINT('',(48.7,14.9945277658375,52.2934686215221));
#5680=CARTESIAN_POINT('',(50.7,14.9945277658375,52.2934686215221));
#5681=CARTESIAN_POINT('',(48.7,14.9945277658375,33.4967325706779));
#5682=CARTESIAN_POINT('Origin',(50.7,12.9945277658374,52.293468621522));
#5683=CARTESIAN_POINT('',(50.7,14.9945277658375,52.2934686215221));
#5684=CARTESIAN_POINT('',(50.7,12.9945277658374,52.293468621522));
#5685=CARTESIAN_POINT('',(0.,14.9945277658375,52.293468621522));
#5686=CARTESIAN_POINT('',(41.7,12.9945277658374,52.293468621522));
#5687=CARTESIAN_POINT('Origin',(41.7,13.9945277658374,43.2934686215221));
#5688=CARTESIAN_POINT('Origin',(-50.7,14.9945277658375,4.29346862152205));
#5689=CARTESIAN_POINT('',(50.7,14.9945277658375,2.79346862152202));
#5690=CARTESIAN_POINT('',(48.7,14.9945277658375,19.2967325393855));
#5691=CARTESIAN_POINT('Origin',(-50.7,14.9945277658375,4.29346862152205));
#5692=CARTESIAN_POINT('',(50.7,14.9945277658375,65.2934686215221));
#5693=CARTESIAN_POINT('',(50.7,14.9945277658375,2.79346862152202));
#5694=CARTESIAN_POINT('',(48.7,14.9945277658375,65.2934686215221));
#5695=CARTESIAN_POINT('',(0.,14.9945277658375,65.2934686215221));
#5696=CARTESIAN_POINT('',(48.7,14.9945277658375,62.6999965198338));
#5697=CARTESIAN_POINT('',(48.7,14.9945277658375,34.7967325393855));
#5698=CARTESIAN_POINT('',(48.7,14.9945277658375,33.4967325706779));
#5699=CARTESIAN_POINT('Origin',(41.7,13.9945277658374,74.293468621522));
#5700=CARTESIAN_POINT('',(41.7,12.9945277658374,83.2934686215221));
#5701=CARTESIAN_POINT('',(41.7,12.9945277658374,65.2934686215221));
#5702=CARTESIAN_POINT('',(41.7,14.9945277658375,83.2934686215221));
#5703=CARTESIAN_POINT('',(41.7,12.9945277658374,83.2934686215221));
#5704=CARTESIAN_POINT('',(41.7,14.9945277658375,176.293468621522));
#5705=CARTESIAN_POINT('Origin',(50.7,12.9945277658374,65.2934686215221));
#5706=CARTESIAN_POINT('',(48.7,12.9945277658374,65.2934686215221));
#5707=CARTESIAN_POINT('',(48.7,12.9945277658374,65.2967325393855));
#5708=CARTESIAN_POINT('',(50.7,12.9945277658374,65.2934686215221));
#5709=CARTESIAN_POINT('',(50.7,12.9945277658374,65.2934686215221));
#5710=CARTESIAN_POINT('',(50.7,12.9945277658374,83.2934686215221));
#5711=CARTESIAN_POINT('',(50.7,12.9945277658374,65.2934686215221));
#5712=CARTESIAN_POINT('',(50.7,12.9945277658374,83.2934686215221));
#5713=CARTESIAN_POINT('Origin',(50.7,14.9945277658375,65.2934686215221));
#5714=CARTESIAN_POINT('',(48.7,-16.0054722341625,65.2934686215221));
#5715=CARTESIAN_POINT('',(50.7,17.9945277658374,65.2934686215221));
#5716=CARTESIAN_POINT('Origin',(50.7,14.9945277658375,83.2934686215221));
#5717=CARTESIAN_POINT('',(48.7,14.9945277658375,83.2934686215221));
#5718=CARTESIAN_POINT('',(50.7,14.9945277658375,83.2934686215221));
#5719=CARTESIAN_POINT('',(48.7,14.9945277658375,48.9967325706779));
#5720=CARTESIAN_POINT('Origin',(50.7,12.9945277658374,83.2934686215221));
#5721=CARTESIAN_POINT('',(50.7,14.9945277658375,83.2934686215221));
#5722=CARTESIAN_POINT('',(50.7,12.9945277658374,83.2934686215221));
#5723=CARTESIAN_POINT('',(0.,14.9945277658375,83.2934686215221));
#5724=CARTESIAN_POINT('Origin',(-50.7,14.9945277658375,4.29346862152205));
#5725=CARTESIAN_POINT('',(50.7,14.9945277658375,86.8359045947909));
#5726=CARTESIAN_POINT('',(50.7,14.9945277658375,2.79346862152202));
#5727=CARTESIAN_POINT('',(48.7,14.9945277658375,86.8359045947909));
#5728=CARTESIAN_POINT('',(-50.7,14.9945277658375,86.8359045947909));
#5729=CARTESIAN_POINT('',(48.7,14.9945277658375,48.9967325706779));
#5730=CARTESIAN_POINT('Origin',(50.7,12.9945277658374,96.293468621522));
#5731=CARTESIAN_POINT('',(48.7,12.9945277658374,96.293468621522));
#5732=CARTESIAN_POINT('',(48.7,12.9945277658374,96.2967325393855));
#5733=CARTESIAN_POINT('',(50.7,12.9945277658374,96.293468621522));
#5734=CARTESIAN_POINT('',(50.7,12.9945277658374,96.293468621522));
#5735=CARTESIAN_POINT('',(50.7,12.9945277658374,114.293468621522));
#5736=CARTESIAN_POINT('',(50.7,12.9945277658374,96.293468621522));
#5737=CARTESIAN_POINT('',(41.7,12.9945277658374,114.293468621522));
#5738=CARTESIAN_POINT('',(50.7,12.9945277658374,114.293468621522));
#5739=CARTESIAN_POINT('',(41.7,12.9945277658374,96.293468621522));
#5740=CARTESIAN_POINT('Origin',(50.7,14.9945277658375,96.293468621522));
#5741=CARTESIAN_POINT('',(48.7,14.9945277658375,96.293468621522));
#5742=CARTESIAN_POINT('',(48.7,-16.0054722341625,96.293468621522));
#5743=CARTESIAN_POINT('',(50.7,14.9945277658375,96.293468621522));
#5744=CARTESIAN_POINT('',(0.,14.9945277658375,96.293468621522));
#5745=CARTESIAN_POINT('',(50.7,17.9945277658374,96.293468621522));
#5746=CARTESIAN_POINT('Origin',(50.7,14.9945277658375,114.293468621522));
#5747=CARTESIAN_POINT('',(41.7,14.9945277658375,114.293468621522));
#5748=CARTESIAN_POINT('',(41.7,14.9945277658375,176.293468621522));
#5749=CARTESIAN_POINT('',(48.7,14.9945277658375,114.293468621522));
#5750=CARTESIAN_POINT('',(50.7,14.9945277658375,114.293468621522));
#5751=CARTESIAN_POINT('',(48.7,14.9945277658375,107.767950557312));
#5752=CARTESIAN_POINT('Origin',(50.7,12.9945277658374,114.293468621522));
#5753=CARTESIAN_POINT('',(50.7,14.9945277658375,114.293468621522));
#5754=CARTESIAN_POINT('',(50.7,12.9945277658374,114.293468621522));
#5755=CARTESIAN_POINT('',(0.,14.9945277658375,114.293468621522));
#5756=CARTESIAN_POINT('',(41.7,12.9945277658374,114.293468621522));
#5757=CARTESIAN_POINT('Origin',(41.7,13.9945277658374,105.293468621522));
#5758=CARTESIAN_POINT('Origin',(-50.7,14.9945277658375,90.8359045947909));
#5759=CARTESIAN_POINT('',(48.7,14.9945277658375,93.6999965198338));
#5760=CARTESIAN_POINT('',(48.7,14.9945277658375,93.5679505260199));
#5761=CARTESIAN_POINT('',(48.7,14.9945277658375,90.8359045947909));
#5762=CARTESIAN_POINT('',(48.7,14.9945277658375,92.2679505573124));
#5763=CARTESIAN_POINT('',(50.7,14.9945277658375,90.8359045947909));
#5764=CARTESIAN_POINT('',(-50.7,14.9945277658375,90.8359045947909));
#5765=CARTESIAN_POINT('',(50.7,14.9945277658375,46.0646866081565));
#5766=CARTESIAN_POINT('Origin',(-50.7,14.9945277658375,90.8359045947909));
#5767=CARTESIAN_POINT('',(50.7,14.9945277658375,127.293468621522));
#5768=CARTESIAN_POINT('',(50.7,14.9945277658375,46.0646866081565));
#5769=CARTESIAN_POINT('',(48.7,14.9945277658375,127.293468621522));
#5770=CARTESIAN_POINT('',(0.,14.9945277658375,127.293468621522));
#5771=CARTESIAN_POINT('',(48.7,14.9945277658375,124.699996519834));
#5772=CARTESIAN_POINT('',(48.7,14.9945277658375,109.06795052602));
#5773=CARTESIAN_POINT('',(48.7,14.9945277658375,107.767950557312));
#5774=CARTESIAN_POINT('Origin',(50.7,12.9945277658374,127.293468621522));
#5775=CARTESIAN_POINT('',(48.7,12.9945277658374,127.293468621522));
#5776=CARTESIAN_POINT('',(48.7,12.9945277658374,127.296732539385));
#5777=CARTESIAN_POINT('',(50.7,12.9945277658374,127.293468621522));
#5778=CARTESIAN_POINT('',(50.7,12.9945277658374,127.293468621522));
#5779=CARTESIAN_POINT('',(50.7,12.9945277658374,145.293468621522));
#5780=CARTESIAN_POINT('',(50.7,12.9945277658374,127.293468621522));
#5781=CARTESIAN_POINT('',(41.7,12.9945277658374,145.293468621522));
#5782=CARTESIAN_POINT('',(50.7,12.9945277658374,145.293468621522));
#5783=CARTESIAN_POINT('',(41.7,12.9945277658374,127.293468621522));
#5784=CARTESIAN_POINT('Origin',(50.7,14.9945277658375,127.293468621522));
#5785=CARTESIAN_POINT('',(48.7,-16.0054722341625,127.293468621522));
#5786=CARTESIAN_POINT('',(50.7,17.9945277658374,127.293468621522));
#5787=CARTESIAN_POINT('Origin',(50.7,14.9945277658375,145.293468621522));
#5788=CARTESIAN_POINT('',(41.7,14.9945277658375,145.293468621522));
#5789=CARTESIAN_POINT('',(41.7,14.9945277658375,176.293468621522));
#5790=CARTESIAN_POINT('',(48.7,14.9945277658375,145.293468621522));
#5791=CARTESIAN_POINT('',(50.7,14.9945277658375,145.293468621522));
#5792=CARTESIAN_POINT('',(48.7,14.9945277658375,123.267950557312));
#5793=CARTESIAN_POINT('Origin',(50.7,12.9945277658374,145.293468621522));
#5794=CARTESIAN_POINT('',(50.7,14.9945277658375,145.293468621522));
#5795=CARTESIAN_POINT('',(50.7,12.9945277658374,145.293468621522));
#5796=CARTESIAN_POINT('',(0.,14.9945277658375,145.293468621522));
#5797=CARTESIAN_POINT('',(41.7,12.9945277658374,145.293468621522));
#5798=CARTESIAN_POINT('Origin',(41.7,13.9945277658374,136.293468621522));
#5799=CARTESIAN_POINT('Origin',(-50.7,14.9945277658375,90.8359045947909));
#5800=CARTESIAN_POINT('',(50.7,14.9945277658375,158.293468621522));
#5801=CARTESIAN_POINT('',(50.7,14.9945277658375,46.0646866081565));
#5802=CARTESIAN_POINT('',(48.7,14.9945277658375,158.293468621522));
#5803=CARTESIAN_POINT('',(0.,14.9945277658375,158.293468621522));
#5804=CARTESIAN_POINT('',(48.7,14.9945277658375,155.699996519834));
#5805=CARTESIAN_POINT('',(48.7,14.9945277658375,124.56795052602));
#5806=CARTESIAN_POINT('',(48.7,14.9945277658375,123.267950557312));
#5807=CARTESIAN_POINT('Origin',(50.7,14.9945277658375,158.293468621522));
#5808=CARTESIAN_POINT('',(48.7,12.9945277658374,158.293468621522));
#5809=CARTESIAN_POINT('',(48.7,-16.0054722341625,158.293468621522));
#5810=CARTESIAN_POINT('',(50.7,12.9945277658374,158.293468621522));
#5811=CARTESIAN_POINT('',(50.7,17.9945277658374,158.293468621522));
#5812=CARTESIAN_POINT('',(50.7,12.9945277658374,158.293468621522));
#5813=CARTESIAN_POINT('Origin',(50.7,12.9945277658374,176.293468621522));
#5814=CARTESIAN_POINT('',(48.7,14.9945277658375,176.293468621522));
#5815=CARTESIAN_POINT('',(48.7,12.9945277658374,176.293468621522));
#5816=CARTESIAN_POINT('',(48.7,15.4945277658374,176.293468621522));
#5817=CARTESIAN_POINT('',(41.7,14.9945277658375,176.293468621522));
#5818=CARTESIAN_POINT('',(50.7,14.9945277658375,176.293468621522));
#5819=CARTESIAN_POINT('',(41.7,12.9945277658374,176.293468621522));
#5820=CARTESIAN_POINT('',(41.7,12.9945277658374,176.293468621522));
#5821=CARTESIAN_POINT('',(50.7,12.9945277658374,176.293468621522));
#5822=CARTESIAN_POINT('Origin',(50.7,14.9945277658375,176.293468621522));
#5823=CARTESIAN_POINT('',(41.7,14.9945277658375,158.299996457249));
#5824=CARTESIAN_POINT('',(48.7,14.9945277658375,158.299996457249));
#5825=CARTESIAN_POINT('',(49.7,14.9945277658375,158.299996457249));
#5826=CARTESIAN_POINT('',(41.7,14.9945277658375,176.293468621522));
#5827=CARTESIAN_POINT('',(48.7,14.9945277658375,181.493468621522));
#5828=CARTESIAN_POINT('Origin',(50.7,12.9945277658374,158.293468621522));
#5829=CARTESIAN_POINT('',(48.7,12.9945277658374,158.299996457249));
#5830=CARTESIAN_POINT('',(48.7,12.9945277658374,158.296732539385));
#5831=CARTESIAN_POINT('',(50.7,12.9945277658374,167.229188025687));
#5832=CARTESIAN_POINT('',(50.7,12.9945277658374,158.293468621522));
#5833=CARTESIAN_POINT('',(48.7,12.9945277658374,167.229188025687));
#5834=CARTESIAN_POINT('',(0.,12.9945277658374,167.229188025687));
#5835=CARTESIAN_POINT('',(48.7,12.9945277658374,172.493468621522));
#5836=CARTESIAN_POINT('',(41.7,12.9945277658374,158.299996457249));
#5837=CARTESIAN_POINT('',(41.7,12.9945277658374,158.293468621522));
#5838=CARTESIAN_POINT('',(49.7,12.9945277658374,158.299996457249));
#5839=CARTESIAN_POINT('Origin',(41.7,13.9945277658374,167.293468621522));
#5840=CARTESIAN_POINT('',(41.7,15.9945277658375,158.299996457249));
#5841=CARTESIAN_POINT('Origin',(48.7,17.9945277658375,158.299996457249));
#5842=CARTESIAN_POINT('',(-48.6999989114702,-47.0054722341626,158.299996457249));
#5843=CARTESIAN_POINT('',(-48.6999989114702,-47.0054722341626,158.299996457249));
#5844=CARTESIAN_POINT('',(48.7,-47.0054722341625,158.299996457249));
#5845=CARTESIAN_POINT('',(48.7,-47.0054722341625,158.299996457249));
#5846=CARTESIAN_POINT('',(48.7,-44.0054722341626,158.299996457249));
#5847=CARTESIAN_POINT('',(48.7,17.9945277658375,158.299996457249));
#5848=CARTESIAN_POINT('',(48.7,-39.0905335259938,158.299996457249));
#5849=CARTESIAN_POINT('',(48.7,-47.0054722341626,158.299996457249));
#5850=CARTESIAN_POINT('',(48.7,-35.0957982667309,158.299996457249));
#5851=CARTESIAN_POINT('',(48.7,17.9945277658375,158.299996457249));
#5852=CARTESIAN_POINT('',(48.7,6.08485379840576,158.299996457249));
#5853=CARTESIAN_POINT('',(48.7,-47.0054722341626,158.299996457249));
#5854=CARTESIAN_POINT('',(48.7,10.0903254365219,158.299996457249));
#5855=CARTESIAN_POINT('',(48.7,17.9945277658375,158.299996457249));
#5856=CARTESIAN_POINT('',(48.7,-47.0054722341626,158.299996457249));
#5857=CARTESIAN_POINT('',(48.7,17.9945277658375,158.299996457249));
#5858=CARTESIAN_POINT('',(48.7,17.9945277658375,158.299996457249));
#5859=CARTESIAN_POINT('',(48.7,17.9945277658375,158.299996457249));
#5860=CARTESIAN_POINT('Origin',(-50.7,14.9945277658375,173.37834056806));
#5861=CARTESIAN_POINT('',(50.7,-11.8522402739799,90.8359045947909));
#5862=CARTESIAN_POINT('',(50.7,-10.1698793527432,96.0084515627967));
#5863=CARTESIAN_POINT('',(48.7,-11.8522402739799,90.8359045947909));
#5864=CARTESIAN_POINT('',(-50.7,-11.8522402739799,90.8359045947909));
#5865=CARTESIAN_POINT('',(48.7,-10.9206999014467,93.6999965198338));
#5866=CARTESIAN_POINT('',(48.7,3.42001803748225,137.791627606642));
#5867=CARTESIAN_POINT('',(48.7,0.6932411829467,129.407944192867));
#5868=CARTESIAN_POINT('',(48.7,-0.838009714015553,124.699996519834));
#5869=CARTESIAN_POINT('',(48.7,7.97907710699507,151.808802440704));
#5870=CARTESIAN_POINT('',(48.7,5.25230025245953,143.425119026928));
#5871=CARTESIAN_POINT('',(48.7,9.24468047341555,155.699996519834));
#5872=CARTESIAN_POINT('',(48.7,12.5381361765079,165.825977274765));
#5873=CARTESIAN_POINT('',(48.7,9.81135932197233,157.44229386099));
#5874=CARTESIAN_POINT('',(48.7,17.0962352113754,179.840200409087));
#5875=CARTESIAN_POINT('Origin',(50.7,17.9945277658374,1.293468621522));
#5876=CARTESIAN_POINT('',(50.7,17.9945277658374,1.293468621522));
#5877=CARTESIAN_POINT('',(50.7,17.9945277658375,188.693468621522));
#5878=CARTESIAN_POINT('',(50.7,17.9945277658374,1.293468621522));
#5879=CARTESIAN_POINT('',(50.7,-47.0054722341625,188.693468621522));
#5880=CARTESIAN_POINT('',(50.7,17.9945277658375,188.693468621522));
#5881=CARTESIAN_POINT('',(50.7,-47.0054722341626,1.29346862152202));
#5882=CARTESIAN_POINT('',(50.7,-47.0054722341626,1.29346862152202));
#5883=CARTESIAN_POINT('',(50.7,17.9945277658374,1.293468621522));
#5884=CARTESIAN_POINT('',(50.7,-11.8522402739799,86.8359045947909));
#5885=CARTESIAN_POINT('',(50.7,2.15584222032732,43.7669865529719));
#5886=CARTESIAN_POINT('',(50.7,16.4945277658374,86.8359045947909));
#5887=CARTESIAN_POINT('',(50.7,-14.5001040447359,82.6948454758902));
#5888=CARTESIAN_POINT('',(50.7,10.9997925065746,4.29346862152203));
#5889=CARTESIAN_POINT('',(50.7,11.7755714317375,1.90827714652951));
#5890=CARTESIAN_POINT('',(50.7,-40.0000005960464,4.29346862152203));
#5891=CARTESIAN_POINT('',(50.7,-11.0027364151045,4.29346862152203));
#5892=CARTESIAN_POINT('',(50.7,-24.9171952580299,50.6667040167119));
#5893=CARTESIAN_POINT('',(50.7,3.07114374592875,90.8359045947909));
#5894=CARTESIAN_POINT('',(50.7,-44.0054722341626,90.8359045947909));
#5895=CARTESIAN_POINT('',(50.7,-44.0054722341626,173.41135038372));
#5896=CARTESIAN_POINT('',(50.7,-44.0054722341626,87.3524095026212));
#5897=CARTESIAN_POINT('',(50.7,-17.147967815492,90.8359045947909));
#5898=CARTESIAN_POINT('',(50.7,-2.29830872929577,45.179495133164));
#5899=CARTESIAN_POINT('',(50.7,-13.0054722341626,90.8359045947909));
#5900=CARTESIAN_POINT('',(50.7,-14.5054722341626,94.993468621522));
#5901=CARTESIAN_POINT('',(50.7,-44.0054722341626,185.693468621522));
#5902=CARTESIAN_POINT('',(50.7,-13.920773759764,93.1957685663374));
#5903=CARTESIAN_POINT('',(50.7,14.9945277658375,185.693468621522));
#5904=CARTESIAN_POINT('',(50.7,16.4945277658374,185.693468621522));
#5905=CARTESIAN_POINT('',(50.7,-26.731021167077,57.4050859701546));
#5906=CARTESIAN_POINT('',(50.7,-17.1587041943452,86.8359045947909));
#5907=CARTESIAN_POINT('',(50.7,-44.0054722341626,4.29346862152205));
#5908=CARTESIAN_POINT('',(50.7,-41.481021167077,12.0550859701546));
#5909=CARTESIAN_POINT('',(50.7,-44.0054722341626,86.8359045947909));
#5910=CARTESIAN_POINT('',(50.7,-44.0054722341626,44.0646866081565));
#5911=CARTESIAN_POINT('',(50.7,0.417911785746083,86.8359045947909));
#5912=CARTESIAN_POINT('Origin',(-48.6999989114702,-47.0054722341626,31.6999965198338));
#5913=CARTESIAN_POINT('',(-48.6999989114702,14.9945277658375,31.6999965198338));
#5914=CARTESIAN_POINT('',(-48.6999989114702,14.9945277658375,17.9967325706779));
#5915=CARTESIAN_POINT('',(-48.6999989114702,6.0806074460999,31.6999965198338));
#5916=CARTESIAN_POINT('',(-48.6999989114702,-47.0054722341626,31.6999965198338));
#5917=CARTESIAN_POINT('',(-48.6999989114702,-5.42508657235655,67.0751303325117));
#5918=CARTESIAN_POINT('Origin',(-48.6999989114702,-47.0054722341626,31.6999965198338));
#5919=CARTESIAN_POINT('',(-48.6999989114702,-31.0860802763089,31.6999965198338));
#5920=CARTESIAN_POINT('',(-48.6999989114702,-23.5545655483142,54.8562129886174));
#5921=CARTESIAN_POINT('',(-48.6999989114702,2.08587218683698,31.6999965198338));
#5922=CARTESIAN_POINT('',(-48.6999989114702,4.19464263905363,25.2164209260694));
#5923=CARTESIAN_POINT('',(-48.6999989114702,-47.0054722341626,31.6999965198338));
#5924=CARTESIAN_POINT('Origin',(-48.6999989114702,-47.0054722341626,31.6999965198338));
#5925=CARTESIAN_POINT('',(-48.6999989114702,-44.0054722341626,31.6999965198338));
#5926=CARTESIAN_POINT('',(-48.6999989114702,-44.0054722341626,59.2679505573124));
#5927=CARTESIAN_POINT('',(-48.6999989114702,-35.091551914425,31.6999965198338));
#5928=CARTESIAN_POINT('',(-48.6999989114702,-40.1183914573614,16.2445949420601));
#5929=CARTESIAN_POINT('',(-48.6999989114702,-47.0054722341626,31.6999965198338));
#5930=CARTESIAN_POINT('Origin',(48.7,-47.0054722341626,34.299996457249));
#5931=CARTESIAN_POINT('',(48.7,-5.80745925930511,68.2507643225536));
#5932=CARTESIAN_POINT('',(48.7,-47.0054722341626,31.6999965198338));
#5933=CARTESIAN_POINT('Origin',(48.7,-47.0054722341626,34.299996457249));
#5934=CARTESIAN_POINT('',(48.7,-23.1721928613656,56.0318469786592));
#5935=CARTESIAN_POINT('',(48.7,-47.0054722341626,31.6999965198338));
#5936=CARTESIAN_POINT('',(48.7,3.81226995210508,26.3920549161112));
#5937=CARTESIAN_POINT('Origin',(48.7,-47.0054722341626,34.299996457249));
#5938=CARTESIAN_POINT('',(48.7,-44.0054722341626,60.5679505260199));
#5939=CARTESIAN_POINT('',(48.7,-47.0054722341626,31.6999965198338));
#5940=CARTESIAN_POINT('',(48.7,-39.7360187704128,17.420228932102));
#5941=CARTESIAN_POINT('Origin',(-50.7,14.9945277658375,4.29346862152205));
#5942=CARTESIAN_POINT('',(-48.7,14.9945277658375,19.2967325393855));
#5943=CARTESIAN_POINT('',(-48.7,14.9945277658375,19.2967325393855));
#5944=CARTESIAN_POINT('',(-48.7,14.9945277658375,34.7967325393855));
#5945=CARTESIAN_POINT('',(-48.7,14.9945277658375,86.8359045947909));
#5946=CARTESIAN_POINT('',(-48.7,14.9945277658375,34.7967325393855));
#5947=CARTESIAN_POINT('',(-50.7,14.9945277658375,86.8359045947909));
#5948=CARTESIAN_POINT('',(-50.7,14.9945277658375,86.8359045947909));
#5949=CARTESIAN_POINT('',(-50.7,14.9945277658375,4.29346862152205));
#5950=CARTESIAN_POINT('',(-50.7,14.9945277658375,96.493468621522));
#5951=CARTESIAN_POINT('',(-50.7,14.9945277658375,4.29346862152205));
#5952=CARTESIAN_POINT('',(-48.7,14.9945277658375,3.79346862152202));
#5953=CARTESIAN_POINT('',(-48.7,14.9945277658375,3.79346862152202));
#5954=CARTESIAN_POINT('Origin',(0.,-47.0054722341626,94.9934686215221));
#5955=CARTESIAN_POINT('',(-50.7,-47.0054722341625,188.693468621522));
#5956=CARTESIAN_POINT('',(50.7,-47.0054722341625,188.693468621522));
#5957=CARTESIAN_POINT('',(-50.7,-47.0054722341626,1.29346862152203));
#5958=CARTESIAN_POINT('',(-50.7,-47.0054722341625,188.693468621522));
#5959=CARTESIAN_POINT('',(-50.7,-47.0054722341626,1.29346862152202));
#5960=CARTESIAN_POINT('',(-48.6999989114702,-47.0054722341626,62.6999965198338));
#5961=CARTESIAN_POINT('',(-48.7,-47.0054722341625,186.693468621522));
#5962=CARTESIAN_POINT('',(48.7,-47.0054722341626,62.6999965198338));
#5963=CARTESIAN_POINT('',(-48.6999989114702,-47.0054722341626,62.6999965198338));
#5964=CARTESIAN_POINT('',(48.7,-47.0054722341626,3.29346862152202));
#5965=CARTESIAN_POINT('',(-48.6999989114702,-47.0054722341625,124.699996519834));
#5966=CARTESIAN_POINT('',(48.7,-47.0054722341625,124.699996519834));
#5967=CARTESIAN_POINT('',(-48.6999989114702,-47.0054722341625,124.699996519834));
#5968=CARTESIAN_POINT('',(48.7,-47.0054722341626,3.29346862152202));
#5969=CARTESIAN_POINT('',(-48.7,-47.0054722341625,186.693468621522));
#5970=CARTESIAN_POINT('',(-48.6999989114702,-47.0054722341626,31.6999965198338));
#5971=CARTESIAN_POINT('',(-48.6999989114702,-47.0054722341626,31.6999965198338));
#5972=CARTESIAN_POINT('',(-48.7,-47.0054722341626,3.29346862152202));
#5973=CARTESIAN_POINT('',(-48.7,-47.0054722341626,3.29346862152202));
#5974=CARTESIAN_POINT('',(-48.7,-47.0054722341625,186.693468621522));
#5975=CARTESIAN_POINT('',(-48.6999989114702,-47.0054722341626,93.6999965198338));
#5976=CARTESIAN_POINT('',(-48.7,-47.0054722341625,186.693468621522));
#5977=CARTESIAN_POINT('',(48.7,-47.0054722341626,93.6999965198338));
#5978=CARTESIAN_POINT('',(-48.6999989114702,-47.0054722341626,93.6999965198338));
#5979=CARTESIAN_POINT('',(48.7,-47.0054722341626,3.29346862152202));
#5980=CARTESIAN_POINT('',(-48.6999989114702,-47.0054722341625,155.699996519834));
#5981=CARTESIAN_POINT('',(48.7,-47.0054722341625,155.699996519834));
#5982=CARTESIAN_POINT('',(-48.6999989114702,-47.0054722341625,155.699996519834));
#5983=CARTESIAN_POINT('',(48.7,-47.0054722341626,3.29346862152202));
#5984=CARTESIAN_POINT('',(-48.7,-47.0054722341625,186.693468621522));
#5985=CARTESIAN_POINT('',(48.7,-47.0054722341625,186.693468621522));
#5986=CARTESIAN_POINT('',(48.7,-47.0054722341625,186.693468621522));
#5987=CARTESIAN_POINT('',(48.7,-47.0054722341626,3.29346862152202));
#5988=CARTESIAN_POINT('Origin',(-50.7,-44.0054722341626,86.8359045947909));
#5989=CARTESIAN_POINT('',(-48.7,-44.0054722341626,4.29346862152205));
#5990=CARTESIAN_POINT('',(-48.7,-44.0054722341626,45.0646866081565));
#5991=CARTESIAN_POINT('',(-50.7,-44.0054722341626,4.29346862152205));
#5992=CARTESIAN_POINT('',(-50.7,-44.0054722341626,4.29346862152205));
#5993=CARTESIAN_POINT('',(-50.7,-44.0054722341626,86.8359045947909));
#5994=CARTESIAN_POINT('',(-50.7,-44.0054722341626,137.764686608156));
#5995=CARTESIAN_POINT('',(-48.7,-44.0054722341626,86.8359045947909));
#5996=CARTESIAN_POINT('',(-50.7,-44.0054722341626,86.8359045947909));
#5997=CARTESIAN_POINT('',(-48.7,-44.0054722341626,76.0679505260199));
#5998=CARTESIAN_POINT('',(-48.6999989114702,-44.0054722341626,62.6999965198338));
#5999=CARTESIAN_POINT('',(-48.6999989114702,-44.0054722341626,74.7679505573124));
#6000=CARTESIAN_POINT('',(-48.7,-44.0054722341626,60.5679505260199));
#6001=CARTESIAN_POINT('Origin',(-50.7,-44.0054722341626,86.8359045947909));
#6002=CARTESIAN_POINT('',(48.7,-44.0054722341626,62.6999965198338));
#6003=CARTESIAN_POINT('',(48.7,-44.0054722341626,74.7679505573124));
#6004=CARTESIAN_POINT('',(48.7,-44.0054722341626,76.0679505260199));
#6005=CARTESIAN_POINT('',(48.7,-44.0054722341626,86.8359045947909));
#6006=CARTESIAN_POINT('',(48.7,-44.0054722341626,90.2679505573124));
#6007=CARTESIAN_POINT('',(-50.7,-44.0054722341626,86.8359045947909));
#6008=CARTESIAN_POINT('',(-50.7,-44.0054722341626,4.29346862152205));
#6009=CARTESIAN_POINT('Origin',(-50.7,-44.0054722341626,4.29346862152208));
#6010=CARTESIAN_POINT('',(48.7,-17.1587041943452,86.8359045947909));
#6011=CARTESIAN_POINT('',(-50.7,-17.1587041943452,86.8359045947909));
#6012=CARTESIAN_POINT('',(48.7,-27.8911237768516,53.8382620140002));
#6013=CARTESIAN_POINT('',(48.7,-25.0088617269939,62.6999965198338));
#6014=CARTESIAN_POINT('',(48.7,-35.1769597009,31.4374037661634));
#6015=CARTESIAN_POINT('',(48.7,-32.4501828463644,39.8210871799388));
#6016=CARTESIAN_POINT('Origin',(-50.7,-44.0054722341626,4.29346862152208));
#6017=CARTESIAN_POINT('',(-48.6999989114702,-25.0088617269939,62.6999965198338));
#6018=CARTESIAN_POINT('',(-48.7,-36.6268692289287,26.9795463359192));
#6019=CARTESIAN_POINT('',(-48.6999989114702,-35.5593323878485,30.2617697761216));
#6020=CARTESIAN_POINT('',(-48.7,-17.1587041943452,86.8359045947909));
#6021=CARTESIAN_POINT('',(-48.7,-32.0678101594159,40.9967211699806));
#6022=CARTESIAN_POINT('',(-50.7,-17.1587041943452,86.8359045947909));
#6023=CARTESIAN_POINT('',(-50.7,-17.1587041943452,86.8359045947909));
#6024=CARTESIAN_POINT('',(-50.7,-13.920773759764,96.7911686767067));
#6025=CARTESIAN_POINT('',(-48.7,-41.1868883238827,12.9594198304167));
#6026=CARTESIAN_POINT('Origin',(-50.7,-14.5001040447359,82.6948454758902));
#6027=CARTESIAN_POINT('',(-48.7,-40.0000005960464,4.29346862152203));
#6028=CARTESIAN_POINT('',(-48.7,-24.6230624148355,51.5710378769739));
#6029=CARTESIAN_POINT('',(-50.7,-40.0000005960464,4.29346862152203));
#6030=CARTESIAN_POINT('',(-50.7,-40.0000005960464,4.29346862152203));
#6031=CARTESIAN_POINT('',(-50.7,-14.5001040447359,82.6948454758902));
#6032=CARTESIAN_POINT('',(-50.7,2.64305214928312,135.402786723264));
#6033=CARTESIAN_POINT('',(-48.7,-14.5001040447359,82.6948454758902));
#6034=CARTESIAN_POINT('',(-50.7,-14.5001040447359,82.6948454758902));
#6035=CARTESIAN_POINT('',(-48.7,-15.5039842503687,79.6083392165379));
#6036=CARTESIAN_POINT('',(-48.6999989114702,-21.0033900888778,62.6999965198338));
#6037=CARTESIAN_POINT('',(-48.6999989114702,-18.9955064788014,68.8733878226788));
#6038=CARTESIAN_POINT('',(-48.7,-20.0630433198815,65.5911643824764));
#6039=CARTESIAN_POINT('Origin',(-50.7,-14.5001040447359,82.6948454758902));
#6040=CARTESIAN_POINT('',(48.7,-21.0033900888778,62.6999965198338));
#6041=CARTESIAN_POINT('',(48.7,-15.8863569373173,78.432705226496));
#6042=CARTESIAN_POINT('',(48.7,-18.6131337918528,70.0490218127207));
#6043=CARTESIAN_POINT('',(48.7,-14.5001040447359,82.6948454758902));
#6044=CARTESIAN_POINT('',(48.7,-11.3272978678045,92.4498800605575));
#6045=CARTESIAN_POINT('',(-50.7,-14.5001040447359,82.6948454758902));
#6046=CARTESIAN_POINT('',(-50.7,-40.0000005960464,4.29346862152203));
#6047=CARTESIAN_POINT('Origin',(-50.7,-11.8522402739799,86.8359045947909));
#6048=CARTESIAN_POINT('',(-48.7,1.86170937713295,44.6713204132339));
#6049=CARTESIAN_POINT('',(-50.7,-11.8522402739799,86.8359045947909));
#6050=CARTESIAN_POINT('',(-50.7,-25.4044051869857,128.503069259524));
#6051=CARTESIAN_POINT('',(-48.7,-11.8522402739799,86.8359045947909));
#6052=CARTESIAN_POINT('',(-50.7,-11.8522402739799,86.8359045947909));
#6053=CARTESIAN_POINT('',(-48.7,-7.25736878733382,72.7086217527978));
#6054=CARTESIAN_POINT('',(-48.7,-2.69830971782101,58.6914469187364));
#6055=CARTESIAN_POINT('Origin',(-50.7,-11.8522402739799,86.8359045947909));
#6056=CARTESIAN_POINT('',(48.7,-4.0020827413312,62.6999965198338));
#6057=CARTESIAN_POINT('',(48.7,-6.87499610038527,71.532987762756));
#6058=CARTESIAN_POINT('',(48.7,-10.3665183288179,82.267939156615));
#6059=CARTESIAN_POINT('',(48.7,-11.8522402739799,86.8359045947909));
#6060=CARTESIAN_POINT('',(48.7,-11.4340551698981,85.5501625968174));
#6061=CARTESIAN_POINT('',(-50.7,-11.8522402739799,86.8359045947909));
#6062=CARTESIAN_POINT('Origin',(-50.7,10.9997925065746,4.29346862152203));
#6063=CARTESIAN_POINT('',(-50.7,10.9997925065746,4.29346862152203));
#6064=CARTESIAN_POINT('',(48.7,-1.8143259584879,43.691453190375));
#6065=CARTESIAN_POINT('',(48.7,-7.99681800059413,62.6999965198338));
#6066=CARTESIAN_POINT('',(48.7,-0.746789117407745,40.4092297501727));
#6067=CARTESIAN_POINT('',(48.7,2.74473311102492,29.6742783563136));
#6068=CARTESIAN_POINT('Origin',(-50.7,10.9997925065746,4.29346862152203));
#6069=CARTESIAN_POINT('',(-48.6999989114702,-7.99681800059413,62.6999965198338));
#6070=CARTESIAN_POINT('',(-48.7,6.92141949358918,16.832737512294));
#6071=CARTESIAN_POINT('',(-48.6999989114702,-0.364416430459187,39.2335957601308));
#6072=CARTESIAN_POINT('',(-48.7,2.36236042407636,30.8499123463554));
#6073=CARTESIAN_POINT('',(-50.7,10.9997925065746,4.29346862152203));
#6074=CARTESIAN_POINT('',(-50.7,-15.7846759755755,86.6443598530815));
#6075=CARTESIAN_POINT('',(-48.7,10.9997925065746,4.29346862152203));
#6076=CARTESIAN_POINT('',(-50.7,10.9997925065746,4.29346862152203));
#6077=CARTESIAN_POINT('',(-48.7,11.4814385885431,2.81261100679154));
#6078=CARTESIAN_POINT('Origin',(-48.6999989114702,-47.0054722341626,155.699996519834));
#6079=CARTESIAN_POINT('',(-48.6999989114702,-34.2501533036245,155.699996519834));
#6080=CARTESIAN_POINT('',(-48.6999989114702,-39.7379388304992,172.572611682123));
#6081=CARTESIAN_POINT('',(-48.6999989114702,5.2392088352994,155.699996519834));
#6082=CARTESIAN_POINT('',(-48.6999989114702,-7.13215517931005,117.663294278306));
#6083=CARTESIAN_POINT('',(-48.6999989114702,-47.0054722341626,155.699996519834));
#6084=CARTESIAN_POINT('Origin',(-48.6999989114702,-47.0054722341626,155.699996519834));
#6085=CARTESIAN_POINT('',(-48.6999989114702,-44.0054722341626,155.699996519834));
#6086=CARTESIAN_POINT('',(-48.6999989114702,-44.0054722341626,164.555673451777));
#6087=CARTESIAN_POINT('',(-48.6999989114702,-38.2448885628874,155.699996519834));
#6088=CARTESIAN_POINT('',(-48.6999989114702,-28.1154738000309,124.55633824895));
#6089=CARTESIAN_POINT('',(-48.6999989114702,-47.0054722341626,155.699996519834));
#6090=CARTESIAN_POINT('Origin',(48.7,-47.0054722341626,158.299996457249));
#6091=CARTESIAN_POINT('',(48.7,-47.0054722341626,155.699996519834));
#6092=CARTESIAN_POINT('Origin',(48.7,-47.0054722341626,158.299996457249));
#6093=CARTESIAN_POINT('',(48.7,-34.2501533036245,155.699996519834));
#6094=CARTESIAN_POINT('',(48.7,-40.1203115174478,173.748245672165));
#6095=CARTESIAN_POINT('',(48.7,5.2392088352994,155.699996519834));
#6096=CARTESIAN_POINT('',(48.7,-47.0054722341626,155.699996519834));
#6097=CARTESIAN_POINT('',(48.7,-6.7497824923615,118.838928268348));
#6098=CARTESIAN_POINT('Origin',(48.7,-47.0054722341626,158.299996457249));
#6099=CARTESIAN_POINT('',(48.7,-44.0054722341626,155.699996519834));
#6100=CARTESIAN_POINT('',(48.7,-44.0054722341626,165.855673420485));
#6101=CARTESIAN_POINT('',(48.7,-38.2448885628874,155.699996519834));
#6102=CARTESIAN_POINT('',(48.7,-47.0054722341626,155.699996519834));
#6103=CARTESIAN_POINT('',(48.7,-28.4978464869795,125.731972238991));
#6104=CARTESIAN_POINT('Origin',(-50.7,14.9945277658375,90.8359045947909));
#6105=CARTESIAN_POINT('',(-50.7,14.9945277658375,173.37834056806));
#6106=CARTESIAN_POINT('',(-50.7,14.9945277658375,173.37834056806));
#6107=CARTESIAN_POINT('',(-50.7,14.9945277658375,90.8359045947909));
#6108=CARTESIAN_POINT('',(-50.7,14.9945277658375,139.764686608156));
#6109=CARTESIAN_POINT('',(-48.7,14.9945277658375,90.8359045947909));
#6110=CARTESIAN_POINT('',(-50.7,14.9945277658375,90.8359045947909));
#6111=CARTESIAN_POINT('',(-48.6999989114702,14.9945277658375,93.6999965198338));
#6112=CARTESIAN_POINT('',(-48.7,14.9945277658375,78.0679505260199));
#6113=CARTESIAN_POINT('',(-48.6999989114702,14.9945277658375,92.2679505573124));
#6114=CARTESIAN_POINT('',(-48.7,14.9945277658375,93.5679505260199));
#6115=CARTESIAN_POINT('',(-48.6999989114702,14.9945277658375,124.699996519834));
#6116=CARTESIAN_POINT('',(-48.7,14.9945277658375,93.5679505260199));
#6117=CARTESIAN_POINT('',(-48.6999989114702,14.9945277658375,107.767950557312));
#6118=CARTESIAN_POINT('',(-48.7,14.9945277658375,109.06795052602));
#6119=CARTESIAN_POINT('',(-48.7,14.9945277658375,109.06795052602));
#6120=CARTESIAN_POINT('Origin',(-50.7,-44.0054722341626,173.41135038372));
#6121=CARTESIAN_POINT('',(48.7,-44.0054722341626,173.41135038372));
#6122=CARTESIAN_POINT('',(48.7,-44.0054722341626,180.052409502621));
#6123=CARTESIAN_POINT('',(-50.7,-44.0054722341626,173.41135038372));
#6124=CARTESIAN_POINT('',(48.7,-44.0054722341626,90.8359045947909));
#6125=CARTESIAN_POINT('',(-50.7,-44.0054722341626,90.8359045947909));
#6126=CARTESIAN_POINT('',(48.7,-44.0054722341626,93.6999965198338));
#6127=CARTESIAN_POINT('',(48.7,-44.0054722341626,133.555673451777));
#6128=CARTESIAN_POINT('',(48.7,-44.0054722341626,134.855673420485));
#6129=CARTESIAN_POINT('',(48.7,-44.0054722341626,124.699996519834));
#6130=CARTESIAN_POINT('',(48.7,-44.0054722341626,149.055673451777));
#6131=CARTESIAN_POINT('',(48.7,-44.0054722341626,150.355673420485));
#6132=CARTESIAN_POINT('',(48.7,-44.0054722341626,164.555673451777));
#6133=CARTESIAN_POINT('Origin',(-50.7,-44.0054722341626,185.693468621522));
#6134=CARTESIAN_POINT('',(48.7,-44.0054722341626,185.693468621522));
#6135=CARTESIAN_POINT('',(48.7,-41.1868883238826,177.027517412627));
#6136=CARTESIAN_POINT('',(-50.7,-44.0054722341626,185.693468621522));
#6137=CARTESIAN_POINT('',(48.7,-14.5054722341626,94.993468621522));
#6138=CARTESIAN_POINT('',(-50.7,-14.5054722341626,94.993468621522));
#6139=CARTESIAN_POINT('',(48.7,-31.0021933784221,145.713896004042));
#6140=CARTESIAN_POINT('',(48.7,-24.1674631161934,124.699996519834));
#6141=CARTESIAN_POINT('',(48.7,-32.0697302195023,148.996119444244));
#6142=CARTESIAN_POINT('',(48.7,-35.5612524479349,159.731070838103));
#6143=CARTESIAN_POINT('',(48.7,-36.6287892890151,163.013294278306));
#6144=CARTESIAN_POINT('Origin',(-50.7,-17.147967815492,90.8359045947909));
#6145=CARTESIAN_POINT('',(48.7,-25.0063242585468,114.997020845132));
#6146=CARTESIAN_POINT('',(48.7,-28.1621983754563,124.699996519834));
#6147=CARTESIAN_POINT('',(48.7,-23.9387874174666,111.71479740493));
#6148=CARTESIAN_POINT('',(48.7,-20.447265189034,100.979846011071));
#6149=CARTESIAN_POINT('',(48.7,-18.0795081880252,93.6999965198338));
#6150=CARTESIAN_POINT('',(48.7,-19.3797283479538,97.6976225708685));
#6151=CARTESIAN_POINT('',(48.7,-17.147967815492,90.8359045947909));
#6152=CARTESIAN_POINT('',(48.7,-15.8882061195212,86.9626711770095));
#6153=CARTESIAN_POINT('',(-50.7,-17.147967815492,90.8359045947909));
#6154=CARTESIAN_POINT('',(48.7,-29.5644232934144,129.011243979454));
#6155=CARTESIAN_POINT('Origin',(-50.7,-14.5054722341626,94.9934686215221));
#6156=CARTESIAN_POINT('',(48.7,-4.02300563782595,127.222611682123));
#6157=CARTESIAN_POINT('',(48.7,-4.84348135213171,124.699996519834));
#6158=CARTESIAN_POINT('',(48.7,-11.3088415618743,104.821753434286));
#6159=CARTESIAN_POINT('',(48.7,-8.58206470733878,113.205436848062));
#6160=CARTESIAN_POINT('',(48.7,-15.8679006313871,90.8045786002248));
#6161=CARTESIAN_POINT('',(48.7,14.9945277658375,185.693468621522));
#6162=CARTESIAN_POINT('',(-50.7,14.9945277658375,185.693468621522));
#6163=CARTESIAN_POINT('',(48.7,0.535093397041607,141.236834816445));
#6164=CARTESIAN_POINT('Origin',(-48.6999989114702,-47.0054722341626,62.6999965198338));
#6165=CARTESIAN_POINT('',(-48.6999989114702,-47.0054722341626,62.6999965198338));
#6166=CARTESIAN_POINT('Origin',(-48.6999989114702,-47.0054722341626,62.6999965198338));
#6167=CARTESIAN_POINT('',(-48.6999989114702,-47.0054722341626,62.6999965198338));
#6168=CARTESIAN_POINT('Origin',(48.7,-47.0054722341626,65.299996457249));
#6169=CARTESIAN_POINT('',(48.7,-47.0054722341626,62.6999965198338));
#6170=CARTESIAN_POINT('Origin',(48.7,-47.0054722341626,65.299996457249));
#6171=CARTESIAN_POINT('',(48.7,-47.0054722341626,62.6999965198338));
#6172=CARTESIAN_POINT('Origin',(48.7,-47.0054722341626,65.299996457249));
#6173=CARTESIAN_POINT('',(48.7,-47.0054722341626,62.6999965198338));
#6174=CARTESIAN_POINT('Origin',(-48.6999989114702,-47.0054722341626,124.699996519834));
#6175=CARTESIAN_POINT('',(-48.6999989114702,-0.838009714015553,124.699996519834));
#6176=CARTESIAN_POINT('',(-48.6999989114702,-47.0054722341626,124.699996519834));
#6177=CARTESIAN_POINT('',(-48.6999989114702,4.86992756551096,142.249485036886));
#6178=CARTESIAN_POINT('Origin',(-48.6999989114702,-47.0054722341626,124.699996519834));
#6179=CARTESIAN_POINT('',(-48.6999989114702,-24.1674631161934,124.699996519834));
#6180=CARTESIAN_POINT('',(-48.6999989114702,-35.1788797609864,158.555436848062));
#6181=CARTESIAN_POINT('',(-48.6999989114702,-4.84348135213171,124.699996519834));
#6182=CARTESIAN_POINT('',(-48.6999989114702,-11.6912142488229,103.646119444244));
#6183=CARTESIAN_POINT('',(-48.6999989114702,-47.0054722341626,124.699996519834));
#6184=CARTESIAN_POINT('Origin',(-48.6999989114702,-47.0054722341626,124.699996519834));
#6185=CARTESIAN_POINT('',(-48.6999989114702,-44.0054722341626,124.699996519834));
#6186=CARTESIAN_POINT('',(-48.6999989114702,-44.0054722341626,149.055673451777));
#6187=CARTESIAN_POINT('',(-48.6999989114702,-28.1621983754563,124.699996519834));
#6188=CARTESIAN_POINT('',(-48.6999989114702,-23.5564147305181,110.539163414888));
#6189=CARTESIAN_POINT('',(-48.6999989114702,-47.0054722341626,124.699996519834));
#6190=CARTESIAN_POINT('Origin',(48.7,-47.0054722341626,127.299996457249));
#6191=CARTESIAN_POINT('',(48.7,-47.0054722341626,124.699996519834));
#6192=CARTESIAN_POINT('Origin',(48.7,-47.0054722341626,127.299996457249));
#6193=CARTESIAN_POINT('',(48.7,-47.0054722341626,124.699996519834));
#6194=CARTESIAN_POINT('Origin',(48.7,-47.0054722341626,127.299996457249));
#6195=CARTESIAN_POINT('',(48.7,-47.0054722341626,124.699996519834));
#6196=CARTESIAN_POINT('Origin',(-48.6999989114702,-47.0054722341626,93.6999965198338));
#6197=CARTESIAN_POINT('',(-48.6999989114702,-10.9206999014467,93.6999965198338));
#6198=CARTESIAN_POINT('',(-48.6999989114702,-47.0054722341626,93.6999965198338));
#6199=CARTESIAN_POINT('',(-48.6999989114702,0.310868495998151,128.232310202825));
#6200=CARTESIAN_POINT('Origin',(-48.6999989114702,-47.0054722341626,93.6999965198338));
#6201=CARTESIAN_POINT('',(-48.6999989114702,-14.5054722341626,94.993468621522));
#6202=CARTESIAN_POINT('',(-48.6999989114702,-30.6198206914736,144.538262014));
#6203=CARTESIAN_POINT('',(-48.6999989114702,-16.2502733183357,89.628944610183));
#6204=CARTESIAN_POINT('Origin',(-48.6999989114702,-47.0054722341626,93.6999965198338));
#6205=CARTESIAN_POINT('',(-48.6999989114702,-44.0054722341626,93.6999965198338));
#6206=CARTESIAN_POINT('',(-48.6999989114702,-44.0054722341626,133.555673451777));
#6207=CARTESIAN_POINT('',(-48.6999989114702,-18.0795081880252,93.6999965198338));
#6208=CARTESIAN_POINT('',(-48.6999989114702,-18.9973556610053,96.5219885808267));
#6209=CARTESIAN_POINT('',(-48.6999989114702,-47.0054722341626,93.6999965198338));
#6210=CARTESIAN_POINT('Origin',(48.7,-47.0054722341626,96.299996457249));
#6211=CARTESIAN_POINT('',(48.7,-47.0054722341626,93.6999965198338));
#6212=CARTESIAN_POINT('Origin',(48.7,-47.0054722341626,96.299996457249));
#6213=CARTESIAN_POINT('Origin',(48.7,-47.0054722341626,96.299996457249));
#6214=CARTESIAN_POINT('',(48.7,-47.0054722341626,93.6999965198338));
#6215=CARTESIAN_POINT('Origin',(-50.7,-14.5054722341626,94.9934686215221));
#6216=CARTESIAN_POINT('',(-50.7,14.9945277658375,185.693468621522));
#6217=CARTESIAN_POINT('',(-50.7,14.9945277658375,185.693468621522));
#6218=CARTESIAN_POINT('',(-50.7,-14.5054722341626,94.993468621522));
#6219=CARTESIAN_POINT('',(-50.7,0.829226240235981,142.141168676707));
#6220=CARTESIAN_POINT('',(-50.7,-14.5054722341626,94.993468621522));
#6221=CARTESIAN_POINT('',(-48.7,-12.758751089903,100.363896004042));
#6222=CARTESIAN_POINT('',(-48.7,-8.19969202039022,114.381070838103));
#6223=CARTESIAN_POINT('Origin',(-50.7,-44.0054722341626,185.693468621522));
#6224=CARTESIAN_POINT('',(-48.7,-32.4521029064508,150.171753434286));
#6225=CARTESIAN_POINT('',(-48.7,-27.893043836938,136.154578600225));
#6226=CARTESIAN_POINT('',(-50.7,-44.0054722341626,185.693468621522));
#6227=CARTESIAN_POINT('',(-50.7,-41.481021167077,177.931851272889));
#6228=CARTESIAN_POINT('',(-50.7,-44.0054722341626,185.693468621522));
#6229=CARTESIAN_POINT('Origin',(-50.7,-17.1587041943452,86.8359045947909));
#6230=CARTESIAN_POINT('',(-48.7,0.417911785746097,86.8359045947909));
#6231=CARTESIAN_POINT('',(-50.7,0.417911785746121,86.8359045947909));
#6232=CARTESIAN_POINT('Origin',(-50.7,-17.1587041943452,86.8359045947909));
#6233=CARTESIAN_POINT('',(48.7,0.417911785746102,86.8359045947909));
#6234=CARTESIAN_POINT('Origin',(-50.7,14.9945277658375,185.693468621522));
#6235=CARTESIAN_POINT('',(-50.7,16.4945277658375,185.693468621522));
#6236=CARTESIAN_POINT('Origin',(-50.7,14.9945277658375,185.693468621522));
#6237=CARTESIAN_POINT('',(48.7,16.4945277658375,185.693468621522));
#6238=CARTESIAN_POINT('Origin',(-50.7,14.9945277658375,86.8359045947909));
#6239=CARTESIAN_POINT('',(-48.7,16.4945277658375,86.8359045947909));
#6240=CARTESIAN_POINT('',(-50.7,16.4945277658375,86.8359045947909));
#6241=CARTESIAN_POINT('Origin',(-50.7,14.9945277658375,86.8359045947909));
#6242=CARTESIAN_POINT('',(48.7,16.4945277658375,86.8359045947909));
#6243=CARTESIAN_POINT('Origin',(-50.7,-44.0054722341626,90.8359045947909));
#6244=CARTESIAN_POINT('',(-48.7,-17.147967815492,90.8359045947909));
#6245=CARTESIAN_POINT('',(-48.7,-44.0054722341626,90.8359045947909));
#6246=CARTESIAN_POINT('',(-48.7,-13.0054722341626,90.8359045947909));
#6247=CARTESIAN_POINT('',(-50.7,-17.147967815492,90.8359045947909));
#6248=CARTESIAN_POINT('',(-50.7,-17.147967815492,90.8359045947909));
#6249=CARTESIAN_POINT('',(-50.7,-44.0054722341626,90.8359045947909));
#6250=CARTESIAN_POINT('',(-50.7,-13.0054722341626,90.8359045947909));
#6251=CARTESIAN_POINT('',(-50.7,-44.0054722341626,90.8359045947909));
#6252=CARTESIAN_POINT('Origin',(-50.7,-44.0054722341626,90.8359045947909));
#6253=CARTESIAN_POINT('',(48.7,-13.0054722341626,90.8359045947909));
#6254=CARTESIAN_POINT('Origin',(-50.7,-44.0054722341626,173.41135038372));
#6255=CARTESIAN_POINT('',(-48.7,-44.0054722341626,150.355673420485));
#6256=CARTESIAN_POINT('',(-48.7,-44.0054722341626,134.855673420485));
#6257=CARTESIAN_POINT('',(-48.7,-44.0054722341626,119.355673420485));
#6258=CARTESIAN_POINT('',(-50.7,-44.0054722341626,173.41135038372));
#6259=CARTESIAN_POINT('',(-50.7,-44.0054722341626,181.052409502621));
#6260=CARTESIAN_POINT('',(-50.7,-44.0054722341626,173.41135038372));
#6261=CARTESIAN_POINT('Origin',(-50.7,-17.147967815492,90.8359045947909));
#6262=CARTESIAN_POINT('',(-50.7,-29.8585561366087,129.915577839716));
#6263=CARTESIAN_POINT('',(-48.7,-11.7115197369569,74.1211303329899));
#6264=CARTESIAN_POINT('',(-48.7,-16.2705788064697,88.1383051670513));
#6265=CARTESIAN_POINT('',(-48.7,-20.8296378759825,102.155480001113));
#6266=CARTESIAN_POINT('Origin',(-50.7,-11.8522402739799,90.8359045947909));
#6267=CARTESIAN_POINT('',(-48.7,-11.8522402739799,90.8359045947909));
#6268=CARTESIAN_POINT('',(-48.7,3.07114374592877,90.8359045947909));
#6269=CARTESIAN_POINT('',(-50.7,-11.8522402739799,90.8359045947909));
#6270=CARTESIAN_POINT('',(-50.7,3.07114374592879,90.8359045947909));
#6271=CARTESIAN_POINT('',(-50.7,-11.8522402739799,90.8359045947909));
#6272=CARTESIAN_POINT('Origin',(-50.7,-11.8522402739799,90.8359045947909));
#6273=CARTESIAN_POINT('',(48.7,3.07114374592877,90.8359045947909));
#6274=CARTESIAN_POINT('Origin',(-50.7,14.9945277658375,173.37834056806));
#6275=CARTESIAN_POINT('',(-48.7,8.36144979394363,152.984436430746));
#6276=CARTESIAN_POINT('',(-48.7,3.8023907244308,138.967261596684));
#6277=CARTESIAN_POINT('',(-48.7,-0.756668345082019,124.950086762623));
#6278=CARTESIAN_POINT('',(-50.7,17.3903680545698,180.744534269349));
#6279=CARTESIAN_POINT('Origin',(-50.7,-40.0000005960464,4.29346862152203));
#6280=CARTESIAN_POINT('Origin',(-50.7,-40.0000005960464,4.29346862152203));
#6281=CARTESIAN_POINT('',(-48.7,-11.0027364151045,4.29346862152203));
#6282=CARTESIAN_POINT('',(-50.7,-11.0027364151045,4.29346862152205));
#6283=CARTESIAN_POINT('Origin',(48.7,17.9945277658375,186.693468621522));
#6284=CARTESIAN_POINT('',(48.7,17.9945277658375,186.693468621522));
#6285=CARTESIAN_POINT('',(48.7,17.9945277658375,186.693468621522));
#6286=CARTESIAN_POINT('',(48.7,17.9945277658374,3.293468621522));
#6287=CARTESIAN_POINT('Origin',(-48.6999989114702,17.9945277658374,93.6999965198338));
#6288=CARTESIAN_POINT('',(48.7,17.9945277658374,93.6999965198338));
#6289=CARTESIAN_POINT('',(-48.6999989114702,17.9945277658374,93.6999965198338));
#6290=CARTESIAN_POINT('',(-48.6999989114702,17.9945277658374,93.6999965198338));
#6291=CARTESIAN_POINT('',(-48.6999989114702,17.9945277658374,93.6999965198338));
#6292=CARTESIAN_POINT('',(-48.6999989114702,17.9945277658374,93.6999965198338));
#6293=CARTESIAN_POINT('',(48.7,17.9945277658374,93.6999965198338));
#6294=CARTESIAN_POINT('',(-48.6999989114702,17.9945277658374,93.6999965198338));
#6295=CARTESIAN_POINT('',(48.7,17.9945277658374,93.6999965198338));
#6296=CARTESIAN_POINT('',(48.7,17.9945277658374,93.6999965198338));
#6297=CARTESIAN_POINT('Origin',(48.7,17.9945277658375,155.699996519834));
#6298=CARTESIAN_POINT('',(48.7,17.9945277658375,155.699996519834));
#6299=CARTESIAN_POINT('',(48.7,17.9945277658375,155.699996519834));
#6300=CARTESIAN_POINT('',(48.7,17.9945277658374,3.293468621522));
#6301=CARTESIAN_POINT('Origin',(48.7,17.9945277658375,155.699996519834));
#6302=CARTESIAN_POINT('',(48.7,17.9945277658375,155.699996519834));
#6303=CARTESIAN_POINT('Origin',(48.7,17.9945277658375,155.699996519834));
#6304=CARTESIAN_POINT('',(48.7,17.9945277658375,155.699996519834));
#6305=CARTESIAN_POINT('Origin',(48.7,17.9945277658375,155.699996519834));
#6306=CARTESIAN_POINT('',(48.7,17.9945277658375,155.699996519834));
#6307=CARTESIAN_POINT('Origin',(-48.6999989114702,17.9945277658375,155.699996519834));
#6308=CARTESIAN_POINT('',(-48.6999989114702,17.9945277658375,155.699996519834));
#6309=CARTESIAN_POINT('',(-48.6999989114702,17.9945277658375,155.699996519834));
#6310=CARTESIAN_POINT('',(-48.6999989114702,17.9945277658375,155.699996519834));
#6311=CARTESIAN_POINT('',(-48.6999989114702,17.9945277658375,155.699996519834));
#6312=CARTESIAN_POINT('',(-48.6999989114702,17.9945277658375,155.699996519834));
#6313=CARTESIAN_POINT('',(-48.6999989114702,17.9945277658375,155.699996519834));
#6314=CARTESIAN_POINT('Origin',(-48.7,17.9945277658375,127.299996457249));
#6315=CARTESIAN_POINT('',(-48.7,17.9945277658375,186.693468621522));
#6316=CARTESIAN_POINT('Origin',(-48.7,17.9945277658375,127.299996457249));
#6317=CARTESIAN_POINT('Origin',(-48.7,17.9945277658375,127.299996457249));
#6318=CARTESIAN_POINT('Origin',(48.7,17.9945277658375,124.699996519834));
#6319=CARTESIAN_POINT('',(48.7,17.9945277658375,124.699996519834));
#6320=CARTESIAN_POINT('',(48.7,17.9945277658375,124.699996519834));
#6321=CARTESIAN_POINT('',(48.7,17.9945277658374,3.293468621522));
#6322=CARTESIAN_POINT('Origin',(48.7,17.9945277658375,124.699996519834));
#6323=CARTESIAN_POINT('',(48.7,17.9945277658375,124.699996519834));
#6324=CARTESIAN_POINT('Origin',(48.7,17.9945277658375,124.699996519834));
#6325=CARTESIAN_POINT('',(48.7,17.9945277658375,124.699996519834));
#6326=CARTESIAN_POINT('Origin',(48.7,17.9945277658375,124.699996519834));
#6327=CARTESIAN_POINT('',(48.7,17.9945277658375,124.699996519834));
#6328=CARTESIAN_POINT('Origin',(-48.6999989114702,17.9945277658375,124.699996519834));
#6329=CARTESIAN_POINT('',(-48.6999989114702,17.9945277658375,124.699996519834));
#6330=CARTESIAN_POINT('',(-48.6999989114702,17.9945277658375,124.699996519834));
#6331=CARTESIAN_POINT('',(-48.6999989114702,17.9945277658375,124.699996519834));
#6332=CARTESIAN_POINT('',(-48.6999989114702,17.9945277658375,124.699996519834));
#6333=CARTESIAN_POINT('',(-48.6999989114702,17.9945277658375,124.699996519834));
#6334=CARTESIAN_POINT('',(-48.6999989114702,17.9945277658375,124.699996519834));
#6335=CARTESIAN_POINT('Origin',(-48.7,17.9945277658374,96.2999964572489));
#6336=CARTESIAN_POINT('',(-48.7,17.9945277658375,186.693468621522));
#6337=CARTESIAN_POINT('Origin',(-48.7,17.9945277658374,96.2999964572489));
#6338=CARTESIAN_POINT('Origin',(-48.7,17.9945277658374,96.2999964572489));
#6339=CARTESIAN_POINT('Origin',(-48.6999989114702,17.9945277658374,31.6999965198338));
#6340=CARTESIAN_POINT('',(-48.6999989114702,17.9945277658374,31.6999965198338));
#6341=CARTESIAN_POINT('',(-48.6999989114702,17.9945277658374,31.6999965198338));
#6342=CARTESIAN_POINT('',(-48.6999989114702,17.9945277658374,31.6999965198338));
#6343=CARTESIAN_POINT('',(-48.6999989114702,17.9945277658374,31.6999965198338));
#6344=CARTESIAN_POINT('',(-48.6999989114702,17.9945277658374,31.6999965198338));
#6345=CARTESIAN_POINT('',(-48.6999989114702,17.9945277658374,31.6999965198338));
#6346=CARTESIAN_POINT('Origin',(48.7,17.9945277658374,93.6999965198338));
#6347=CARTESIAN_POINT('',(48.7,17.9945277658374,3.293468621522));
#6348=CARTESIAN_POINT('Origin',(-48.6999989114702,17.9945277658374,62.6999965198338));
#6349=CARTESIAN_POINT('',(48.7,17.9945277658374,62.6999965198338));
#6350=CARTESIAN_POINT('',(-48.6999989114702,17.9945277658374,62.6999965198338));
#6351=CARTESIAN_POINT('',(-48.6999989114702,17.9945277658374,62.6999965198338));
#6352=CARTESIAN_POINT('',(-48.6999989114702,17.9945277658374,62.6999965198338));
#6353=CARTESIAN_POINT('',(-48.6999989114702,17.9945277658374,62.6999965198338));
#6354=CARTESIAN_POINT('',(-48.6999989114702,17.9945277658374,62.6999965198338));
#6355=CARTESIAN_POINT('',(48.7,17.9945277658374,62.6999965198338));
#6356=CARTESIAN_POINT('',(-48.6999989114702,17.9945277658374,62.6999965198338));
#6357=CARTESIAN_POINT('',(48.7,17.9945277658374,62.6999965198338));
#6358=CARTESIAN_POINT('',(48.7,17.9945277658374,62.6999965198338));
#6359=CARTESIAN_POINT('',(48.7,17.9945277658374,62.6999965198338));
#6360=CARTESIAN_POINT('Origin',(48.7,17.9945277658374,62.6999965198338));
#6361=CARTESIAN_POINT('Origin',(48.7,17.9945277658374,62.6999965198338));
#6362=CARTESIAN_POINT('',(48.7,17.9945277658374,3.293468621522));
#6363=CARTESIAN_POINT('Origin',(48.7,17.9945277658374,62.6999965198338));
#6364=CARTESIAN_POINT('Origin',(48.7,17.9945277658374,62.6999965198338));
#6365=CARTESIAN_POINT('Origin',(-48.7,17.9945277658374,34.2999964572489));
#6366=CARTESIAN_POINT('Origin',(-48.7,17.9945277658374,34.2999964572489));
#6367=CARTESIAN_POINT('',(-48.7,17.9945277658375,186.693468621522));
#6368=CARTESIAN_POINT('Origin',(-48.7,17.9945277658374,34.2999964572489));
#6369=CARTESIAN_POINT('Origin',(48.7,17.9945277658374,3.293468621522));
#6370=CARTESIAN_POINT('',(-48.7,17.9945277658374,3.293468621522));
#6371=CARTESIAN_POINT('',(-48.7,17.9945277658374,3.293468621522));
#6372=CARTESIAN_POINT('',(-48.7,17.9945277658374,3.293468621522));
#6373=CARTESIAN_POINT('Origin',(-48.7,17.9945277658374,3.293468621522));
#6374=CARTESIAN_POINT('',(-48.7,17.9945277658375,186.693468621522));
#6375=CARTESIAN_POINT('Origin',(-48.7,17.9945277658374,65.2999964572489));
#6376=CARTESIAN_POINT('',(-48.7,17.9945277658375,186.693468621522));
#6377=CARTESIAN_POINT('Origin',(-48.7,17.9945277658375,127.299996457249));
#6378=CARTESIAN_POINT('Origin',(-48.7,17.9945277658374,96.2999964572489));
#6379=CARTESIAN_POINT('Origin',(-48.7,17.9945277658375,186.693468621522));
#6380=CARTESIAN_POINT('',(48.7,17.9945277658375,186.693468621522));
#6381=CARTESIAN_POINT('Origin',(-48.7,17.9945277658374,34.2999964572489));
#6382=CARTESIAN_POINT('Origin',(-50.7,17.9945277658374,1.293468621522));
#6383=CARTESIAN_POINT('',(-50.7,17.9945277658374,1.293468621522));
#6384=CARTESIAN_POINT('',(-50.7,17.9945277658374,1.293468621522));
#6385=CARTESIAN_POINT('',(-50.7,17.9945277658374,1.293468621522));
#6386=CARTESIAN_POINT('Origin',(-50.7,17.9945277658375,188.693468621522));
#6387=CARTESIAN_POINT('',(-50.7,17.9945277658375,188.693468621522));
#6388=CARTESIAN_POINT('',(-50.7,17.9945277658375,188.693468621522));
#6389=CARTESIAN_POINT('',(-50.7,17.9945277658375,188.693468621522));
#6390=CARTESIAN_POINT('Origin',(50.7,17.9945277658375,188.693468621522));
#6391=CARTESIAN_POINT('',(50.7,17.9945277658375,188.693468621522));
#6392=CARTESIAN_POINT('Origin',(-4.55402164117069E-92,17.9945277658374,
94.993468621522));
#6393=UNCERTAINTY_MEASURE_WITH_UNIT(LENGTH_MEASURE(0.01),#6397,
'DISTANCE_ACCURACY_VALUE',
'Maximum model space distance between geometric entities at asserted c
onnectivities');
#6394=UNCERTAINTY_MEASURE_WITH_UNIT(LENGTH_MEASURE(0.01),#6397,
'DISTANCE_ACCURACY_VALUE',
'Maximum model space distance between geometric entities at asserted c
onnectivities');
#6395=(
GEOMETRIC_REPRESENTATION_CONTEXT(3)
GLOBAL_UNCERTAINTY_ASSIGNED_CONTEXT((#6393))
GLOBAL_UNIT_ASSIGNED_CONTEXT((#6397,#6398,#6399))
REPRESENTATION_CONTEXT('','3D')
);
#6396=(
GEOMETRIC_REPRESENTATION_CONTEXT(3)
GLOBAL_UNCERTAINTY_ASSIGNED_CONTEXT((#6394))
GLOBAL_UNIT_ASSIGNED_CONTEXT((#6397,#6398,#6399))
REPRESENTATION_CONTEXT('','3D')
);
#6397=(
LENGTH_UNIT()
NAMED_UNIT(*)
SI_UNIT(.MILLI.,.METRE.)
);
#6398=(
NAMED_UNIT(*)
PLANE_ANGLE_UNIT()
SI_UNIT($,.RADIAN.)
);
#6399=(
NAMED_UNIT(*)
SI_UNIT($,.STERADIAN.)
SOLID_ANGLE_UNIT()
);
#6400=SHAPE_DEFINITION_REPRESENTATION(#6401,#6402);
#6401=PRODUCT_DEFINITION_SHAPE('',$,#6404);
#6402=SHAPE_REPRESENTATION('',(#4131),#6395);
#6403=PRODUCT_DEFINITION_CONTEXT('part definition',#6408,'design');
#6404=PRODUCT_DEFINITION('StepperDriverRack','StepperDriverRack v1',#6405,
#6403);
#6405=PRODUCT_DEFINITION_FORMATION('',$,#6410);
#6406=PRODUCT_RELATED_PRODUCT_CATEGORY('StepperDriverRack v1',
'StepperDriverRack v1',(#6410));
#6407=APPLICATION_PROTOCOL_DEFINITION('international standard',
'automotive_design',2009,#6408);
#6408=APPLICATION_CONTEXT(
'Core Data for Automotive Mechanical Design Process');
#6409=PRODUCT_CONTEXT('part definition',#6408,'mechanical');
#6410=PRODUCT('StepperDriverRack','StepperDriverRack v1',$,(#6409));
#6411=PRESENTATION_STYLE_ASSIGNMENT((#6412));
#6412=SURFACE_STYLE_USAGE(.BOTH.,#6413);
#6413=SURFACE_SIDE_STYLE('',(#6414));
#6414=SURFACE_STYLE_FILL_AREA(#6415);
#6415=FILL_AREA_STYLE('Steel - Satin',(#6416));
#6416=FILL_AREA_STYLE_COLOUR('Steel - Satin',#6417);
#6417=COLOUR_RGB('Steel - Satin',0.627450980392157,0.627450980392157,0.627450980392157);
ENDSEC;
END-ISO-10303-21;
